기준일,축,지표,구분,값,단위,출처,수집일
2026-09-30,플라이휠,Top50 순위,뷰티 전체|B09V7Z4TJG,1,위,아마존 US 베스트셀러 페이지(직접 수집),2026-09-30
2026-09-30,플라이휠,Top50 순위,뷰티 전체|B07PBXXNCY,2,위,아마존 US 베스트셀러 페이지(직접 수집),2026-09-30
2026-09-30,플라이휠,Top50 순위,뷰티 전체|B08KT2Z93D,3,위,아마존 US 베스트셀러 페이지(직접 수집),2026-09-30
2026-09-30,플라이휠,Top50 순위,뷰티 전체|B09541P9WH,4,위,아마존 US 베스트셀러 페이지(직접 수집),2026-09-30
2026-09-30,플라이휠,Top50 순위,뷰티 전체|B074PVTPBW,5,위,아마존 US 베스트셀러 페이지(직접 수집),2026-09-30
2026-09-30,플라이휠,Top50 순위,뷰티 전체|B00U2VQZDS,6,위,아마존 US 베스트셀러 페이지(직접 수집),2026-09-30
2026-09-30,플라이휠,Top50 순위,뷰티 전체|B01N9SPQHQ,7,위,아마존 US 베스트셀러 페이지(직접 수집),2026-09-30
2026-09-30,플라이휠,Top50 순위,뷰티 전체|B09542G9ZN,8,위,아마존 US 베스트셀러 페이지(직접 수집),2026-09-30
2026-09-30,플라이휠,Top50 순위,뷰티 전체|B08H3JPH74,9,위,아마존 US 베스트셀러 페이지(직접 수집),2026-09-30
2026-09-30,플라이휠,Top50 순위,뷰티 전체|B081KL2QYJ,10,위,아마존 US 베스트셀러 페이지(직접 수집),2026-09-30
2026-09-30,플라이휠,Top50 순위,뷰티 전체|B071914GGL,11,위,아마존 US 베스트셀러 페이지(직접 수집),2026-09-30
2026-09-30,플라이휠,Top50 순위,뷰티 전체|B00F1U0YB4,12,위,아마존 US 베스트셀러 페이지(직접 수집),2026-09-30
2026-09-30,플라이휠,Top50 순위,뷰티 전체|B0B2RM68G2,13,위,아마존 US 베스트셀러 페이지(직접 수집),2026-09-30
2026-09-30,플라이휠,Top50 순위,뷰티 전체|B0DPHQRLJC,14,위,아마존 US 베스트셀러 페이지(직접 수집),2026-09-30
2026-09-30,플라이휠,Top50 순위,뷰티 전체|B00AINMFAC,15,위,아마존 US 베스트셀러 페이지(직접 수집),2026-09-30
2026-09-30,플라이휠,Top50 순위,뷰티 전체|B07GB3NVN1,16,위,아마존 US 베스트셀러 페이지(직접 수집),2026-09-30
2026-09-30,플라이휠,Top50 순위,뷰티 전체|B01N34XW93,17,위,아마존 US 베스트셀러 페이지(직접 수집),2026-09-30
2026-09-30,플라이휠,Top50 순위,뷰티 전체|B08BW46XXK,18,위,아마존 US 베스트셀러 페이지(직접 수집),2026-09-30
2026-09-30,플라이휠,Top50 순위,뷰티 전체|B00T0C9XRK,19,위,아마존 US 베스트셀러 페이지(직접 수집),2026-09-30
2026-09-30,플라이휠,Top50 순위,뷰티 전체|B014E2D6BY,20,위,아마존 US 베스트셀러 페이지(직접 수집),2026-09-30
2026-09-30,플라이휠,Top50 순위,뷰티 전체|B00J4YYFYA,21,위,아마존 US 베스트셀러 페이지(직접 수집),2026-09-30
2026-09-30,플라이휠,Top50 순위,뷰티 전체|B01MDTVZTZ,22,위,아마존 US 베스트셀러 페이지(직접 수집),2026-09-30
2026-09-30,플라이휠,Top50 순위,뷰티 전체|B01MSSDEPK,23,위,아마존 US 베스트셀러 페이지(직접 수집),2026-09-30
2026-09-30,플라이휠,Top50 순위,뷰티 전체|B081FFRGZB,24,위,아마존 US 베스트셀러 페이지(직접 수집),2026-09-30
2026-09-30,플라이휠,Top50 순위,뷰티 전체|B07RK4HST7,25,위,아마존 US 베스트셀러 페이지(직접 수집),2026-09-30
2026-09-30,플라이휠,Top50 순위,뷰티 전체|B07L1PHSY9,26,위,아마존 US 베스트셀러 페이지(직접 수집),2026-09-30
2026-09-30,플라이휠,Top50 순위,뷰티 전체|B00WAJAKOU,27,위,아마존 US 베스트셀러 페이지(직접 수집),2026-09-30
2026-09-30,플라이휠,Top50 순위,뷰티 전체|B00MEDOY2G,28,위,아마존 US 베스트셀러 페이지(직접 수집),2026-09-30
2026-09-30,플라이휠,Top50 순위,뷰티 전체|B0CMYR1CNK,29,위,아마존 US 베스트셀러 페이지(직접 수집),2026-09-30
2026-09-30,플라이휠,Top50 순위,뷰티 전체|B000H3I2JG,30,위,아마존 US 베스트셀러 페이지(직접 수집),2026-09-30
2026-09-30,플라이휠,Top50 순위,뷰티 전체|B01N1LL62W,31,위,아마존 US 베스트셀러 페이지(직접 수집),2026-09-30
2026-09-30,플라이휠,Top50 순위,뷰티 전체|B08WYXNVQ7,32,위,아마존 US 베스트셀러 페이지(직접 수집),2026-09-30
2026-09-30,플라이휠,Top50 순위,뷰티 전체|B01MYEZPC8,33,위,아마존 US 베스트셀러 페이지(직접 수집),2026-09-30
2026-09-30,플라이휠,Top50 순위,뷰티 전체|B00TTD9BRC,34,위,아마존 US 베스트셀러 페이지(직접 수집),2026-09-30
2026-09-30,플라이휠,Top50 순위,뷰티 전체|B075JRT85B,35,위,아마존 US 베스트셀러 페이지(직접 수집),2026-09-30
2026-09-30,플라이휠,Top50 순위,뷰티 전체|B09HHDHXWX,36,위,아마존 US 베스트셀러 페이지(직접 수집),2026-09-30
2026-09-30,플라이휠,Top50 순위,뷰티 전체|B07QZ5CTTF,37,위,아마존 US 베스트셀러 페이지(직접 수집),2026-09-30
2026-09-30,플라이휠,Top50 순위,뷰티 전체|B002MSN3QQ,38,위,아마존 US 베스트셀러 페이지(직접 수집),2026-09-30
2026-09-30,플라이휠,Top50 순위,뷰티 전체|B0CZF2T7CK,39,위,아마존 US 베스트셀러 페이지(직접 수집),2026-09-30
2026-09-30,플라이휠,Top50 순위,뷰티 전체|B017PCGABI,40,위,아마존 US 베스트셀러 페이지(직접 수집),2026-09-30
2026-09-30,플라이휠,Top50 순위,뷰티 전체|B06WD5J8KY,41,위,아마존 US 베스트셀러 페이지(직접 수집),2026-09-30
2026-09-30,플라이휠,Top50 순위,뷰티 전체|B0060OUV5Y,42,위,아마존 US 베스트셀러 페이지(직접 수집),2026-09-30
2026-09-30,플라이휠,Top50 순위,뷰티 전체|B0DYTQ5GYQ,43,위,아마존 US 베스트셀러 페이지(직접 수집),2026-09-30
2026-09-30,플라이휠,Top50 순위,뷰티 전체|B0B1PDDLGZ,44,위,아마존 US 베스트셀러 페이지(직접 수집),2026-09-30
2026-09-30,플라이휠,Top50 순위,뷰티 전체|B00SK71SAG,45,위,아마존 US 베스트셀러 페이지(직접 수집),2026-09-30
2026-09-30,플라이휠,Top50 순위,뷰티 전체|B0DGTMR754,46,위,아마존 US 베스트셀러 페이지(직접 수집),2026-09-30
2026-09-30,플라이휠,Top50 순위,뷰티 전체|B01N7T7JKJ,47,위,아마존 US 베스트셀러 페이지(직접 수집),2026-09-30
2026-09-30,플라이휠,Top50 순위,뷰티 전체|B00365DABC,48,위,아마존 US 베스트셀러 페이지(직접 수집),2026-09-30
2026-09-30,플라이휠,Top50 순위,뷰티 전체|B0G1VBDXYF,49,위,아마존 US 베스트셀러 페이지(직접 수집),2026-09-30
2026-09-30,플라이휠,Top50 순위,뷰티 전체|B0DWFLY18Y,50,위,아마존 US 베스트셀러 페이지(직접 수집),2026-09-30
2026-09-30,플라이휠,Top50 순위,스킨케어|B09V7Z4TJG,1,위,아마존 US 베스트셀러 페이지(직접 수집),2026-09-30
2026-09-30,플라이휠,Top50 순위,스킨케어|B07PBXXNCY,2,위,아마존 US 베스트셀러 페이지(직접 수집),2026-09-30
2026-09-30,플라이휠,Top50 순위,스킨케어|B08KT2Z93D,3,위,아마존 US 베스트셀러 페이지(직접 수집),2026-09-30
2026-09-30,플라이휠,Top50 순위,스킨케어|B074PVTPBW,4,위,아마존 US 베스트셀러 페이지(직접 수집),2026-09-30
2026-09-30,플라이휠,Top50 순위,스킨케어|B00U2VQZDS,5,위,아마존 US 베스트셀러 페이지(직접 수집),2026-09-30
2026-09-30,플라이휠,Top50 순위,스킨케어|B01N9SPQHQ,6,위,아마존 US 베스트셀러 페이지(직접 수집),2026-09-30
2026-09-30,플라이휠,Top50 순위,스킨케어|B081KL2QYJ,7,위,아마존 US 베스트셀러 페이지(직접 수집),2026-09-30
2026-09-30,플라이휠,Top50 순위,스킨케어|B071914GGL,8,위,아마존 US 베스트셀러 페이지(직접 수집),2026-09-30
2026-09-30,플라이휠,Top50 순위,스킨케어|B00F1U0YB4,9,위,아마존 US 베스트셀러 페이지(직접 수집),2026-09-30
2026-09-30,플라이휠,Top50 순위,스킨케어|B0B2RM68G2,10,위,아마존 US 베스트셀러 페이지(직접 수집),2026-09-30
2026-09-30,플라이휠,Top50 순위,스킨케어|B0DPHQRLJC,11,위,아마존 US 베스트셀러 페이지(직접 수집),2026-09-30
2026-09-30,플라이휠,Top50 순위,스킨케어|B01N34XW93,12,위,아마존 US 베스트셀러 페이지(직접 수집),2026-09-30
2026-09-30,플라이휠,Top50 순위,스킨케어|B08BW46XXK,13,위,아마존 US 베스트셀러 페이지(직접 수집),2026-09-30
2026-09-30,플라이휠,Top50 순위,스킨케어|B014E2D6BY,14,위,아마존 US 베스트셀러 페이지(직접 수집),2026-09-30
2026-09-30,플라이휠,Top50 순위,스킨케어|B01MDTVZTZ,15,위,아마존 US 베스트셀러 페이지(직접 수집),2026-09-30
2026-09-30,플라이휠,Top50 순위,스킨케어|B01MSSDEPK,16,위,아마존 US 베스트셀러 페이지(직접 수집),2026-09-30
2026-09-30,플라이휠,Top50 순위,스킨케어|B081FFRGZB,17,위,아마존 US 베스트셀러 페이지(직접 수집),2026-09-30
2026-09-30,플라이휠,Top50 순위,스킨케어|B07RK4HST7,18,위,아마존 US 베스트셀러 페이지(직접 수집),2026-09-30
2026-09-30,플라이휠,Top50 순위,스킨케어|B07L1PHSY9,19,위,아마존 US 베스트셀러 페이지(직접 수집),2026-09-30
2026-09-30,플라이휠,Top50 순위,스킨케어|B00MEDOY2G,20,위,아마존 US 베스트셀러 페이지(직접 수집),2026-09-30
2026-09-30,플라이휠,Top50 순위,스킨케어|B01N1LL62W,21,위,아마존 US 베스트셀러 페이지(직접 수집),2026-09-30
2026-09-30,플라이휠,Top50 순위,스킨케어|B01MYEZPC8,22,위,아마존 US 베스트셀러 페이지(직접 수집),2026-09-30
2026-09-30,플라이휠,Top50 순위,스킨케어|B00TTD9BRC,23,위,아마존 US 베스트셀러 페이지(직접 수집),2026-09-30
2026-09-30,플라이휠,Top50 순위,스킨케어|B09HHDHXWX,24,위,아마존 US 베스트셀러 페이지(직접 수집),2026-09-30
2026-09-30,플라이휠,Top50 순위,스킨케어|B002MSN3QQ,25,위,아마존 US 베스트셀러 페이지(직접 수집),2026-09-30
2026-09-30,플라이휠,Top50 순위,스킨케어|B0CZF2T7CK,26,위,아마존 US 베스트셀러 페이지(직접 수집),2026-09-30
2026-09-30,플라이휠,Top50 순위,스킨케어|B06WD5J8KY,27,위,아마존 US 베스트셀러 페이지(직접 수집),2026-09-30
2026-09-30,플라이휠,Top50 순위,스킨케어|B0060OUV5Y,28,위,아마존 US 베스트셀러 페이지(직접 수집),2026-09-30
2026-09-30,플라이휠,Top50 순위,스킨케어|B0DYTQ5GYQ,29,위,아마존 US 베스트셀러 페이지(직접 수집),2026-09-30
2026-09-30,플라이휠,Top50 순위,스킨케어|B0B1PDDLGZ,30,위,아마존 US 베스트셀러 페이지(직접 수집),2026-09-30
2026-09-30,플라이휠,Top50 순위,스킨케어|B00SK71SAG,31,위,아마존 US 베스트셀러 페이지(직접 수집),2026-09-30
2026-09-30,플라이휠,Top50 순위,스킨케어|B0DGTMR754,32,위,아마존 US 베스트셀러 페이지(직접 수집),2026-09-30
2026-09-30,플라이휠,Top50 순위,스킨케어|B01N7T7JKJ,33,위,아마존 US 베스트셀러 페이지(직접 수집),2026-09-30
2026-09-30,플라이휠,Top50 순위,스킨케어|B00365DABC,34,위,아마존 US 베스트셀러 페이지(직접 수집),2026-09-30
2026-09-30,플라이휠,Top50 순위,스킨케어|B0DWFLY18Y,35,위,아마존 US 베스트셀러 페이지(직접 수집),2026-09-30
2026-09-30,플라이휠,Top50 순위,스킨케어|B0DG1DQ2S7,36,위,아마존 US 베스트셀러 페이지(직접 수집),2026-09-30
2026-09-30,플라이휠,Top50 순위,스킨케어|B0D2Z3GGCY,37,위,아마존 US 베스트셀러 페이지(직접 수집),2026-09-30
2026-09-30,플라이휠,Top50 순위,스킨케어|B00949CTQQ,38,위,아마존 US 베스트셀러 페이지(직접 수집),2026-09-30
2026-09-30,플라이휠,Top50 순위,스킨케어|B0G643D8ZG,39,위,아마존 US 베스트셀러 페이지(직접 수집),2026-09-30
2026-09-30,플라이휠,Top50 순위,스킨케어|B0BRMYHMS5,40,위,아마존 US 베스트셀러 페이지(직접 수집),2026-09-30
2026-09-30,플라이휠,Top50 순위,스킨케어|B0DBF65JYY,41,위,아마존 US 베스트셀러 페이지(직접 수집),2026-09-30
2026-09-30,플라이휠,Top50 순위,스킨케어|B003QXZWYW,42,위,아마존 US 베스트셀러 페이지(직접 수집),2026-09-30
2026-09-30,플라이휠,Top50 순위,스킨케어|B0DK4Y2YP3,43,위,아마존 US 베스트셀러 페이지(직접 수집),2026-09-30
2026-09-30,플라이휠,Top50 순위,스킨케어|B0GHMZXX8Y,44,위,아마존 US 베스트셀러 페이지(직접 수집),2026-09-30
2026-09-30,플라이휠,Top50 순위,스킨케어|B00SNPCSUY,45,위,아마존 US 베스트셀러 페이지(직접 수집),2026-09-30
2026-09-30,플라이휠,Top50 순위,스킨케어|B001ET7IQK,46,위,아마존 US 베스트셀러 페이지(직접 수집),2026-09-30
2026-09-30,플라이휠,Top50 순위,스킨케어|B09DDD6YGJ,47,위,아마존 US 베스트셀러 페이지(직접 수집),2026-09-30
2026-09-30,플라이휠,Top50 순위,스킨케어|B09M7SPFSJ,48,위,아마존 US 베스트셀러 페이지(직접 수집),2026-09-30
2026-09-30,플라이휠,Top50 순위,스킨케어|B0DG4WXBCF,49,위,아마존 US 베스트셀러 페이지(직접 수집),2026-09-30
2026-09-30,플라이휠,Top50 순위,스킨케어|B0054LHI5A,50,위,아마존 US 베스트셀러 페이지(직접 수집),2026-09-30
2026-09-30,플라이휠,Top50 순위,선케어|B002MSN3QQ,1,위,아마존 US 베스트셀러 페이지(직접 수집),2026-09-30
2026-09-30,플라이휠,Top50 순위,선케어|B07YLKXV11,2,위,아마존 US 베스트셀러 페이지(직접 수집),2026-09-30
2026-09-30,플라이휠,Top50 순위,선케어|B00J5KDCO2,3,위,아마존 US 베스트셀러 페이지(직접 수집),2026-09-30
2026-09-30,플라이휠,Top50 순위,선케어|B084ZP848Y,4,위,아마존 US 베스트셀러 페이지(직접 수집),2026-09-30
2026-09-30,플라이휠,Top50 순위,선케어|B0FXH5LHN8,5,위,아마존 US 베스트셀러 페이지(직접 수집),2026-09-30
2026-09-30,플라이휠,Top50 순위,선케어|B00F97FHAW,6,위,아마존 US 베스트셀러 페이지(직접 수집),2026-09-30
2026-09-30,플라이휠,Top50 순위,선케어|B093W7CDWD,7,위,아마존 US 베스트셀러 페이지(직접 수집),2026-09-30
2026-09-30,플라이휠,Top50 순위,선케어|B007U54P36,8,위,아마존 US 베스트셀러 페이지(직접 수집),2026-09-30
2026-09-30,플라이휠,Top50 순위,선케어|B0DWSL3ZBQ,9,위,아마존 US 베스트셀러 페이지(직접 수집),2026-09-30
2026-09-30,플라이휠,Top50 순위,선케어|B01MQXX9US,10,위,아마존 US 베스트셀러 페이지(직접 수집),2026-09-30
2026-09-30,플라이휠,Top50 순위,선케어|B0FXNHDWM7,11,위,아마존 US 베스트셀러 페이지(직접 수집),2026-09-30
2026-09-30,플라이휠,Top50 순위,선케어|B004XGLDTY,12,위,아마존 US 베스트셀러 페이지(직접 수집),2026-09-30
2026-09-30,플라이휠,Top50 순위,선케어|B005IHT94S,13,위,아마존 US 베스트셀러 페이지(직접 수집),2026-09-30
2026-09-30,플라이휠,Top50 순위,선케어|B077TQR6ZW,14,위,아마존 US 베스트셀러 페이지(직접 수집),2026-09-30
2026-09-30,플라이휠,Top50 순위,선케어|B0CV9R8DTK,15,위,아마존 US 베스트셀러 페이지(직접 수집),2026-09-30
2026-09-30,플라이휠,Top50 순위,선케어|B004CDV7EY,16,위,아마존 US 베스트셀러 페이지(직접 수집),2026-09-30
2026-09-30,플라이휠,Top50 순위,선케어|B004XGPM32,17,위,아마존 US 베스트셀러 페이지(직접 수집),2026-09-30
2026-09-30,플라이휠,Top50 순위,선케어|B0C45CK57M,18,위,아마존 US 베스트셀러 페이지(직접 수집),2026-09-30
2026-09-30,플라이휠,Top50 순위,선케어|B0DPNL864S,19,위,아마존 US 베스트셀러 페이지(직접 수집),2026-09-30
2026-09-30,플라이휠,Top50 순위,선케어|B0DKJ3BX2F,20,위,아마존 US 베스트셀러 페이지(직접 수집),2026-09-30
2026-09-30,플라이휠,Top50 순위,선케어|B08L88LZ4V,21,위,아마존 US 베스트셀러 페이지(직접 수집),2026-09-30
2026-09-30,플라이휠,Top50 순위,선케어|B0FPQGLYK9,22,위,아마존 US 베스트셀러 페이지(직접 수집),2026-09-30
2026-09-30,플라이휠,Top50 순위,선케어|B01A0NT3D6,23,위,아마존 US 베스트셀러 페이지(직접 수집),2026-09-30
2026-09-30,플라이휠,Top50 순위,선케어|B07GRBQXTV,24,위,아마존 US 베스트셀러 페이지(직접 수집),2026-09-30
2026-09-30,플라이휠,Top50 순위,선케어|B088ZRZ668,25,위,아마존 US 베스트셀러 페이지(직접 수집),2026-09-30
2026-09-30,플라이휠,Top50 순위,선케어|B07YGVSGMW,26,위,아마존 US 베스트셀러 페이지(직접 수집),2026-09-30
2026-09-30,플라이휠,Top50 순위,선케어|B0FQ531HJL,27,위,아마존 US 베스트셀러 페이지(직접 수집),2026-09-30
2026-09-30,플라이휠,Top50 순위,선케어|B0DM9YRKVD,28,위,아마존 US 베스트셀러 페이지(직접 수집),2026-09-30
2026-09-30,플라이휠,Top50 순위,선케어|B0C69Z5LSP,29,위,아마존 US 베스트셀러 페이지(직접 수집),2026-09-30
2026-09-30,플라이휠,Top50 순위,선케어|B0DR9WDR2G,30,위,아마존 US 베스트셀러 페이지(직접 수집),2026-09-30
2026-09-30,플라이휠,Top50 순위,선케어|B0BG6DT26R,31,위,아마존 US 베스트셀러 페이지(직접 수집),2026-09-30
2026-09-30,플라이휠,Top50 순위,선케어|B0BQCSMD63,32,위,아마존 US 베스트셀러 페이지(직접 수집),2026-09-30
2026-09-30,플라이휠,Top50 순위,선케어|B00ANL8QHA,33,위,아마존 US 베스트셀러 페이지(직접 수집),2026-09-30
2026-09-30,플라이휠,Top50 순위,선케어|B08HJM5ZN4,34,위,아마존 US 베스트셀러 페이지(직접 수집),2026-09-30
2026-09-30,플라이휠,Top50 순위,선케어|B0862PNNLG,35,위,아마존 US 베스트셀러 페이지(직접 수집),2026-09-30
2026-09-30,플라이휠,Top50 순위,선케어|B09MV3MHJD,36,위,아마존 US 베스트셀러 페이지(직접 수집),2026-09-30
2026-09-30,플라이휠,Top50 순위,선케어|B001P92FMG,37,위,아마존 US 베스트셀러 페이지(직접 수집),2026-09-30
2026-09-30,플라이휠,Top50 순위,선케어|B0GXLFWPSS,38,위,아마존 US 베스트셀러 페이지(직접 수집),2026-09-30
2026-09-30,플라이휠,Top50 순위,선케어|B087HDXS2T,39,위,아마존 US 베스트셀러 페이지(직접 수집),2026-09-30
2026-09-30,플라이휠,Top50 순위,선케어|B0173G3F9Q,40,위,아마존 US 베스트셀러 페이지(직접 수집),2026-09-30
2026-09-30,플라이휠,Top50 순위,선케어|B002CML1VG,41,위,아마존 US 베스트셀러 페이지(직접 수집),2026-09-30
2026-09-30,플라이휠,Top50 순위,선케어|B0CM4JVK6H,42,위,아마존 US 베스트셀러 페이지(직접 수집),2026-09-30
2026-09-30,플라이휠,Top50 순위,선케어|B004D2DR0Q,43,위,아마존 US 베스트셀러 페이지(직접 수집),2026-09-30
2026-09-30,플라이휠,Top50 순위,선케어|B0GR23K9GY,44,위,아마존 US 베스트셀러 페이지(직접 수집),2026-09-30
2026-09-30,플라이휠,Top50 순위,선케어|B09ZY7468X,45,위,아마존 US 베스트셀러 페이지(직접 수집),2026-09-30
2026-09-30,플라이휠,Top50 순위,선케어|B008SQSBJK,46,위,아마존 US 베스트셀러 페이지(직접 수집),2026-09-30
2026-09-30,플라이휠,Top50 순위,선케어|B072KGPLX6,47,위,아마존 US 베스트셀러 페이지(직접 수집),2026-09-30
2026-09-30,플라이휠,Top50 순위,선케어|B08Y8KT28V,48,위,아마존 US 베스트셀러 페이지(직접 수집),2026-09-30
2026-09-30,플라이휠,Top50 순위,선케어|B076GZX3KL,49,위,아마존 US 베스트셀러 페이지(직접 수집),2026-09-30
2026-09-30,플라이휠,Top50 순위,선케어|B00AEN4QZ8,50,위,아마존 US 베스트셀러 페이지(직접 수집),2026-09-30
2022-03-08,플라이휠,Top50 순위,스킨케어|B074PVTPBW,1,위,Wayback 스냅샷(아마존_K뷰티_침투분석.xlsx),2026-09-30
2022-03-08,플라이휠,Top50 순위,스킨케어|B09PH4VTH4,2,위,Wayback 스냅샷(아마존_K뷰티_침투분석.xlsx),2026-09-30
2022-03-08,플라이휠,Top50 순위,스킨케어|B08KVK68F7,3,위,Wayback 스냅샷(아마존_K뷰티_침투분석.xlsx),2026-09-30
2022-03-08,플라이휠,Top50 순위,스킨케어|B09847TW6D,4,위,Wayback 스냅샷(아마존_K뷰티_침투분석.xlsx),2026-09-30
2022-03-08,플라이휠,Top50 순위,스킨케어|B09RYRH6LN,5,위,Wayback 스냅샷(아마존_K뷰티_침투분석.xlsx),2026-09-30
2022-03-08,플라이휠,Top50 순위,스킨케어|B01JGVQ3SQ,6,위,Wayback 스냅샷(아마존_K뷰티_침투분석.xlsx),2026-09-30
2022-03-08,플라이휠,Top50 순위,스킨케어|B097QS4VK8,7,위,Wayback 스냅샷(아마존_K뷰티_침투분석.xlsx),2026-09-30
2022-03-08,플라이휠,Top50 순위,스킨케어|B00F97FHAW,8,위,Wayback 스냅샷(아마존_K뷰티_침투분석.xlsx),2026-09-30
2022-03-08,플라이휠,Top50 순위,스킨케어|B097RKMKR1,9,위,Wayback 스냅샷(아마존_K뷰티_침투분석.xlsx),2026-09-30
2022-03-08,플라이휠,Top50 순위,스킨케어|B086VQ9D7M,10,위,Wayback 스냅샷(아마존_K뷰티_침투분석.xlsx),2026-09-30
2022-03-08,플라이휠,Top50 순위,스킨케어|B07VQK44Q2,11,위,Wayback 스냅샷(아마존_K뷰티_침투분석.xlsx),2026-09-30
2022-03-08,플라이휠,Top50 순위,스킨케어|B00MEDOY2G,12,위,Wayback 스냅샷(아마존_K뷰티_침투분석.xlsx),2026-09-30
2022-03-08,플라이휠,Top50 순위,스킨케어|B09NDC2PJR,13,위,Wayback 스냅샷(아마존_K뷰티_침투분석.xlsx),2026-09-30
2022-03-08,플라이휠,Top50 순위,스킨케어|B07YLKXV11,14,위,Wayback 스냅샷(아마존_K뷰티_침투분석.xlsx),2026-09-30
2022-03-08,플라이휠,Top50 순위,스킨케어|B09SF46746,15,위,Wayback 스냅샷(아마존_K뷰티_침투분석.xlsx),2026-09-30
2022-03-08,플라이휠,Top50 순위,스킨케어|B00365DABC,16,위,Wayback 스냅샷(아마존_K뷰티_침투분석.xlsx),2026-09-30
2022-03-08,플라이휠,Top50 순위,스킨케어|B089BSNMVX,17,위,Wayback 스냅샷(아마존_K뷰티_침투분석.xlsx),2026-09-30
2022-03-08,플라이휠,Top50 순위,스킨케어|B07GKVBQDG,18,위,Wayback 스냅샷(아마존_K뷰티_침투분석.xlsx),2026-09-30
2022-03-08,플라이휠,Top50 순위,스킨케어|B00JJPMXDO,19,위,Wayback 스냅샷(아마존_K뷰티_침투분석.xlsx),2026-09-30
2022-03-08,플라이휠,Top50 순위,스킨케어|B09SB7Z1KX,20,위,Wayback 스냅샷(아마존_K뷰티_침투분석.xlsx),2026-09-30
2022-03-08,플라이휠,Top50 순위,스킨케어|B09RKM9G3F,21,위,Wayback 스냅샷(아마존_K뷰티_침투분석.xlsx),2026-09-30
2022-03-08,플라이휠,Top50 순위,스킨케어|B07CMH6RJW,22,위,Wayback 스냅샷(아마존_K뷰티_침투분석.xlsx),2026-09-30
2022-03-08,플라이휠,Top50 순위,스킨케어|B07VPFCKCB,23,위,Wayback 스냅샷(아마존_K뷰티_침투분석.xlsx),2026-09-30
2022-03-08,플라이휠,Top50 순위,스킨케어|B09HXTCHLZ,24,위,Wayback 스냅샷(아마존_K뷰티_침투분석.xlsx),2026-09-30
2022-03-08,플라이휠,Top50 순위,스킨케어|B099TN7HFZ,25,위,Wayback 스냅샷(아마존_K뷰티_침투분석.xlsx),2026-09-30
2022-03-08,플라이휠,Top50 순위,스킨케어|B079FV6PRH,26,위,Wayback 스냅샷(아마존_K뷰티_침투분석.xlsx),2026-09-30
2022-03-08,플라이휠,Top50 순위,스킨케어|B09HD2MSW6,27,위,Wayback 스냅샷(아마존_K뷰티_침투분석.xlsx),2026-09-30
2022-03-08,플라이휠,Top50 순위,스킨케어|B0939675K6,28,위,Wayback 스냅샷(아마존_K뷰티_침투분석.xlsx),2026-09-30
2022-03-08,플라이휠,Top50 순위,스킨케어|B07G1VKCND,29,위,Wayback 스냅샷(아마존_K뷰티_침투분석.xlsx),2026-09-30
2022-03-08,플라이휠,Top50 순위,스킨케어|B09NPGBNRJ,30,위,Wayback 스냅샷(아마존_K뷰티_침투분석.xlsx),2026-09-30
2022-03-08,플라이휠,Top50 순위,스킨케어|B014SAB948,31,위,Wayback 스냅샷(아마존_K뷰티_침투분석.xlsx),2026-09-30
2022-03-08,플라이휠,Top50 순위,스킨케어|B075X2KL5C,32,위,Wayback 스냅샷(아마존_K뷰티_침투분석.xlsx),2026-09-30
2022-03-08,플라이휠,Top50 순위,스킨케어|B09JMQ77NM,33,위,Wayback 스냅샷(아마존_K뷰티_침투분석.xlsx),2026-09-30
2022-03-08,플라이휠,Top50 순위,스킨케어|B09S1T19JC,34,위,Wayback 스냅샷(아마존_K뷰티_침투분석.xlsx),2026-09-30
2022-03-08,플라이휠,Top50 순위,스킨케어|B0020VJTDG,35,위,Wayback 스냅샷(아마존_K뷰티_침투분석.xlsx),2026-09-30
2022-03-08,플라이휠,Top50 순위,스킨케어|B07L1PHSY9,36,위,Wayback 스냅샷(아마존_K뷰티_침투분석.xlsx),2026-09-30
2022-03-08,플라이휠,Top50 순위,스킨케어|B09NLSRCL2,37,위,Wayback 스냅샷(아마존_K뷰티_침투분석.xlsx),2026-09-30
2022-03-08,플라이휠,Top50 순위,스킨케어|B08ZQRMH6D,38,위,Wayback 스냅샷(아마존_K뷰티_침투분석.xlsx),2026-09-30
2022-03-08,플라이휠,Top50 순위,스킨케어|B075QNC39Q,39,위,Wayback 스냅샷(아마존_K뷰티_침투분석.xlsx),2026-09-30
2022-03-08,플라이휠,Top50 순위,스킨케어|B07K8WS2BN,40,위,Wayback 스냅샷(아마존_K뷰티_침투분석.xlsx),2026-09-30
2022-03-08,플라이휠,Top50 순위,스킨케어|B09RYSSLQZ,41,위,Wayback 스냅샷(아마존_K뷰티_침투분석.xlsx),2026-09-30
2022-03-08,플라이휠,Top50 순위,스킨케어|B09KYSZD9V,42,위,Wayback 스냅샷(아마존_K뷰티_침투분석.xlsx),2026-09-30
2022-03-08,플라이휠,Top50 순위,스킨케어|B09T5BFD9L,43,위,Wayback 스냅샷(아마존_K뷰티_침투분석.xlsx),2026-09-30
2022-03-08,플라이휠,Top50 순위,스킨케어|B09GSMBHQM,44,위,Wayback 스냅샷(아마존_K뷰티_침투분석.xlsx),2026-09-30
2022-03-08,플라이휠,Top50 순위,스킨케어|B00SNPCSUY,45,위,Wayback 스냅샷(아마존_K뷰티_침투분석.xlsx),2026-09-30
2022-03-08,플라이휠,Top50 순위,스킨케어|B08W6CBVNN,46,위,Wayback 스냅샷(아마존_K뷰티_침투분석.xlsx),2026-09-30
2022-03-08,플라이휠,Top50 순위,스킨케어|B07B4KQVK6,47,위,Wayback 스냅샷(아마존_K뷰티_침투분석.xlsx),2026-09-30
2022-03-08,플라이휠,Top50 순위,스킨케어|B09L3F7JTG,48,위,Wayback 스냅샷(아마존_K뷰티_침투분석.xlsx),2026-09-30
2022-03-08,플라이휠,Top50 순위,스킨케어|B09PZ6NDFF,49,위,Wayback 스냅샷(아마존_K뷰티_침투분석.xlsx),2026-09-30
2022-03-08,플라이휠,Top50 순위,스킨케어|B09CZX8CKD,50,위,Wayback 스냅샷(아마존_K뷰티_침투분석.xlsx),2026-09-30
2022-04-13,플라이휠,Top50 순위,스킨케어|B074PVTPBW,1,위,Wayback 스냅샷(아마존_K뷰티_침투분석.xlsx),2026-09-30
2022-04-13,플라이휠,Top50 순위,스킨케어|B09X7C9958,2,위,Wayback 스냅샷(아마존_K뷰티_침투분석.xlsx),2026-09-30
2022-04-13,플라이휠,Top50 순위,스킨케어|B09847TW6D,3,위,Wayback 스냅샷(아마존_K뷰티_침투분석.xlsx),2026-09-30
2022-04-13,플라이휠,Top50 순위,스킨케어|B08KVK68F7,4,위,Wayback 스냅샷(아마존_K뷰티_침투분석.xlsx),2026-09-30
2022-04-13,플라이휠,Top50 순위,스킨케어|B097RKMKR1,5,위,Wayback 스냅샷(아마존_K뷰티_침투분석.xlsx),2026-09-30
2022-04-13,플라이휠,Top50 순위,스킨케어|B086VQ9D7M,6,위,Wayback 스냅샷(아마존_K뷰티_침투분석.xlsx),2026-09-30
2022-04-13,플라이휠,Top50 순위,스킨케어|B01JGVQ3SQ,7,위,Wayback 스냅샷(아마존_K뷰티_침투분석.xlsx),2026-09-30
2022-04-13,플라이휠,Top50 순위,스킨케어|B09XQXGJDF,8,위,Wayback 스냅샷(아마존_K뷰티_침투분석.xlsx),2026-09-30
2022-04-13,플라이휠,Top50 순위,스킨케어|B09NDC2PJR,9,위,Wayback 스냅샷(아마존_K뷰티_침투분석.xlsx),2026-09-30
2022-04-13,플라이휠,Top50 순위,스킨케어|B097QS4VK8,10,위,Wayback 스냅샷(아마존_K뷰티_침투분석.xlsx),2026-09-30
2022-04-13,플라이휠,Top50 순위,스킨케어|B089BSNMVX,11,위,Wayback 스냅샷(아마존_K뷰티_침투분석.xlsx),2026-09-30
2022-04-13,플라이휠,Top50 순위,스킨케어|B07VQK44Q2,12,위,Wayback 스냅샷(아마존_K뷰티_침투분석.xlsx),2026-09-30
2022-04-13,플라이휠,Top50 순위,스킨케어|B09W3JQYMB,13,위,Wayback 스냅샷(아마존_K뷰티_침투분석.xlsx),2026-09-30
2022-04-13,플라이휠,Top50 순위,스킨케어|B09VLRLCN5,14,위,Wayback 스냅샷(아마존_K뷰티_침투분석.xlsx),2026-09-30
2022-04-13,플라이휠,Top50 순위,스킨케어|B09S1T19JC,15,위,Wayback 스냅샷(아마존_K뷰티_침투분석.xlsx),2026-09-30
2022-04-13,플라이휠,Top50 순위,스킨케어|B00MEDOY2G,16,위,Wayback 스냅샷(아마존_K뷰티_침투분석.xlsx),2026-09-30
2022-04-13,플라이휠,Top50 순위,스킨케어|B07CMH6RJW,17,위,Wayback 스냅샷(아마존_K뷰티_침투분석.xlsx),2026-09-30
2022-04-13,플라이휠,Top50 순위,스킨케어|B09HD2MSW6,18,위,Wayback 스냅샷(아마존_K뷰티_침투분석.xlsx),2026-09-30
2022-04-13,플라이휠,Top50 순위,스킨케어|B09XR24NP3,19,위,Wayback 스냅샷(아마존_K뷰티_침투분석.xlsx),2026-09-30
2022-04-13,플라이휠,Top50 순위,스킨케어|B09NR6R7RZ,20,위,Wayback 스냅샷(아마존_K뷰티_침투분석.xlsx),2026-09-30
2022-04-13,플라이휠,Top50 순위,스킨케어|B09WFDZ654,21,위,Wayback 스냅샷(아마존_K뷰티_침투분석.xlsx),2026-09-30
2022-04-13,플라이휠,Top50 순위,스킨케어|B07GKVBQDG,22,위,Wayback 스냅샷(아마존_K뷰티_침투분석.xlsx),2026-09-30
2022-04-13,플라이휠,Top50 순위,스킨케어|B09RKM9G3F,23,위,Wayback 스냅샷(아마존_K뷰티_침투분석.xlsx),2026-09-30
2022-04-13,플라이휠,Top50 순위,스킨케어|B09HXTCHLZ,24,위,Wayback 스냅샷(아마존_K뷰티_침투분석.xlsx),2026-09-30
2022-04-13,플라이휠,Top50 순위,스킨케어|B00JJPMXDO,25,위,Wayback 스냅샷(아마존_K뷰티_침투분석.xlsx),2026-09-30
2022-04-13,플라이휠,Top50 순위,스킨케어|B09NLSRCL2,26,위,Wayback 스냅샷(아마존_K뷰티_침투분석.xlsx),2026-09-30
2022-04-13,플라이휠,Top50 순위,스킨케어|B099TN7HFZ,27,위,Wayback 스냅샷(아마존_K뷰티_침투분석.xlsx),2026-09-30
2022-04-13,플라이휠,Top50 순위,스킨케어|B09SB7Z1KX,28,위,Wayback 스냅샷(아마존_K뷰티_침투분석.xlsx),2026-09-30
2022-04-13,플라이휠,Top50 순위,스킨케어|B00J5KDCO2,29,위,Wayback 스냅샷(아마존_K뷰티_침투분석.xlsx),2026-09-30
2022-04-13,플라이휠,Top50 순위,스킨케어|B09WVYWY9M,30,위,Wayback 스냅샷(아마존_K뷰티_침투분석.xlsx),2026-09-30
2022-04-13,플라이휠,Top50 순위,스킨케어|B07G1VKCND,31,위,Wayback 스냅샷(아마존_K뷰티_침투분석.xlsx),2026-09-30
2022-04-13,플라이휠,Top50 순위,스킨케어|B09T2755FN,32,위,Wayback 스냅샷(아마존_K뷰티_침투분석.xlsx),2026-09-30
2022-04-13,플라이휠,Top50 순위,스킨케어|B09WJQ6QTG,33,위,Wayback 스냅샷(아마존_K뷰티_침투분석.xlsx),2026-09-30
2022-04-13,플라이휠,Top50 순위,스킨케어|B014SAB948,34,위,Wayback 스냅샷(아마존_K뷰티_침투분석.xlsx),2026-09-30
2022-04-13,플라이휠,Top50 순위,스킨케어|B09JMQ77NM,35,위,Wayback 스냅샷(아마존_K뷰티_침투분석.xlsx),2026-09-30
2022-04-13,플라이휠,Top50 순위,스킨케어|B09KYSZD9V,36,위,Wayback 스냅샷(아마존_K뷰티_침투분석.xlsx),2026-09-30
2022-04-13,플라이휠,Top50 순위,스킨케어|B09VC755HN,37,위,Wayback 스냅샷(아마존_K뷰티_침투분석.xlsx),2026-09-30
2022-04-13,플라이휠,Top50 순위,스킨케어|B01N1LL62W,38,위,Wayback 스냅샷(아마존_K뷰티_침투분석.xlsx),2026-09-30
2022-04-13,플라이휠,Top50 순위,스킨케어|B09627ZW4W,39,위,Wayback 스냅샷(아마존_K뷰티_침투분석.xlsx),2026-09-30
2022-04-13,플라이휠,Top50 순위,스킨케어|B09SF46746,40,위,Wayback 스냅샷(아마존_K뷰티_침투분석.xlsx),2026-09-30
2022-04-13,플라이휠,Top50 순위,스킨케어|B09XR4SPV8,41,위,Wayback 스냅샷(아마존_K뷰티_침투분석.xlsx),2026-09-30
2022-04-13,플라이휠,Top50 순위,스킨케어|B07B4KQVK6,42,위,Wayback 스냅샷(아마존_K뷰티_침투분석.xlsx),2026-09-30
2022-04-13,플라이휠,Top50 순위,스킨케어|B09SHB3N13,43,위,Wayback 스냅샷(아마존_K뷰티_침투분석.xlsx),2026-09-30
2022-04-13,플라이휠,Top50 순위,스킨케어|B093BVXPVQ,44,위,Wayback 스냅샷(아마존_K뷰티_침투분석.xlsx),2026-09-30
2022-04-13,플라이휠,Top50 순위,스킨케어|B08ZHGDP4G,45,위,Wayback 스냅샷(아마존_K뷰티_침투분석.xlsx),2026-09-30
2022-04-13,플라이휠,Top50 순위,스킨케어|B08ZQRMH6D,46,위,Wayback 스냅샷(아마존_K뷰티_침투분석.xlsx),2026-09-30
2022-04-13,플라이휠,Top50 순위,스킨케어|B09L3F7JTG,47,위,Wayback 스냅샷(아마존_K뷰티_침투분석.xlsx),2026-09-30
2022-04-13,플라이휠,Top50 순위,스킨케어|B09T5BFD9L,48,위,Wayback 스냅샷(아마존_K뷰티_침투분석.xlsx),2026-09-30
2022-04-13,플라이휠,Top50 순위,스킨케어|B09XKK8ZR9,49,위,Wayback 스냅샷(아마존_K뷰티_침투분석.xlsx),2026-09-30
2022-04-13,플라이휠,Top50 순위,스킨케어|B095FMX9LT,50,위,Wayback 스냅샷(아마존_K뷰티_침투분석.xlsx),2026-09-30
2022-04-20,플라이휠,Top50 순위,스킨케어|B09X7C9958,1,위,Wayback 스냅샷(아마존_K뷰티_침투분석.xlsx),2026-09-30
2022-04-20,플라이휠,Top50 순위,스킨케어|B074PVTPBW,2,위,Wayback 스냅샷(아마존_K뷰티_침투분석.xlsx),2026-09-30
2022-04-20,플라이휠,Top50 순위,스킨케어|B09Y6671JW,3,위,Wayback 스냅샷(아마존_K뷰티_침투분석.xlsx),2026-09-30
2022-04-20,플라이휠,Top50 순위,스킨케어|B08KVK68F7,4,위,Wayback 스냅샷(아마존_K뷰티_침투분석.xlsx),2026-09-30
2022-04-20,플라이휠,Top50 순위,스킨케어|B09847TW6D,5,위,Wayback 스냅샷(아마존_K뷰티_침투분석.xlsx),2026-09-30
2022-04-20,플라이휠,Top50 순위,스킨케어|B097RKMKR1,6,위,Wayback 스냅샷(아마존_K뷰티_침투분석.xlsx),2026-09-30
2022-04-20,플라이휠,Top50 순위,스킨케어|B01JGVQ3SQ,7,위,Wayback 스냅샷(아마존_K뷰티_침투분석.xlsx),2026-09-30
2022-04-20,플라이휠,Top50 순위,스킨케어|B09NDC2PJR,8,위,Wayback 스냅샷(아마존_K뷰티_침투분석.xlsx),2026-09-30
2022-04-20,플라이휠,Top50 순위,스킨케어|B086VQ9D7M,9,위,Wayback 스냅샷(아마존_K뷰티_침투분석.xlsx),2026-09-30
2022-04-20,플라이휠,Top50 순위,스킨케어|B097QS4VK8,10,위,Wayback 스냅샷(아마존_K뷰티_침투분석.xlsx),2026-09-30
2022-04-20,플라이휠,Top50 순위,스킨케어|B089BSNMVX,11,위,Wayback 스냅샷(아마존_K뷰티_침투분석.xlsx),2026-09-30
2022-04-20,플라이휠,Top50 순위,스킨케어|B09Y93YK45,12,위,Wayback 스냅샷(아마존_K뷰티_침투분석.xlsx),2026-09-30
2022-04-20,플라이휠,Top50 순위,스킨케어|B07VQK44Q2,13,위,Wayback 스냅샷(아마존_K뷰티_침투분석.xlsx),2026-09-30
2022-04-20,플라이휠,Top50 순위,스킨케어|B09VLRLCN5,14,위,Wayback 스냅샷(아마존_K뷰티_침투분석.xlsx),2026-09-30
2022-04-20,플라이휠,Top50 순위,스킨케어|B07CMH6RJW,15,위,Wayback 스냅샷(아마존_K뷰티_침투분석.xlsx),2026-09-30
2022-04-20,플라이휠,Top50 순위,스킨케어|B00365DABC,16,위,Wayback 스냅샷(아마존_K뷰티_침투분석.xlsx),2026-09-30
2022-04-20,플라이휠,Top50 순위,스킨케어|B00MEDOY2G,17,위,Wayback 스냅샷(아마존_K뷰티_침투분석.xlsx),2026-09-30
2022-04-20,플라이휠,Top50 순위,스킨케어|B07GKVBQDG,18,위,Wayback 스냅샷(아마존_K뷰티_침투분석.xlsx),2026-09-30
2022-04-20,플라이휠,Top50 순위,스킨케어|B09HXTCHLZ,19,위,Wayback 스냅샷(아마존_K뷰티_침투분석.xlsx),2026-09-30
2022-04-20,플라이휠,Top50 순위,스킨케어|B09SF46746,20,위,Wayback 스냅샷(아마존_K뷰티_침투분석.xlsx),2026-09-30
2022-04-20,플라이휠,Top50 순위,스킨케어|B09HD2MSW6,21,위,Wayback 스냅샷(아마존_K뷰티_침투분석.xlsx),2026-09-30
2022-04-20,플라이휠,Top50 순위,스킨케어|B09Y6TQX9G,22,위,Wayback 스냅샷(아마존_K뷰티_침투분석.xlsx),2026-09-30
2022-04-20,플라이휠,Top50 순위,스킨케어|B09XYV1Q3J,23,위,Wayback 스냅샷(아마존_K뷰티_침투분석.xlsx),2026-09-30
2022-04-20,플라이휠,Top50 순위,스킨케어|B09KYSZD9V,24,위,Wayback 스냅샷(아마존_K뷰티_침투분석.xlsx),2026-09-30
2022-04-20,플라이휠,Top50 순위,스킨케어|B00JJPMXDO,25,위,Wayback 스냅샷(아마존_K뷰티_침투분석.xlsx),2026-09-30
2022-04-20,플라이휠,Top50 순위,스킨케어|B01N1LL62W,26,위,Wayback 스냅샷(아마존_K뷰티_침투분석.xlsx),2026-09-30
2022-04-20,플라이휠,Top50 순위,스킨케어|B07G1VKCND,27,위,Wayback 스냅샷(아마존_K뷰티_침투분석.xlsx),2026-09-30
2022-04-20,플라이휠,Top50 순위,스킨케어|B099TN7HFZ,28,위,Wayback 스냅샷(아마존_K뷰티_침투분석.xlsx),2026-09-30
2022-04-20,플라이휠,Top50 순위,스킨케어|B09WJQ6QTG,29,위,Wayback 스냅샷(아마존_K뷰티_침투분석.xlsx),2026-09-30
2022-04-20,플라이휠,Top50 순위,스킨케어|B09JMQ77NM,30,위,Wayback 스냅샷(아마존_K뷰티_침투분석.xlsx),2026-09-30
2022-04-20,플라이휠,Top50 순위,스킨케어|B07L1PHSY9,31,위,Wayback 스냅샷(아마존_K뷰티_침투분석.xlsx),2026-09-30
2022-04-20,플라이휠,Top50 순위,스킨케어|B079FV6PRH,32,위,Wayback 스냅샷(아마존_K뷰티_침투분석.xlsx),2026-09-30
2022-04-20,플라이휠,Top50 순위,스킨케어|B09WVYWY9M,33,위,Wayback 스냅샷(아마존_K뷰티_침투분석.xlsx),2026-09-30
2022-04-20,플라이휠,Top50 순위,스킨케어|B09RKM9G3F,34,위,Wayback 스냅샷(아마존_K뷰티_침투분석.xlsx),2026-09-30
2022-04-20,플라이휠,Top50 순위,스킨케어|B09XXV5HC3,35,위,Wayback 스냅샷(아마존_K뷰티_침투분석.xlsx),2026-09-30
2022-04-20,플라이휠,Top50 순위,스킨케어|B09NLSRCL2,36,위,Wayback 스냅샷(아마존_K뷰티_침투분석.xlsx),2026-09-30
2022-04-20,플라이휠,Top50 순위,스킨케어|B09NR6R7RZ,37,위,Wayback 스냅샷(아마존_K뷰티_침투분석.xlsx),2026-09-30
2022-04-20,플라이휠,Top50 순위,스킨케어|B093BVXPVQ,38,위,Wayback 스냅샷(아마존_K뷰티_침투분석.xlsx),2026-09-30
2022-04-20,플라이휠,Top50 순위,스킨케어|B081KHK72J,39,위,Wayback 스냅샷(아마존_K뷰티_침투분석.xlsx),2026-09-30
2022-04-20,플라이휠,Top50 순위,스킨케어|B09T5BFD9L,40,위,Wayback 스냅샷(아마존_K뷰티_침투분석.xlsx),2026-09-30
2022-04-20,플라이휠,Top50 순위,스킨케어|B00J5KDCO2,41,위,Wayback 스냅샷(아마존_K뷰티_침투분석.xlsx),2026-09-30
2022-04-20,플라이휠,Top50 순위,스킨케어|B07B4KQVK6,42,위,Wayback 스냅샷(아마존_K뷰티_침투분석.xlsx),2026-09-30
2022-04-20,플라이휠,Top50 순위,스킨케어|B014SAB948,43,위,Wayback 스냅샷(아마존_K뷰티_침투분석.xlsx),2026-09-30
2022-04-20,플라이휠,Top50 순위,스킨케어|B09627ZW4W,44,위,Wayback 스냅샷(아마존_K뷰티_침투분석.xlsx),2026-09-30
2022-04-20,플라이휠,Top50 순위,스킨케어|B09L3F7JTG,45,위,Wayback 스냅샷(아마존_K뷰티_침투분석.xlsx),2026-09-30
2022-04-20,플라이휠,Top50 순위,스킨케어|B09GSMBHQM,46,위,Wayback 스냅샷(아마존_K뷰티_침투분석.xlsx),2026-09-30
2022-04-20,플라이휠,Top50 순위,스킨케어|B09SHB3N13,47,위,Wayback 스냅샷(아마존_K뷰티_침투분석.xlsx),2026-09-30
2022-04-20,플라이휠,Top50 순위,스킨케어|B09XJV9KR4,48,위,Wayback 스냅샷(아마존_K뷰티_침투분석.xlsx),2026-09-30
2022-04-20,플라이휠,Top50 순위,스킨케어|B07K8WS2BN,49,위,Wayback 스냅샷(아마존_K뷰티_침투분석.xlsx),2026-09-30
2022-04-20,플라이휠,Top50 순위,스킨케어|B08ZQRMH6D,50,위,Wayback 스냅샷(아마존_K뷰티_침투분석.xlsx),2026-09-30
2022-05-10,플라이휠,Top50 순위,스킨케어|B08XPZX934,1,위,Wayback 스냅샷(아마존_K뷰티_침투분석.xlsx),2026-09-30
2022-05-10,플라이휠,Top50 순위,스킨케어|B09WTLR7F3,2,위,Wayback 스냅샷(아마존_K뷰티_침투분석.xlsx),2026-09-30
2022-05-10,플라이휠,Top50 순위,스킨케어|B074PVTPBW,3,위,Wayback 스냅샷(아마존_K뷰티_침투분석.xlsx),2026-09-30
2022-05-10,플라이휠,Top50 순위,스킨케어|B09847TW6D,4,위,Wayback 스냅샷(아마존_K뷰티_침투분석.xlsx),2026-09-30
2022-05-10,플라이휠,Top50 순위,스킨케어|B09Y9BS1VJ,5,위,Wayback 스냅샷(아마존_K뷰티_침투분석.xlsx),2026-09-30
2022-05-10,플라이휠,Top50 순위,스킨케어|B086VQ9D7M,6,위,Wayback 스냅샷(아마존_K뷰티_침투분석.xlsx),2026-09-30
2022-05-10,플라이휠,Top50 순위,스킨케어|B097RKMKR1,7,위,Wayback 스냅샷(아마존_K뷰티_침투분석.xlsx),2026-09-30
2022-05-10,플라이휠,Top50 순위,스킨케어|B08KVK68F7,8,위,Wayback 스냅샷(아마존_K뷰티_침투분석.xlsx),2026-09-30
2022-05-10,플라이휠,Top50 순위,스킨케어|B00F97FHAW,9,위,Wayback 스냅샷(아마존_K뷰티_침투분석.xlsx),2026-09-30
2022-05-10,플라이휠,Top50 순위,스킨케어|B01JGVQ3SQ,10,위,Wayback 스냅샷(아마존_K뷰티_침투분석.xlsx),2026-09-30
2022-05-10,플라이휠,Top50 순위,스킨케어|B09NDC2PJR,11,위,Wayback 스냅샷(아마존_K뷰티_침투분석.xlsx),2026-09-30
2022-05-10,플라이휠,Top50 순위,스킨케어|B097QS4VK8,12,위,Wayback 스냅샷(아마존_K뷰티_침투분석.xlsx),2026-09-30
2022-05-10,플라이휠,Top50 순위,스킨케어|B09YN62N1S,13,위,Wayback 스냅샷(아마존_K뷰티_침투분석.xlsx),2026-09-30
2022-05-10,플라이휠,Top50 순위,스킨케어|B07VQK44Q2,14,위,Wayback 스냅샷(아마존_K뷰티_침투분석.xlsx),2026-09-30
2022-05-10,플라이휠,Top50 순위,스킨케어|B09WTS8XP9,15,위,Wayback 스냅샷(아마존_K뷰티_침투분석.xlsx),2026-09-30
2022-05-10,플라이휠,Top50 순위,스킨케어|B07YLKXV11,16,위,Wayback 스냅샷(아마존_K뷰티_침투분석.xlsx),2026-09-30
2022-05-10,플라이휠,Top50 순위,스킨케어|B00365DABC,17,위,Wayback 스냅샷(아마존_K뷰티_침투분석.xlsx),2026-09-30
2022-05-10,플라이휠,Top50 순위,스킨케어|B07CMH6RJW,18,위,Wayback 스냅샷(아마존_K뷰티_침투분석.xlsx),2026-09-30
2022-05-10,플라이휠,Top50 순위,스킨케어|B09SF46746,19,위,Wayback 스냅샷(아마존_K뷰티_침투분석.xlsx),2026-09-30
2022-05-10,플라이휠,Top50 순위,스킨케어|B07G1VKCND,20,위,Wayback 스냅샷(아마존_K뷰티_침투분석.xlsx),2026-09-30
2022-05-10,플라이휠,Top50 순위,스킨케어|B00MEDOY2G,21,위,Wayback 스냅샷(아마존_K뷰티_침투분석.xlsx),2026-09-30
2022-05-10,플라이휠,Top50 순위,스킨케어|B09RKM9G3F,22,위,Wayback 스냅샷(아마존_K뷰티_침투분석.xlsx),2026-09-30
2022-05-10,플라이휠,Top50 순위,스킨케어|B09DNX6J3P,23,위,Wayback 스냅샷(아마존_K뷰티_침투분석.xlsx),2026-09-30
2022-05-10,플라이휠,Top50 순위,스킨케어|B09HD2MSW6,24,위,Wayback 스냅샷(아마존_K뷰티_침투분석.xlsx),2026-09-30
2022-05-10,플라이휠,Top50 순위,스킨케어|B08ZQRMH6D,25,위,Wayback 스냅샷(아마존_K뷰티_침투분석.xlsx),2026-09-30
2022-05-10,플라이휠,Top50 순위,스킨케어|B07VPFCKCB,26,위,Wayback 스냅샷(아마존_K뷰티_침투분석.xlsx),2026-09-30
2022-05-10,플라이휠,Top50 순위,스킨케어|B09WVYWY9M,27,위,Wayback 스냅샷(아마존_K뷰티_침투분석.xlsx),2026-09-30
2022-05-10,플라이휠,Top50 순위,스킨케어|B095BVVRYQ,28,위,Wayback 스냅샷(아마존_K뷰티_침투분석.xlsx),2026-09-30
2022-05-10,플라이휠,Top50 순위,스킨케어|B09JMQ77NM,29,위,Wayback 스냅샷(아마존_K뷰티_침투분석.xlsx),2026-09-30
2022-05-10,플라이휠,Top50 순위,스킨케어|B09627ZW4W,30,위,Wayback 스냅샷(아마존_K뷰티_침투분석.xlsx),2026-09-30
2022-05-10,플라이휠,Top50 순위,스킨케어|B089BSNMVX,31,위,Wayback 스냅샷(아마존_K뷰티_침투분석.xlsx),2026-09-30
2022-05-10,플라이휠,Top50 순위,스킨케어|B00J5KDCO2,32,위,Wayback 스냅샷(아마존_K뷰티_침투분석.xlsx),2026-09-30
2022-05-10,플라이휠,Top50 순위,스킨케어|B09HXTCHLZ,33,위,Wayback 스냅샷(아마존_K뷰티_침투분석.xlsx),2026-09-30
2022-05-10,플라이휠,Top50 순위,스킨케어|B09ZFD5BN5,34,위,Wayback 스냅샷(아마존_K뷰티_침투분석.xlsx),2026-09-30
2022-05-10,플라이휠,Top50 순위,스킨케어|B07B4KQVK6,35,위,Wayback 스냅샷(아마존_K뷰티_침투분석.xlsx),2026-09-30
2022-05-10,플라이휠,Top50 순위,스킨케어|B09ZV857G8,36,위,Wayback 스냅샷(아마존_K뷰티_침투분석.xlsx),2026-09-30
2022-05-10,플라이휠,Top50 순위,스킨케어|B09VF8PXNZ,37,위,Wayback 스냅샷(아마존_K뷰티_침투분석.xlsx),2026-09-30
2022-05-10,플라이휠,Top50 순위,스킨케어|B099TN7HFZ,38,위,Wayback 스냅샷(아마존_K뷰티_침투분석.xlsx),2026-09-30
2022-05-10,플라이휠,Top50 순위,스킨케어|B07L1PHSY9,39,위,Wayback 스냅샷(아마존_K뷰티_침투분석.xlsx),2026-09-30
2022-05-10,플라이휠,Top50 순위,스킨케어|B0957GJF1Z,40,위,Wayback 스냅샷(아마존_K뷰티_침투분석.xlsx),2026-09-30
2022-05-10,플라이휠,Top50 순위,스킨케어|B0846G318P,41,위,Wayback 스냅샷(아마존_K뷰티_침투분석.xlsx),2026-09-30
2022-05-10,플라이휠,Top50 순위,스킨케어|B09Y6TQX9G,42,위,Wayback 스냅샷(아마존_K뷰티_침투분석.xlsx),2026-09-30
2022-05-10,플라이휠,Top50 순위,스킨케어|B09NR6R7RZ,43,위,Wayback 스냅샷(아마존_K뷰티_침투분석.xlsx),2026-09-30
2022-05-10,플라이휠,Top50 순위,스킨케어|B09ZKP2JM1,44,위,Wayback 스냅샷(아마존_K뷰티_침투분석.xlsx),2026-09-30
2022-05-10,플라이휠,Top50 순위,스킨케어|B09SF3QKTK,45,위,Wayback 스냅샷(아마존_K뷰티_침투분석.xlsx),2026-09-30
2022-05-10,플라이휠,Top50 순위,스킨케어|B075QNC39Q,46,위,Wayback 스냅샷(아마존_K뷰티_침투분석.xlsx),2026-09-30
2022-05-10,플라이휠,Top50 순위,스킨케어|B09SHB3N13,47,위,Wayback 스냅샷(아마존_K뷰티_침투분석.xlsx),2026-09-30
2022-05-10,플라이휠,Top50 순위,스킨케어|B09CZX8CKD,48,위,Wayback 스냅샷(아마존_K뷰티_침투분석.xlsx),2026-09-30
2022-05-10,플라이휠,Top50 순위,스킨케어|B09ZMTMLZF,49,위,Wayback 스냅샷(아마존_K뷰티_침투분석.xlsx),2026-09-30
2022-05-10,플라이휠,Top50 순위,스킨케어|B09VC755HN,50,위,Wayback 스냅샷(아마존_K뷰티_침투분석.xlsx),2026-09-30
2022-06-07,플라이휠,Top50 순위,스킨케어|B0B3536DVS,1,위,Wayback 스냅샷(아마존_K뷰티_침투분석.xlsx),2026-09-30
2022-06-07,플라이휠,Top50 순위,스킨케어|B074PVTPBW,2,위,Wayback 스냅샷(아마존_K뷰티_침투분석.xlsx),2026-09-30
2022-06-07,플라이휠,Top50 순위,스킨케어|B086VQ9D7M,3,위,Wayback 스냅샷(아마존_K뷰티_침투분석.xlsx),2026-09-30
2022-06-07,플라이휠,Top50 순위,스킨케어|B09847TW6D,4,위,Wayback 스냅샷(아마존_K뷰티_침투분석.xlsx),2026-09-30
2022-06-07,플라이휠,Top50 순위,스킨케어|B08KVK68F7,5,위,Wayback 스냅샷(아마존_K뷰티_침투분석.xlsx),2026-09-30
2022-06-07,플라이휠,Top50 순위,스킨케어|B00F97FHAW,6,위,Wayback 스냅샷(아마존_K뷰티_침투분석.xlsx),2026-09-30
2022-06-07,플라이휠,Top50 순위,스킨케어|B095BVVRYQ,7,위,Wayback 스냅샷(아마존_K뷰티_침투분석.xlsx),2026-09-30
2022-06-07,플라이휠,Top50 순위,스킨케어|B09NDC2PJR,8,위,Wayback 스냅샷(아마존_K뷰티_침투분석.xlsx),2026-09-30
2022-06-07,플라이휠,Top50 순위,스킨케어|B0B11PJLV1,9,위,Wayback 스냅샷(아마존_K뷰티_침투분석.xlsx),2026-09-30
2022-06-07,플라이휠,Top50 순위,스킨케어|B0B242913K,10,위,Wayback 스냅샷(아마존_K뷰티_침투분석.xlsx),2026-09-30
2022-06-07,플라이휠,Top50 순위,스킨케어|B01JGVQ3SQ,11,위,Wayback 스냅샷(아마존_K뷰티_침투분석.xlsx),2026-09-30
2022-06-07,플라이휠,Top50 순위,스킨케어|B097QS4VK8,12,위,Wayback 스냅샷(아마존_K뷰티_침투분석.xlsx),2026-09-30
2022-06-07,플라이휠,Top50 순위,스킨케어|B0B2CLM5KX,13,위,Wayback 스냅샷(아마존_K뷰티_침투분석.xlsx),2026-09-30
2022-06-07,플라이휠,Top50 순위,스킨케어|B097RKMKR1,14,위,Wayback 스냅샷(아마존_K뷰티_침투분석.xlsx),2026-09-30
2022-06-07,플라이휠,Top50 순위,스킨케어|B09SHB3N13,15,위,Wayback 스냅샷(아마존_K뷰티_침투분석.xlsx),2026-09-30
2022-06-07,플라이휠,Top50 순위,스킨케어|B07VQK44Q2,16,위,Wayback 스냅샷(아마존_K뷰티_침투분석.xlsx),2026-09-30
2022-06-07,플라이휠,Top50 순위,스킨케어|B00365DABC,17,위,Wayback 스냅샷(아마존_K뷰티_침투분석.xlsx),2026-09-30
2022-06-07,플라이휠,Top50 순위,스킨케어|B083VY5GVN,18,위,Wayback 스냅샷(아마존_K뷰티_침투분석.xlsx),2026-09-30
2022-06-07,플라이휠,Top50 순위,스킨케어|B007KA7V5U,19,위,Wayback 스냅샷(아마존_K뷰티_침투분석.xlsx),2026-09-30
2022-06-07,플라이휠,Top50 순위,스킨케어|B00MEDOY2G,20,위,Wayback 스냅샷(아마존_K뷰티_침투분석.xlsx),2026-09-30
2022-06-07,플라이휠,Top50 순위,스킨케어|B09627ZW4W,21,위,Wayback 스냅샷(아마존_K뷰티_침투분석.xlsx),2026-09-30
2022-06-07,플라이휠,Top50 순위,스킨케어|B09JMQ77NM,22,위,Wayback 스냅샷(아마존_K뷰티_침투분석.xlsx),2026-09-30
2022-06-07,플라이휠,Top50 순위,스킨케어|B0837311RV,23,위,Wayback 스냅샷(아마존_K뷰티_침투분석.xlsx),2026-09-30
2022-06-07,플라이휠,Top50 순위,스킨케어|B084PVL1Q2,24,위,Wayback 스냅샷(아마존_K뷰티_침투분석.xlsx),2026-09-30
2022-06-07,플라이휠,Top50 순위,스킨케어|B0B39LNFJY,25,위,Wayback 스냅샷(아마존_K뷰티_침투분석.xlsx),2026-09-30
2022-06-07,플라이휠,Top50 순위,스킨케어|B07CMH6RJW,26,위,Wayback 스냅샷(아마존_K뷰티_침투분석.xlsx),2026-09-30
2022-06-07,플라이휠,Top50 순위,스킨케어|B07VPFCKCB,27,위,Wayback 스냅샷(아마존_K뷰티_침투분석.xlsx),2026-09-30
2022-06-07,플라이휠,Top50 순위,스킨케어|B09Y6TQX9G,28,위,Wayback 스냅샷(아마존_K뷰티_침투분석.xlsx),2026-09-30
2022-06-07,플라이휠,Top50 순위,스킨케어|B0B11P4JDJ,29,위,Wayback 스냅샷(아마존_K뷰티_침투분석.xlsx),2026-09-30
2022-06-07,플라이휠,Top50 순위,스킨케어|B099TN7HFZ,30,위,Wayback 스냅샷(아마존_K뷰티_침투분석.xlsx),2026-09-30
2022-06-07,플라이휠,Top50 순위,스킨케어|B07B4KQVK6,31,위,Wayback 스냅샷(아마존_K뷰티_침투분석.xlsx),2026-09-30
2022-06-07,플라이휠,Top50 순위,스킨케어|B077TWXCQV,32,위,Wayback 스냅샷(아마존_K뷰티_침투분석.xlsx),2026-09-30
2022-06-07,플라이휠,Top50 순위,스킨케어|B0B3CM4J5K,33,위,Wayback 스냅샷(아마존_K뷰티_침투분석.xlsx),2026-09-30
2022-06-07,플라이휠,Top50 순위,스킨케어|B09HXTCHLZ,34,위,Wayback 스냅샷(아마존_K뷰티_침투분석.xlsx),2026-09-30
2022-06-07,플라이휠,Top50 순위,스킨케어|B0846G318P,35,위,Wayback 스냅샷(아마존_K뷰티_침투분석.xlsx),2026-09-30
2022-06-07,플라이휠,Top50 순위,스킨케어|B09ZKP2JM1,36,위,Wayback 스냅샷(아마존_K뷰티_침투분석.xlsx),2026-09-30
2022-06-07,플라이휠,Top50 순위,스킨케어|B09SF46746,37,위,Wayback 스냅샷(아마존_K뷰티_침투분석.xlsx),2026-09-30
2022-06-07,플라이휠,Top50 순위,스킨케어|B07JFC5NNP,38,위,Wayback 스냅샷(아마존_K뷰티_침투분석.xlsx),2026-09-30
2022-06-07,플라이휠,Top50 순위,스킨케어|B07G1VKCND,39,위,Wayback 스냅샷(아마존_K뷰티_침투분석.xlsx),2026-09-30
2022-06-07,플라이휠,Top50 순위,스킨케어|B08ZQRMH6D,40,위,Wayback 스냅샷(아마존_K뷰티_침투분석.xlsx),2026-09-30
2022-06-07,플라이휠,Top50 순위,스킨케어|B095FMX9LT,41,위,Wayback 스냅샷(아마존_K뷰티_침투분석.xlsx),2026-09-30
2022-06-07,플라이휠,Top50 순위,스킨케어|B00ZPWR0N8,42,위,Wayback 스냅샷(아마존_K뷰티_침투분석.xlsx),2026-09-30
2022-06-07,플라이휠,Top50 순위,스킨케어|B09TQ3JB78,43,위,Wayback 스냅샷(아마존_K뷰티_침투분석.xlsx),2026-09-30
2022-06-07,플라이휠,Top50 순위,스킨케어|B00H33ZP3O,44,위,Wayback 스냅샷(아마존_K뷰티_침투분석.xlsx),2026-09-30
2022-06-07,플라이휠,Top50 순위,스킨케어|B09ZFD5BN5,45,위,Wayback 스냅샷(아마존_K뷰티_침투분석.xlsx),2026-09-30
2022-06-07,플라이휠,Top50 순위,스킨케어|B00JJPMXDO,46,위,Wayback 스냅샷(아마존_K뷰티_침투분석.xlsx),2026-09-30
2022-06-07,플라이휠,Top50 순위,스킨케어|B074WBHHYY,47,위,Wayback 스냅샷(아마존_K뷰티_침투분석.xlsx),2026-09-30
2022-06-07,플라이휠,Top50 순위,스킨케어|B09NR6R7RZ,48,위,Wayback 스냅샷(아마존_K뷰티_침투분석.xlsx),2026-09-30
2022-06-07,플라이휠,Top50 순위,스킨케어|B0020VJTDG,49,위,Wayback 스냅샷(아마존_K뷰티_침투분석.xlsx),2026-09-30
2022-06-07,플라이휠,Top50 순위,스킨케어|B0B1VRC2RP,50,위,Wayback 스냅샷(아마존_K뷰티_침투분석.xlsx),2026-09-30
2022-06-29,플라이휠,Top50 순위,스킨케어|B074PVTPBW,1,위,Wayback 스냅샷(아마존_K뷰티_침투분석.xlsx),2026-09-30
2022-06-29,플라이휠,Top50 순위,스킨케어|B0B57DMFP1,2,위,Wayback 스냅샷(아마존_K뷰티_침투분석.xlsx),2026-09-30
2022-06-29,플라이휠,Top50 순위,스킨케어|B086VQ9D7M,3,위,Wayback 스냅샷(아마존_K뷰티_침투분석.xlsx),2026-09-30
2022-06-29,플라이휠,Top50 순위,스킨케어|B09847TW6D,4,위,Wayback 스냅샷(아마존_K뷰티_침투분석.xlsx),2026-09-30
2022-06-29,플라이휠,Top50 순위,스킨케어|B08KVK68F7,5,위,Wayback 스냅샷(아마존_K뷰티_침투분석.xlsx),2026-09-30
2022-06-29,플라이휠,Top50 순위,스킨케어|B097RKMKR1,6,위,Wayback 스냅샷(아마존_K뷰티_침투분석.xlsx),2026-09-30
2022-06-29,플라이휠,Top50 순위,스킨케어|B09NDC2PJR,7,위,Wayback 스냅샷(아마존_K뷰티_침투분석.xlsx),2026-09-30
2022-06-29,플라이휠,Top50 순위,스킨케어|B09SHB3N13,8,위,Wayback 스냅샷(아마존_K뷰티_침투분석.xlsx),2026-09-30
2022-06-29,플라이휠,Top50 순위,스킨케어|B00F97FHAW,9,위,Wayback 스냅샷(아마존_K뷰티_침투분석.xlsx),2026-09-30
2022-06-29,플라이휠,Top50 순위,스킨케어|B01JGVQ3SQ,10,위,Wayback 스냅샷(아마존_K뷰티_침투분석.xlsx),2026-09-30
2022-06-29,플라이휠,Top50 순위,스킨케어|B095BVVRYQ,11,위,Wayback 스냅샷(아마존_K뷰티_침투분석.xlsx),2026-09-30
2022-06-29,플라이휠,Top50 순위,스킨케어|B09DNX6J3P,12,위,Wayback 스냅샷(아마존_K뷰티_침투분석.xlsx),2026-09-30
2022-06-29,플라이휠,Top50 순위,스킨케어|B00MEDOY2G,13,위,Wayback 스냅샷(아마존_K뷰티_침투분석.xlsx),2026-09-30
2022-06-29,플라이휠,Top50 순위,스킨케어|B0B58PVCHC,14,위,Wayback 스냅샷(아마존_K뷰티_침투분석.xlsx),2026-09-30
2022-06-29,플라이휠,Top50 순위,스킨케어|B07VQK44Q2,15,위,Wayback 스냅샷(아마존_K뷰티_침투분석.xlsx),2026-09-30
2022-06-29,플라이휠,Top50 순위,스킨케어|B0B4CH5581,16,위,Wayback 스냅샷(아마존_K뷰티_침투분석.xlsx),2026-09-30
2022-06-29,플라이휠,Top50 순위,스킨케어|B09JMQ77NM,17,위,Wayback 스냅샷(아마존_K뷰티_침투분석.xlsx),2026-09-30
2022-06-29,플라이휠,Top50 순위,스킨케어|B0B57JQXY9,18,위,Wayback 스냅샷(아마존_K뷰티_침투분석.xlsx),2026-09-30
2022-06-29,플라이휠,Top50 순위,스킨케어|B0B2CLM5KX,19,위,Wayback 스냅샷(아마존_K뷰티_침투분석.xlsx),2026-09-30
2022-06-29,플라이휠,Top50 순위,스킨케어|B07CMH6RJW,20,위,Wayback 스냅샷(아마존_K뷰티_침투분석.xlsx),2026-09-30
2022-06-29,플라이휠,Top50 순위,스킨케어|B0B4W3T2DK,21,위,Wayback 스냅샷(아마존_K뷰티_침투분석.xlsx),2026-09-30
2022-06-29,플라이휠,Top50 순위,스킨케어|B083VY5GVN,22,위,Wayback 스냅샷(아마존_K뷰티_침투분석.xlsx),2026-09-30
2022-06-29,플라이휠,Top50 순위,스킨케어|B09ZKP2JM1,23,위,Wayback 스냅샷(아마존_K뷰티_침투분석.xlsx),2026-09-30
2022-06-29,플라이휠,Top50 순위,스킨케어|B0846G318P,24,위,Wayback 스냅샷(아마존_K뷰티_침투분석.xlsx),2026-09-30
2022-06-29,플라이휠,Top50 순위,스킨케어|B0B4C56R68,25,위,Wayback 스냅샷(아마존_K뷰티_침투분석.xlsx),2026-09-30
2022-06-29,플라이휠,Top50 순위,스킨케어|B0B11P4JDJ,26,위,Wayback 스냅샷(아마존_K뷰티_침투분석.xlsx),2026-09-30
2022-06-29,플라이휠,Top50 순위,스킨케어|B09VVF2V6R,27,위,Wayback 스냅샷(아마존_K뷰티_침투분석.xlsx),2026-09-30
2022-06-29,플라이휠,Top50 순위,스킨케어|B0957GJF1Z,28,위,Wayback 스냅샷(아마존_K뷰티_침투분석.xlsx),2026-09-30
2022-06-29,플라이휠,Top50 순위,스킨케어|B09Y6TQX9G,29,위,Wayback 스냅샷(아마존_K뷰티_침투분석.xlsx),2026-09-30
2022-06-29,플라이휠,Top50 순위,스킨케어|B0B47HHVQJ,30,위,Wayback 스냅샷(아마존_K뷰티_침투분석.xlsx),2026-09-30
2022-06-29,플라이휠,Top50 순위,스킨케어|B09HXTCHLZ,31,위,Wayback 스냅샷(아마존_K뷰티_침투분석.xlsx),2026-09-30
2022-06-29,플라이휠,Top50 순위,스킨케어|B07L1PHSY9,32,위,Wayback 스냅샷(아마존_K뷰티_침투분석.xlsx),2026-09-30
2022-06-29,플라이휠,Top50 순위,스킨케어|B07CYQDDHC,33,위,Wayback 스냅샷(아마존_K뷰티_침투분석.xlsx),2026-09-30
2022-06-29,플라이휠,Top50 순위,스킨케어|B09627ZW4W,34,위,Wayback 스냅샷(아마존_K뷰티_침투분석.xlsx),2026-09-30
2022-06-29,플라이휠,Top50 순위,스킨케어|B099TN7HFZ,35,위,Wayback 스냅샷(아마존_K뷰티_침투분석.xlsx),2026-09-30
2022-06-29,플라이휠,Top50 순위,스킨케어|B09TQ3JB78,36,위,Wayback 스냅샷(아마존_K뷰티_침투분석.xlsx),2026-09-30
2022-06-29,플라이휠,Top50 순위,스킨케어|B07B4KQVK6,37,위,Wayback 스냅샷(아마존_K뷰티_침투분석.xlsx),2026-09-30
2022-06-29,플라이휠,Top50 순위,스킨케어|B0B4BSNM9J,38,위,Wayback 스냅샷(아마존_K뷰티_침투분석.xlsx),2026-09-30
2022-06-29,플라이휠,Top50 순위,스킨케어|B09ZFD5BN5,39,위,Wayback 스냅샷(아마존_K뷰티_침투분석.xlsx),2026-09-30
2022-06-29,플라이휠,Top50 순위,스킨케어|B0932DMDL6,40,위,Wayback 스냅샷(아마존_K뷰티_침투분석.xlsx),2026-09-30
2022-06-29,플라이휠,Top50 순위,스킨케어|B095FMX9LT,41,위,Wayback 스냅샷(아마존_K뷰티_침투분석.xlsx),2026-09-30
2022-06-29,플라이휠,Top50 순위,스킨케어|B09SF27T5Z,42,위,Wayback 스냅샷(아마존_K뷰티_침투분석.xlsx),2026-09-30
2022-06-29,플라이휠,Top50 순위,스킨케어|B07G1VKCND,43,위,Wayback 스냅샷(아마존_K뷰티_침투분석.xlsx),2026-09-30
2022-06-29,플라이휠,Top50 순위,스킨케어|B09CZX8CKD,44,위,Wayback 스냅샷(아마존_K뷰티_침투분석.xlsx),2026-09-30
2022-06-29,플라이휠,Top50 순위,스킨케어|B09SF46746,45,위,Wayback 스냅샷(아마존_K뷰티_침투분석.xlsx),2026-09-30
2022-06-29,플라이휠,Top50 순위,스킨케어|B09VC755HN,46,위,Wayback 스냅샷(아마존_K뷰티_침투분석.xlsx),2026-09-30
2022-06-29,플라이휠,Top50 순위,스킨케어|B0020VJTDG,47,위,Wayback 스냅샷(아마존_K뷰티_침투분석.xlsx),2026-09-30
2022-06-29,플라이휠,Top50 순위,스킨케어|B0B58M4YPS,48,위,Wayback 스냅샷(아마존_K뷰티_침투분석.xlsx),2026-09-30
2022-06-29,플라이휠,Top50 순위,스킨케어|B079FV6PRH,49,위,Wayback 스냅샷(아마존_K뷰티_침투분석.xlsx),2026-09-30
2022-06-29,플라이휠,Top50 순위,스킨케어|B074W9HR72,50,위,Wayback 스냅샷(아마존_K뷰티_침투분석.xlsx),2026-09-30
2022-08-04,플라이휠,Top50 순위,스킨케어|B074PVTPBW,1,위,Wayback 스냅샷(아마존_K뷰티_침투분석.xlsx),2026-09-30
2022-08-04,플라이휠,Top50 순위,스킨케어|B0B6WVQZJ8,2,위,Wayback 스냅샷(아마존_K뷰티_침투분석.xlsx),2026-09-30
2022-08-04,플라이휠,Top50 순위,스킨케어|B000Q6D3MA,3,위,Wayback 스냅샷(아마존_K뷰티_침투분석.xlsx),2026-09-30
2022-08-04,플라이휠,Top50 순위,스킨케어|B0020VJTDG,4,위,Wayback 스냅샷(아마존_K뷰티_침투분석.xlsx),2026-09-30
2022-08-04,플라이휠,Top50 순위,스킨케어|B01JGVQ3SQ,5,위,Wayback 스냅샷(아마존_K뷰티_침투분석.xlsx),2026-09-30
2022-08-04,플라이휠,Top50 순위,스킨케어|B09NDC2PJR,6,위,Wayback 스냅샷(아마존_K뷰티_침투분석.xlsx),2026-09-30
2022-08-04,플라이휠,Top50 순위,스킨케어|B09847TW6D,7,위,Wayback 스냅샷(아마존_K뷰티_침투분석.xlsx),2026-09-30
2022-08-04,플라이휠,Top50 순위,스킨케어|B08KVK68F7,8,위,Wayback 스냅샷(아마존_K뷰티_침투분석.xlsx),2026-09-30
2022-08-04,플라이휠,Top50 순위,스킨케어|B086VQ9D7M,9,위,Wayback 스냅샷(아마존_K뷰티_침투분석.xlsx),2026-09-30
2022-08-04,플라이휠,Top50 순위,스킨케어|B0B7Q58ZHF,10,위,Wayback 스냅샷(아마존_K뷰티_침투분석.xlsx),2026-09-30
2022-08-04,플라이휠,Top50 순위,스킨케어|B09ZKP2JM1,11,위,Wayback 스냅샷(아마존_K뷰티_침투분석.xlsx),2026-09-30
2022-08-04,플라이휠,Top50 순위,스킨케어|B097RKMKR1,12,위,Wayback 스냅샷(아마존_K뷰티_침투분석.xlsx),2026-09-30
2022-08-04,플라이휠,Top50 순위,스킨케어|B0B7258DNN,13,위,Wayback 스냅샷(아마존_K뷰티_침투분석.xlsx),2026-09-30
2022-08-04,플라이휠,Top50 순위,스킨케어|B00MEDOY2G,14,위,Wayback 스냅샷(아마존_K뷰티_침투분석.xlsx),2026-09-30
2022-08-04,플라이휠,Top50 순위,스킨케어|B07VQK44Q2,15,위,Wayback 스냅샷(아마존_K뷰티_침투분석.xlsx),2026-09-30
2022-08-04,플라이휠,Top50 순위,스킨케어|B07L1PHSY9,16,위,Wayback 스냅샷(아마존_K뷰티_침투분석.xlsx),2026-09-30
2022-08-04,플라이휠,Top50 순위,스킨케어|B0B6DFSSNV,17,위,Wayback 스냅샷(아마존_K뷰티_침투분석.xlsx),2026-09-30
2022-08-04,플라이휠,Top50 순위,스킨케어|B00365DABC,18,위,Wayback 스냅샷(아마존_K뷰티_침투분석.xlsx),2026-09-30
2022-08-04,플라이휠,Top50 순위,스킨케어|B0B4C56R68,19,위,Wayback 스냅샷(아마존_K뷰티_침투분석.xlsx),2026-09-30
2022-08-04,플라이휠,Top50 순위,스킨케어|B0B11P4JDJ,20,위,Wayback 스냅샷(아마존_K뷰티_침투분석.xlsx),2026-09-30
2022-08-04,플라이휠,Top50 순위,스킨케어|B0B88JKQRT,21,위,Wayback 스냅샷(아마존_K뷰티_침투분석.xlsx),2026-09-30
2022-08-04,플라이휠,Top50 순위,스킨케어|B0B6DKL1Y5,22,위,Wayback 스냅샷(아마존_K뷰티_침투분석.xlsx),2026-09-30
2022-08-04,플라이휠,Top50 순위,스킨케어|B079FV6PRH,23,위,Wayback 스냅샷(아마존_K뷰티_침투분석.xlsx),2026-09-30
2022-08-04,플라이휠,Top50 순위,스킨케어|B07G1VKCND,24,위,Wayback 스냅샷(아마존_K뷰티_침투분석.xlsx),2026-09-30
2022-08-04,플라이휠,Top50 순위,스킨케어|B095BVVRYQ,25,위,Wayback 스냅샷(아마존_K뷰티_침투분석.xlsx),2026-09-30
2022-08-04,플라이휠,Top50 순위,스킨케어|B09HXTCHLZ,26,위,Wayback 스냅샷(아마존_K뷰티_침투분석.xlsx),2026-09-30
2022-08-04,플라이휠,Top50 순위,스킨케어|B07B4KQVK6,27,위,Wayback 스냅샷(아마존_K뷰티_침투분석.xlsx),2026-09-30
2022-08-04,플라이휠,Top50 순위,스킨케어|B0B7Q89V4G,28,위,Wayback 스냅샷(아마존_K뷰티_침투분석.xlsx),2026-09-30
2022-08-04,플라이휠,Top50 순위,스킨케어|B0B7ZQ36WZ,29,위,Wayback 스냅샷(아마존_K뷰티_침투분석.xlsx),2026-09-30
2022-08-04,플라이휠,Top50 순위,스킨케어|B0B5XMV2P6,30,위,Wayback 스냅샷(아마존_K뷰티_침투분석.xlsx),2026-09-30
2022-08-04,플라이휠,Top50 순위,스킨케어|B09SHB3N13,31,위,Wayback 스냅샷(아마존_K뷰티_침투분석.xlsx),2026-09-30
2022-08-04,플라이휠,Top50 순위,스킨케어|B0B81KGFKT,32,위,Wayback 스냅샷(아마존_K뷰티_침투분석.xlsx),2026-09-30
2022-08-04,플라이휠,Top50 순위,스킨케어|B09Y6TQX9G,33,위,Wayback 스냅샷(아마존_K뷰티_침투분석.xlsx),2026-09-30
2022-08-04,플라이휠,Top50 순위,스킨케어|B00NR1YQHM,34,위,Wayback 스냅샷(아마존_K뷰티_침투분석.xlsx),2026-09-30
2022-08-04,플라이휠,Top50 순위,스킨케어|B08YQX3SKH,35,위,Wayback 스냅샷(아마존_K뷰티_침투분석.xlsx),2026-09-30
2022-08-04,플라이휠,Top50 순위,스킨케어|B0B7QHVGCT,36,위,Wayback 스냅샷(아마존_K뷰티_침투분석.xlsx),2026-09-30
2022-08-04,플라이휠,Top50 순위,스킨케어|B0B74F9H4Y,37,위,Wayback 스냅샷(아마존_K뷰티_침투분석.xlsx),2026-09-30
2022-08-04,플라이휠,Top50 순위,스킨케어|B09L3F7JTG,38,위,Wayback 스냅샷(아마존_K뷰티_침투분석.xlsx),2026-09-30
2022-08-04,플라이휠,Top50 순위,스킨케어|B07CYQDDHC,39,위,Wayback 스냅샷(아마존_K뷰티_침투분석.xlsx),2026-09-30
2022-08-04,플라이휠,Top50 순위,스킨케어|B09627ZW4W,40,위,Wayback 스냅샷(아마존_K뷰티_침투분석.xlsx),2026-09-30
2022-08-04,플라이휠,Top50 순위,스킨케어|B0B5SQZD9T,41,위,Wayback 스냅샷(아마존_K뷰티_침투분석.xlsx),2026-09-30
2022-08-04,플라이휠,Top50 순위,스킨케어|B09DNX6J3P,42,위,Wayback 스냅샷(아마존_K뷰티_침투분석.xlsx),2026-09-30
2022-08-04,플라이휠,Top50 순위,스킨케어|B0B72LSXY5,43,위,Wayback 스냅샷(아마존_K뷰티_침투분석.xlsx),2026-09-30
2022-08-04,플라이휠,Top50 순위,스킨케어|B0B1QK2ZLS,44,위,Wayback 스냅샷(아마존_K뷰티_침투분석.xlsx),2026-09-30
2022-08-04,플라이휠,Top50 순위,스킨케어|B07CMH6RJW,45,위,Wayback 스냅샷(아마존_K뷰티_침투분석.xlsx),2026-09-30
2022-08-04,플라이휠,Top50 순위,스킨케어|B00PBX3L7K,46,위,Wayback 스냅샷(아마존_K뷰티_침투분석.xlsx),2026-09-30
2022-08-04,플라이휠,Top50 순위,스킨케어|B0B78FWJX8,47,위,Wayback 스냅샷(아마존_K뷰티_침투분석.xlsx),2026-09-30
2022-08-04,플라이휠,Top50 순위,스킨케어|B0B7Q774J5,48,위,Wayback 스냅샷(아마존_K뷰티_침투분석.xlsx),2026-09-30
2022-08-04,플라이휠,Top50 순위,스킨케어|B0B157ZGCY,49,위,Wayback 스냅샷(아마존_K뷰티_침투분석.xlsx),2026-09-30
2022-08-04,플라이휠,Top50 순위,스킨케어|B0B7Q2HXJW,50,위,Wayback 스냅샷(아마존_K뷰티_침투분석.xlsx),2026-09-30
2022-08-11,플라이휠,Top50 순위,스킨케어|B074PVTPBW,1,위,Wayback 스냅샷(아마존_K뷰티_침투분석.xlsx),2026-09-30
2022-08-11,플라이휠,Top50 순위,스킨케어|B0B8ZTBMQN,2,위,Wayback 스냅샷(아마존_K뷰티_침투분석.xlsx),2026-09-30
2022-08-11,플라이휠,Top50 순위,스킨케어|B01JGVQ3SQ,3,위,Wayback 스냅샷(아마존_K뷰티_침투분석.xlsx),2026-09-30
2022-08-11,플라이휠,Top50 순위,스킨케어|B0B8QRX843,4,위,Wayback 스냅샷(아마존_K뷰티_침투분석.xlsx),2026-09-30
2022-08-11,플라이휠,Top50 순위,스킨케어|B09NDC2PJR,5,위,Wayback 스냅샷(아마존_K뷰티_침투분석.xlsx),2026-09-30
2022-08-11,플라이휠,Top50 순위,스킨케어|B09ZKP2JM1,6,위,Wayback 스냅샷(아마존_K뷰티_침투분석.xlsx),2026-09-30
2022-08-11,플라이휠,Top50 순위,스킨케어|B08KVK68F7,7,위,Wayback 스냅샷(아마존_K뷰티_침투분석.xlsx),2026-09-30
2022-08-11,플라이휠,Top50 순위,스킨케어|B086VQ9D7M,8,위,Wayback 스냅샷(아마존_K뷰티_침투분석.xlsx),2026-09-30
2022-08-11,플라이휠,Top50 순위,스킨케어|B0B8T56QJH,9,위,Wayback 스냅샷(아마존_K뷰티_침투분석.xlsx),2026-09-30
2022-08-11,플라이휠,Top50 순위,스킨케어|B097RKMKR1,10,위,Wayback 스냅샷(아마존_K뷰티_침투분석.xlsx),2026-09-30
2022-08-11,플라이휠,Top50 순위,스킨케어|B00MEDOY2G,11,위,Wayback 스냅샷(아마존_K뷰티_침투분석.xlsx),2026-09-30
2022-08-11,플라이휠,Top50 순위,스킨케어|B0B8Y9YVW7,12,위,Wayback 스냅샷(아마존_K뷰티_침투분석.xlsx),2026-09-30
2022-08-11,플라이휠,Top50 순위,스킨케어|B0B7258DNN,13,위,Wayback 스냅샷(아마존_K뷰티_침투분석.xlsx),2026-09-30
2022-08-11,플라이휠,Top50 순위,스킨케어|B0B7Q58ZHF,14,위,Wayback 스냅샷(아마존_K뷰티_침투분석.xlsx),2026-09-30
2022-08-11,플라이휠,Top50 순위,스킨케어|B07VQK44Q2,15,위,Wayback 스냅샷(아마존_K뷰티_침투분석.xlsx),2026-09-30
2022-08-11,플라이휠,Top50 순위,스킨케어|B0B4CH5581,16,위,Wayback 스냅샷(아마존_K뷰티_침투분석.xlsx),2026-09-30
2022-08-11,플라이휠,Top50 순위,스킨케어|B0B924B7NH,17,위,Wayback 스냅샷(아마존_K뷰티_침투분석.xlsx),2026-09-30
2022-08-11,플라이휠,Top50 순위,스킨케어|B0B92NW1PP,18,위,Wayback 스냅샷(아마존_K뷰티_침투분석.xlsx),2026-09-30
2022-08-11,플라이휠,Top50 순위,스킨케어|B0B3LVLJ5Z,19,위,Wayback 스냅샷(아마존_K뷰티_침투분석.xlsx),2026-09-30
2022-08-11,플라이휠,Top50 순위,스킨케어|B0B8TL7RSX,20,위,Wayback 스냅샷(아마존_K뷰티_침투분석.xlsx),2026-09-30
2022-08-11,플라이휠,Top50 순위,스킨케어|B0B92VBR6G,21,위,Wayback 스냅샷(아마존_K뷰티_침투분석.xlsx),2026-09-30
2022-08-11,플라이휠,Top50 순위,스킨케어|B07G1VKCND,22,위,Wayback 스냅샷(아마존_K뷰티_침투분석.xlsx),2026-09-30
2022-08-11,플라이휠,Top50 순위,스킨케어|B07B4KQVK6,23,위,Wayback 스냅샷(아마존_K뷰티_침투분석.xlsx),2026-09-30
2022-08-11,플라이휠,Top50 순위,스킨케어|B0B11P4JDJ,24,위,Wayback 스냅샷(아마존_K뷰티_침투분석.xlsx),2026-09-30
2022-08-11,플라이휠,Top50 순위,스킨케어|B09Y6TQX9G,25,위,Wayback 스냅샷(아마존_K뷰티_침투분석.xlsx),2026-09-30
2022-08-11,플라이휠,Top50 순위,스킨케어|B0B1QK2ZLS,26,위,Wayback 스냅샷(아마존_K뷰티_침투분석.xlsx),2026-09-30
2022-08-11,플라이휠,Top50 순위,스킨케어|B000Q6D3MA,27,위,Wayback 스냅샷(아마존_K뷰티_침투분석.xlsx),2026-09-30
2022-08-11,플라이휠,Top50 순위,스킨케어|B0B5N25X2R,28,위,Wayback 스냅샷(아마존_K뷰티_침투분석.xlsx),2026-09-30
2022-08-11,플라이휠,Top50 순위,스킨케어|B09SHB3N13,29,위,Wayback 스냅샷(아마존_K뷰티_침투분석.xlsx),2026-09-30
2022-08-11,플라이휠,Top50 순위,스킨케어|B09HXTCHLZ,30,위,Wayback 스냅샷(아마존_K뷰티_침투분석.xlsx),2026-09-30
2022-08-11,플라이휠,Top50 순위,스킨케어|B09627ZW4W,31,위,Wayback 스냅샷(아마존_K뷰티_침투분석.xlsx),2026-09-30
2022-08-11,플라이휠,Top50 순위,스킨케어|B0B7ZQ36WZ,32,위,Wayback 스냅샷(아마존_K뷰티_침투분석.xlsx),2026-09-30
2022-08-11,플라이휠,Top50 순위,스킨케어|B0B4C56R68,33,위,Wayback 스냅샷(아마존_K뷰티_침투분석.xlsx),2026-09-30
2022-08-11,플라이휠,Top50 순위,스킨케어|B0B74F9H4Y,34,위,Wayback 스냅샷(아마존_K뷰티_침투분석.xlsx),2026-09-30
2022-08-11,플라이휠,Top50 순위,스킨케어|B0B7QHVGCT,35,위,Wayback 스냅샷(아마존_K뷰티_침투분석.xlsx),2026-09-30
2022-08-11,플라이휠,Top50 순위,스킨케어|B08P25CZS3,36,위,Wayback 스냅샷(아마존_K뷰티_침투분석.xlsx),2026-09-30
2022-08-11,플라이휠,Top50 순위,스킨케어|B0B72LSXY5,37,위,Wayback 스냅샷(아마존_K뷰티_침투분석.xlsx),2026-09-30
2022-08-11,플라이휠,Top50 순위,스킨케어|B0B7Q89V4G,38,위,Wayback 스냅샷(아마존_K뷰티_침투분석.xlsx),2026-09-30
2022-08-11,플라이휠,Top50 순위,스킨케어|B00PBX3L7K,39,위,Wayback 스냅샷(아마존_K뷰티_침투분석.xlsx),2026-09-30
2022-08-11,플라이휠,Top50 순위,스킨케어|B0B5XMV2P6,40,위,Wayback 스냅샷(아마존_K뷰티_침투분석.xlsx),2026-09-30
2022-08-11,플라이휠,Top50 순위,스킨케어|B077TWXCQV,41,위,Wayback 스냅샷(아마존_K뷰티_침투분석.xlsx),2026-09-30
2022-08-11,플라이휠,Top50 순위,스킨케어|B0B157ZGCY,42,위,Wayback 스냅샷(아마존_K뷰티_침투분석.xlsx),2026-09-30
2022-08-11,플라이휠,Top50 순위,스킨케어|B08YQX3SKH,43,위,Wayback 스냅샷(아마존_K뷰티_침투분석.xlsx),2026-09-30
2022-08-11,플라이휠,Top50 순위,스킨케어|B0B7Q2HXJW,44,위,Wayback 스냅샷(아마존_K뷰티_침투분석.xlsx),2026-09-30
2022-08-11,플라이휠,Top50 순위,스킨케어|B07CYQDDHC,45,위,Wayback 스냅샷(아마존_K뷰티_침투분석.xlsx),2026-09-30
2022-08-11,플라이휠,Top50 순위,스킨케어|B09L3F7JTG,46,위,Wayback 스냅샷(아마존_K뷰티_침투분석.xlsx),2026-09-30
2022-08-11,플라이휠,Top50 순위,스킨케어|B0B7Q9831W,47,위,Wayback 스냅샷(아마존_K뷰티_침투분석.xlsx),2026-09-30
2022-08-11,플라이휠,Top50 순위,스킨케어|B0846G318P,48,위,Wayback 스냅샷(아마존_K뷰티_침투분석.xlsx),2026-09-30
2022-08-11,플라이휠,Top50 순위,스킨케어|B0B53ZJL6G,49,위,Wayback 스냅샷(아마존_K뷰티_침투분석.xlsx),2026-09-30
2022-08-11,플라이휠,Top50 순위,스킨케어|B09XJV9KR4,50,위,Wayback 스냅샷(아마존_K뷰티_침투분석.xlsx),2026-09-30
2022-09-23,플라이휠,Top50 순위,스킨케어|B074PVTPBW,1,위,Wayback 스냅샷(아마존_K뷰티_침투분석.xlsx),2026-09-30
2022-09-23,플라이휠,Top50 순위,스킨케어|B00U2VQZDS,2,위,Wayback 스냅샷(아마존_K뷰티_침투분석.xlsx),2026-09-30
2022-09-23,플라이휠,Top50 순위,스킨케어|B00949CTQQ,3,위,Wayback 스냅샷(아마존_K뷰티_침투분석.xlsx),2026-09-30
2022-09-23,플라이휠,Top50 순위,스킨케어|B081KL2QYJ,4,위,Wayback 스냅샷(아마존_K뷰티_침투분석.xlsx),2026-09-30
2022-09-23,플라이휠,Top50 순위,스킨케어|B00TTD9BRC,5,위,Wayback 스냅샷(아마존_K뷰티_침투분석.xlsx),2026-09-30
2022-09-23,플라이휠,Top50 순위,스킨케어|B079FV6PRH,6,위,Wayback 스냅샷(아마존_K뷰티_침투분석.xlsx),2026-09-30
2022-09-23,플라이휠,Top50 순위,스킨케어|B00MEDOY2G,7,위,Wayback 스냅샷(아마존_K뷰티_침투분석.xlsx),2026-09-30
2022-09-23,플라이휠,Top50 순위,스킨케어|B00F97FHAW,8,위,Wayback 스냅샷(아마존_K뷰티_침투분석.xlsx),2026-09-30
2022-09-23,플라이휠,Top50 순위,스킨케어|B01MSSDEPK,9,위,Wayback 스냅샷(아마존_K뷰티_침투분석.xlsx),2026-09-30
2022-09-23,플라이휠,Top50 순위,스킨케어|B00365DABC,10,위,Wayback 스냅샷(아마존_K뷰티_침투분석.xlsx),2026-09-30
2022-09-23,플라이휠,Top50 순위,스킨케어|B01M4MCUAF,11,위,Wayback 스냅샷(아마존_K뷰티_침투분석.xlsx),2026-09-30
2022-09-23,플라이휠,Top50 순위,스킨케어|B002MSN3QQ,12,위,Wayback 스냅샷(아마존_K뷰티_침투분석.xlsx),2026-09-30
2022-09-23,플라이휠,Top50 순위,스킨케어|B07L1PHSY9,13,위,Wayback 스냅샷(아마존_K뷰티_침투분석.xlsx),2026-09-30
2022-09-23,플라이휠,Top50 순위,스킨케어|B00AREGVUM,14,위,Wayback 스냅샷(아마존_K뷰티_침투분석.xlsx),2026-09-30
2022-09-23,플라이휠,Top50 순위,스킨케어|B07VWSN95S,15,위,Wayback 스냅샷(아마존_K뷰티_침투분석.xlsx),2026-09-30
2022-09-23,플라이휠,Top50 순위,스킨케어|B01N1LL62W,16,위,Wayback 스냅샷(아마존_K뷰티_침투분석.xlsx),2026-09-30
2022-09-23,플라이휠,Top50 순위,스킨케어|B07N93XF4Z,17,위,Wayback 스냅샷(아마존_K뷰티_침투분석.xlsx),2026-09-30
2022-09-23,플라이휠,Top50 순위,스킨케어|B07B4KQVK6,18,위,Wayback 스냅샷(아마존_K뷰티_침투분석.xlsx),2026-09-30
2022-09-23,플라이휠,Top50 순위,스킨케어|B07G1VKCND,19,위,Wayback 스냅샷(아마존_K뷰티_침투분석.xlsx),2026-09-30
2022-09-23,플라이휠,Top50 순위,스킨케어|B00U1YCRD8,20,위,Wayback 스냅샷(아마존_K뷰티_침투분석.xlsx),2026-09-30
2022-09-23,플라이휠,Top50 순위,스킨케어|B00F1U0YB4,21,위,Wayback 스냅샷(아마존_K뷰티_침투분석.xlsx),2026-09-30
2022-09-23,플라이휠,Top50 순위,스킨케어|B002JDUMFO,22,위,Wayback 스냅샷(아마존_K뷰티_침투분석.xlsx),2026-09-30
2022-09-23,플라이휠,Top50 순위,스킨케어|B0054LHI5A,23,위,Wayback 스냅샷(아마존_K뷰티_침투분석.xlsx),2026-09-30
2022-09-23,플라이휠,Top50 순위,스킨케어|B0757Y3MF9,24,위,Wayback 스냅샷(아마존_K뷰티_침투분석.xlsx),2026-09-30
2022-09-23,플라이휠,Top50 순위,스킨케어|B00SNPCSUY,25,위,Wayback 스냅샷(아마존_K뷰티_침투분석.xlsx),2026-09-30
2022-09-23,플라이휠,Top50 순위,스킨케어|B00JJPMXDO,26,위,Wayback 스냅샷(아마존_K뷰티_침투분석.xlsx),2026-09-30
2022-09-23,플라이휠,Top50 순위,스킨케어|B0020VJTDG,27,위,Wayback 스냅샷(아마존_K뷰티_침투분석.xlsx),2026-09-30
2022-09-23,플라이휠,Top50 순위,스킨케어|B0846G318P,28,위,Wayback 스냅샷(아마존_K뷰티_침투분석.xlsx),2026-09-30
2022-09-23,플라이휠,Top50 순위,스킨케어|B00HFG0FAM,29,위,Wayback 스냅샷(아마존_K뷰티_침투분석.xlsx),2026-09-30
2022-09-23,플라이휠,Top50 순위,스킨케어|B007HD570Q,30,위,Wayback 스냅샷(아마존_K뷰티_침투분석.xlsx),2026-09-30
2022-09-23,플라이휠,Top50 순위,스킨케어|B00NR1YQHM,31,위,Wayback 스냅샷(아마존_K뷰티_침투분석.xlsx),2026-09-30
2022-09-23,플라이휠,Top50 순위,스킨케어|B01MG4PSK4,32,위,Wayback 스냅샷(아마존_K뷰티_침투분석.xlsx),2026-09-30
2022-09-23,플라이휠,Top50 순위,스킨케어|B000YJ2SLG,33,위,Wayback 스냅샷(아마존_K뷰티_침투분석.xlsx),2026-09-30
2022-09-23,플라이휠,Top50 순위,스킨케어|B017PCGABI,34,위,Wayback 스냅샷(아마존_K뷰티_침투분석.xlsx),2026-09-30
2022-09-23,플라이휠,Top50 순위,스킨케어|B00NR1YQK4,35,위,Wayback 스냅샷(아마존_K뷰티_침투분석.xlsx),2026-09-30
2022-09-23,플라이휠,Top50 순위,스킨케어|B014SAB948,36,위,Wayback 스냅샷(아마존_K뷰티_침투분석.xlsx),2026-09-30
2022-09-23,플라이휠,Top50 순위,스킨케어|B01N7T7JKJ,37,위,Wayback 스냅샷(아마존_K뷰티_침투분석.xlsx),2026-09-30
2022-09-23,플라이휠,Top50 순위,스킨케어|B07TJG79HP,38,위,Wayback 스냅샷(아마존_K뷰티_침투분석.xlsx),2026-09-30
2022-09-23,플라이휠,Top50 순위,스킨케어|B01N9SPQHQ,39,위,Wayback 스냅샷(아마존_K뷰티_침투분석.xlsx),2026-09-30
2022-09-23,플라이휠,Top50 순위,스킨케어|B00X6ZNWG0,40,위,Wayback 스냅샷(아마존_K뷰티_침투분석.xlsx),2026-09-30
2022-09-23,플라이휠,Top50 순위,스킨케어|B00R1P82UW,41,위,Wayback 스냅샷(아마존_K뷰티_침투분석.xlsx),2026-09-30
2022-09-23,플라이휠,Top50 순위,스킨케어|B075QNC39Q,42,위,Wayback 스냅샷(아마존_K뷰티_침투분석.xlsx),2026-09-30
2022-09-23,플라이휠,Top50 순위,스킨케어|B075X2KL5C,43,위,Wayback 스냅샷(아마존_K뷰티_침투분석.xlsx),2026-09-30
2022-09-23,플라이휠,Top50 순위,스킨케어|B077TWXCQV,44,위,Wayback 스냅샷(아마존_K뷰티_침투분석.xlsx),2026-09-30
2022-09-23,플라이휠,Top50 순위,스킨케어|B07YLJPMC3,45,위,Wayback 스냅샷(아마존_K뷰티_침투분석.xlsx),2026-09-30
2022-09-23,플라이휠,Top50 순위,스킨케어|B07K3261ZD,46,위,Wayback 스냅샷(아마존_K뷰티_침투분석.xlsx),2026-09-30
2022-09-23,플라이휠,Top50 순위,스킨케어|B07PBXXNCY,47,위,Wayback 스냅샷(아마존_K뷰티_침투분석.xlsx),2026-09-30
2022-09-23,플라이휠,Top50 순위,스킨케어|B00DI9IIEK,48,위,Wayback 스냅샷(아마존_K뷰티_침투분석.xlsx),2026-09-30
2022-09-23,플라이휠,Top50 순위,스킨케어|B099MSZX25,49,위,Wayback 스냅샷(아마존_K뷰티_침투분석.xlsx),2026-09-30
2022-09-23,플라이휠,Top50 순위,스킨케어|B004AI97MA,50,위,Wayback 스냅샷(아마존_K뷰티_침투분석.xlsx),2026-09-30
2022-09-30,플라이휠,Top50 순위,스킨케어|B074PVTPBW,1,위,Wayback 스냅샷(아마존_K뷰티_침투분석.xlsx),2026-09-30
2022-09-30,플라이휠,Top50 순위,스킨케어|B00U2VQZDS,2,위,Wayback 스냅샷(아마존_K뷰티_침투분석.xlsx),2026-09-30
2022-09-30,플라이휠,Top50 순위,스킨케어|B00949CTQQ,3,위,Wayback 스냅샷(아마존_K뷰티_침투분석.xlsx),2026-09-30
2022-09-30,플라이휠,Top50 순위,스킨케어|B081KL2QYJ,4,위,Wayback 스냅샷(아마존_K뷰티_침투분석.xlsx),2026-09-30
2022-09-30,플라이휠,Top50 순위,스킨케어|B00TTD9BRC,5,위,Wayback 스냅샷(아마존_K뷰티_침투분석.xlsx),2026-09-30
2022-09-30,플라이휠,Top50 순위,스킨케어|B00261ZYB6,6,위,Wayback 스냅샷(아마존_K뷰티_침투분석.xlsx),2026-09-30
2022-09-30,플라이휠,Top50 순위,스킨케어|B00365DABC,7,위,Wayback 스냅샷(아마존_K뷰티_침투분석.xlsx),2026-09-30
2022-09-30,플라이휠,Top50 순위,스킨케어|B01MSSDEPK,8,위,Wayback 스냅샷(아마존_K뷰티_침투분석.xlsx),2026-09-30
2022-09-30,플라이휠,Top50 순위,스킨케어|B00MEDOY2G,9,위,Wayback 스냅샷(아마존_K뷰티_침투분석.xlsx),2026-09-30
2022-09-30,플라이휠,Top50 순위,스킨케어|B01M4MCUAF,10,위,Wayback 스냅샷(아마존_K뷰티_침투분석.xlsx),2026-09-30
2022-09-30,플라이휠,Top50 순위,스킨케어|B07N93XF4Z,11,위,Wayback 스냅샷(아마존_K뷰티_침투분석.xlsx),2026-09-30
2022-09-30,플라이휠,Top50 순위,스킨케어|B00F97FHAW,12,위,Wayback 스냅샷(아마존_K뷰티_침투분석.xlsx),2026-09-30
2022-09-30,플라이휠,Top50 순위,스킨케어|B002MSN3QQ,13,위,Wayback 스냅샷(아마존_K뷰티_침투분석.xlsx),2026-09-30
2022-09-30,플라이휠,Top50 순위,스킨케어|B00AREGVUM,14,위,Wayback 스냅샷(아마존_K뷰티_침투분석.xlsx),2026-09-30
2022-09-30,플라이휠,Top50 순위,스킨케어|B07L1PHSY9,15,위,Wayback 스냅샷(아마존_K뷰티_침투분석.xlsx),2026-09-30
2022-09-30,플라이휠,Top50 순위,스킨케어|B0757Y44SK,16,위,Wayback 스냅샷(아마존_K뷰티_침투분석.xlsx),2026-09-30
2022-09-30,플라이휠,Top50 순위,스킨케어|B01N1LL62W,17,위,Wayback 스냅샷(아마존_K뷰티_침투분석.xlsx),2026-09-30
2022-09-30,플라이휠,Top50 순위,스킨케어|B07G1VKCND,18,위,Wayback 스냅샷(아마존_K뷰티_침투분석.xlsx),2026-09-30
2022-09-30,플라이휠,Top50 순위,스킨케어|B00U1YCRD8,19,위,Wayback 스냅샷(아마존_K뷰티_침투분석.xlsx),2026-09-30
2022-09-30,플라이휠,Top50 순위,스킨케어|B07B4KQVK6,20,위,Wayback 스냅샷(아마존_K뷰티_침투분석.xlsx),2026-09-30
2022-09-30,플라이휠,Top50 순위,스킨케어|B00JJPMXDO,21,위,Wayback 스냅샷(아마존_K뷰티_침투분석.xlsx),2026-09-30
2022-09-30,플라이휠,Top50 순위,스킨케어|B00F1U0YB4,22,위,Wayback 스냅샷(아마존_K뷰티_침투분석.xlsx),2026-09-30
2022-09-30,플라이휠,Top50 순위,스킨케어|B00NR1YQHM,23,위,Wayback 스냅샷(아마존_K뷰티_침투분석.xlsx),2026-09-30
2022-09-30,플라이휠,Top50 순위,스킨케어|B007HD570Q,24,위,Wayback 스냅샷(아마존_K뷰티_침투분석.xlsx),2026-09-30
2022-09-30,플라이휠,Top50 순위,스킨케어|B07VWSN95S,25,위,Wayback 스냅샷(아마존_K뷰티_침투분석.xlsx),2026-09-30
2022-09-30,플라이휠,Top50 순위,스킨케어|B0020VJTDG,26,위,Wayback 스냅샷(아마존_K뷰티_침투분석.xlsx),2026-09-30
2022-09-30,플라이휠,Top50 순위,스킨케어|B01MG4PSK4,27,위,Wayback 스냅샷(아마존_K뷰티_침투분석.xlsx),2026-09-30
2022-09-30,플라이휠,Top50 순위,스킨케어|B000YJ2SLG,28,위,Wayback 스냅샷(아마존_K뷰티_침투분석.xlsx),2026-09-30
2022-09-30,플라이휠,Top50 순위,스킨케어|B079FV6PRH,29,위,Wayback 스냅샷(아마존_K뷰티_침투분석.xlsx),2026-09-30
2022-09-30,플라이휠,Top50 순위,스킨케어|B0054LHI5A,30,위,Wayback 스냅샷(아마존_K뷰티_침투분석.xlsx),2026-09-30
2022-09-30,플라이휠,Top50 순위,스킨케어|B01N7T7JKJ,31,위,Wayback 스냅샷(아마존_K뷰티_침투분석.xlsx),2026-09-30
2022-09-30,플라이휠,Top50 순위,스킨케어|B002JDUMFO,32,위,Wayback 스냅샷(아마존_K뷰티_침투분석.xlsx),2026-09-30
2022-09-30,플라이휠,Top50 순위,스킨케어|B00HFG0FAM,33,위,Wayback 스냅샷(아마존_K뷰티_침투분석.xlsx),2026-09-30
2022-09-30,플라이휠,Top50 순위,스킨케어|B01N9SPQHQ,34,위,Wayback 스냅샷(아마존_K뷰티_침투분석.xlsx),2026-09-30
2022-09-30,플라이휠,Top50 순위,스킨케어|B0846G318P,35,위,Wayback 스냅샷(아마존_K뷰티_침투분석.xlsx),2026-09-30
2022-09-30,플라이휠,Top50 순위,스킨케어|B00NR1YQK4,36,위,Wayback 스냅샷(아마존_K뷰티_침투분석.xlsx),2026-09-30
2022-09-30,플라이휠,Top50 순위,스킨케어|B014SAB948,37,위,Wayback 스냅샷(아마존_K뷰티_침투분석.xlsx),2026-09-30
2022-09-30,플라이휠,Top50 순위,스킨케어|B017PCGABI,38,위,Wayback 스냅샷(아마존_K뷰티_침투분석.xlsx),2026-09-30
2022-09-30,플라이휠,Top50 순위,스킨케어|B00X6ZNWG0,39,위,Wayback 스냅샷(아마존_K뷰티_침투분석.xlsx),2026-09-30
2022-09-30,플라이휠,Top50 순위,스킨케어|B07YLJPMC3,40,위,Wayback 스냅샷(아마존_K뷰티_침투분석.xlsx),2026-09-30
2022-09-30,플라이휠,Top50 순위,스킨케어|B075QNC39Q,41,위,Wayback 스냅샷(아마존_K뷰티_침투분석.xlsx),2026-09-30
2022-09-30,플라이휠,Top50 순위,스킨케어|B00R1P82UW,42,위,Wayback 스냅샷(아마존_K뷰티_침투분석.xlsx),2026-09-30
2022-09-30,플라이휠,Top50 순위,스킨케어|B07PBXXNCY,43,위,Wayback 스냅샷(아마존_K뷰티_침투분석.xlsx),2026-09-30
2022-09-30,플라이휠,Top50 순위,스킨케어|B00DI9IIEK,44,위,Wayback 스냅샷(아마존_K뷰티_침투분석.xlsx),2026-09-30
2022-09-30,플라이휠,Top50 순위,스킨케어|B09HH95J2Z,45,위,Wayback 스냅샷(아마존_K뷰티_침투분석.xlsx),2026-09-30
2022-09-30,플라이휠,Top50 순위,스킨케어|B07K3261ZD,46,위,Wayback 스냅샷(아마존_K뷰티_침투분석.xlsx),2026-09-30
2022-09-30,플라이휠,Top50 순위,스킨케어|B00J5KDCO2,47,위,Wayback 스냅샷(아마존_K뷰티_침투분석.xlsx),2026-09-30
2022-09-30,플라이휠,Top50 순위,스킨케어|B08P25CZS3,48,위,Wayback 스냅샷(아마존_K뷰티_침투분석.xlsx),2026-09-30
2022-09-30,플라이휠,Top50 순위,스킨케어|B000NWGCZ2,49,위,Wayback 스냅샷(아마존_K뷰티_침투분석.xlsx),2026-09-30
2022-09-30,플라이휠,Top50 순위,스킨케어|B075X2KL5C,50,위,Wayback 스냅샷(아마존_K뷰티_침투분석.xlsx),2026-09-30
2022-10-14,플라이휠,Top50 순위,스킨케어|B07XXPHQZK,1,위,Wayback 스냅샷(아마존_K뷰티_침투분석.xlsx),2026-09-30
2022-10-14,플라이휠,Top50 순위,스킨케어|B07DY2QRF6,2,위,Wayback 스냅샷(아마존_K뷰티_침투분석.xlsx),2026-09-30
2022-10-14,플라이휠,Top50 순위,스킨케어|B074PVTPBW,3,위,Wayback 스냅샷(아마존_K뷰티_침투분석.xlsx),2026-09-30
2022-10-14,플라이휠,Top50 순위,스킨케어|B00949CTQQ,4,위,Wayback 스냅샷(아마존_K뷰티_침투분석.xlsx),2026-09-30
2022-10-14,플라이휠,Top50 순위,스킨케어|B00U2VQZDS,5,위,Wayback 스냅샷(아마존_K뷰티_침투분석.xlsx),2026-09-30
2022-10-14,플라이휠,Top50 순위,스킨케어|B00TTD9BRC,6,위,Wayback 스냅샷(아마존_K뷰티_침투분석.xlsx),2026-09-30
2022-10-14,플라이휠,Top50 순위,스킨케어|B081KL2QYJ,7,위,Wayback 스냅샷(아마존_K뷰티_침투분석.xlsx),2026-09-30
2022-10-14,플라이휠,Top50 순위,스킨케어|B07B4KQVK6,8,위,Wayback 스냅샷(아마존_K뷰티_침투분석.xlsx),2026-09-30
2022-10-14,플라이휠,Top50 순위,스킨케어|B01MSSDEPK,9,위,Wayback 스냅샷(아마존_K뷰티_침투분석.xlsx),2026-09-30
2022-10-14,플라이휠,Top50 순위,스킨케어|B07L1PHSY9,10,위,Wayback 스냅샷(아마존_K뷰티_침투분석.xlsx),2026-09-30
2022-10-14,플라이휠,Top50 순위,스킨케어|B00MEDOY2G,11,위,Wayback 스냅샷(아마존_K뷰티_침투분석.xlsx),2026-09-30
2022-10-14,플라이휠,Top50 순위,스킨케어|B014SAB948,12,위,Wayback 스냅샷(아마존_K뷰티_침투분석.xlsx),2026-09-30
2022-10-14,플라이휠,Top50 순위,스킨케어|B00PBX3L7K,13,위,Wayback 스냅샷(아마존_K뷰티_침투분석.xlsx),2026-09-30
2022-10-14,플라이휠,Top50 순위,스킨케어|B0757Y44SK,14,위,Wayback 스냅샷(아마존_K뷰티_침투분석.xlsx),2026-09-30
2022-10-14,플라이휠,Top50 순위,스킨케어|B00AREGVUM,15,위,Wayback 스냅샷(아마존_K뷰티_침투분석.xlsx),2026-09-30
2022-10-14,플라이휠,Top50 순위,스킨케어|B01M4MCUAF,16,위,Wayback 스냅샷(아마존_K뷰티_침투분석.xlsx),2026-09-30
2022-10-14,플라이휠,Top50 순위,스킨케어|B07RK4HST7,17,위,Wayback 스냅샷(아마존_K뷰티_침투분석.xlsx),2026-09-30
2022-10-14,플라이휠,Top50 순위,스킨케어|B002MSN3QQ,18,위,Wayback 스냅샷(아마존_K뷰티_침투분석.xlsx),2026-09-30
2022-10-14,플라이휠,Top50 순위,스킨케어|B00U1YCRD8,19,위,Wayback 스냅샷(아마존_K뷰티_침투분석.xlsx),2026-09-30
2022-10-14,플라이휠,Top50 순위,스킨케어|B00F97FHAW,20,위,Wayback 스냅샷(아마존_K뷰티_침투분석.xlsx),2026-09-30
2022-10-14,플라이휠,Top50 순위,스킨케어|B07G1VKCND,21,위,Wayback 스냅샷(아마존_K뷰티_침투분석.xlsx),2026-09-30
2022-10-14,플라이휠,Top50 순위,스킨케어|B08KKK8D8J,22,위,Wayback 스냅샷(아마존_K뷰티_침투분석.xlsx),2026-09-30
2022-10-14,플라이휠,Top50 순위,스킨케어|B08DG3C22G,23,위,Wayback 스냅샷(아마존_K뷰티_침투분석.xlsx),2026-09-30
2022-10-14,플라이휠,Top50 순위,스킨케어|B00F1U0YB4,24,위,Wayback 스냅샷(아마존_K뷰티_침투분석.xlsx),2026-09-30
2022-10-14,플라이휠,Top50 순위,스킨케어|B0020VJTDG,25,위,Wayback 스냅샷(아마존_K뷰티_침투분석.xlsx),2026-09-30
2022-10-14,플라이휠,Top50 순위,스킨케어|B07XG6BKCV,26,위,Wayback 스냅샷(아마존_K뷰티_침투분석.xlsx),2026-09-30
2022-10-14,플라이휠,Top50 순위,스킨케어|B01N004WAJ,27,위,Wayback 스냅샷(아마존_K뷰티_침투분석.xlsx),2026-09-30
2022-10-14,플라이휠,Top50 순위,스킨케어|B085P3TYPS,28,위,Wayback 스냅샷(아마존_K뷰티_침투분석.xlsx),2026-09-30
2022-10-14,플라이휠,Top50 순위,스킨케어|B0054LHI5A,29,위,Wayback 스냅샷(아마존_K뷰티_침투분석.xlsx),2026-09-30
2022-10-14,플라이휠,Top50 순위,스킨케어|B00JJPMXDO,30,위,Wayback 스냅샷(아마존_K뷰티_침투분석.xlsx),2026-09-30
2022-10-14,플라이휠,Top50 순위,스킨케어|B007HD570Q,31,위,Wayback 스냅샷(아마존_K뷰티_침투분석.xlsx),2026-09-30
2022-10-14,플라이휠,Top50 순위,스킨케어|B08P25CZS3,32,위,Wayback 스냅샷(아마존_K뷰티_침투분석.xlsx),2026-09-30
2022-10-14,플라이휠,Top50 순위,스킨케어|B01N1LL62W,33,위,Wayback 스냅샷(아마존_K뷰티_침투분석.xlsx),2026-09-30
2022-10-14,플라이휠,Top50 순위,스킨케어|B00NR1YQHM,34,위,Wayback 스냅샷(아마존_K뷰티_침투분석.xlsx),2026-09-30
2022-10-14,플라이휠,Top50 순위,스킨케어|B07N93XF4Z,35,위,Wayback 스냅샷(아마존_K뷰티_침투분석.xlsx),2026-09-30
2022-10-14,플라이휠,Top50 순위,스킨케어|B079FV6PRH,36,위,Wayback 스냅샷(아마존_K뷰티_침투분석.xlsx),2026-09-30
2022-10-14,플라이휠,Top50 순위,스킨케어|B002JDUMFO,37,위,Wayback 스냅샷(아마존_K뷰티_침투분석.xlsx),2026-09-30
2022-10-14,플라이휠,Top50 순위,스킨케어|B07TJG79HP,38,위,Wayback 스냅샷(아마존_K뷰티_침투분석.xlsx),2026-09-30
2022-10-14,플라이휠,Top50 순위,스킨케어|B0017SWIU4,39,위,Wayback 스냅샷(아마존_K뷰티_침투분석.xlsx),2026-09-30
2022-10-14,플라이휠,Top50 순위,스킨케어|B099MSZX25,40,위,Wayback 스냅샷(아마존_K뷰티_침투분석.xlsx),2026-09-30
2022-10-14,플라이휠,Top50 순위,스킨케어|B01LEJ5MSK,41,위,Wayback 스냅샷(아마존_K뷰티_침투분석.xlsx),2026-09-30
2022-10-14,플라이휠,Top50 순위,스킨케어|B00X6ZNWG0,42,위,Wayback 스냅샷(아마존_K뷰티_침투분석.xlsx),2026-09-30
2022-10-14,플라이휠,Top50 순위,스킨케어|B00CFHYYIA,43,위,Wayback 스냅샷(아마존_K뷰티_침투분석.xlsx),2026-09-30
2022-10-14,플라이휠,Top50 순위,스킨케어|B0846G318P,44,위,Wayback 스냅샷(아마존_K뷰티_침투분석.xlsx),2026-09-30
2022-10-14,플라이휠,Top50 순위,스킨케어|B075QNC39Q,45,위,Wayback 스냅샷(아마존_K뷰티_침투분석.xlsx),2026-09-30
2022-10-14,플라이휠,Top50 순위,스킨케어|B07PBXXNCY,46,위,Wayback 스냅샷(아마존_K뷰티_침투분석.xlsx),2026-09-30
2022-10-14,플라이휠,Top50 순위,스킨케어|B00365DABC,47,위,Wayback 스냅샷(아마존_K뷰티_침투분석.xlsx),2026-09-30
2022-10-14,플라이휠,Top50 순위,스킨케어|B01N7T7JKJ,48,위,Wayback 스냅샷(아마존_K뷰티_침투분석.xlsx),2026-09-30
2022-10-14,플라이휠,Top50 순위,스킨케어|B01N9SPQHQ,49,위,Wayback 스냅샷(아마존_K뷰티_침투분석.xlsx),2026-09-30
2022-10-14,플라이휠,Top50 순위,스킨케어|B09HN8JBFP,50,위,Wayback 스냅샷(아마존_K뷰티_침투분석.xlsx),2026-09-30
2022-10-22,플라이휠,Top50 순위,스킨케어|B074PVTPBW,1,위,Wayback 스냅샷(아마존_K뷰티_침투분석.xlsx),2026-09-30
2022-10-22,플라이휠,Top50 순위,스킨케어|B00U2VQZDS,2,위,Wayback 스냅샷(아마존_K뷰티_침투분석.xlsx),2026-09-30
2022-10-22,플라이휠,Top50 순위,스킨케어|B00TTD9BRC,3,위,Wayback 스냅샷(아마존_K뷰티_침투분석.xlsx),2026-09-30
2022-10-22,플라이휠,Top50 순위,스킨케어|B00949CTQQ,4,위,Wayback 스냅샷(아마존_K뷰티_침투분석.xlsx),2026-09-30
2022-10-22,플라이휠,Top50 순위,스킨케어|B081KL2QYJ,5,위,Wayback 스냅샷(아마존_K뷰티_침투분석.xlsx),2026-09-30
2022-10-22,플라이휠,Top50 순위,스킨케어|B07XXPHQZK,6,위,Wayback 스냅샷(아마존_K뷰티_침투분석.xlsx),2026-09-30
2022-10-22,플라이휠,Top50 순위,스킨케어|B07L1PHSY9,7,위,Wayback 스냅샷(아마존_K뷰티_침투분석.xlsx),2026-09-30
2022-10-22,플라이휠,Top50 순위,스킨케어|B01MSSDEPK,8,위,Wayback 스냅샷(아마존_K뷰티_침투분석.xlsx),2026-09-30
2022-10-22,플라이휠,Top50 순위,스킨케어|B00MEDOY2G,9,위,Wayback 스냅샷(아마존_K뷰티_침투분석.xlsx),2026-09-30
2022-10-22,플라이휠,Top50 순위,스킨케어|B0054LHI5A,10,위,Wayback 스냅샷(아마존_K뷰티_침투분석.xlsx),2026-09-30
2022-10-22,플라이휠,Top50 순위,스킨케어|B0020VJTDG,11,위,Wayback 스냅샷(아마존_K뷰티_침투분석.xlsx),2026-09-30
2022-10-22,플라이휠,Top50 순위,스킨케어|B07RK4HST7,12,위,Wayback 스냅샷(아마존_K뷰티_침투분석.xlsx),2026-09-30
2022-10-22,플라이휠,Top50 순위,스킨케어|B0757Y44SK,13,위,Wayback 스냅샷(아마존_K뷰티_침투분석.xlsx),2026-09-30
2022-10-22,플라이휠,Top50 순위,스킨케어|B01M4MCUAF,14,위,Wayback 스냅샷(아마존_K뷰티_침투분석.xlsx),2026-09-30
2022-10-22,플라이휠,Top50 순위,스킨케어|B002MSN3QQ,15,위,Wayback 스냅샷(아마존_K뷰티_침투분석.xlsx),2026-09-30
2022-10-22,플라이휠,Top50 순위,스킨케어|B00AREGVUM,16,위,Wayback 스냅샷(아마존_K뷰티_침투분석.xlsx),2026-09-30
2022-10-22,플라이휠,Top50 순위,스킨케어|B00F97FHAW,17,위,Wayback 스냅샷(아마존_K뷰티_침투분석.xlsx),2026-09-30
2022-10-22,플라이휠,Top50 순위,스킨케어|B07B4KQVK6,18,위,Wayback 스냅샷(아마존_K뷰티_침투분석.xlsx),2026-09-30
2022-10-22,플라이휠,Top50 순위,스킨케어|B00U1YCRD8,19,위,Wayback 스냅샷(아마존_K뷰티_침투분석.xlsx),2026-09-30
2022-10-22,플라이휠,Top50 순위,스킨케어|B01N1LL62W,20,위,Wayback 스냅샷(아마존_K뷰티_침투분석.xlsx),2026-09-30
2022-10-22,플라이휠,Top50 순위,스킨케어|B07G1VKCND,21,위,Wayback 스냅샷(아마존_K뷰티_침투분석.xlsx),2026-09-30
2022-10-22,플라이휠,Top50 순위,스킨케어|B002JDUMFO,22,위,Wayback 스냅샷(아마존_K뷰티_침투분석.xlsx),2026-09-30
2022-10-22,플라이휠,Top50 순위,스킨케어|B00NR1YQHM,23,위,Wayback 스냅샷(아마존_K뷰티_침투분석.xlsx),2026-09-30
2022-10-22,플라이휠,Top50 순위,스킨케어|B0BFC6M1Z1,24,위,Wayback 스냅샷(아마존_K뷰티_침투분석.xlsx),2026-09-30
2022-10-22,플라이휠,Top50 순위,스킨케어|B00365DABC,25,위,Wayback 스냅샷(아마존_K뷰티_침투분석.xlsx),2026-09-30
2022-10-22,플라이휠,Top50 순위,스킨케어|B007HD570Q,26,위,Wayback 스냅샷(아마존_K뷰티_침투분석.xlsx),2026-09-30
2022-10-22,플라이휠,Top50 순위,스킨케어|B00JJPMXDO,27,위,Wayback 스냅샷(아마존_K뷰티_침투분석.xlsx),2026-09-30
2022-10-22,플라이휠,Top50 순위,스킨케어|B07PBXXNCY,28,위,Wayback 스냅샷(아마존_K뷰티_침투분석.xlsx),2026-09-30
2022-10-22,플라이휠,Top50 순위,스킨케어|B004FHZKOA,29,위,Wayback 스냅샷(아마존_K뷰티_침투분석.xlsx),2026-09-30
2022-10-22,플라이휠,Top50 순위,스킨케어|B08P25CZS3,30,위,Wayback 스냅샷(아마존_K뷰티_침투분석.xlsx),2026-09-30
2022-10-22,플라이휠,Top50 순위,스킨케어|B01N9SPQHQ,31,위,Wayback 스냅샷(아마존_K뷰티_침투분석.xlsx),2026-09-30
2022-10-22,플라이휠,Top50 순위,스킨케어|B075QNC39Q,32,위,Wayback 스냅샷(아마존_K뷰티_침투분석.xlsx),2026-09-30
2022-10-22,플라이휠,Top50 순위,스킨케어|B00NR1YQK4,33,위,Wayback 스냅샷(아마존_K뷰티_침투분석.xlsx),2026-09-30
2022-10-22,플라이휠,Top50 순위,스킨케어|B017PCGABI,34,위,Wayback 스냅샷(아마존_K뷰티_침투분석.xlsx),2026-09-30
2022-10-22,플라이휠,Top50 순위,스킨케어|B07DY2QRF6,35,위,Wayback 스냅샷(아마존_K뷰티_침투분석.xlsx),2026-09-30
2022-10-22,플라이휠,Top50 순위,스킨케어|B00NU9MJYS,36,위,Wayback 스냅샷(아마존_K뷰티_침투분석.xlsx),2026-09-30
2022-10-22,플라이휠,Top50 순위,스킨케어|B00X6ZNWG0,37,위,Wayback 스냅샷(아마존_K뷰티_침투분석.xlsx),2026-09-30
2022-10-22,플라이휠,Top50 순위,스킨케어|B000NWGCZ2,38,위,Wayback 스냅샷(아마존_K뷰티_침투분석.xlsx),2026-09-30
2022-10-22,플라이휠,Top50 순위,스킨케어|B004AI97MA,39,위,Wayback 스냅샷(아마존_K뷰티_침투분석.xlsx),2026-09-30
2022-10-22,플라이휠,Top50 순위,스킨케어|B0846G318P,40,위,Wayback 스냅샷(아마존_K뷰티_침투분석.xlsx),2026-09-30
2022-10-22,플라이휠,Top50 순위,스킨케어|B079FV6PRH,41,위,Wayback 스냅샷(아마존_K뷰티_침투분석.xlsx),2026-09-30
2022-10-22,플라이휠,Top50 순위,스킨케어|B001459IEE,42,위,Wayback 스냅샷(아마존_K뷰티_침투분석.xlsx),2026-09-30
2022-10-22,플라이휠,Top50 순위,스킨케어|B099MSZX25,43,위,Wayback 스냅샷(아마존_K뷰티_침투분석.xlsx),2026-09-30
2022-10-22,플라이휠,Top50 순위,스킨케어|B00R1P82UW,44,위,Wayback 스냅샷(아마존_K뷰티_침투분석.xlsx),2026-09-30
2022-10-22,플라이휠,Top50 순위,스킨케어|B01N7T7JKJ,45,위,Wayback 스냅샷(아마존_K뷰티_침투분석.xlsx),2026-09-30
2022-10-22,플라이휠,Top50 순위,스킨케어|B00A8S6HM4,46,위,Wayback 스냅샷(아마존_K뷰티_침투분석.xlsx),2026-09-30
2022-10-22,플라이휠,Top50 순위,스킨케어|B077TWXCQV,47,위,Wayback 스냅샷(아마존_K뷰티_침투분석.xlsx),2026-09-30
2022-10-22,플라이휠,Top50 순위,스킨케어|B00SK71SAG,48,위,Wayback 스냅샷(아마존_K뷰티_침투분석.xlsx),2026-09-30
2022-10-22,플라이휠,Top50 순위,스킨케어|B0044B4HSM,49,위,Wayback 스냅샷(아마존_K뷰티_침투분석.xlsx),2026-09-30
2022-10-22,플라이휠,Top50 순위,스킨케어|B09HHBZX91,50,위,Wayback 스냅샷(아마존_K뷰티_침투분석.xlsx),2026-09-30
2022-12-03,플라이휠,Top50 순위,스킨케어|B074PVTPBW,1,위,Wayback 스냅샷(아마존_K뷰티_침투분석.xlsx),2026-09-30
2022-12-03,플라이휠,Top50 순위,스킨케어|B07GVPQXRF,2,위,Wayback 스냅샷(아마존_K뷰티_침투분석.xlsx),2026-09-30
2022-12-03,플라이휠,Top50 순위,스킨케어|B00TTD9BRC,3,위,Wayback 스냅샷(아마존_K뷰티_침투분석.xlsx),2026-09-30
2022-12-03,플라이휠,Top50 순위,스킨케어|B07XXPHQZK,4,위,Wayback 스냅샷(아마존_K뷰티_침투분석.xlsx),2026-09-30
2022-12-03,플라이휠,Top50 순위,스킨케어|B00U2VQZDS,5,위,Wayback 스냅샷(아마존_K뷰티_침투분석.xlsx),2026-09-30
2022-12-03,플라이휠,Top50 순위,스킨케어|B0054LHI5A,6,위,Wayback 스냅샷(아마존_K뷰티_침투분석.xlsx),2026-09-30
2022-12-03,플라이휠,Top50 순위,스킨케어|B004EDWMBO,7,위,Wayback 스냅샷(아마존_K뷰티_침투분석.xlsx),2026-09-30
2022-12-03,플라이휠,Top50 순위,스킨케어|B09ZVN2RX3,8,위,Wayback 스냅샷(아마존_K뷰티_침투분석.xlsx),2026-09-30
2022-12-03,플라이휠,Top50 순위,스킨케어|B077XC7K7V,9,위,Wayback 스냅샷(아마존_K뷰티_침투분석.xlsx),2026-09-30
2022-12-03,플라이휠,Top50 순위,스킨케어|B00949CTQQ,10,위,Wayback 스냅샷(아마존_K뷰티_침투분석.xlsx),2026-09-30
2022-12-03,플라이휠,Top50 순위,스킨케어|B000YJ2SLG,11,위,Wayback 스냅샷(아마존_K뷰티_침투분석.xlsx),2026-09-30
2022-12-03,플라이휠,Top50 순위,스킨케어|B081KL2QYJ,12,위,Wayback 스냅샷(아마존_K뷰티_침투분석.xlsx),2026-09-30
2022-12-03,플라이휠,Top50 순위,스킨케어|B079FV6PRH,13,위,Wayback 스냅샷(아마존_K뷰티_침투분석.xlsx),2026-09-30
2022-12-03,플라이휠,Top50 순위,스킨케어|B00AREGVUM,14,위,Wayback 스냅샷(아마존_K뷰티_침투분석.xlsx),2026-09-30
2022-12-03,플라이휠,Top50 순위,스킨케어|B08LM864R5,15,위,Wayback 스냅샷(아마존_K뷰티_침투분석.xlsx),2026-09-30
2022-12-03,플라이휠,Top50 순위,스킨케어|B01MSSDEPK,16,위,Wayback 스냅샷(아마존_K뷰티_침투분석.xlsx),2026-09-30
2022-12-03,플라이휠,Top50 순위,스킨케어|B01M4MCUAF,17,위,Wayback 스냅샷(아마존_K뷰티_침투분석.xlsx),2026-09-30
2022-12-03,플라이휠,Top50 순위,스킨케어|B004EDYQX6,18,위,Wayback 스냅샷(아마존_K뷰티_침투분석.xlsx),2026-09-30
2022-12-03,플라이휠,Top50 순위,스킨케어|B014SAB948,19,위,Wayback 스냅샷(아마존_K뷰티_침투분석.xlsx),2026-09-30
2022-12-03,플라이휠,Top50 순위,스킨케어|B076PMWTNM,20,위,Wayback 스냅샷(아마존_K뷰티_침투분석.xlsx),2026-09-30
2022-12-03,플라이휠,Top50 순위,스킨케어|B07L1PHSY9,21,위,Wayback 스냅샷(아마존_K뷰티_침투분석.xlsx),2026-09-30
2022-12-03,플라이휠,Top50 순위,스킨케어|B07N93XF4Z,22,위,Wayback 스냅샷(아마존_K뷰티_침투분석.xlsx),2026-09-30
2022-12-03,플라이휠,Top50 순위,스킨케어|B01MRH7MR4,23,위,Wayback 스냅샷(아마존_K뷰티_침투분석.xlsx),2026-09-30
2022-12-03,플라이휠,Top50 순위,스킨케어|B07B4KQVK6,24,위,Wayback 스냅샷(아마존_K뷰티_침투분석.xlsx),2026-09-30
2022-12-03,플라이휠,Top50 순위,스킨케어|B01EXQ582Q,25,위,Wayback 스냅샷(아마존_K뷰티_침투분석.xlsx),2026-09-30
2022-12-03,플라이휠,Top50 순위,스킨케어|B00A8S6HM4,26,위,Wayback 스냅샷(아마존_K뷰티_침투분석.xlsx),2026-09-30
2022-12-03,플라이휠,Top50 순위,스킨케어|B0044B4HSM,27,위,Wayback 스냅샷(아마존_K뷰티_침투분석.xlsx),2026-09-30
2022-12-03,플라이휠,Top50 순위,스킨케어|B00JJPMXDO,28,위,Wayback 스냅샷(아마존_K뷰티_침투분석.xlsx),2026-09-30
2022-12-03,플라이휠,Top50 순위,스킨케어|B002MSN3QQ,29,위,Wayback 스냅샷(아마존_K뷰티_침투분석.xlsx),2026-09-30
2022-12-03,플라이휠,Top50 순위,스킨케어|B00NR1YQHM,30,위,Wayback 스냅샷(아마존_K뷰티_침투분석.xlsx),2026-09-30
2022-12-03,플라이휠,Top50 순위,스킨케어|B08DG3C22G,31,위,Wayback 스냅샷(아마존_K뷰티_침투분석.xlsx),2026-09-30
2022-12-03,플라이휠,Top50 순위,스킨케어|B00U1YCRD8,32,위,Wayback 스냅샷(아마존_K뷰티_침투분석.xlsx),2026-09-30
2022-12-03,플라이휠,Top50 순위,스킨케어|B00BDPG3HK,33,위,Wayback 스냅샷(아마존_K뷰티_침투분석.xlsx),2026-09-30
2022-12-03,플라이휠,Top50 순위,스킨케어|B00X6ZNWG0,34,위,Wayback 스냅샷(아마존_K뷰티_침투분석.xlsx),2026-09-30
2022-12-03,플라이휠,Top50 순위,스킨케어|B01N1LL62W,35,위,Wayback 스냅샷(아마존_K뷰티_침투분석.xlsx),2026-09-30
2022-12-03,플라이휠,Top50 순위,스킨케어|B00F97FHAW,36,위,Wayback 스냅샷(아마존_K뷰티_침투분석.xlsx),2026-09-30
2022-12-03,플라이휠,Top50 순위,스킨케어|B07DY2QRF6,37,위,Wayback 스냅샷(아마존_K뷰티_침투분석.xlsx),2026-09-30
2022-12-03,플라이휠,Top50 순위,스킨케어|B07P5TMHD9,38,위,Wayback 스냅샷(아마존_K뷰티_침투분석.xlsx),2026-09-30
2022-12-03,플라이휠,Top50 순위,스킨케어|B07C3NBJ33,39,위,Wayback 스냅샷(아마존_K뷰티_침투분석.xlsx),2026-09-30
2022-12-03,플라이휠,Top50 순위,스킨케어|B07JYLWSGH,40,위,Wayback 스냅샷(아마존_K뷰티_침투분석.xlsx),2026-09-30
2022-12-03,플라이휠,Top50 순위,스킨케어|B007HD570Q,41,위,Wayback 스냅샷(아마존_K뷰티_침투분석.xlsx),2026-09-30
2022-12-03,플라이휠,Top50 순위,스킨케어|B002JDUMFO,42,위,Wayback 스냅샷(아마존_K뷰티_침투분석.xlsx),2026-09-30
2022-12-03,플라이휠,Top50 순위,스킨케어|B00SK71SAG,43,위,Wayback 스냅샷(아마존_K뷰티_침투분석.xlsx),2026-09-30
2022-12-03,플라이휠,Top50 순위,스킨케어|B00MEDOY2G,44,위,Wayback 스냅샷(아마존_K뷰티_침투분석.xlsx),2026-09-30
2022-12-03,플라이휠,Top50 순위,스킨케어|B099MSZX25,45,위,Wayback 스냅샷(아마존_K뷰티_침투분석.xlsx),2026-09-30
2022-12-03,플라이휠,Top50 순위,스킨케어|B00F1U0YB4,46,위,Wayback 스냅샷(아마존_K뷰티_침투분석.xlsx),2026-09-30
2022-12-03,플라이휠,Top50 순위,스킨케어|B0836GSR23,47,위,Wayback 스냅샷(아마존_K뷰티_침투분석.xlsx),2026-09-30
2022-12-03,플라이휠,Top50 순위,스킨케어|B000OYJ9AO,48,위,Wayback 스냅샷(아마존_K뷰티_침투분석.xlsx),2026-09-30
2022-12-03,플라이휠,Top50 순위,스킨케어|B086K2KMNR,49,위,Wayback 스냅샷(아마존_K뷰티_침투분석.xlsx),2026-09-30
2022-12-03,플라이휠,Top50 순위,스킨케어|B07G1VKCND,50,위,Wayback 스냅샷(아마존_K뷰티_침투분석.xlsx),2026-09-30
2022-12-11,플라이휠,Top50 순위,스킨케어|B07R3GPFH5,1,위,Wayback 스냅샷(아마존_K뷰티_침투분석.xlsx),2026-09-30
2022-12-11,플라이휠,Top50 순위,스킨케어|B074PVTPBW,2,위,Wayback 스냅샷(아마존_K뷰티_침투분석.xlsx),2026-09-30
2022-12-11,플라이휠,Top50 순위,스킨케어|B0054LHI5A,3,위,Wayback 스냅샷(아마존_K뷰티_침투분석.xlsx),2026-09-30
2022-12-11,플라이휠,Top50 순위,스킨케어|B07XXPHQZK,4,위,Wayback 스냅샷(아마존_K뷰티_침투분석.xlsx),2026-09-30
2022-12-11,플라이휠,Top50 순위,스킨케어|B004EDWMBO,5,위,Wayback 스냅샷(아마존_K뷰티_침투분석.xlsx),2026-09-30
2022-12-11,플라이휠,Top50 순위,스킨케어|B01MRH7MR4,6,위,Wayback 스냅샷(아마존_K뷰티_침투분석.xlsx),2026-09-30
2022-12-11,플라이휠,Top50 순위,스킨케어|B00U2VQZDS,7,위,Wayback 스냅샷(아마존_K뷰티_침투분석.xlsx),2026-09-30
2022-12-11,플라이휠,Top50 순위,스킨케어|B07VQ96G8F,8,위,Wayback 스냅샷(아마존_K뷰티_침투분석.xlsx),2026-09-30
2022-12-11,플라이휠,Top50 순위,스킨케어|B00949CTQQ,9,위,Wayback 스냅샷(아마존_K뷰티_침투분석.xlsx),2026-09-30
2022-12-11,플라이휠,Top50 순위,스킨케어|B00TTD9BRC,10,위,Wayback 스냅샷(아마존_K뷰티_침투분석.xlsx),2026-09-30
2022-12-11,플라이휠,Top50 순위,스킨케어|B07N93XF4Z,11,위,Wayback 스냅샷(아마존_K뷰티_침투분석.xlsx),2026-09-30
2022-12-11,플라이휠,Top50 순위,스킨케어|B077XC7K7V,12,위,Wayback 스냅샷(아마존_K뷰티_침투분석.xlsx),2026-09-30
2022-12-11,플라이휠,Top50 순위,스킨케어|B07X62WVM4,13,위,Wayback 스냅샷(아마존_K뷰티_침투분석.xlsx),2026-09-30
2022-12-11,플라이휠,Top50 순위,스킨케어|B000YJ2SLG,14,위,Wayback 스냅샷(아마존_K뷰티_침투분석.xlsx),2026-09-30
2022-12-11,플라이휠,Top50 순위,스킨케어|B081KL2QYJ,15,위,Wayback 스냅샷(아마존_K뷰티_침투분석.xlsx),2026-09-30
2022-12-11,플라이휠,Top50 순위,스킨케어|B0009F3R7E,16,위,Wayback 스냅샷(아마존_K뷰티_침투분석.xlsx),2026-09-30
2022-12-11,플라이휠,Top50 순위,스킨케어|B00365DABC,17,위,Wayback 스냅샷(아마존_K뷰티_침투분석.xlsx),2026-09-30
2022-12-11,플라이휠,Top50 순위,스킨케어|B01MSSDEPK,18,위,Wayback 스냅샷(아마존_K뷰티_침투분석.xlsx),2026-09-30
2022-12-11,플라이휠,Top50 순위,스킨케어|B01M4MCUAF,19,위,Wayback 스냅샷(아마존_K뷰티_침투분석.xlsx),2026-09-30
2022-12-11,플라이휠,Top50 순위,스킨케어|B00AREGVUM,20,위,Wayback 스냅샷(아마존_K뷰티_침투분석.xlsx),2026-09-30
2022-12-11,플라이휠,Top50 순위,스킨케어|B07DY2QRF6,21,위,Wayback 스냅샷(아마존_K뷰티_침투분석.xlsx),2026-09-30
2022-12-11,플라이휠,Top50 순위,스킨케어|B0757Y44SK,22,위,Wayback 스냅샷(아마존_K뷰티_침투분석.xlsx),2026-09-30
2022-12-11,플라이휠,Top50 순위,스킨케어|B079FV6PRH,23,위,Wayback 스냅샷(아마존_K뷰티_침투분석.xlsx),2026-09-30
2022-12-11,플라이휠,Top50 순위,스킨케어|B00CXK623E,24,위,Wayback 스냅샷(아마존_K뷰티_침투분석.xlsx),2026-09-30
2022-12-11,플라이휠,Top50 순위,스킨케어|B0044B4HSM,25,위,Wayback 스냅샷(아마존_K뷰티_침투분석.xlsx),2026-09-30
2022-12-11,플라이휠,Top50 순위,스킨케어|B00JJPMXDO,26,위,Wayback 스냅샷(아마존_K뷰티_침투분석.xlsx),2026-09-30
2022-12-11,플라이휠,Top50 순위,스킨케어|B01N1LL62W,27,위,Wayback 스냅샷(아마존_K뷰티_침투분석.xlsx),2026-09-30
2022-12-11,플라이휠,Top50 순위,스킨케어|B09YJXC1WJ,28,위,Wayback 스냅샷(아마존_K뷰티_침투분석.xlsx),2026-09-30
2022-12-11,플라이휠,Top50 순위,스킨케어|B00A8S6HM4,29,위,Wayback 스냅샷(아마존_K뷰티_침투분석.xlsx),2026-09-30
2022-12-11,플라이휠,Top50 순위,스킨케어|B00F97FHAW,30,위,Wayback 스냅샷(아마존_K뷰티_침투분석.xlsx),2026-09-30
2022-12-11,플라이휠,Top50 순위,스킨케어|B00MEDOY2G,31,위,Wayback 스냅샷(아마존_K뷰티_침투분석.xlsx),2026-09-30
2022-12-11,플라이휠,Top50 순위,스킨케어|B073Z7525P,32,위,Wayback 스냅샷(아마존_K뷰티_침투분석.xlsx),2026-09-30
2022-12-11,플라이휠,Top50 순위,스킨케어|B002MSN3QQ,33,위,Wayback 스냅샷(아마존_K뷰티_침투분석.xlsx),2026-09-30
2022-12-11,플라이휠,Top50 순위,스킨케어|B08DG3C22G,34,위,Wayback 스냅샷(아마존_K뷰티_침투분석.xlsx),2026-09-30
2022-12-11,플라이휠,Top50 순위,스킨케어|B00U1YCRD8,35,위,Wayback 스냅샷(아마존_K뷰티_침투분석.xlsx),2026-09-30
2022-12-11,플라이휠,Top50 순위,스킨케어|B07B4KQVK6,36,위,Wayback 스냅샷(아마존_K뷰티_침투분석.xlsx),2026-09-30
2022-12-11,플라이휠,Top50 순위,스킨케어|B00NR1YQHM,37,위,Wayback 스냅샷(아마존_K뷰티_침투분석.xlsx),2026-09-30
2022-12-11,플라이휠,Top50 순위,스킨케어|B07FPJHPX1,38,위,Wayback 스냅샷(아마존_K뷰티_침투분석.xlsx),2026-09-30
2022-12-11,플라이휠,Top50 순위,스킨케어|B07JYLWSGH,39,위,Wayback 스냅샷(아마존_K뷰티_침투분석.xlsx),2026-09-30
2022-12-11,플라이휠,Top50 순위,스킨케어|B004FHZKOA,40,위,Wayback 스냅샷(아마존_K뷰티_침투분석.xlsx),2026-09-30
2022-12-11,플라이휠,Top50 순위,스킨케어|B07L1PHSY9,41,위,Wayback 스냅샷(아마존_K뷰티_침투분석.xlsx),2026-09-30
2022-12-11,플라이휠,Top50 순위,스킨케어|B00SNPCSUY,42,위,Wayback 스냅샷(아마존_K뷰티_침투분석.xlsx),2026-09-30
2022-12-11,플라이휠,Top50 순위,스킨케어|B01BPN6KG8,43,위,Wayback 스냅샷(아마존_K뷰티_침투분석.xlsx),2026-09-30
2022-12-11,플라이휠,Top50 순위,스킨케어|B007DGRT3K,44,위,Wayback 스냅샷(아마존_K뷰티_침투분석.xlsx),2026-09-30
2022-12-11,플라이휠,Top50 순위,스킨케어|B07G1VKCND,45,위,Wayback 스냅샷(아마존_K뷰티_침투분석.xlsx),2026-09-30
2022-12-11,플라이휠,Top50 순위,스킨케어|B08LM7291W,46,위,Wayback 스냅샷(아마존_K뷰티_침투분석.xlsx),2026-09-30
2022-12-11,플라이휠,Top50 순위,스킨케어|B07C3NBJ33,47,위,Wayback 스냅샷(아마존_K뷰티_침투분석.xlsx),2026-09-30
2022-12-11,플라이휠,Top50 순위,스킨케어|B01EXQ582Q,48,위,Wayback 스냅샷(아마존_K뷰티_침투분석.xlsx),2026-09-30
2022-12-11,플라이휠,Top50 순위,스킨케어|B002JDUMFO,49,위,Wayback 스냅샷(아마존_K뷰티_침투분석.xlsx),2026-09-30
2022-12-11,플라이휠,Top50 순위,스킨케어|B007HD570Q,50,위,Wayback 스냅샷(아마존_K뷰티_침투분석.xlsx),2026-09-30
2022-12-18,플라이휠,Top50 순위,스킨케어|B074PVTPBW,1,위,Wayback 스냅샷(아마존_K뷰티_침투분석.xlsx),2026-09-30
2022-12-18,플라이휠,Top50 순위,스킨케어|B0054LHI5A,2,위,Wayback 스냅샷(아마존_K뷰티_침투분석.xlsx),2026-09-30
2022-12-18,플라이휠,Top50 순위,스킨케어|B01MRH7MR4,3,위,Wayback 스냅샷(아마존_K뷰티_침투분석.xlsx),2026-09-30
2022-12-18,플라이휠,Top50 순위,스킨케어|B07XXPHQZK,4,위,Wayback 스냅샷(아마존_K뷰티_침투분석.xlsx),2026-09-30
2022-12-18,플라이휠,Top50 순위,스킨케어|B08DG3C22G,5,위,Wayback 스냅샷(아마존_K뷰티_침투분석.xlsx),2026-09-30
2022-12-18,플라이휠,Top50 순위,스킨케어|B00U2VQZDS,6,위,Wayback 스냅샷(아마존_K뷰티_침투분석.xlsx),2026-09-30
2022-12-18,플라이휠,Top50 순위,스킨케어|B00TTD9BRC,7,위,Wayback 스냅샷(아마존_K뷰티_침투분석.xlsx),2026-09-30
2022-12-18,플라이휠,Top50 순위,스킨케어|B00949CTQQ,8,위,Wayback 스냅샷(아마존_K뷰티_침투분석.xlsx),2026-09-30
2022-12-18,플라이휠,Top50 순위,스킨케어|B07N93XF4Z,9,위,Wayback 스냅샷(아마존_K뷰티_침투분석.xlsx),2026-09-30
2022-12-18,플라이휠,Top50 순위,스킨케어|B01EXQ582Q,10,위,Wayback 스냅샷(아마존_K뷰티_침투분석.xlsx),2026-09-30
2022-12-18,플라이휠,Top50 순위,스킨케어|B09ZVMMR3V,11,위,Wayback 스냅샷(아마존_K뷰티_침투분석.xlsx),2026-09-30
2022-12-18,플라이휠,Top50 순위,스킨케어|B09YJXC1WJ,12,위,Wayback 스냅샷(아마존_K뷰티_침투분석.xlsx),2026-09-30
2022-12-18,플라이휠,Top50 순위,스킨케어|B000YJ2SLG,13,위,Wayback 스냅샷(아마존_K뷰티_침투분석.xlsx),2026-09-30
2022-12-18,플라이휠,Top50 순위,스킨케어|B081KL2QYJ,14,위,Wayback 스냅샷(아마존_K뷰티_침투분석.xlsx),2026-09-30
2022-12-18,플라이휠,Top50 순위,스킨케어|B014SAB948,15,위,Wayback 스냅샷(아마존_K뷰티_침투분석.xlsx),2026-09-30
2022-12-18,플라이휠,Top50 순위,스킨케어|B004EDWMBO,16,위,Wayback 스냅샷(아마존_K뷰티_침투분석.xlsx),2026-09-30
2022-12-18,플라이휠,Top50 순위,스킨케어|B01MSSDEPK,17,위,Wayback 스냅샷(아마존_K뷰티_침투분석.xlsx),2026-09-30
2022-12-18,플라이휠,Top50 순위,스킨케어|B00365DABC,18,위,Wayback 스냅샷(아마존_K뷰티_침투분석.xlsx),2026-09-30
2022-12-18,플라이휠,Top50 순위,스킨케어|B01M4MCUAF,19,위,Wayback 스냅샷(아마존_K뷰티_침투분석.xlsx),2026-09-30
2022-12-18,플라이휠,Top50 순위,스킨케어|B07DY2QRF6,20,위,Wayback 스냅샷(아마존_K뷰티_침투분석.xlsx),2026-09-30
2022-12-18,플라이휠,Top50 순위,스킨케어|B00A8S6HM4,21,위,Wayback 스냅샷(아마존_K뷰티_침투분석.xlsx),2026-09-30
2022-12-18,플라이휠,Top50 순위,스킨케어|B0044B4HSM,22,위,Wayback 스냅샷(아마존_K뷰티_침투분석.xlsx),2026-09-30
2022-12-18,플라이휠,Top50 순위,스킨케어|B07X62WVM4,23,위,Wayback 스냅샷(아마존_K뷰티_침투분석.xlsx),2026-09-30
2022-12-18,플라이휠,Top50 순위,스킨케어|B00AREGVUM,24,위,Wayback 스냅샷(아마존_K뷰티_침투분석.xlsx),2026-09-30
2022-12-18,플라이휠,Top50 순위,스킨케어|B079FV6PRH,25,위,Wayback 스냅샷(아마존_K뷰티_침투분석.xlsx),2026-09-30
2022-12-18,플라이휠,Top50 순위,스킨케어|B0757Y44SK,26,위,Wayback 스냅샷(아마존_K뷰티_침투분석.xlsx),2026-09-30
2022-12-18,플라이휠,Top50 순위,스킨케어|B00NR1YQHM,27,위,Wayback 스냅샷(아마존_K뷰티_침투분석.xlsx),2026-09-30
2022-12-18,플라이휠,Top50 순위,스킨케어|B00VK5SG46,28,위,Wayback 스냅샷(아마존_K뷰티_침투분석.xlsx),2026-09-30
2022-12-18,플라이휠,Top50 순위,스킨케어|B073Z7525P,29,위,Wayback 스냅샷(아마존_K뷰티_침투분석.xlsx),2026-09-30
2022-12-18,플라이휠,Top50 순위,스킨케어|B01N1LL62W,30,위,Wayback 스냅샷(아마존_K뷰티_침투분석.xlsx),2026-09-30
2022-12-18,플라이휠,Top50 순위,스킨케어|B00F97FHAW,31,위,Wayback 스냅샷(아마존_K뷰티_침투분석.xlsx),2026-09-30
2022-12-18,플라이휠,Top50 순위,스킨케어|B00U1YCRD8,32,위,Wayback 스냅샷(아마존_K뷰티_침투분석.xlsx),2026-09-30
2022-12-18,플라이휠,Top50 순위,스킨케어|B002MSN3QQ,33,위,Wayback 스냅샷(아마존_K뷰티_침투분석.xlsx),2026-09-30
2022-12-18,플라이휠,Top50 순위,스킨케어|B00MEDOY2G,34,위,Wayback 스냅샷(아마존_K뷰티_침투분석.xlsx),2026-09-30
2022-12-18,플라이휠,Top50 순위,스킨케어|B00PBX3L7K,35,위,Wayback 스냅샷(아마존_K뷰티_침투분석.xlsx),2026-09-30
2022-12-18,플라이휠,Top50 순위,스킨케어|B07V9R2XV8,36,위,Wayback 스냅샷(아마존_K뷰티_침투분석.xlsx),2026-09-30
2022-12-18,플라이휠,Top50 순위,스킨케어|B07GBFT6Z3,37,위,Wayback 스냅샷(아마존_K뷰티_침투분석.xlsx),2026-09-30
2022-12-18,플라이휠,Top50 순위,스킨케어|B00JJPMXDO,38,위,Wayback 스냅샷(아마존_K뷰티_침투분석.xlsx),2026-09-30
2022-12-18,플라이휠,Top50 순위,스킨케어|B00SNPCSUY,39,위,Wayback 스냅샷(아마존_K뷰티_침투분석.xlsx),2026-09-30
2022-12-18,플라이휠,Top50 순위,스킨케어|B07B4KQVK6,40,위,Wayback 스냅샷(아마존_K뷰티_침투분석.xlsx),2026-09-30
2022-12-18,플라이휠,Top50 순위,스킨케어|B000OYJ9AO,41,위,Wayback 스냅샷(아마존_K뷰티_침투분석.xlsx),2026-09-30
2022-12-18,플라이휠,Top50 순위,스킨케어|B07L1PHSY9,42,위,Wayback 스냅샷(아마존_K뷰티_침투분석.xlsx),2026-09-30
2022-12-18,플라이휠,Top50 순위,스킨케어|B07GKVBQDG,43,위,Wayback 스냅샷(아마존_K뷰티_침투분석.xlsx),2026-09-30
2022-12-18,플라이휠,Top50 순위,스킨케어|B014PGEEO2,44,위,Wayback 스냅샷(아마존_K뷰티_침투분석.xlsx),2026-09-30
2022-12-18,플라이휠,Top50 순위,스킨케어|B00BDPG3HK,45,위,Wayback 스냅샷(아마존_K뷰티_침투분석.xlsx),2026-09-30
2022-12-18,플라이휠,Top50 순위,스킨케어|B000MIH34Q,46,위,Wayback 스냅샷(아마존_K뷰티_침투분석.xlsx),2026-09-30
2022-12-18,플라이휠,Top50 순위,스킨케어|B001AO0WCG,47,위,Wayback 스냅샷(아마존_K뷰티_침투분석.xlsx),2026-09-30
2022-12-18,플라이휠,Top50 순위,스킨케어|B07G1VKCND,48,위,Wayback 스냅샷(아마존_K뷰티_침투분석.xlsx),2026-09-30
2022-12-18,플라이휠,Top50 순위,스킨케어|B002FJ11UW,49,위,Wayback 스냅샷(아마존_K뷰티_침투분석.xlsx),2026-09-30
2022-12-18,플라이휠,Top50 순위,스킨케어|B002JDUMFO,50,위,Wayback 스냅샷(아마존_K뷰티_침투분석.xlsx),2026-09-30
2022-12-19,플라이휠,Top50 순위,스킨케어|B074PVTPBW,1,위,Wayback 스냅샷(아마존_K뷰티_침투분석.xlsx),2026-09-30
2022-12-19,플라이휠,Top50 순위,스킨케어|B0054LHI5A,2,위,Wayback 스냅샷(아마존_K뷰티_침투분석.xlsx),2026-09-30
2022-12-19,플라이휠,Top50 순위,스킨케어|B01MRH7MR4,3,위,Wayback 스냅샷(아마존_K뷰티_침투분석.xlsx),2026-09-30
2022-12-19,플라이휠,Top50 순위,스킨케어|B07XXPHQZK,4,위,Wayback 스냅샷(아마존_K뷰티_침투분석.xlsx),2026-09-30
2022-12-19,플라이휠,Top50 순위,스킨케어|B00U2VQZDS,5,위,Wayback 스냅샷(아마존_K뷰티_침투분석.xlsx),2026-09-30
2022-12-19,플라이휠,Top50 순위,스킨케어|B00TTD9BRC,6,위,Wayback 스냅샷(아마존_K뷰티_침투분석.xlsx),2026-09-30
2022-12-19,플라이휠,Top50 순위,스킨케어|B08DG3C22G,7,위,Wayback 스냅샷(아마존_K뷰티_침투분석.xlsx),2026-09-30
2022-12-19,플라이휠,Top50 순위,스킨케어|B00949CTQQ,8,위,Wayback 스냅샷(아마존_K뷰티_침투분석.xlsx),2026-09-30
2022-12-19,플라이휠,Top50 순위,스킨케어|B07N93XF4Z,9,위,Wayback 스냅샷(아마존_K뷰티_침투분석.xlsx),2026-09-30
2022-12-19,플라이휠,Top50 순위,스킨케어|B01EXQ582Q,10,위,Wayback 스냅샷(아마존_K뷰티_침투분석.xlsx),2026-09-30
2022-12-19,플라이휠,Top50 순위,스킨케어|B000YJ2SLG,11,위,Wayback 스냅샷(아마존_K뷰티_침투분석.xlsx),2026-09-30
2022-12-19,플라이휠,Top50 순위,스킨케어|B09ZVMMR3V,12,위,Wayback 스냅샷(아마존_K뷰티_침투분석.xlsx),2026-09-30
2022-12-19,플라이휠,Top50 순위,스킨케어|B09YJXC1WJ,13,위,Wayback 스냅샷(아마존_K뷰티_침투분석.xlsx),2026-09-30
2022-12-19,플라이휠,Top50 순위,스킨케어|B081KL2QYJ,14,위,Wayback 스냅샷(아마존_K뷰티_침투분석.xlsx),2026-09-30
2022-12-19,플라이휠,Top50 순위,스킨케어|B014SAB948,15,위,Wayback 스냅샷(아마존_K뷰티_침투분석.xlsx),2026-09-30
2022-12-19,플라이휠,Top50 순위,스킨케어|B07DY2QRF6,16,위,Wayback 스냅샷(아마존_K뷰티_침투분석.xlsx),2026-09-30
2022-12-19,플라이휠,Top50 순위,스킨케어|B01MSSDEPK,17,위,Wayback 스냅샷(아마존_K뷰티_침투분석.xlsx),2026-09-30
2022-12-19,플라이휠,Top50 순위,스킨케어|B004EDWMBO,18,위,Wayback 스냅샷(아마존_K뷰티_침투분석.xlsx),2026-09-30
2022-12-19,플라이휠,Top50 순위,스킨케어|B00365DABC,19,위,Wayback 스냅샷(아마존_K뷰티_침투분석.xlsx),2026-09-30
2022-12-19,플라이휠,Top50 순위,스킨케어|B01M4MCUAF,20,위,Wayback 스냅샷(아마존_K뷰티_침투분석.xlsx),2026-09-30
2022-12-19,플라이휠,Top50 순위,스킨케어|B00A8S6HM4,21,위,Wayback 스냅샷(아마존_K뷰티_침투분석.xlsx),2026-09-30
2022-12-19,플라이휠,Top50 순위,스킨케어|B079FV6PRH,22,위,Wayback 스냅샷(아마존_K뷰티_침투분석.xlsx),2026-09-30
2022-12-19,플라이휠,Top50 순위,스킨케어|B00AREGVUM,23,위,Wayback 스냅샷(아마존_K뷰티_침투분석.xlsx),2026-09-30
2022-12-19,플라이휠,Top50 순위,스킨케어|B0044B4HSM,24,위,Wayback 스냅샷(아마존_K뷰티_침투분석.xlsx),2026-09-30
2022-12-19,플라이휠,Top50 순위,스킨케어|B0757Y44SK,25,위,Wayback 스냅샷(아마존_K뷰티_침투분석.xlsx),2026-09-30
2022-12-19,플라이휠,Top50 순위,스킨케어|B07X62WVM4,26,위,Wayback 스냅샷(아마존_K뷰티_침투분석.xlsx),2026-09-30
2022-12-19,플라이휠,Top50 순위,스킨케어|B00NR1YQHM,27,위,Wayback 스냅샷(아마존_K뷰티_침투분석.xlsx),2026-09-30
2022-12-19,플라이휠,Top50 순위,스킨케어|B00F97FHAW,28,위,Wayback 스냅샷(아마존_K뷰티_침투분석.xlsx),2026-09-30
2022-12-19,플라이휠,Top50 순위,스킨케어|B002MSN3QQ,29,위,Wayback 스냅샷(아마존_K뷰티_침투분석.xlsx),2026-09-30
2022-12-19,플라이휠,Top50 순위,스킨케어|B00U1YCRD8,30,위,Wayback 스냅샷(아마존_K뷰티_침투분석.xlsx),2026-09-30
2022-12-19,플라이휠,Top50 순위,스킨케어|B01N1LL62W,31,위,Wayback 스냅샷(아마존_K뷰티_침투분석.xlsx),2026-09-30
2022-12-19,플라이휠,Top50 순위,스킨케어|B073Z7525P,32,위,Wayback 스냅샷(아마존_K뷰티_침투분석.xlsx),2026-09-30
2022-12-19,플라이휠,Top50 순위,스킨케어|B00PBX3L7K,33,위,Wayback 스냅샷(아마존_K뷰티_침투분석.xlsx),2026-09-30
2022-12-19,플라이휠,Top50 순위,스킨케어|B0B5HPZV33,34,위,Wayback 스냅샷(아마존_K뷰티_침투분석.xlsx),2026-09-30
2022-12-19,플라이휠,Top50 순위,스킨케어|B00MEDOY2G,35,위,Wayback 스냅샷(아마존_K뷰티_침투분석.xlsx),2026-09-30
2022-12-19,플라이휠,Top50 순위,스킨케어|B07V9R2XV8,36,위,Wayback 스냅샷(아마존_K뷰티_침투분석.xlsx),2026-09-30
2022-12-19,플라이휠,Top50 순위,스킨케어|B00JJPMXDO,37,위,Wayback 스냅샷(아마존_K뷰티_침투분석.xlsx),2026-09-30
2022-12-19,플라이휠,Top50 순위,스킨케어|B00SNPCSUY,38,위,Wayback 스냅샷(아마존_K뷰티_침투분석.xlsx),2026-09-30
2022-12-19,플라이휠,Top50 순위,스킨케어|B07B4KQVK6,39,위,Wayback 스냅샷(아마존_K뷰티_침투분석.xlsx),2026-09-30
2022-12-19,플라이휠,Top50 순위,스킨케어|B07L1PHSY9,40,위,Wayback 스냅샷(아마존_K뷰티_침투분석.xlsx),2026-09-30
2022-12-19,플라이휠,Top50 순위,스킨케어|B07GBFT6Z3,41,위,Wayback 스냅샷(아마존_K뷰티_침투분석.xlsx),2026-09-30
2022-12-19,플라이휠,Top50 순위,스킨케어|B07GKVBQDG,42,위,Wayback 스냅샷(아마존_K뷰티_침투분석.xlsx),2026-09-30
2022-12-19,플라이휠,Top50 순위,스킨케어|B000OYJ9AO,43,위,Wayback 스냅샷(아마존_K뷰티_침투분석.xlsx),2026-09-30
2022-12-19,플라이휠,Top50 순위,스킨케어|B07G1VKCND,44,위,Wayback 스냅샷(아마존_K뷰티_침투분석.xlsx),2026-09-30
2022-12-19,플라이휠,Top50 순위,스킨케어|B001AO0WCG,45,위,Wayback 스냅샷(아마존_K뷰티_침투분석.xlsx),2026-09-30
2022-12-19,플라이휠,Top50 순위,스킨케어|B000MIH34Q,46,위,Wayback 스냅샷(아마존_K뷰티_침투분석.xlsx),2026-09-30
2022-12-19,플라이휠,Top50 순위,스킨케어|B07VWSN95S,47,위,Wayback 스냅샷(아마존_K뷰티_침투분석.xlsx),2026-09-30
2022-12-19,플라이휠,Top50 순위,스킨케어|B014PGEEO2,48,위,Wayback 스냅샷(아마존_K뷰티_침투분석.xlsx),2026-09-30
2022-12-19,플라이휠,Top50 순위,스킨케어|B002JDUMFO,49,위,Wayback 스냅샷(아마존_K뷰티_침투분석.xlsx),2026-09-30
2022-12-19,플라이휠,Top50 순위,스킨케어|B002LC9OES,50,위,Wayback 스냅샷(아마존_K뷰티_침투분석.xlsx),2026-09-30
2022-12-25,플라이휠,Top50 순위,스킨케어|B074PVTPBW,1,위,Wayback 스냅샷(아마존_K뷰티_침투분석.xlsx),2026-09-30
2022-12-25,플라이휠,Top50 순위,스킨케어|B0054LHI5A,2,위,Wayback 스냅샷(아마존_K뷰티_침투분석.xlsx),2026-09-30
2022-12-25,플라이휠,Top50 순위,스킨케어|B00TTD9BRC,3,위,Wayback 스냅샷(아마존_K뷰티_침투분석.xlsx),2026-09-30
2022-12-25,플라이휠,Top50 순위,스킨케어|B00U2VQZDS,4,위,Wayback 스냅샷(아마존_K뷰티_침투분석.xlsx),2026-09-30
2022-12-25,플라이휠,Top50 순위,스킨케어|B00949CTQQ,5,위,Wayback 스냅샷(아마존_K뷰티_침투분석.xlsx),2026-09-30
2022-12-25,플라이휠,Top50 순위,스킨케어|B07XXPHQZK,6,위,Wayback 스냅샷(아마존_K뷰티_침투분석.xlsx),2026-09-30
2022-12-25,플라이휠,Top50 순위,스킨케어|B000YJ2SLG,7,위,Wayback 스냅샷(아마존_K뷰티_침투분석.xlsx),2026-09-30
2022-12-25,플라이휠,Top50 순위,스킨케어|B081KL2QYJ,8,위,Wayback 스냅샷(아마존_K뷰티_침투분석.xlsx),2026-09-30
2022-12-25,플라이휠,Top50 순위,스킨케어|B09ZVHVKNS,9,위,Wayback 스냅샷(아마존_K뷰티_침투분석.xlsx),2026-09-30
2022-12-25,플라이휠,Top50 순위,스킨케어|B01MSSDEPK,10,위,Wayback 스냅샷(아마존_K뷰티_침투분석.xlsx),2026-09-30
2022-12-25,플라이휠,Top50 순위,스킨케어|B00365DABC,11,위,Wayback 스냅샷(아마존_K뷰티_침투분석.xlsx),2026-09-30
2022-12-25,플라이휠,Top50 순위,스킨케어|B00AREGVUM,12,위,Wayback 스냅샷(아마존_K뷰티_침투분석.xlsx),2026-09-30
2022-12-25,플라이휠,Top50 순위,스킨케어|B01M4MCUAF,13,위,Wayback 스냅샷(아마존_K뷰티_침투분석.xlsx),2026-09-30
2022-12-25,플라이휠,Top50 순위,스킨케어|B079FV6PRH,14,위,Wayback 스냅샷(아마존_K뷰티_침투분석.xlsx),2026-09-30
2022-12-25,플라이휠,Top50 순위,스킨케어|B07L1PHSY9,15,위,Wayback 스냅샷(아마존_K뷰티_침투분석.xlsx),2026-09-30
2022-12-25,플라이휠,Top50 순위,스킨케어|B01MRH7MR4,16,위,Wayback 스냅샷(아마존_K뷰티_침투분석.xlsx),2026-09-30
2022-12-25,플라이휠,Top50 순위,스킨케어|B00F97FHAW,17,위,Wayback 스냅샷(아마존_K뷰티_침투분석.xlsx),2026-09-30
2022-12-25,플라이휠,Top50 순위,스킨케어|B00MEDOY2G,18,위,Wayback 스냅샷(아마존_K뷰티_침투분석.xlsx),2026-09-30
2022-12-25,플라이휠,Top50 순위,스킨케어|B07N93XF4Z,19,위,Wayback 스냅샷(아마존_K뷰티_침투분석.xlsx),2026-09-30
2022-12-25,플라이휠,Top50 순위,스킨케어|B07DY2QRF6,20,위,Wayback 스냅샷(아마존_K뷰티_침투분석.xlsx),2026-09-30
2022-12-25,플라이휠,Top50 순위,스킨케어|B01N1LL62W,21,위,Wayback 스냅샷(아마존_K뷰티_침투분석.xlsx),2026-09-30
2022-12-25,플라이휠,Top50 순위,스킨케어|B0757Y44SK,22,위,Wayback 스냅샷(아마존_K뷰티_침투분석.xlsx),2026-09-30
2022-12-25,플라이휠,Top50 순위,스킨케어|B00A8S6HM4,23,위,Wayback 스냅샷(아마존_K뷰티_침투분석.xlsx),2026-09-30
2022-12-25,플라이휠,Top50 순위,스킨케어|B00JJPMXDO,24,위,Wayback 스냅샷(아마존_K뷰티_침투분석.xlsx),2026-09-30
2022-12-25,플라이휠,Top50 순위,스킨케어|B00NR1YQHM,25,위,Wayback 스냅샷(아마존_K뷰티_침투분석.xlsx),2026-09-30
2022-12-25,플라이휠,Top50 순위,스킨케어|B002MSN3QQ,26,위,Wayback 스냅샷(아마존_K뷰티_침투분석.xlsx),2026-09-30
2022-12-25,플라이휠,Top50 순위,스킨케어|B07VWSN95S,27,위,Wayback 스냅샷(아마존_K뷰티_침투분석.xlsx),2026-09-30
2022-12-25,플라이휠,Top50 순위,스킨케어|B00U1YCRD8,28,위,Wayback 스냅샷(아마존_K뷰티_침투분석.xlsx),2026-09-30
2022-12-25,플라이휠,Top50 순위,스킨케어|B01EXQ582Q,29,위,Wayback 스냅샷(아마존_K뷰티_침투분석.xlsx),2026-09-30
2022-12-25,플라이휠,Top50 순위,스킨케어|B00SNPCSUY,30,위,Wayback 스냅샷(아마존_K뷰티_침투분석.xlsx),2026-09-30
2022-12-25,플라이휠,Top50 순위,스킨케어|B0044B4HSM,31,위,Wayback 스냅샷(아마존_K뷰티_침투분석.xlsx),2026-09-30
2022-12-25,플라이휠,Top50 순위,스킨케어|B08DG3C22G,32,위,Wayback 스냅샷(아마존_K뷰티_침투분석.xlsx),2026-09-30
2022-12-25,플라이휠,Top50 순위,스킨케어|B07B4KQVK6,33,위,Wayback 스냅샷(아마존_K뷰티_침투분석.xlsx),2026-09-30
2022-12-25,플라이휠,Top50 순위,스킨케어|B004EDWMBO,34,위,Wayback 스냅샷(아마존_K뷰티_침투분석.xlsx),2026-09-30
2022-12-25,플라이휠,Top50 순위,스킨케어|B08LM7291W,35,위,Wayback 스냅샷(아마존_K뷰티_침투분석.xlsx),2026-09-30
2022-12-25,플라이휠,Top50 순위,스킨케어|B00PBX3L7K,36,위,Wayback 스냅샷(아마존_K뷰티_침투분석.xlsx),2026-09-30
2022-12-25,플라이휠,Top50 순위,스킨케어|B002JDUMFO,37,위,Wayback 스냅샷(아마존_K뷰티_침투분석.xlsx),2026-09-30
2022-12-25,플라이휠,Top50 순위,스킨케어|B07G1VKCND,38,위,Wayback 스냅샷(아마존_K뷰티_침투분석.xlsx),2026-09-30
2022-12-25,플라이휠,Top50 순위,스킨케어|B007HD570Q,39,위,Wayback 스냅샷(아마존_K뷰티_침투분석.xlsx),2026-09-30
2022-12-25,플라이휠,Top50 순위,스킨케어|B07GKVBQDG,40,위,Wayback 스냅샷(아마존_K뷰티_침투분석.xlsx),2026-09-30
2022-12-25,플라이휠,Top50 순위,스킨케어|B00VK5SG46,41,위,Wayback 스냅샷(아마존_K뷰티_침투분석.xlsx),2026-09-30
2022-12-25,플라이휠,Top50 순위,스킨케어|B0B59SVV87,42,위,Wayback 스냅샷(아마존_K뷰티_침투분석.xlsx),2026-09-30
2022-12-25,플라이휠,Top50 순위,스킨케어|B07NHZP4FW,43,위,Wayback 스냅샷(아마존_K뷰티_침투분석.xlsx),2026-09-30
2022-12-25,플라이휠,Top50 순위,스킨케어|B01N9SPQHQ,44,위,Wayback 스냅샷(아마존_K뷰티_침투분석.xlsx),2026-09-30
2022-12-25,플라이휠,Top50 순위,스킨케어|B075QNC39Q,45,위,Wayback 스냅샷(아마존_K뷰티_침투분석.xlsx),2026-09-30
2022-12-25,플라이휠,Top50 순위,스킨케어|B00NU9MJYS,46,위,Wayback 스냅샷(아마존_K뷰티_침투분석.xlsx),2026-09-30
2022-12-25,플라이휠,Top50 순위,스킨케어|B000NWGCZ2,47,위,Wayback 스냅샷(아마존_K뷰티_침투분석.xlsx),2026-09-30
2022-12-25,플라이휠,Top50 순위,스킨케어|B000OYJ9AO,48,위,Wayback 스냅샷(아마존_K뷰티_침투분석.xlsx),2026-09-30
2022-12-25,플라이휠,Top50 순위,스킨케어|B000ORV3NC,49,위,Wayback 스냅샷(아마존_K뷰티_침투분석.xlsx),2026-09-30
2022-12-25,플라이휠,Top50 순위,스킨케어|B074PTZCNX,50,위,Wayback 스냅샷(아마존_K뷰티_침투분석.xlsx),2026-09-30
2023-01-01,플라이휠,Top50 순위,스킨케어|B074PVTPBW,1,위,Wayback 스냅샷(아마존_K뷰티_침투분석.xlsx),2026-09-30
2023-01-01,플라이휠,Top50 순위,스킨케어|B00949CTQQ,2,위,Wayback 스냅샷(아마존_K뷰티_침투분석.xlsx),2026-09-30
2023-01-01,플라이휠,Top50 순위,스킨케어|B00U2VQZDS,3,위,Wayback 스냅샷(아마존_K뷰티_침투분석.xlsx),2026-09-30
2023-01-01,플라이휠,Top50 순위,스킨케어|B00TTD9BRC,4,위,Wayback 스냅샷(아마존_K뷰티_침투분석.xlsx),2026-09-30
2023-01-01,플라이휠,Top50 순위,스킨케어|B081KL2QYJ,5,위,Wayback 스냅샷(아마존_K뷰티_침투분석.xlsx),2026-09-30
2023-01-01,플라이휠,Top50 순위,스킨케어|B000YJ2SLG,6,위,Wayback 스냅샷(아마존_K뷰티_침투분석.xlsx),2026-09-30
2023-01-01,플라이휠,Top50 순위,스킨케어|B00U1YCRD8,7,위,Wayback 스냅샷(아마존_K뷰티_침투분석.xlsx),2026-09-30
2023-01-01,플라이휠,Top50 순위,스킨케어|B01M4MCUAF,8,위,Wayback 스냅샷(아마존_K뷰티_침투분석.xlsx),2026-09-30
2023-01-01,플라이휠,Top50 순위,스킨케어|B07XXPHQZK,9,위,Wayback 스냅샷(아마존_K뷰티_침투분석.xlsx),2026-09-30
2023-01-01,플라이휠,Top50 순위,스킨케어|B01MSSDEPK,10,위,Wayback 스냅샷(아마존_K뷰티_침투분석.xlsx),2026-09-30
2023-01-01,플라이휠,Top50 순위,스킨케어|B0054LHI5A,11,위,Wayback 스냅샷(아마존_K뷰티_침투분석.xlsx),2026-09-30
2023-01-01,플라이휠,Top50 순위,스킨케어|B00365DABC,12,위,Wayback 스냅샷(아마존_K뷰티_침투분석.xlsx),2026-09-30
2023-01-01,플라이휠,Top50 순위,스킨케어|B07L1PHSY9,13,위,Wayback 스냅샷(아마존_K뷰티_침투분석.xlsx),2026-09-30
2023-01-01,플라이휠,Top50 순위,스킨케어|B002MSN3QQ,14,위,Wayback 스냅샷(아마존_K뷰티_침투분석.xlsx),2026-09-30
2023-01-01,플라이휠,Top50 순위,스킨케어|B00F97FHAW,15,위,Wayback 스냅샷(아마존_K뷰티_침투분석.xlsx),2026-09-30
2023-01-01,플라이휠,Top50 순위,스킨케어|B07VWSN95S,16,위,Wayback 스냅샷(아마존_K뷰티_침투분석.xlsx),2026-09-30
2023-01-01,플라이휠,Top50 순위,스킨케어|B079FV6PRH,17,위,Wayback 스냅샷(아마존_K뷰티_침투분석.xlsx),2026-09-30
2023-01-01,플라이휠,Top50 순위,스킨케어|B00JJPMXDO,18,위,Wayback 스냅샷(아마존_K뷰티_침투분석.xlsx),2026-09-30
2023-01-01,플라이휠,Top50 순위,스킨케어|B000VPPUEA,19,위,Wayback 스냅샷(아마존_K뷰티_침투분석.xlsx),2026-09-30
2023-01-01,플라이휠,Top50 순위,스킨케어|B00SNPCSUY,20,위,Wayback 스냅샷(아마존_K뷰티_침투분석.xlsx),2026-09-30
2023-01-01,플라이휠,Top50 순위,스킨케어|B0972F2C39,21,위,Wayback 스냅샷(아마존_K뷰티_침투분석.xlsx),2026-09-30
2023-01-01,플라이휠,Top50 순위,스킨케어|B01N1LL62W,22,위,Wayback 스냅샷(아마존_K뷰티_침투분석.xlsx),2026-09-30
2023-01-01,플라이휠,Top50 순위,스킨케어|B07N93XF4Z,23,위,Wayback 스냅샷(아마존_K뷰티_침투분석.xlsx),2026-09-30
2023-01-01,플라이휠,Top50 순위,스킨케어|B0757Y44SK,24,위,Wayback 스냅샷(아마존_K뷰티_침투분석.xlsx),2026-09-30
2023-01-01,플라이휠,Top50 순위,스킨케어|B00PBX3L7K,25,위,Wayback 스냅샷(아마존_K뷰티_침투분석.xlsx),2026-09-30
2023-01-01,플라이휠,Top50 순위,스킨케어|B07DY2QRF6,26,위,Wayback 스냅샷(아마존_K뷰티_침투분석.xlsx),2026-09-30
2023-01-01,플라이휠,Top50 순위,스킨케어|B0044B4HSM,27,위,Wayback 스냅샷(아마존_K뷰티_침투분석.xlsx),2026-09-30
2023-01-01,플라이휠,Top50 순위,스킨케어|B001QFDTWO,28,위,Wayback 스냅샷(아마존_K뷰티_침투분석.xlsx),2026-09-30
2023-01-01,플라이휠,Top50 순위,스킨케어|B07TJG79HP,29,위,Wayback 스냅샷(아마존_K뷰티_침투분석.xlsx),2026-09-30
2023-01-01,플라이휠,Top50 순위,스킨케어|B07B4KQVK6,30,위,Wayback 스냅샷(아마존_K뷰티_침투분석.xlsx),2026-09-30
2023-01-01,플라이휠,Top50 순위,스킨케어|B00NR1YQHM,31,위,Wayback 스냅샷(아마존_K뷰티_침투분석.xlsx),2026-09-30
2023-01-01,플라이휠,Top50 순위,스킨케어|B01EXQ582Q,32,위,Wayback 스냅샷(아마존_K뷰티_침투분석.xlsx),2026-09-30
2023-01-01,플라이휠,Top50 순위,스킨케어|B01A74442I,33,위,Wayback 스냅샷(아마존_K뷰티_침투분석.xlsx),2026-09-30
2023-01-01,플라이휠,Top50 순위,스킨케어|B00A8S6HM4,34,위,Wayback 스냅샷(아마존_K뷰티_침투분석.xlsx),2026-09-30
2023-01-01,플라이휠,Top50 순위,스킨케어|B08LM7291W,35,위,Wayback 스냅샷(아마존_K뷰티_침투분석.xlsx),2026-09-30
2023-01-01,플라이휠,Top50 순위,스킨케어|B002JDUMFO,36,위,Wayback 스냅샷(아마존_K뷰티_침투분석.xlsx),2026-09-30
2023-01-01,플라이휠,Top50 순위,스킨케어|B07G1VKCND,37,위,Wayback 스냅샷(아마존_K뷰티_침투분석.xlsx),2026-09-30
2023-01-01,플라이휠,Top50 순위,스킨케어|B07YLJPMC3,38,위,Wayback 스냅샷(아마존_K뷰티_침투분석.xlsx),2026-09-30
2023-01-01,플라이휠,Top50 순위,스킨케어|B075QNC39Q,39,위,Wayback 스냅샷(아마존_K뷰티_침투분석.xlsx),2026-09-30
2023-01-01,플라이휠,Top50 순위,스킨케어|B007HD570Q,40,위,Wayback 스냅샷(아마존_K뷰티_침투분석.xlsx),2026-09-30
2023-01-01,플라이휠,Top50 순위,스킨케어|B00MEDOY2G,41,위,Wayback 스냅샷(아마존_K뷰티_침투분석.xlsx),2026-09-30
2023-01-01,플라이휠,Top50 순위,스킨케어|B075X4S4GW,42,위,Wayback 스냅샷(아마존_K뷰티_침투분석.xlsx),2026-09-30
2023-01-01,플라이휠,Top50 순위,스킨케어|B07NHZP4FW,43,위,Wayback 스냅샷(아마존_K뷰티_침투분석.xlsx),2026-09-30
2023-01-01,플라이휠,Top50 순위,스킨케어|B07K3261ZD,44,위,Wayback 스냅샷(아마존_K뷰티_침투분석.xlsx),2026-09-30
2023-01-01,플라이휠,Top50 순위,스킨케어|B074PTZCNW,45,위,Wayback 스냅샷(아마존_K뷰티_침투분석.xlsx),2026-09-30
2023-01-01,플라이휠,Top50 순위,스킨케어|B01N9SPQHQ,46,위,Wayback 스냅샷(아마존_K뷰티_침투분석.xlsx),2026-09-30
2023-01-01,플라이휠,Top50 순위,스킨케어|B01N7T7JKJ,47,위,Wayback 스냅샷(아마존_K뷰티_침투분석.xlsx),2026-09-30
2023-01-01,플라이휠,Top50 순위,스킨케어|B07RHWBTS5,48,위,Wayback 스냅샷(아마존_K뷰티_침투분석.xlsx),2026-09-30
2023-01-01,플라이휠,Top50 순위,스킨케어|B07PBXXNCY,49,위,Wayback 스냅샷(아마존_K뷰티_침투분석.xlsx),2026-09-30
2023-01-01,플라이휠,Top50 순위,스킨케어|B00F1U0YB4,50,위,Wayback 스냅샷(아마존_K뷰티_침투분석.xlsx),2026-09-30
2023-01-08,플라이휠,Top50 순위,스킨케어|B074PVTPBW,1,위,Wayback 스냅샷(아마존_K뷰티_침투분석.xlsx),2026-09-30
2023-01-08,플라이휠,Top50 순위,스킨케어|B00U2VQZDS,2,위,Wayback 스냅샷(아마존_K뷰티_침투분석.xlsx),2026-09-30
2023-01-08,플라이휠,Top50 순위,스킨케어|B00TTD9BRC,3,위,Wayback 스냅샷(아마존_K뷰티_침투분석.xlsx),2026-09-30
2023-01-08,플라이휠,Top50 순위,스킨케어|B00949CTQQ,4,위,Wayback 스냅샷(아마존_K뷰티_침투분석.xlsx),2026-09-30
2023-01-08,플라이휠,Top50 순위,스킨케어|B01MSSDEPK,5,위,Wayback 스냅샷(아마존_K뷰티_침투분석.xlsx),2026-09-30
2023-01-08,플라이휠,Top50 순위,스킨케어|B081KL2QYJ,6,위,Wayback 스냅샷(아마존_K뷰티_침투분석.xlsx),2026-09-30
2023-01-08,플라이휠,Top50 순위,스킨케어|B07XXPHQZK,7,위,Wayback 스냅샷(아마존_K뷰티_침투분석.xlsx),2026-09-30
2023-01-08,플라이휠,Top50 순위,스킨케어|B000YJ2SLG,8,위,Wayback 스냅샷(아마존_K뷰티_침투분석.xlsx),2026-09-30
2023-01-08,플라이휠,Top50 순위,스킨케어|B07GVPQXRF,9,위,Wayback 스냅샷(아마존_K뷰티_침투분석.xlsx),2026-09-30
2023-01-08,플라이휠,Top50 순위,스킨케어|B0054LHI5A,10,위,Wayback 스냅샷(아마존_K뷰티_침투분석.xlsx),2026-09-30
2023-01-08,플라이휠,Top50 순위,스킨케어|B01M4MCUAF,11,위,Wayback 스냅샷(아마존_K뷰티_침투분석.xlsx),2026-09-30
2023-01-08,플라이휠,Top50 순위,스킨케어|B00365DABC,12,위,Wayback 스냅샷(아마존_K뷰티_침투분석.xlsx),2026-09-30
2023-01-08,플라이휠,Top50 순위,스킨케어|B079FV6PRH,13,위,Wayback 스냅샷(아마존_K뷰티_침투분석.xlsx),2026-09-30
2023-01-08,플라이휠,Top50 순위,스킨케어|B07L1PHSY9,14,위,Wayback 스냅샷(아마존_K뷰티_침투분석.xlsx),2026-09-30
2023-01-08,플라이휠,Top50 순위,스킨케어|B00F97FHAW,15,위,Wayback 스냅샷(아마존_K뷰티_침투분석.xlsx),2026-09-30
2023-01-08,플라이휠,Top50 순위,스킨케어|B00AREGVUM,16,위,Wayback 스냅샷(아마존_K뷰티_침투분석.xlsx),2026-09-30
2023-01-08,플라이휠,Top50 순위,스킨케어|B00U1YCRD8,17,위,Wayback 스냅샷(아마존_K뷰티_침투분석.xlsx),2026-09-30
2023-01-08,플라이휠,Top50 순위,스킨케어|B07VWSN95S,18,위,Wayback 스냅샷(아마존_K뷰티_침투분석.xlsx),2026-09-30
2023-01-08,플라이휠,Top50 순위,스킨케어|B01N1LL62W,19,위,Wayback 스냅샷(아마존_K뷰티_침투분석.xlsx),2026-09-30
2023-01-08,플라이휠,Top50 순위,스킨케어|B002MSN3QQ,20,위,Wayback 스냅샷(아마존_K뷰티_침투분석.xlsx),2026-09-30
2023-01-08,플라이휠,Top50 순위,스킨케어|B0757Y44SK,21,위,Wayback 스냅샷(아마존_K뷰티_침투분석.xlsx),2026-09-30
2023-01-08,플라이휠,Top50 순위,스킨케어|B00PBX3L7K,22,위,Wayback 스냅샷(아마존_K뷰티_침투분석.xlsx),2026-09-30
2023-01-08,플라이휠,Top50 순위,스킨케어|B00SNPCSUY,23,위,Wayback 스냅샷(아마존_K뷰티_침투분석.xlsx),2026-09-30
2023-01-08,플라이휠,Top50 순위,스킨케어|B07N93XF4Z,24,위,Wayback 스냅샷(아마존_K뷰티_침투분석.xlsx),2026-09-30
2023-01-08,플라이휠,Top50 순위,스킨케어|B07B4KQVK6,25,위,Wayback 스냅샷(아마존_K뷰티_침투분석.xlsx),2026-09-30
2023-01-08,플라이휠,Top50 순위,스킨케어|B00NR1YQHM,26,위,Wayback 스냅샷(아마존_K뷰티_침투분석.xlsx),2026-09-30
2023-01-08,플라이휠,Top50 순위,스킨케어|B07TJG79HP,27,위,Wayback 스냅샷(아마존_K뷰티_침투분석.xlsx),2026-09-30
2023-01-08,플라이휠,Top50 순위,스킨케어|B00F1U0YB4,28,위,Wayback 스냅샷(아마존_K뷰티_침투분석.xlsx),2026-09-30
2023-01-08,플라이휠,Top50 순위,스킨케어|B07DY2QRF6,29,위,Wayback 스냅샷(아마존_K뷰티_침투분석.xlsx),2026-09-30
2023-01-08,플라이휠,Top50 순위,스킨케어|B007HD570Q,30,위,Wayback 스냅샷(아마존_K뷰티_침투분석.xlsx),2026-09-30
2023-01-08,플라이휠,Top50 순위,스킨케어|B07K3261ZD,31,위,Wayback 스냅샷(아마존_K뷰티_침투분석.xlsx),2026-09-30
2023-01-08,플라이휠,Top50 순위,스킨케어|B08LM7291W,32,위,Wayback 스냅샷(아마존_K뷰티_침투분석.xlsx),2026-09-30
2023-01-08,플라이휠,Top50 순위,스킨케어|B07G1VKCND,33,위,Wayback 스냅샷(아마존_K뷰티_침투분석.xlsx),2026-09-30
2023-01-08,플라이휠,Top50 순위,스킨케어|B0836GSR23,34,위,Wayback 스냅샷(아마존_K뷰티_침투분석.xlsx),2026-09-30
2023-01-08,플라이휠,Top50 순위,스킨케어|B002JDUMFO,35,위,Wayback 스냅샷(아마존_K뷰티_침투분석.xlsx),2026-09-30
2023-01-08,플라이휠,Top50 순위,스킨케어|B00MEDOY2G,36,위,Wayback 스냅샷(아마존_K뷰티_침투분석.xlsx),2026-09-30
2023-01-08,플라이휠,Top50 순위,스킨케어|B01EXQ582Q,37,위,Wayback 스냅샷(아마존_K뷰티_침투분석.xlsx),2026-09-30
2023-01-08,플라이휠,Top50 순위,스킨케어|B01N9SPQHQ,38,위,Wayback 스냅샷(아마존_K뷰티_침투분석.xlsx),2026-09-30
2023-01-08,플라이휠,Top50 순위,스킨케어|B01A74442I,39,위,Wayback 스냅샷(아마존_K뷰티_침투분석.xlsx),2026-09-30
2023-01-08,플라이휠,Top50 순위,스킨케어|B099N1LC4R,40,위,Wayback 스냅샷(아마존_K뷰티_침투분석.xlsx),2026-09-30
2023-01-08,플라이휠,Top50 순위,스킨케어|B00027DMI8,41,위,Wayback 스냅샷(아마존_K뷰티_침투분석.xlsx),2026-09-30
2023-01-08,플라이휠,Top50 순위,스킨케어|B00A8S6HM4,42,위,Wayback 스냅샷(아마존_K뷰티_침투분석.xlsx),2026-09-30
2023-01-08,플라이휠,Top50 순위,스킨케어|B09PG91V9Y,43,위,Wayback 스냅샷(아마존_K뷰티_침투분석.xlsx),2026-09-30
2023-01-08,플라이휠,Top50 순위,스킨케어|B01N7T7JKJ,44,위,Wayback 스냅샷(아마존_K뷰티_침투분석.xlsx),2026-09-30
2023-01-08,플라이휠,Top50 순위,스킨케어|B014SAB948,45,위,Wayback 스냅샷(아마존_K뷰티_침투분석.xlsx),2026-09-30
2023-01-08,플라이휠,Top50 순위,스킨케어|B07GKVBQDG,46,위,Wayback 스냅샷(아마존_K뷰티_침투분석.xlsx),2026-09-30
2023-01-08,플라이휠,Top50 순위,스킨케어|B0020VJTDG,47,위,Wayback 스냅샷(아마존_K뷰티_침투분석.xlsx),2026-09-30
2023-01-08,플라이휠,Top50 순위,스킨케어|B07PBXXNCY,48,위,Wayback 스냅샷(아마존_K뷰티_침투분석.xlsx),2026-09-30
2023-01-08,플라이휠,Top50 순위,스킨케어|B001AO0WCG,49,위,Wayback 스냅샷(아마존_K뷰티_침투분석.xlsx),2026-09-30
2023-01-08,플라이휠,Top50 순위,스킨케어|B07YLJPMC3,50,위,Wayback 스냅샷(아마존_K뷰티_침투분석.xlsx),2026-09-30
2023-01-15,플라이휠,Top50 순위,스킨케어|B074PVTPBW,1,위,Wayback 스냅샷(아마존_K뷰티_침투분석.xlsx),2026-09-30
2023-01-15,플라이휠,Top50 순위,스킨케어|B00PBX3L7K,2,위,Wayback 스냅샷(아마존_K뷰티_침투분석.xlsx),2026-09-30
2023-01-15,플라이휠,Top50 순위,스킨케어|B00U2VQZDS,3,위,Wayback 스냅샷(아마존_K뷰티_침투분석.xlsx),2026-09-30
2023-01-15,플라이휠,Top50 순위,스킨케어|B00949CTQQ,4,위,Wayback 스냅샷(아마존_K뷰티_침투분석.xlsx),2026-09-30
2023-01-15,플라이휠,Top50 순위,스킨케어|B00TTD9BRC,5,위,Wayback 스냅샷(아마존_K뷰티_침투분석.xlsx),2026-09-30
2023-01-15,플라이휠,Top50 순위,스킨케어|B01MSSDEPK,6,위,Wayback 스냅샷(아마존_K뷰티_침투분석.xlsx),2026-09-30
2023-01-15,플라이휠,Top50 순위,스킨케어|B000YJ2SLG,7,위,Wayback 스냅샷(아마존_K뷰티_침투분석.xlsx),2026-09-30
2023-01-15,플라이휠,Top50 순위,스킨케어|B01M4MCUAF,8,위,Wayback 스냅샷(아마존_K뷰티_침투분석.xlsx),2026-09-30
2023-01-15,플라이휠,Top50 순위,스킨케어|B07VWSN95S,9,위,Wayback 스냅샷(아마존_K뷰티_침투분석.xlsx),2026-09-30
2023-01-15,플라이휠,Top50 순위,스킨케어|B07XXPHQZK,10,위,Wayback 스냅샷(아마존_K뷰티_침투분석.xlsx),2026-09-30
2023-01-15,플라이휠,Top50 순위,스킨케어|B00F97FHAW,11,위,Wayback 스냅샷(아마존_K뷰티_침투분석.xlsx),2026-09-30
2023-01-15,플라이휠,Top50 순위,스킨케어|B00JJPMXDO,12,위,Wayback 스냅샷(아마존_K뷰티_침투분석.xlsx),2026-09-30
2023-01-15,플라이휠,Top50 순위,스킨케어|B00MEDOY2G,13,위,Wayback 스냅샷(아마존_K뷰티_침투분석.xlsx),2026-09-30
2023-01-15,플라이휠,Top50 순위,스킨케어|B00365DABC,14,위,Wayback 스냅샷(아마존_K뷰티_침투분석.xlsx),2026-09-30
2023-01-15,플라이휠,Top50 순위,스킨케어|B00AREGVUM,15,위,Wayback 스냅샷(아마존_K뷰티_침투분석.xlsx),2026-09-30
2023-01-15,플라이휠,Top50 순위,스킨케어|B0757Y44SK,16,위,Wayback 스냅샷(아마존_K뷰티_침투분석.xlsx),2026-09-30
2023-01-15,플라이휠,Top50 순위,스킨케어|B079FV6PRH,17,위,Wayback 스냅샷(아마존_K뷰티_침투분석.xlsx),2026-09-30
2023-01-15,플라이휠,Top50 순위,스킨케어|B07GVPQXRF,18,위,Wayback 스냅샷(아마존_K뷰티_침투분석.xlsx),2026-09-30
2023-01-15,플라이휠,Top50 순위,스킨케어|B07L1PHSY9,19,위,Wayback 스냅샷(아마존_K뷰티_침투분석.xlsx),2026-09-30
2023-01-15,플라이휠,Top50 순위,스킨케어|B0B9VGZGYB,20,위,Wayback 스냅샷(아마존_K뷰티_침투분석.xlsx),2026-09-30
2023-01-15,플라이휠,Top50 순위,스킨케어|B00U1YCRD8,21,위,Wayback 스냅샷(아마존_K뷰티_침투분석.xlsx),2026-09-30
2023-01-15,플라이휠,Top50 순위,스킨케어|B01N1LL62W,22,위,Wayback 스냅샷(아마존_K뷰티_침투분석.xlsx),2026-09-30
2023-01-15,플라이휠,Top50 순위,스킨케어|B0054LHI5A,23,위,Wayback 스냅샷(아마존_K뷰티_침투분석.xlsx),2026-09-30
2023-01-15,플라이휠,Top50 순위,스킨케어|B00SNPCSUY,24,위,Wayback 스냅샷(아마존_K뷰티_침투분석.xlsx),2026-09-30
2023-01-15,플라이휠,Top50 순위,스킨케어|B081KL2QYJ,25,위,Wayback 스냅샷(아마존_K뷰티_침투분석.xlsx),2026-09-30
2023-01-15,플라이휠,Top50 순위,스킨케어|B00NR1YQHM,26,위,Wayback 스냅샷(아마존_K뷰티_침투분석.xlsx),2026-09-30
2023-01-15,플라이휠,Top50 순위,스킨케어|B002MSN3QQ,27,위,Wayback 스냅샷(아마존_K뷰티_침투분석.xlsx),2026-09-30
2023-01-15,플라이휠,Top50 순위,스킨케어|B086K2KMNR,28,위,Wayback 스냅샷(아마존_K뷰티_침투분석.xlsx),2026-09-30
2023-01-15,플라이휠,Top50 순위,스킨케어|B01N9SPQHQ,29,위,Wayback 스냅샷(아마존_K뷰티_침투분석.xlsx),2026-09-30
2023-01-15,플라이휠,Top50 순위,스킨케어|B07PBXXNCY,30,위,Wayback 스냅샷(아마존_K뷰티_침투분석.xlsx),2026-09-30
2023-01-15,플라이휠,Top50 순위,스킨케어|B07K3261ZD,31,위,Wayback 스냅샷(아마존_K뷰티_침투분석.xlsx),2026-09-30
2023-01-15,플라이휠,Top50 순위,스킨케어|B07B4KQVK6,32,위,Wayback 스냅샷(아마존_K뷰티_침투분석.xlsx),2026-09-30
2023-01-15,플라이휠,Top50 순위,스킨케어|B07DY2QRF6,33,위,Wayback 스냅샷(아마존_K뷰티_침투분석.xlsx),2026-09-30
2023-01-15,플라이휠,Top50 순위,스킨케어|B01N7T7JKJ,34,위,Wayback 스냅샷(아마존_K뷰티_침투분석.xlsx),2026-09-30
2023-01-15,플라이휠,Top50 순위,스킨케어|B007HD570Q,35,위,Wayback 스냅샷(아마존_K뷰티_침투분석.xlsx),2026-09-30
2023-01-15,플라이휠,Top50 순위,스킨케어|B01A74442I,36,위,Wayback 스냅샷(아마존_K뷰티_침투분석.xlsx),2026-09-30
2023-01-15,플라이휠,Top50 순위,스킨케어|B07GKVBQDG,37,위,Wayback 스냅샷(아마존_K뷰티_침투분석.xlsx),2026-09-30
2023-01-15,플라이휠,Top50 순위,스킨케어|B09WFQRS5P,38,위,Wayback 스냅샷(아마존_K뷰티_침투분석.xlsx),2026-09-30
2023-01-15,플라이휠,Top50 순위,스킨케어|B0836GSR23,39,위,Wayback 스냅샷(아마존_K뷰티_침투분석.xlsx),2026-09-30
2023-01-15,플라이휠,Top50 순위,스킨케어|B07YLJPMC3,40,위,Wayback 스냅샷(아마존_K뷰티_침투분석.xlsx),2026-09-30
2023-01-15,플라이휠,Top50 순위,스킨케어|B07TJG79HP,41,위,Wayback 스냅샷(아마존_K뷰티_침투분석.xlsx),2026-09-30
2023-01-15,플라이휠,Top50 순위,스킨케어|B01EXQ582Q,42,위,Wayback 스냅샷(아마존_K뷰티_침투분석.xlsx),2026-09-30
2023-01-15,플라이휠,Top50 순위,스킨케어|B07G1VKCND,43,위,Wayback 스냅샷(아마존_K뷰티_침투분석.xlsx),2026-09-30
2023-01-15,플라이휠,Top50 순위,스킨케어|B017PCGABI,44,위,Wayback 스냅샷(아마존_K뷰티_침투분석.xlsx),2026-09-30
2023-01-15,플라이휠,Top50 순위,스킨케어|B01M4NFD2N,45,위,Wayback 스냅샷(아마존_K뷰티_침투분석.xlsx),2026-09-30
2023-01-15,플라이휠,Top50 순위,스킨케어|B07N93XF4Z,46,위,Wayback 스냅샷(아마존_K뷰티_침투분석.xlsx),2026-09-30
2023-01-15,플라이휠,Top50 순위,스킨케어|B00A8S6HM4,47,위,Wayback 스냅샷(아마존_K뷰티_침투분석.xlsx),2026-09-30
2023-01-15,플라이휠,Top50 순위,스킨케어|B004KELK4C,48,위,Wayback 스냅샷(아마존_K뷰티_침투분석.xlsx),2026-09-30
2023-01-15,플라이휠,Top50 순위,스킨케어|B001AO0WCG,49,위,Wayback 스냅샷(아마존_K뷰티_침투분석.xlsx),2026-09-30
2023-01-15,플라이휠,Top50 순위,스킨케어|B00NU9MJYS,50,위,Wayback 스냅샷(아마존_K뷰티_침투분석.xlsx),2026-09-30
2023-01-31,플라이휠,Top50 순위,스킨케어|B074PVTPBW,1,위,Wayback 스냅샷(아마존_K뷰티_침투분석.xlsx),2026-09-30
2023-01-31,플라이휠,Top50 순위,스킨케어|B00949CTQQ,2,위,Wayback 스냅샷(아마존_K뷰티_침투분석.xlsx),2026-09-30
2023-01-31,플라이휠,Top50 순위,스킨케어|B00U2VQZDS,3,위,Wayback 스냅샷(아마존_K뷰티_침투분석.xlsx),2026-09-30
2023-01-31,플라이휠,Top50 순위,스킨케어|B00TTD9BRC,4,위,Wayback 스냅샷(아마존_K뷰티_침투분석.xlsx),2026-09-30
2023-01-31,플라이휠,Top50 순위,스킨케어|B081KL2QYJ,5,위,Wayback 스냅샷(아마존_K뷰티_침투분석.xlsx),2026-09-30
2023-01-31,플라이휠,Top50 순위,스킨케어|B079FV6PRH,6,위,Wayback 스냅샷(아마존_K뷰티_침투분석.xlsx),2026-09-30
2023-01-31,플라이휠,Top50 순위,스킨케어|B00F97FHAW,7,위,Wayback 스냅샷(아마존_K뷰티_침투분석.xlsx),2026-09-30
2023-01-31,플라이휠,Top50 순위,스킨케어|B00PBX3L7K,8,위,Wayback 스냅샷(아마존_K뷰티_침투분석.xlsx),2026-09-30
2023-01-31,플라이휠,Top50 순위,스킨케어|B07L1PHSY9,9,위,Wayback 스냅샷(아마존_K뷰티_침투분석.xlsx),2026-09-30
2023-01-31,플라이휠,Top50 순위,스킨케어|B01M4MCUAF,10,위,Wayback 스냅샷(아마존_K뷰티_침투분석.xlsx),2026-09-30
2023-01-31,플라이휠,Top50 순위,스킨케어|B0054LHI5A,11,위,Wayback 스냅샷(아마존_K뷰티_침투분석.xlsx),2026-09-30
2023-01-31,플라이휠,Top50 순위,스킨케어|B000VPPUEA,12,위,Wayback 스냅샷(아마존_K뷰티_침투분석.xlsx),2026-09-30
2023-01-31,플라이휠,Top50 순위,스킨케어|B07XXPHQZK,13,위,Wayback 스냅샷(아마존_K뷰티_침투분석.xlsx),2026-09-30
2023-01-31,플라이휠,Top50 순위,스킨케어|B07RK4HST7,14,위,Wayback 스냅샷(아마존_K뷰티_침투분석.xlsx),2026-09-30
2023-01-31,플라이휠,Top50 순위,스킨케어|B07GVPQXRF,15,위,Wayback 스냅샷(아마존_K뷰티_침투분석.xlsx),2026-09-30
2023-01-31,플라이휠,Top50 순위,스킨케어|B00SNPCSUY,16,위,Wayback 스냅샷(아마존_K뷰티_침투분석.xlsx),2026-09-30
2023-01-31,플라이휠,Top50 순위,스킨케어|B074PTZCNX,17,위,Wayback 스냅샷(아마존_K뷰티_침투분석.xlsx),2026-09-30
2023-01-31,플라이휠,Top50 순위,스킨케어|B00U1YCRD8,18,위,Wayback 스냅샷(아마존_K뷰티_침투분석.xlsx),2026-09-30
2023-01-31,플라이휠,Top50 순위,스킨케어|B01N1LL62W,19,위,Wayback 스냅샷(아마존_K뷰티_침투분석.xlsx),2026-09-30
2023-01-31,플라이휠,Top50 순위,스킨케어|B07RL88DD2,20,위,Wayback 스냅샷(아마존_K뷰티_침투분석.xlsx),2026-09-30
2023-01-31,플라이휠,Top50 순위,스킨케어|B002MSN3QQ,21,위,Wayback 스냅샷(아마존_K뷰티_침투분석.xlsx),2026-09-30
2023-01-31,플라이휠,Top50 순위,스킨케어|B099MSZX25,22,위,Wayback 스냅샷(아마존_K뷰티_침투분석.xlsx),2026-09-30
2023-01-31,플라이휠,Top50 순위,스킨케어|B07PBXXNCY,23,위,Wayback 스냅샷(아마존_K뷰티_침투분석.xlsx),2026-09-30
2023-01-31,플라이휠,Top50 순위,스킨케어|B00F1U0YB4,24,위,Wayback 스냅샷(아마존_K뷰티_침투분석.xlsx),2026-09-30
2023-01-31,플라이휠,Top50 순위,스킨케어|B07B4KQVK6,25,위,Wayback 스냅샷(아마존_K뷰티_침투분석.xlsx),2026-09-30
2023-01-31,플라이휠,Top50 순위,스킨케어|B07GKVBQDG,26,위,Wayback 스냅샷(아마존_K뷰티_침투분석.xlsx),2026-09-30
2023-01-31,플라이휠,Top50 순위,스킨케어|B07K3261ZD,27,위,Wayback 스냅샷(아마존_K뷰티_침투분석.xlsx),2026-09-30
2023-01-31,플라이휠,Top50 순위,스킨케어|B01N7T7JKJ,28,위,Wayback 스냅샷(아마존_K뷰티_침투분석.xlsx),2026-09-30
2023-01-31,플라이휠,Top50 순위,스킨케어|B00NR1YQHM,29,위,Wayback 스냅샷(아마존_K뷰티_침투분석.xlsx),2026-09-30
2023-01-31,플라이휠,Top50 순위,스킨케어|B08LM7291W,30,위,Wayback 스냅샷(아마존_K뷰티_침투분석.xlsx),2026-09-30
2023-01-31,플라이휠,Top50 순위,스킨케어|B007HD570Q,31,위,Wayback 스냅샷(아마존_K뷰티_침투분석.xlsx),2026-09-30
2023-01-31,플라이휠,Top50 순위,스킨케어|B00A8S6HM4,32,위,Wayback 스냅샷(아마존_K뷰티_침투분석.xlsx),2026-09-30
2023-01-31,플라이휠,Top50 순위,스킨케어|B004FHZKOA,33,위,Wayback 스냅샷(아마존_K뷰티_침투분석.xlsx),2026-09-30
2023-01-31,플라이휠,Top50 순위,스킨케어|B0725JP4TN,34,위,Wayback 스냅샷(아마존_K뷰티_침투분석.xlsx),2026-09-30
2023-01-31,플라이휠,Top50 순위,스킨케어|B0836GSR23,35,위,Wayback 스냅샷(아마존_K뷰티_침투분석.xlsx),2026-09-30
2023-01-31,플라이휠,Top50 순위,스킨케어|B01N9SPQHQ,36,위,Wayback 스냅샷(아마존_K뷰티_침투분석.xlsx),2026-09-30
2023-01-31,플라이휠,Top50 순위,스킨케어|B07DY2QRF6,37,위,Wayback 스냅샷(아마존_K뷰티_침투분석.xlsx),2026-09-30
2023-01-31,플라이휠,Top50 순위,스킨케어|B0009RFB76,38,위,Wayback 스냅샷(아마존_K뷰티_침투분석.xlsx),2026-09-30
2023-01-31,플라이휠,Top50 순위,스킨케어|B08P25CZS3,39,위,Wayback 스냅샷(아마존_K뷰티_침투분석.xlsx),2026-09-30
2023-01-31,플라이휠,Top50 순위,스킨케어|B0B9VGZGYB,40,위,Wayback 스냅샷(아마존_K뷰티_침투분석.xlsx),2026-09-30
2023-01-31,플라이휠,Top50 순위,스킨케어|B01A74442I,41,위,Wayback 스냅샷(아마존_K뷰티_침투분석.xlsx),2026-09-30
2023-01-31,플라이휠,Top50 순위,스킨케어|B001459IEE,42,위,Wayback 스냅샷(아마존_K뷰티_침투분석.xlsx),2026-09-30
2023-01-31,플라이휠,Top50 순위,스킨케어|B000NWGCZ2,43,위,Wayback 스냅샷(아마존_K뷰티_침투분석.xlsx),2026-09-30
2023-01-31,플라이휠,Top50 순위,스킨케어|B0020VJTDG,44,위,Wayback 스냅샷(아마존_K뷰티_침투분석.xlsx),2026-09-30
2023-01-31,플라이휠,Top50 순위,스킨케어|B07P5TMHD9,45,위,Wayback 스냅샷(아마존_K뷰티_침투분석.xlsx),2026-09-30
2023-01-31,플라이휠,Top50 순위,스킨케어|B017PCGAXQ,46,위,Wayback 스냅샷(아마존_K뷰티_침투분석.xlsx),2026-09-30
2023-01-31,플라이휠,Top50 순위,스킨케어|B07YLJPMC3,47,위,Wayback 스냅샷(아마존_K뷰티_침투분석.xlsx),2026-09-30
2023-01-31,플라이휠,Top50 순위,스킨케어|B01M4NFD2N,48,위,Wayback 스냅샷(아마존_K뷰티_침투분석.xlsx),2026-09-30
2023-01-31,플라이휠,Top50 순위,스킨케어|B017PCGABI,49,위,Wayback 스냅샷(아마존_K뷰티_침투분석.xlsx),2026-09-30
2023-01-31,플라이휠,Top50 순위,스킨케어|B08628VNNK,50,위,Wayback 스냅샷(아마존_K뷰티_침투분석.xlsx),2026-09-30
2023-02-08,플라이휠,Top50 순위,스킨케어|B074PVTPBW,1,위,Wayback 스냅샷(아마존_K뷰티_침투분석.xlsx),2026-09-30
2023-02-08,플라이휠,Top50 순위,스킨케어|B00PBX3L7K,2,위,Wayback 스냅샷(아마존_K뷰티_침투분석.xlsx),2026-09-30
2023-02-08,플라이휠,Top50 순위,스킨케어|B00949CTQQ,3,위,Wayback 스냅샷(아마존_K뷰티_침투분석.xlsx),2026-09-30
2023-02-08,플라이휠,Top50 순위,스킨케어|B00TTD9BRC,4,위,Wayback 스냅샷(아마존_K뷰티_침투분석.xlsx),2026-09-30
2023-02-08,플라이휠,Top50 순위,스킨케어|B00U2VQZDS,5,위,Wayback 스냅샷(아마존_K뷰티_침투분석.xlsx),2026-09-30
2023-02-08,플라이휠,Top50 순위,스킨케어|B081KL2QYJ,6,위,Wayback 스냅샷(아마존_K뷰티_침투분석.xlsx),2026-09-30
2023-02-08,플라이휠,Top50 순위,스킨케어|B00SNPCSUY,7,위,Wayback 스냅샷(아마존_K뷰티_침투분석.xlsx),2026-09-30
2023-02-08,플라이휠,Top50 순위,스킨케어|B00F97FHAW,8,위,Wayback 스냅샷(아마존_K뷰티_침투분석.xlsx),2026-09-30
2023-02-08,플라이휠,Top50 순위,스킨케어|B00JJPMXDO,9,위,Wayback 스냅샷(아마존_K뷰티_침투분석.xlsx),2026-09-30
2023-02-08,플라이휠,Top50 순위,스킨케어|B07L1PHSY9,10,위,Wayback 스냅샷(아마존_K뷰티_침투분석.xlsx),2026-09-30
2023-02-08,플라이휠,Top50 순위,스킨케어|B079FV6PRH,11,위,Wayback 스냅샷(아마존_K뷰티_침투분석.xlsx),2026-09-30
2023-02-08,플라이휠,Top50 순위,스킨케어|B0054LHI5A,12,위,Wayback 스냅샷(아마존_K뷰티_침투분석.xlsx),2026-09-30
2023-02-08,플라이휠,Top50 순위,스킨케어|B00J1FNW28,13,위,Wayback 스냅샷(아마존_K뷰티_침투분석.xlsx),2026-09-30
2023-02-08,플라이휠,Top50 순위,스킨케어|B01M4MCUAF,14,위,Wayback 스냅샷(아마존_K뷰티_침투분석.xlsx),2026-09-30
2023-02-08,플라이휠,Top50 순위,스킨케어|B00U1YCRD8,15,위,Wayback 스냅샷(아마존_K뷰티_침투분석.xlsx),2026-09-30
2023-02-08,플라이휠,Top50 순위,스킨케어|B07RK4HST7,16,위,Wayback 스냅샷(아마존_K뷰티_침투분석.xlsx),2026-09-30
2023-02-08,플라이휠,Top50 순위,스킨케어|B01N1LL62W,17,위,Wayback 스냅샷(아마존_K뷰티_침투분석.xlsx),2026-09-30
2023-02-08,플라이휠,Top50 순위,스킨케어|B000VPPUEA,18,위,Wayback 스냅샷(아마존_K뷰티_침투분석.xlsx),2026-09-30
2023-02-08,플라이휠,Top50 순위,스킨케어|B07XXPHQZK,19,위,Wayback 스냅샷(아마존_K뷰티_침투분석.xlsx),2026-09-30
2023-02-08,플라이휠,Top50 순위,스킨케어|B07GVPQXRF,20,위,Wayback 스냅샷(아마존_K뷰티_침투분석.xlsx),2026-09-30
2023-02-08,플라이휠,Top50 순위,스킨케어|B00NR1YQHM,21,위,Wayback 스냅샷(아마존_K뷰티_침투분석.xlsx),2026-09-30
2023-02-08,플라이휠,Top50 순위,스킨케어|B074PTZCNX,22,위,Wayback 스냅샷(아마존_K뷰티_침투분석.xlsx),2026-09-30
2023-02-08,플라이휠,Top50 순위,스킨케어|B002MSN3QQ,23,위,Wayback 스냅샷(아마존_K뷰티_침투분석.xlsx),2026-09-30
2023-02-08,플라이휠,Top50 순위,스킨케어|B07B4KQVK6,24,위,Wayback 스냅샷(아마존_K뷰티_침투분석.xlsx),2026-09-30
2023-02-08,플라이휠,Top50 순위,스킨케어|B07K3261ZD,25,위,Wayback 스냅샷(아마존_K뷰티_침투분석.xlsx),2026-09-30
2023-02-08,플라이휠,Top50 순위,스킨케어|B07GKVBQDG,26,위,Wayback 스냅샷(아마존_K뷰티_침투분석.xlsx),2026-09-30
2023-02-08,플라이휠,Top50 순위,스킨케어|B07PBXXNCY,27,위,Wayback 스냅샷(아마존_K뷰티_침투분석.xlsx),2026-09-30
2023-02-08,플라이휠,Top50 순위,스킨케어|B099MSZX25,28,위,Wayback 스냅샷(아마존_K뷰티_침투분석.xlsx),2026-09-30
2023-02-08,플라이휠,Top50 순위,스킨케어|B01N7T7JKJ,29,위,Wayback 스냅샷(아마존_K뷰티_침투분석.xlsx),2026-09-30
2023-02-08,플라이휠,Top50 순위,스킨케어|B000V2FBAQ,30,위,Wayback 스냅샷(아마존_K뷰티_침투분석.xlsx),2026-09-30
2023-02-08,플라이휠,Top50 순위,스킨케어|B007HD570Q,31,위,Wayback 스냅샷(아마존_K뷰티_침투분석.xlsx),2026-09-30
2023-02-08,플라이휠,Top50 순위,스킨케어|B00F1U0YB4,32,위,Wayback 스냅샷(아마존_K뷰티_침투분석.xlsx),2026-09-30
2023-02-08,플라이휠,Top50 순위,스킨케어|B002JDUMFO,33,위,Wayback 스냅샷(아마존_K뷰티_침투분석.xlsx),2026-09-30
2023-02-08,플라이휠,Top50 순위,스킨케어|B07S3LNS1L,34,위,Wayback 스냅샷(아마존_K뷰티_침투분석.xlsx),2026-09-30
2023-02-08,플라이휠,Top50 순위,스킨케어|B00A8S6HM4,35,위,Wayback 스냅샷(아마존_K뷰티_침투분석.xlsx),2026-09-30
2023-02-08,플라이휠,Top50 순위,스킨케어|B01NCWV3KM,36,위,Wayback 스냅샷(아마존_K뷰티_침투분석.xlsx),2026-09-30
2023-02-08,플라이휠,Top50 순위,스킨케어|B09PG91V9Y,37,위,Wayback 스냅샷(아마존_K뷰티_침투분석.xlsx),2026-09-30
2023-02-08,플라이휠,Top50 순위,스킨케어|B08DG3C22G,38,위,Wayback 스냅샷(아마존_K뷰티_침투분석.xlsx),2026-09-30
2023-02-08,플라이휠,Top50 순위,스킨케어|B001459IEE,39,위,Wayback 스냅샷(아마존_K뷰티_침투분석.xlsx),2026-09-30
2023-02-08,플라이휠,Top50 순위,스킨케어|B07DY2QRF6,40,위,Wayback 스냅샷(아마존_K뷰티_침투분석.xlsx),2026-09-30
2023-02-08,플라이휠,Top50 순위,스킨케어|B07YLJPMC3,41,위,Wayback 스냅샷(아마존_K뷰티_침투분석.xlsx),2026-09-30
2023-02-08,플라이휠,Top50 순위,스킨케어|B01A74442I,42,위,Wayback 스냅샷(아마존_K뷰티_침투분석.xlsx),2026-09-30
2023-02-08,플라이휠,Top50 순위,스킨케어|B017PCGABI,43,위,Wayback 스냅샷(아마존_K뷰티_침투분석.xlsx),2026-09-30
2023-02-08,플라이휠,Top50 순위,스킨케어|B07RL88DD2,44,위,Wayback 스냅샷(아마존_K뷰티_침투분석.xlsx),2026-09-30
2023-02-08,플라이휠,Top50 순위,스킨케어|B0009RFB76,45,위,Wayback 스냅샷(아마존_K뷰티_침투분석.xlsx),2026-09-30
2023-02-08,플라이휠,Top50 순위,스킨케어|B004FHZKOA,46,위,Wayback 스냅샷(아마존_K뷰티_침투분석.xlsx),2026-09-30
2023-02-08,플라이휠,Top50 순위,스킨케어|B09JVNZVH3,47,위,Wayback 스냅샷(아마존_K뷰티_침투분석.xlsx),2026-09-30
2023-02-08,플라이휠,Top50 순위,스킨케어|B0020VJTDG,48,위,Wayback 스냅샷(아마존_K뷰티_침투분석.xlsx),2026-09-30
2023-02-08,플라이휠,Top50 순위,스킨케어|B07XJ7XWLW,49,위,Wayback 스냅샷(아마존_K뷰티_침투분석.xlsx),2026-09-30
2023-02-08,플라이휠,Top50 순위,스킨케어|B07YLKXV11,50,위,Wayback 스냅샷(아마존_K뷰티_침투분석.xlsx),2026-09-30
2023-02-15,플라이휠,Top50 순위,스킨케어|B074PVTPBW,1,위,Wayback 스냅샷(아마존_K뷰티_침투분석.xlsx),2026-09-30
2023-02-15,플라이휠,Top50 순위,스킨케어|B00TTD9BRC,2,위,Wayback 스냅샷(아마존_K뷰티_침투분석.xlsx),2026-09-30
2023-02-15,플라이휠,Top50 순위,스킨케어|B00U2VQZDS,3,위,Wayback 스냅샷(아마존_K뷰티_침투분석.xlsx),2026-09-30
2023-02-15,플라이휠,Top50 순위,스킨케어|B00949CTQQ,4,위,Wayback 스냅샷(아마존_K뷰티_침투분석.xlsx),2026-09-30
2023-02-15,플라이휠,Top50 순위,스킨케어|B00PBX3L7K,5,위,Wayback 스냅샷(아마존_K뷰티_침투분석.xlsx),2026-09-30
2023-02-15,플라이휠,Top50 순위,스킨케어|B07L1PHSY9,6,위,Wayback 스냅샷(아마존_K뷰티_침투분석.xlsx),2026-09-30
2023-02-15,플라이휠,Top50 순위,스킨케어|B079FV6PRH,7,위,Wayback 스냅샷(아마존_K뷰티_침투분석.xlsx),2026-09-30
2023-02-15,플라이휠,Top50 순위,스킨케어|B00F97FHAW,8,위,Wayback 스냅샷(아마존_K뷰티_침투분석.xlsx),2026-09-30
2023-02-15,플라이휠,Top50 순위,스킨케어|B00JJPMXDO,9,위,Wayback 스냅샷(아마존_K뷰티_침투분석.xlsx),2026-09-30
2023-02-15,플라이휠,Top50 순위,스킨케어|B01M4MCUAF,10,위,Wayback 스냅샷(아마존_K뷰티_침투분석.xlsx),2026-09-30
2023-02-15,플라이휠,Top50 순위,스킨케어|B0054LHI5A,11,위,Wayback 스냅샷(아마존_K뷰티_침투분석.xlsx),2026-09-30
2023-02-15,플라이휠,Top50 순위,스킨케어|B00U1YCRD8,12,위,Wayback 스냅샷(아마존_K뷰티_침투분석.xlsx),2026-09-30
2023-02-15,플라이휠,Top50 순위,스킨케어|B00SNPCSUY,13,위,Wayback 스냅샷(아마존_K뷰티_침투분석.xlsx),2026-09-30
2023-02-15,플라이휠,Top50 순위,스킨케어|B00MEDOY2G,14,위,Wayback 스냅샷(아마존_K뷰티_침투분석.xlsx),2026-09-30
2023-02-15,플라이휠,Top50 순위,스킨케어|B07B4KQVK6,15,위,Wayback 스냅샷(아마존_K뷰티_침투분석.xlsx),2026-09-30
2023-02-15,플라이휠,Top50 순위,스킨케어|B00NR1YQHM,16,위,Wayback 스냅샷(아마존_K뷰티_침투분석.xlsx),2026-09-30
2023-02-15,플라이휠,Top50 순위,스킨케어|B081KL2QYJ,17,위,Wayback 스냅샷(아마존_K뷰티_침투분석.xlsx),2026-09-30
2023-02-15,플라이휠,Top50 순위,스킨케어|B01N1LL62W,18,위,Wayback 스냅샷(아마존_K뷰티_침투분석.xlsx),2026-09-30
2023-02-15,플라이휠,Top50 순위,스킨케어|B07RK4HST7,19,위,Wayback 스냅샷(아마존_K뷰티_침투분석.xlsx),2026-09-30
2023-02-15,플라이휠,Top50 순위,스킨케어|B07XXPHQZK,20,위,Wayback 스냅샷(아마존_K뷰티_침투분석.xlsx),2026-09-30
2023-02-15,플라이휠,Top50 순위,스킨케어|B002MSN3QQ,21,위,Wayback 스냅샷(아마존_K뷰티_침투분석.xlsx),2026-09-30
2023-02-15,플라이휠,Top50 순위,스킨케어|B07PBXXNCY,22,위,Wayback 스냅샷(아마존_K뷰티_침투분석.xlsx),2026-09-30
2023-02-15,플라이휠,Top50 순위,스킨케어|B099MSZX25,23,위,Wayback 스냅샷(아마존_K뷰티_침투분석.xlsx),2026-09-30
2023-02-15,플라이휠,Top50 순위,스킨케어|B07GVVLSG3,24,위,Wayback 스냅샷(아마존_K뷰티_침투분석.xlsx),2026-09-30
2023-02-15,플라이휠,Top50 순위,스킨케어|B00R1P82UW,25,위,Wayback 스냅샷(아마존_K뷰티_침투분석.xlsx),2026-09-30
2023-02-15,플라이휠,Top50 순위,스킨케어|B07TJG79HP,26,위,Wayback 스냅샷(아마존_K뷰티_침투분석.xlsx),2026-09-30
2023-02-15,플라이휠,Top50 순위,스킨케어|B07GKVBQDG,27,위,Wayback 스냅샷(아마존_K뷰티_침투분석.xlsx),2026-09-30
2023-02-15,플라이휠,Top50 순위,스킨케어|B07K3261ZD,28,위,Wayback 스냅샷(아마존_K뷰티_침투분석.xlsx),2026-09-30
2023-02-15,플라이휠,Top50 순위,스킨케어|B00F1U0YB4,29,위,Wayback 스냅샷(아마존_K뷰티_침투분석.xlsx),2026-09-30
2023-02-15,플라이휠,Top50 순위,스킨케어|B07G1VKCND,30,위,Wayback 스냅샷(아마존_K뷰티_침투분석.xlsx),2026-09-30
2023-02-15,플라이휠,Top50 순위,스킨케어|B00A8S6HM4,31,위,Wayback 스냅샷(아마존_K뷰티_침투분석.xlsx),2026-09-30
2023-02-15,플라이휠,Top50 순위,스킨케어|B01N7T7JKJ,32,위,Wayback 스냅샷(아마존_K뷰티_침투분석.xlsx),2026-09-30
2023-02-15,플라이휠,Top50 순위,스킨케어|B09PG91V9Y,33,위,Wayback 스냅샷(아마존_K뷰티_침투분석.xlsx),2026-09-30
2023-02-15,플라이휠,Top50 순위,스킨케어|B076DSBHD1,34,위,Wayback 스냅샷(아마존_K뷰티_침투분석.xlsx),2026-09-30
2023-02-15,플라이휠,Top50 순위,스킨케어|B01M4NFD2N,35,위,Wayback 스냅샷(아마존_K뷰티_침투분석.xlsx),2026-09-30
2023-02-15,플라이휠,Top50 순위,스킨케어|B004FHZKOA,36,위,Wayback 스냅샷(아마존_K뷰티_침투분석.xlsx),2026-09-30
2023-02-15,플라이휠,Top50 순위,스킨케어|B07YLKXV11,37,위,Wayback 스냅샷(아마존_K뷰티_침투분석.xlsx),2026-09-30
2023-02-15,플라이휠,Top50 순위,스킨케어|B001459IEE,38,위,Wayback 스냅샷(아마존_K뷰티_침투분석.xlsx),2026-09-30
2023-02-15,플라이휠,Top50 순위,스킨케어|B000NWGCZ2,39,위,Wayback 스냅샷(아마존_K뷰티_침투분석.xlsx),2026-09-30
2023-02-15,플라이휠,Top50 순위,스킨케어|B0949N6XK7,40,위,Wayback 스냅샷(아마존_K뷰티_침투분석.xlsx),2026-09-30
2023-02-15,플라이휠,Top50 순위,스킨케어|B07YLJPMC3,41,위,Wayback 스냅샷(아마존_K뷰티_침투분석.xlsx),2026-09-30
2023-02-15,플라이휠,Top50 순위,스킨케어|B01NCWV3KM,42,위,Wayback 스냅샷(아마존_K뷰티_침투분석.xlsx),2026-09-30
2023-02-15,플라이휠,Top50 순위,스킨케어|B074PTZCNX,43,위,Wayback 스냅샷(아마존_K뷰티_침투분석.xlsx),2026-09-30
2023-02-15,플라이휠,Top50 순위,스킨케어|B00X6ZNWG0,44,위,Wayback 스냅샷(아마존_K뷰티_침투분석.xlsx),2026-09-30
2023-02-15,플라이휠,Top50 순위,스킨케어|B017PCGABI,45,위,Wayback 스냅샷(아마존_K뷰티_침투분석.xlsx),2026-09-30
2023-02-15,플라이휠,Top50 순위,스킨케어|B07RL88DD2,46,위,Wayback 스냅샷(아마존_K뷰티_침투분석.xlsx),2026-09-30
2023-02-15,플라이휠,Top50 순위,스킨케어|B00027DMSI,47,위,Wayback 스냅샷(아마존_K뷰티_침투분석.xlsx),2026-09-30
2023-02-15,플라이휠,Top50 순위,스킨케어|B0020VJTDG,48,위,Wayback 스냅샷(아마존_K뷰티_침투분석.xlsx),2026-09-30
2023-02-15,플라이휠,Top50 순위,스킨케어|B09JVNZVH3,49,위,Wayback 스냅샷(아마존_K뷰티_침투분석.xlsx),2026-09-30
2023-02-15,플라이휠,Top50 순위,스킨케어|B002JDUMFO,50,위,Wayback 스냅샷(아마존_K뷰티_침투분석.xlsx),2026-09-30
2023-05-25,플라이휠,Top50 순위,스킨케어|B074PVTPBW,1,위,Wayback 스냅샷(아마존_K뷰티_침투분석.xlsx),2026-09-30
2023-05-25,플라이휠,Top50 순위,스킨케어|B00U2VQZDS,2,위,Wayback 스냅샷(아마존_K뷰티_침투분석.xlsx),2026-09-30
2023-05-25,플라이휠,Top50 순위,스킨케어|B00F1U0YB4,3,위,Wayback 스냅샷(아마존_K뷰티_침투분석.xlsx),2026-09-30
2023-05-25,플라이휠,Top50 순위,스킨케어|B00MEDOY2G,4,위,Wayback 스냅샷(아마존_K뷰티_침투분석.xlsx),2026-09-30
2023-05-25,플라이휠,Top50 순위,스킨케어|B00TTD9BRC,5,위,Wayback 스냅샷(아마존_K뷰티_침투분석.xlsx),2026-09-30
2023-05-25,플라이휠,Top50 순위,스킨케어|B002MSN3QQ,6,위,Wayback 스냅샷(아마존_K뷰티_침투분석.xlsx),2026-09-30
2023-05-25,플라이휠,Top50 순위,스킨케어|B081KL2QYJ,7,위,Wayback 스냅샷(아마존_K뷰티_침투분석.xlsx),2026-09-30
2023-05-25,플라이휠,Top50 순위,스킨케어|B00949CTQQ,8,위,Wayback 스냅샷(아마존_K뷰티_침투분석.xlsx),2026-09-30
2023-05-25,플라이휠,Top50 순위,스킨케어|B00PBX3L7K,9,위,Wayback 스냅샷(아마존_K뷰티_침투분석.xlsx),2026-09-30
2023-05-25,플라이휠,Top50 순위,스킨케어|B07L1PHSY9,10,위,Wayback 스냅샷(아마존_K뷰티_침투분석.xlsx),2026-09-30
2023-05-25,플라이휠,Top50 순위,스킨케어|B07YLKXV11,11,위,Wayback 스냅샷(아마존_K뷰티_침투분석.xlsx),2026-09-30
2023-05-25,플라이휠,Top50 순위,스킨케어|B00NR1YQHM,12,위,Wayback 스냅샷(아마존_K뷰티_침투분석.xlsx),2026-09-30
2023-05-25,플라이휠,Top50 순위,스킨케어|B00R602KOQ,13,위,Wayback 스냅샷(아마존_K뷰티_침투분석.xlsx),2026-09-30
2023-05-25,플라이휠,Top50 순위,스킨케어|B07PBXXNCY,14,위,Wayback 스냅샷(아마존_K뷰티_침투분석.xlsx),2026-09-30
2023-05-25,플라이휠,Top50 순위,스킨케어|B01M4MCUAF,15,위,Wayback 스냅샷(아마존_K뷰티_침투분석.xlsx),2026-09-30
2023-05-25,플라이휠,Top50 순위,스킨케어|B07RK4HST7,16,위,Wayback 스냅샷(아마존_K뷰티_침투분석.xlsx),2026-09-30
2023-05-25,플라이휠,Top50 순위,스킨케어|B004XGPM32,17,위,Wayback 스냅샷(아마존_K뷰티_침투분석.xlsx),2026-09-30
2023-05-25,플라이휠,Top50 순위,스킨케어|B07B4KQVK6,18,위,Wayback 스냅샷(아마존_K뷰티_침투분석.xlsx),2026-09-30
2023-05-25,플라이휠,Top50 순위,스킨케어|B005IHT94S,19,위,Wayback 스냅샷(아마존_K뷰티_침투분석.xlsx),2026-09-30
2023-05-25,플라이휠,Top50 순위,스킨케어|B09Y4HHY1P,20,위,Wayback 스냅샷(아마존_K뷰티_침투분석.xlsx),2026-09-30
2023-05-25,플라이휠,Top50 순위,스킨케어|B01N7T7JKJ,21,위,Wayback 스냅샷(아마존_K뷰티_침투분석.xlsx),2026-09-30
2023-05-25,플라이휠,Top50 순위,스킨케어|B004CDQ73K,22,위,Wayback 스냅샷(아마존_K뷰티_침투분석.xlsx),2026-09-30
2023-05-25,플라이휠,Top50 순위,스킨케어|B00R1P82UW,23,위,Wayback 스냅샷(아마존_K뷰티_침투분석.xlsx),2026-09-30
2023-05-25,플라이휠,Top50 순위,스킨케어|B083VY5GVN,24,위,Wayback 스냅샷(아마존_K뷰티_침투분석.xlsx),2026-09-30
2023-05-25,플라이휠,Top50 순위,스킨케어|B0054LHI5A,25,위,Wayback 스냅샷(아마존_K뷰티_침투분석.xlsx),2026-09-30
2023-05-25,플라이휠,Top50 순위,스킨케어|B004XGLDTY,26,위,Wayback 스냅샷(아마존_K뷰티_침투분석.xlsx),2026-09-30
2023-05-25,플라이휠,Top50 순위,스킨케어|B01N9SPQHQ,27,위,Wayback 스냅샷(아마존_K뷰티_침투분석.xlsx),2026-09-30
2023-05-25,플라이휠,Top50 순위,스킨케어|B007HD570Q,28,위,Wayback 스냅샷(아마존_K뷰티_침투분석.xlsx),2026-09-30
2023-05-25,플라이휠,Top50 순위,스킨케어|B01N34XW93,29,위,Wayback 스냅샷(아마존_K뷰티_침투분석.xlsx),2026-09-30
2023-05-25,플라이휠,Top50 순위,스킨케어|B09HHBZX91,30,위,Wayback 스냅샷(아마존_K뷰티_침투분석.xlsx),2026-09-30
2023-05-25,플라이휠,Top50 순위,스킨케어|B00J5KDCO2,31,위,Wayback 스냅샷(아마존_K뷰티_침투분석.xlsx),2026-09-30
2023-05-25,플라이휠,Top50 순위,스킨케어|B01MQXX9US,32,위,Wayback 스냅샷(아마존_K뷰티_침투분석.xlsx),2026-09-30
2023-05-25,플라이휠,Top50 순위,스킨케어|B0742LSPL2,33,위,Wayback 스냅샷(아마존_K뷰티_침투분석.xlsx),2026-09-30
2023-05-25,플라이휠,Top50 순위,스킨케어|B007VC9DKI,34,위,Wayback 스냅샷(아마존_K뷰티_침투분석.xlsx),2026-09-30
2023-05-25,플라이휠,Top50 순위,스킨케어|B00NR1YQK4,35,위,Wayback 스냅샷(아마존_K뷰티_침투분석.xlsx),2026-09-30
2023-05-25,플라이휠,Top50 순위,스킨케어|B01EXQ582Q,36,위,Wayback 스냅샷(아마존_K뷰티_침투분석.xlsx),2026-09-30
2023-05-25,플라이휠,Top50 순위,스킨케어|B00ZPWR0N8,37,위,Wayback 스냅샷(아마존_K뷰티_침투분석.xlsx),2026-09-30
2023-05-25,플라이휠,Top50 순위,스킨케어|B076GZX3KL,38,위,Wayback 스냅샷(아마존_K뷰티_침투분석.xlsx),2026-09-30
2023-05-25,플라이휠,Top50 순위,스킨케어|B072KGPLX6,39,위,Wayback 스냅샷(아마존_K뷰티_침투분석.xlsx),2026-09-30
2023-05-25,플라이휠,Top50 순위,스킨케어|B07G1VKCND,40,위,Wayback 스냅샷(아마존_K뷰티_침투분석.xlsx),2026-09-30
2023-05-25,플라이휠,Top50 순위,스킨케어|B01M4NFD2N,41,위,Wayback 스냅샷(아마존_K뷰티_침투분석.xlsx),2026-09-30
2023-05-25,플라이휠,Top50 순위,스킨케어|B002JDUMFO,42,위,Wayback 스냅샷(아마존_K뷰티_침투분석.xlsx),2026-09-30
2023-05-25,플라이휠,Top50 순위,스킨케어|B08CFVM1TT,43,위,Wayback 스냅샷(아마존_K뷰티_침투분석.xlsx),2026-09-30
2023-05-25,플라이휠,Top50 순위,스킨케어|B079FV6PRH,44,위,Wayback 스냅샷(아마존_K뷰티_침투분석.xlsx),2026-09-30
2023-05-25,플라이휠,Top50 순위,스킨케어|B01MSSDEPK,45,위,Wayback 스냅샷(아마존_K뷰티_침투분석.xlsx),2026-09-30
2023-05-25,플라이휠,Top50 순위,스킨케어|B07NHZP4FW,46,위,Wayback 스냅샷(아마존_K뷰티_침투분석.xlsx),2026-09-30
2023-05-25,플라이휠,Top50 순위,스킨케어|B00DI9IIEK,47,위,Wayback 스냅샷(아마존_K뷰티_침투분석.xlsx),2026-09-30
2023-05-25,플라이휠,Top50 순위,스킨케어|B01MG4PSK4,48,위,Wayback 스냅샷(아마존_K뷰티_침투분석.xlsx),2026-09-30
2023-05-25,플라이휠,Top50 순위,스킨케어|B09MFMCTRK,49,위,Wayback 스냅샷(아마존_K뷰티_침투분석.xlsx),2026-09-30
2023-05-25,플라이휠,Top50 순위,스킨케어|B000NWGCZ2,50,위,Wayback 스냅샷(아마존_K뷰티_침투분석.xlsx),2026-09-30
2023-09-22,플라이휠,Top50 순위,스킨케어|B00PBX3L7K,1,위,Wayback 스냅샷(아마존_K뷰티_침투분석.xlsx),2026-09-30
2023-09-22,플라이휠,Top50 순위,스킨케어|B074PVTPBW,2,위,Wayback 스냅샷(아마존_K뷰티_침투분석.xlsx),2026-09-30
2023-09-22,플라이휠,Top50 순위,스킨케어|B00262227E,3,위,Wayback 스냅샷(아마존_K뷰티_침투분석.xlsx),2026-09-30
2023-09-22,플라이휠,Top50 순위,스킨케어|B00U2VQZDS,4,위,Wayback 스냅샷(아마존_K뷰티_침투분석.xlsx),2026-09-30
2023-09-22,플라이휠,Top50 순위,스킨케어|B081KL2QYJ,5,위,Wayback 스냅샷(아마존_K뷰티_침투분석.xlsx),2026-09-30
2023-09-22,플라이휠,Top50 순위,스킨케어|B00TTD9BRC,6,위,Wayback 스냅샷(아마존_K뷰티_침투분석.xlsx),2026-09-30
2023-09-22,플라이휠,Top50 순위,스킨케어|B07PBXXNCY,7,위,Wayback 스냅샷(아마존_K뷰티_침투분석.xlsx),2026-09-30
2023-09-22,플라이휠,Top50 순위,스킨케어|B00MEDOY2G,8,위,Wayback 스냅샷(아마존_K뷰티_침투분석.xlsx),2026-09-30
2023-09-22,플라이휠,Top50 순위,스킨케어|B00949CTQQ,9,위,Wayback 스냅샷(아마존_K뷰티_침투분석.xlsx),2026-09-30
2023-09-22,플라이휠,Top50 순위,스킨케어|B01N9SPQHQ,10,위,Wayback 스냅샷(아마존_K뷰티_침투분석.xlsx),2026-09-30
2023-09-22,플라이휠,Top50 순위,스킨케어|B01MSSDEPK,11,위,Wayback 스냅샷(아마존_K뷰티_침투분석.xlsx),2026-09-30
2023-09-22,플라이휠,Top50 순위,스킨케어|B00F97FHAW,12,위,Wayback 스냅샷(아마존_K뷰티_침투분석.xlsx),2026-09-30
2023-09-22,플라이휠,Top50 순위,스킨케어|B079FV6PRH,13,위,Wayback 스냅샷(아마존_K뷰티_침투분석.xlsx),2026-09-30
2023-09-22,플라이휠,Top50 순위,스킨케어|B09MFMCTRK,14,위,Wayback 스냅샷(아마존_K뷰티_침투분석.xlsx),2026-09-30
2023-09-22,플라이휠,Top50 순위,스킨케어|B07VWSN95S,15,위,Wayback 스냅샷(아마존_K뷰티_침투분석.xlsx),2026-09-30
2023-09-22,플라이휠,Top50 순위,스킨케어|B00365DABC,16,위,Wayback 스냅샷(아마존_K뷰티_침투분석.xlsx),2026-09-30
2023-09-22,플라이휠,Top50 순위,스킨케어|B089WRB791,17,위,Wayback 스냅샷(아마존_K뷰티_침투분석.xlsx),2026-09-30
2023-09-22,플라이휠,Top50 순위,스킨케어|B07B4KQVK6,18,위,Wayback 스냅샷(아마존_K뷰티_침투분석.xlsx),2026-09-30
2023-09-22,플라이휠,Top50 순위,스킨케어|B0020VJTDG,19,위,Wayback 스냅샷(아마존_K뷰티_침투분석.xlsx),2026-09-30
2023-09-22,플라이휠,Top50 순위,스킨케어|B002MSN3QQ,20,위,Wayback 스냅샷(아마존_K뷰티_침투분석.xlsx),2026-09-30
2023-09-22,플라이휠,Top50 순위,스킨케어|B01N1LL62W,21,위,Wayback 스냅샷(아마존_K뷰티_침투분석.xlsx),2026-09-30
2023-09-22,플라이휠,Top50 순위,스킨케어|B07L1PHSY9,22,위,Wayback 스냅샷(아마존_K뷰티_침투분석.xlsx),2026-09-30
2023-09-22,플라이휠,Top50 순위,스킨케어|B00SNPCSUY,23,위,Wayback 스냅샷(아마존_K뷰티_침투분석.xlsx),2026-09-30
2023-09-22,플라이휠,Top50 순위,스킨케어|B00U1YCRD8,24,위,Wayback 스냅샷(아마존_K뷰티_침투분석.xlsx),2026-09-30
2023-09-22,플라이휠,Top50 순위,스킨케어|B00MUEFG1C,25,위,Wayback 스냅샷(아마존_K뷰티_침투분석.xlsx),2026-09-30
2023-09-22,플라이휠,Top50 순위,스킨케어|B000GG64O4,26,위,Wayback 스냅샷(아마존_K뷰티_침투분석.xlsx),2026-09-30
2023-09-22,플라이휠,Top50 순위,스킨케어|B006IB5T4W,27,위,Wayback 스냅샷(아마존_K뷰티_침투분석.xlsx),2026-09-30
2023-09-22,플라이휠,Top50 순위,스킨케어|B0BVBYQGTW,28,위,Wayback 스냅샷(아마존_K뷰티_침투분석.xlsx),2026-09-30
2023-09-22,플라이휠,Top50 순위,스킨케어|B01LEJ5MSK,29,위,Wayback 스냅샷(아마존_K뷰티_침투분석.xlsx),2026-09-30
2023-09-22,플라이휠,Top50 순위,스킨케어|B01N34XW93,30,위,Wayback 스냅샷(아마존_K뷰티_침투분석.xlsx),2026-09-30
2023-09-22,플라이휠,Top50 순위,스킨케어|B09Y4HHY1P,31,위,Wayback 스냅샷(아마존_K뷰티_침투분석.xlsx),2026-09-30
2023-09-22,플라이휠,Top50 순위,스킨케어|B00JJPMXDO,32,위,Wayback 스냅샷(아마존_K뷰티_침투분석.xlsx),2026-09-30
2023-09-22,플라이휠,Top50 순위,스킨케어|B07RK4HST7,33,위,Wayback 스냅샷(아마존_K뷰티_침투분석.xlsx),2026-09-30
2023-09-22,플라이휠,Top50 순위,스킨케어|B001ET7IQK,34,위,Wayback 스냅샷(아마존_K뷰티_침투분석.xlsx),2026-09-30
2023-09-22,플라이휠,Top50 순위,스킨케어|B07G1VKCND,35,위,Wayback 스냅샷(아마존_K뷰티_침투분석.xlsx),2026-09-30
2023-09-22,플라이휠,Top50 순위,스킨케어|B00NR1YQHM,36,위,Wayback 스냅샷(아마존_K뷰티_침투분석.xlsx),2026-09-30
2023-09-22,플라이휠,Top50 순위,스킨케어|B000VPPUEA,37,위,Wayback 스냅샷(아마존_K뷰티_침투분석.xlsx),2026-09-30
2023-09-22,플라이휠,Top50 순위,스킨케어|B00JPLMD00,38,위,Wayback 스냅샷(아마존_K뷰티_침투분석.xlsx),2026-09-30
2023-09-22,플라이휠,Top50 순위,스킨케어|B07RB6TNGN,39,위,Wayback 스냅샷(아마존_K뷰티_침투분석.xlsx),2026-09-30
2023-09-22,플라이휠,Top50 순위,스킨케어|B007HD570Q,40,위,Wayback 스냅샷(아마존_K뷰티_침투분석.xlsx),2026-09-30
2023-09-22,플라이휠,Top50 순위,스킨케어|B01N7T7JKJ,41,위,Wayback 스냅샷(아마존_K뷰티_침투분석.xlsx),2026-09-30
2023-09-22,플라이휠,Top50 순위,스킨케어|B07YLJPMC3,42,위,Wayback 스냅샷(아마존_K뷰티_침투분석.xlsx),2026-09-30
2023-09-22,플라이휠,Top50 순위,스킨케어|B0034F9K36,43,위,Wayback 스냅샷(아마존_K뷰티_침투분석.xlsx),2026-09-30
2023-09-22,플라이휠,Top50 순위,스킨케어|B01M4MCUAF,44,위,Wayback 스냅샷(아마존_K뷰티_침투분석.xlsx),2026-09-30
2023-09-22,플라이휠,Top50 순위,스킨케어|B08DG3C22G,45,위,Wayback 스냅샷(아마존_K뷰티_침투분석.xlsx),2026-09-30
2023-09-22,플라이휠,Top50 순위,스킨케어|B0BBSP2JNQ,46,위,Wayback 스냅샷(아마존_K뷰티_침투분석.xlsx),2026-09-30
2023-09-22,플라이휠,Top50 순위,스킨케어|B08628VNNK,47,위,Wayback 스냅샷(아마존_K뷰티_침투분석.xlsx),2026-09-30
2023-09-22,플라이휠,Top50 순위,스킨케어|B07YLKXV11,48,위,Wayback 스냅샷(아마존_K뷰티_침투분석.xlsx),2026-09-30
2023-09-22,플라이휠,Top50 순위,스킨케어|B08CMS8P67,49,위,Wayback 스냅샷(아마존_K뷰티_침투분석.xlsx),2026-09-30
2023-09-22,플라이휠,Top50 순위,스킨케어|B08BW46XXK,50,위,Wayback 스냅샷(아마존_K뷰티_침투분석.xlsx),2026-09-30
2023-11-25,플라이휠,Top50 순위,스킨케어|B00PBX3L7K,1,위,Wayback 스냅샷(아마존_K뷰티_침투분석.xlsx),2026-09-30
2023-11-25,플라이휠,Top50 순위,스킨케어|B074PVTPBW,2,위,Wayback 스냅샷(아마존_K뷰티_침투분석.xlsx),2026-09-30
2023-11-25,플라이휠,Top50 순위,스킨케어|B01LEJ5MSK,3,위,Wayback 스냅샷(아마존_K뷰티_침투분석.xlsx),2026-09-30
2023-11-25,플라이휠,Top50 순위,스킨케어|B09ZVMMR3V,4,위,Wayback 스냅샷(아마존_K뷰티_침투분석.xlsx),2026-09-30
2023-11-25,플라이휠,Top50 순위,스킨케어|B004EDWMBO,5,위,Wayback 스냅샷(아마존_K뷰티_침투분석.xlsx),2026-09-30
2023-11-25,플라이휠,Top50 순위,스킨케어|B07PBXXNCY,6,위,Wayback 스냅샷(아마존_K뷰티_침투분석.xlsx),2026-09-30
2023-11-25,플라이휠,Top50 순위,스킨케어|B07DY2QRF6,7,위,Wayback 스냅샷(아마존_K뷰티_침투분석.xlsx),2026-09-30
2023-11-25,플라이휠,Top50 순위,스킨케어|B09CLLD99K,8,위,Wayback 스냅샷(아마존_K뷰티_침투분석.xlsx),2026-09-30
2023-11-25,플라이휠,Top50 순위,스킨케어|B00949CTQQ,9,위,Wayback 스냅샷(아마존_K뷰티_침투분석.xlsx),2026-09-30
2023-11-25,플라이휠,Top50 순위,스킨케어|B07XXPHQZK,10,위,Wayback 스냅샷(아마존_K뷰티_침투분석.xlsx),2026-09-30
2023-11-25,플라이휠,Top50 순위,스킨케어|B0BN2PX8V3,11,위,Wayback 스냅샷(아마존_K뷰티_침투분석.xlsx),2026-09-30
2023-11-25,플라이휠,Top50 순위,스킨케어|B0B4HKNDLQ,12,위,Wayback 스냅샷(아마존_K뷰티_침투분석.xlsx),2026-09-30
2023-11-25,플라이휠,Top50 순위,스킨케어|B08CMS8P67,13,위,Wayback 스냅샷(아마존_K뷰티_침투분석.xlsx),2026-09-30
2023-11-25,플라이휠,Top50 순위,스킨케어|B00MEDOY2G,14,위,Wayback 스냅샷(아마존_K뷰티_침투분석.xlsx),2026-09-30
2023-11-25,플라이휠,Top50 순위,스킨케어|B0BBSP2JNQ,15,위,Wayback 스냅샷(아마존_K뷰티_침투분석.xlsx),2026-09-30
2023-11-25,플라이휠,Top50 순위,스킨케어|B00U2VQZDS,16,위,Wayback 스냅샷(아마존_K뷰티_침투분석.xlsx),2026-09-30
2023-11-25,플라이휠,Top50 순위,스킨케어|B01N9SPQHQ,17,위,Wayback 스냅샷(아마존_K뷰티_침투분석.xlsx),2026-09-30
2023-11-25,플라이휠,Top50 순위,스킨케어|B01EKUBU5Y,18,위,Wayback 스냅샷(아마존_K뷰티_침투분석.xlsx),2026-09-30
2023-11-25,플라이휠,Top50 순위,스킨케어|B08DG3C22G,19,위,Wayback 스냅샷(아마존_K뷰티_침투분석.xlsx),2026-09-30
2023-11-25,플라이휠,Top50 순위,스킨케어|B07PR467S5,20,위,Wayback 스냅샷(아마존_K뷰티_침투분석.xlsx),2026-09-30
2023-11-25,플라이휠,Top50 순위,스킨케어|B07B4KQVK6,21,위,Wayback 스냅샷(아마존_K뷰티_침투분석.xlsx),2026-09-30
2023-11-25,플라이휠,Top50 순위,스킨케어|B07N93XF4Z,22,위,Wayback 스냅샷(아마존_K뷰티_침투분석.xlsx),2026-09-30
2023-11-25,플라이휠,Top50 순위,스킨케어|B081KL2QYJ,23,위,Wayback 스냅샷(아마존_K뷰티_침투분석.xlsx),2026-09-30
2023-11-25,플라이휠,Top50 순위,스킨케어|B099MSZX25,24,위,Wayback 스냅샷(아마존_K뷰티_침투분석.xlsx),2026-09-30
2023-11-25,플라이휠,Top50 순위,스킨케어|B09MFMCTRK,25,위,Wayback 스냅샷(아마존_K뷰티_침투분석.xlsx),2026-09-30
2023-11-25,플라이휠,Top50 순위,스킨케어|B09N7Z6KRW,26,위,Wayback 스냅샷(아마존_K뷰티_침투분석.xlsx),2026-09-30
2023-11-25,플라이휠,Top50 순위,스킨케어|B09ZYB8S31,27,위,Wayback 스냅샷(아마존_K뷰티_침투분석.xlsx),2026-09-30
2023-11-25,플라이휠,Top50 순위,스킨케어|B00TTD9BRC,28,위,Wayback 스냅샷(아마존_K뷰티_침투분석.xlsx),2026-09-30
2023-11-25,플라이휠,Top50 순위,스킨케어|B08KT2Z93D,29,위,Wayback 스냅샷(아마존_K뷰티_침투분석.xlsx),2026-09-30
2023-11-25,플라이휠,Top50 순위,스킨케어|B002LC9OES,30,위,Wayback 스냅샷(아마존_K뷰티_침투분석.xlsx),2026-09-30
2023-11-25,플라이휠,Top50 순위,스킨케어|B07HG11ZR6,31,위,Wayback 스냅샷(아마존_K뷰티_침투분석.xlsx),2026-09-30
2023-11-25,플라이휠,Top50 순위,스킨케어|B0BD4PPRP3,32,위,Wayback 스냅샷(아마존_K뷰티_침투분석.xlsx),2026-09-30
2023-11-25,플라이휠,Top50 순위,스킨케어|B086VKZZZY,33,위,Wayback 스냅샷(아마존_K뷰티_침투분석.xlsx),2026-09-30
2023-11-25,플라이휠,Top50 순위,스킨케어|B07RK4HST7,34,위,Wayback 스냅샷(아마존_K뷰티_침투분석.xlsx),2026-09-30
2023-11-25,플라이휠,Top50 순위,스킨케어|B07K23HV61,35,위,Wayback 스냅샷(아마존_K뷰티_침투분석.xlsx),2026-09-30
2023-11-25,플라이휠,Top50 순위,스킨케어|B00CXK623E,36,위,Wayback 스냅샷(아마존_K뷰티_침투분석.xlsx),2026-09-30
2023-11-25,플라이휠,Top50 순위,스킨케어|B014E2D6BY,37,위,Wayback 스냅샷(아마존_K뷰티_침투분석.xlsx),2026-09-30
2023-11-25,플라이휠,Top50 순위,스킨케어|B07G1VKCND,38,위,Wayback 스냅샷(아마존_K뷰티_침투분석.xlsx),2026-09-30
2023-11-25,플라이휠,Top50 순위,스킨케어|B014SAB948,39,위,Wayback 스냅샷(아마존_K뷰티_침투분석.xlsx),2026-09-30
2023-11-25,플라이휠,Top50 순위,스킨케어|B00SNPCSUY,40,위,Wayback 스냅샷(아마존_K뷰티_침투분석.xlsx),2026-09-30
2023-11-25,플라이휠,Top50 순위,스킨케어|B01MSSDEPK,41,위,Wayback 스냅샷(아마존_K뷰티_침투분석.xlsx),2026-09-30
2023-11-25,플라이휠,Top50 순위,스킨케어|B01N7T7JKJ,42,위,Wayback 스냅샷(아마존_K뷰티_침투분석.xlsx),2026-09-30
2023-11-25,플라이휠,Top50 순위,스킨케어|B002MSN3QQ,43,위,Wayback 스냅샷(아마존_K뷰티_침투분석.xlsx),2026-09-30
2023-11-25,플라이휠,Top50 순위,스킨케어|B07XC569XF,44,위,Wayback 스냅샷(아마존_K뷰티_침투분석.xlsx),2026-09-30
2023-11-25,플라이휠,Top50 순위,스킨케어|B07L1PHSY9,45,위,Wayback 스냅샷(아마존_K뷰티_침투분석.xlsx),2026-09-30
2023-11-25,플라이휠,Top50 순위,스킨케어|B07VWSN95S,46,위,Wayback 스냅샷(아마존_K뷰티_침투분석.xlsx),2026-09-30
2023-11-25,플라이휠,Top50 순위,스킨케어|B00BDPG3HK,47,위,Wayback 스냅샷(아마존_K뷰티_침투분석.xlsx),2026-09-30
2023-11-25,플라이휠,Top50 순위,스킨케어|B08ZXVVY8M,48,위,Wayback 스냅샷(아마존_K뷰티_침투분석.xlsx),2026-09-30
2023-11-25,플라이휠,Top50 순위,스킨케어|B09ZVN2RX3,49,위,Wayback 스냅샷(아마존_K뷰티_침투분석.xlsx),2026-09-30
2023-11-25,플라이휠,Top50 순위,스킨케어|B0B4V88LMC,50,위,Wayback 스냅샷(아마존_K뷰티_침투분석.xlsx),2026-09-30
2023-12-02,플라이휠,Top50 순위,스킨케어|B00PBX3L7K,1,위,Wayback 스냅샷(아마존_K뷰티_침투분석.xlsx),2026-09-30
2023-12-02,플라이휠,Top50 순위,스킨케어|B074PVTPBW,2,위,Wayback 스냅샷(아마존_K뷰티_침투분석.xlsx),2026-09-30
2023-12-02,플라이휠,Top50 순위,스킨케어|B0054LHI5A,3,위,Wayback 스냅샷(아마존_K뷰티_침투분석.xlsx),2026-09-30
2023-12-02,플라이휠,Top50 순위,스킨케어|B07XXPHQZK,4,위,Wayback 스냅샷(아마존_K뷰티_침투분석.xlsx),2026-09-30
2023-12-02,플라이휠,Top50 순위,스킨케어|B004EDWMBO,5,위,Wayback 스냅샷(아마존_K뷰티_침투분석.xlsx),2026-09-30
2023-12-02,플라이휠,Top50 순위,스킨케어|B00U2VQZDS,6,위,Wayback 스냅샷(아마존_K뷰티_침투분석.xlsx),2026-09-30
2023-12-02,플라이휠,Top50 순위,스킨케어|B07DY2QRF6,7,위,Wayback 스냅샷(아마존_K뷰티_침투분석.xlsx),2026-09-30
2023-12-02,플라이휠,Top50 순위,스킨케어|B07PBXXNCY,8,위,Wayback 스냅샷(아마존_K뷰티_침투분석.xlsx),2026-09-30
2023-12-02,플라이휠,Top50 순위,스킨케어|B01LEJ5MSK,9,위,Wayback 스냅샷(아마존_K뷰티_침투분석.xlsx),2026-09-30
2023-12-02,플라이휠,Top50 순위,스킨케어|B00TTD9BRC,10,위,Wayback 스냅샷(아마존_K뷰티_침투분석.xlsx),2026-09-30
2023-12-02,플라이휠,Top50 순위,스킨케어|B09ZVN2RX3,11,위,Wayback 스냅샷(아마존_K뷰티_침투분석.xlsx),2026-09-30
2023-12-02,플라이휠,Top50 순위,스킨케어|B081KL2QYJ,12,위,Wayback 스냅샷(아마존_K뷰티_침투분석.xlsx),2026-09-30
2023-12-02,플라이휠,Top50 순위,스킨케어|B07N93XF4Z,13,위,Wayback 스냅샷(아마존_K뷰티_침투분석.xlsx),2026-09-30
2023-12-02,플라이휠,Top50 순위,스킨케어|B00MEDOY2G,14,위,Wayback 스냅샷(아마존_K뷰티_침투분석.xlsx),2026-09-30
2023-12-02,플라이휠,Top50 순위,스킨케어|B07RK4HST7,15,위,Wayback 스냅샷(아마존_K뷰티_침투분석.xlsx),2026-09-30
2023-12-02,플라이휠,Top50 순위,스킨케어|B00949CTQQ,16,위,Wayback 스냅샷(아마존_K뷰티_침투분석.xlsx),2026-09-30
2023-12-02,플라이휠,Top50 순위,스킨케어|B07PR467S5,17,위,Wayback 스냅샷(아마존_K뷰티_침투분석.xlsx),2026-09-30
2023-12-02,플라이휠,Top50 순위,스킨케어|B00CXK66U8,18,위,Wayback 스냅샷(아마존_K뷰티_침투분석.xlsx),2026-09-30
2023-12-02,플라이휠,Top50 순위,스킨케어|B01N9SPQHQ,19,위,Wayback 스냅샷(아마존_K뷰티_침투분석.xlsx),2026-09-30
2023-12-02,플라이휠,Top50 순위,스킨케어|B08KT2Z93D,20,위,Wayback 스냅샷(아마존_K뷰티_침투분석.xlsx),2026-09-30
2023-12-02,플라이휠,Top50 순위,스킨케어|B07R3GPFH5,21,위,Wayback 스냅샷(아마존_K뷰티_침투분석.xlsx),2026-09-30
2023-12-02,플라이휠,Top50 순위,스킨케어|B077XC7K7V,22,위,Wayback 스냅샷(아마존_K뷰티_침투분석.xlsx),2026-09-30
2023-12-02,플라이휠,Top50 순위,스킨케어|B0BN2PX8V3,23,위,Wayback 스냅샷(아마존_K뷰티_침투분석.xlsx),2026-09-30
2023-12-02,플라이휠,Top50 순위,스킨케어|B0B4HKNDLQ,24,위,Wayback 스냅샷(아마존_K뷰티_침투분석.xlsx),2026-09-30
2023-12-02,플라이휠,Top50 순위,스킨케어|B07GVPQXRF,25,위,Wayback 스냅샷(아마존_K뷰티_침투분석.xlsx),2026-09-30
2023-12-02,플라이휠,Top50 순위,스킨케어|B09MFMCTRK,26,위,Wayback 스냅샷(아마존_K뷰티_침투분석.xlsx),2026-09-30
2023-12-02,플라이휠,Top50 순위,스킨케어|B07B4KQVK6,27,위,Wayback 스냅샷(아마존_K뷰티_침투분석.xlsx),2026-09-30
2023-12-02,플라이휠,Top50 순위,스킨케어|B00365DABC,28,위,Wayback 스냅샷(아마존_K뷰티_침투분석.xlsx),2026-09-30
2023-12-02,플라이휠,Top50 순위,스킨케어|B01EXQ582Q,29,위,Wayback 스냅샷(아마존_K뷰티_침투분석.xlsx),2026-09-30
2023-12-02,플라이휠,Top50 순위,스킨케어|B07L1PHSY9,30,위,Wayback 스냅샷(아마존_K뷰티_침투분석.xlsx),2026-09-30
2023-12-02,플라이휠,Top50 순위,스킨케어|B00SNPCSUY,31,위,Wayback 스냅샷(아마존_K뷰티_침투분석.xlsx),2026-09-30
2023-12-02,플라이휠,Top50 순위,스킨케어|B01N1LL62W,32,위,Wayback 스냅샷(아마존_K뷰티_침투분석.xlsx),2026-09-30
2023-12-02,플라이휠,Top50 순위,스킨케어|B08DG3C22G,33,위,Wayback 스냅샷(아마존_K뷰티_침투분석.xlsx),2026-09-30
2023-12-02,플라이휠,Top50 순위,스킨케어|B086K2KMNR,34,위,Wayback 스냅샷(아마존_K뷰티_침투분석.xlsx),2026-09-30
2023-12-02,플라이휠,Top50 순위,스킨케어|B01M4MCUAF,35,위,Wayback 스냅샷(아마존_K뷰티_침투분석.xlsx),2026-09-30
2023-12-02,플라이휠,Top50 순위,스킨케어|B00F97FHAW,36,위,Wayback 스냅샷(아마존_K뷰티_침투분석.xlsx),2026-09-30
2023-12-02,플라이휠,Top50 순위,스킨케어|B08CQ9T6KN,37,위,Wayback 스냅샷(아마존_K뷰티_침투분석.xlsx),2026-09-30
2023-12-02,플라이휠,Top50 순위,스킨케어|B07VWSN95S,38,위,Wayback 스냅샷(아마존_K뷰티_침투분석.xlsx),2026-09-30
2023-12-02,플라이휠,Top50 순위,스킨케어|B0020VJTDG,39,위,Wayback 스냅샷(아마존_K뷰티_침투분석.xlsx),2026-09-30
2023-12-02,플라이휠,Top50 순위,스킨케어|B014SAB948,40,위,Wayback 스냅샷(아마존_K뷰티_침투분석.xlsx),2026-09-30
2023-12-02,플라이휠,Top50 순위,스킨케어|B002MSN3QQ,41,위,Wayback 스냅샷(아마존_K뷰티_침투분석.xlsx),2026-09-30
2023-12-02,플라이휠,Top50 순위,스킨케어|B09Y4HHY1P,42,위,Wayback 스냅샷(아마존_K뷰티_침투분석.xlsx),2026-09-30
2023-12-02,플라이휠,Top50 순위,스킨케어|B000VPPUEA,43,위,Wayback 스냅샷(아마존_K뷰티_침투분석.xlsx),2026-09-30
2023-12-02,플라이휠,Top50 순위,스킨케어|B01M59RMWJ,44,위,Wayback 스냅샷(아마존_K뷰티_침투분석.xlsx),2026-09-30
2023-12-02,플라이휠,Top50 순위,스킨케어|B01N7T7JKJ,45,위,Wayback 스냅샷(아마존_K뷰티_침투분석.xlsx),2026-09-30
2023-12-02,플라이휠,Top50 순위,스킨케어|B07G1VKCND,46,위,Wayback 스냅샷(아마존_K뷰티_침투분석.xlsx),2026-09-30
2023-12-02,플라이휠,Top50 순위,스킨케어|B01MSSDEPK,47,위,Wayback 스냅샷(아마존_K뷰티_침투분석.xlsx),2026-09-30
2023-12-02,플라이휠,Top50 순위,스킨케어|B0107QPFBU,48,위,Wayback 스냅샷(아마존_K뷰티_침투분석.xlsx),2026-09-30
2023-12-02,플라이휠,Top50 순위,스킨케어|B0BBSP2JNQ,49,위,Wayback 스냅샷(아마존_K뷰티_침투분석.xlsx),2026-09-30
2023-12-02,플라이휠,Top50 순위,스킨케어|B099N1LC4R,50,위,Wayback 스냅샷(아마존_K뷰티_침투분석.xlsx),2026-09-30
2024-09-06,플라이휠,Top50 순위,스킨케어|B074PVTPBW,1,위,Wayback 스냅샷(아마존_K뷰티_침투분석.xlsx),2026-09-30
2024-09-06,플라이휠,Top50 순위,스킨케어|B0B2RM68G2,2,위,Wayback 스냅샷(아마존_K뷰티_침투분석.xlsx),2026-09-30
2024-09-06,플라이휠,Top50 순위,스킨케어|B08KT2Z93D,3,위,Wayback 스냅샷(아마존_K뷰티_침투분석.xlsx),2026-09-30
2024-09-06,플라이휠,Top50 순위,스킨케어|B07PBXXNCY,4,위,Wayback 스냅샷(아마존_K뷰티_침투분석.xlsx),2026-09-30
2024-09-06,플라이휠,Top50 순위,스킨케어|B00U2VQZDS,5,위,Wayback 스냅샷(아마존_K뷰티_침투분석.xlsx),2026-09-30
2024-09-06,플라이휠,Top50 순위,스킨케어|B00MEDOY2G,6,위,Wayback 스냅샷(아마존_K뷰티_침투분석.xlsx),2026-09-30
2024-09-06,플라이휠,Top50 순위,스킨케어|B081KL2QYJ,7,위,Wayback 스냅샷(아마존_K뷰티_침투분석.xlsx),2026-09-30
2024-09-06,플라이휠,Top50 순위,스킨케어|B00TTD9BRC,8,위,Wayback 스냅샷(아마존_K뷰티_침투분석.xlsx),2026-09-30
2024-09-06,플라이휠,Top50 순위,스킨케어|B00PBX3L7K,9,위,Wayback 스냅샷(아마존_K뷰티_침투분석.xlsx),2026-09-30
2024-09-06,플라이휠,Top50 순위,스킨케어|B01N9SPQHQ,10,위,Wayback 스냅샷(아마존_K뷰티_침투분석.xlsx),2026-09-30
2024-09-06,플라이휠,Top50 순위,스킨케어|B09MFMCTRK,11,위,Wayback 스냅샷(아마존_K뷰티_침투분석.xlsx),2026-09-30
2024-09-06,플라이휠,Top50 순위,스킨케어|B00949CTQQ,12,위,Wayback 스냅샷(아마존_K뷰티_침투분석.xlsx),2026-09-30
2024-09-06,플라이휠,Top50 순위,스킨케어|B079FV6PRH,13,위,Wayback 스냅샷(아마존_K뷰티_침투분석.xlsx),2026-09-30
2024-09-06,플라이휠,Top50 순위,스킨케어|B07L1PHSY9,14,위,Wayback 스냅샷(아마존_K뷰티_침투분석.xlsx),2026-09-30
2024-09-06,플라이휠,Top50 순위,스킨케어|B01N1LL62W,15,위,Wayback 스냅샷(아마존_K뷰티_침투분석.xlsx),2026-09-30
2024-09-06,플라이휠,Top50 순위,스킨케어|B0BVBYQGTW,16,위,Wayback 스냅샷(아마존_K뷰티_침투분석.xlsx),2026-09-30
2024-09-06,플라이휠,Top50 순위,스킨케어|B07VW3YSWH,17,위,Wayback 스냅샷(아마존_K뷰티_침투분석.xlsx),2026-09-30
2024-09-06,플라이휠,Top50 순위,스킨케어|B01N34XW93,18,위,Wayback 스냅샷(아마존_K뷰티_침투분석.xlsx),2026-09-30
2024-09-06,플라이휠,Top50 순위,스킨케어|B07VRFC3Y7,19,위,Wayback 스냅샷(아마존_K뷰티_침투분석.xlsx),2026-09-30
2024-09-06,플라이휠,Top50 순위,스킨케어|B00365DABC,20,위,Wayback 스냅샷(아마존_K뷰티_침투분석.xlsx),2026-09-30
2024-09-06,플라이휠,Top50 순위,스킨케어|B08CQ9T6KN,21,위,Wayback 스냅샷(아마존_K뷰티_침투분석.xlsx),2026-09-30
2024-09-06,플라이휠,Top50 순위,스킨케어|B002MSN3QQ,22,위,Wayback 스냅샷(아마존_K뷰티_침투분석.xlsx),2026-09-30
2024-09-06,플라이휠,Top50 순위,스킨케어|B00F97FHAW,23,위,Wayback 스냅샷(아마존_K뷰티_침투분석.xlsx),2026-09-30
2024-09-06,플라이휠,Top50 순위,스킨케어|B084MVWG1F,24,위,Wayback 스냅샷(아마존_K뷰티_침투분석.xlsx),2026-09-30
2024-09-06,플라이휠,Top50 순위,스킨케어|B07MFMWFYL,25,위,Wayback 스냅샷(아마존_K뷰티_침투분석.xlsx),2026-09-30
2024-09-06,플라이휠,Top50 순위,스킨케어|B014E2D6BY,26,위,Wayback 스냅샷(아마존_K뷰티_침투분석.xlsx),2026-09-30
2024-09-06,플라이휠,Top50 순위,스킨케어|B01MSSDEPK,27,위,Wayback 스냅샷(아마존_K뷰티_침투분석.xlsx),2026-09-30
2024-09-06,플라이휠,Top50 순위,스킨케어|B00SNPCSUY,28,위,Wayback 스냅샷(아마존_K뷰티_침투분석.xlsx),2026-09-30
2024-09-06,플라이휠,Top50 순위,스킨케어|B07B4KQVK6,29,위,Wayback 스냅샷(아마존_K뷰티_침투분석.xlsx),2026-09-30
2024-09-06,플라이휠,Top50 순위,스킨케어|B09V7Z4TJG,30,위,Wayback 스냅샷(아마존_K뷰티_침투분석.xlsx),2026-09-30
2024-09-06,플라이휠,Top50 순위,스킨케어|B0BBSP2JNQ,31,위,Wayback 스냅샷(아마존_K뷰티_침투분석.xlsx),2026-09-30
2024-09-06,플라이휠,Top50 순위,스킨케어|B01N7T7JKJ,32,위,Wayback 스냅샷(아마존_K뷰티_침투분석.xlsx),2026-09-30
2024-09-06,플라이휠,Top50 순위,스킨케어|B08BW46XXK,33,위,Wayback 스냅샷(아마존_K뷰티_침투분석.xlsx),2026-09-30
2024-09-06,플라이휠,Top50 순위,스킨케어|B0BVV8BNYJ,34,위,Wayback 스냅샷(아마존_K뷰티_침투분석.xlsx),2026-09-30
2024-09-06,플라이휠,Top50 순위,스킨케어|B00027DMSI,35,위,Wayback 스냅샷(아마존_K뷰티_침투분석.xlsx),2026-09-30
2024-09-06,플라이휠,Top50 순위,스킨케어|B07RK4HST7,36,위,Wayback 스냅샷(아마존_K뷰티_침투분석.xlsx),2026-09-30
2024-09-06,플라이휠,Top50 순위,스킨케어|B0054LHI5A,37,위,Wayback 스냅샷(아마존_K뷰티_침투분석.xlsx),2026-09-30
2024-09-06,플라이휠,Top50 순위,스킨케어|B086K2KMNR,38,위,Wayback 스냅샷(아마존_K뷰티_침투분석.xlsx),2026-09-30
2024-09-06,플라이휠,Top50 순위,스킨케어|B000VPPUEA,39,위,Wayback 스냅샷(아마존_K뷰티_침투분석.xlsx),2026-09-30
2024-09-06,플라이휠,Top50 순위,스킨케어|B000NWGCZ2,40,위,Wayback 스냅샷(아마존_K뷰티_침투분석.xlsx),2026-09-30
2024-09-06,플라이휠,Top50 순위,스킨케어|B01LEJ5MSK,41,위,Wayback 스냅샷(아마존_K뷰티_침투분석.xlsx),2026-09-30
2024-09-06,플라이휠,Top50 순위,스킨케어|B0CJFFR574,42,위,Wayback 스냅샷(아마존_K뷰티_침투분석.xlsx),2026-09-30
2024-09-06,플라이휠,Top50 순위,스킨케어|B00JJPMXDO,43,위,Wayback 스냅샷(아마존_K뷰티_침투분석.xlsx),2026-09-30
2024-09-06,플라이휠,Top50 순위,스킨케어|B006IB5T4W,44,위,Wayback 스냅샷(아마존_K뷰티_침투분석.xlsx),2026-09-30
2024-09-06,플라이휠,Top50 순위,스킨케어|B099N1LC4R,45,위,Wayback 스냅샷(아마존_K뷰티_침투분석.xlsx),2026-09-30
2024-09-06,플라이휠,Top50 순위,스킨케어|B07VWSN95S,46,위,Wayback 스냅샷(아마존_K뷰티_침투분석.xlsx),2026-09-30
2024-09-06,플라이휠,Top50 순위,스킨케어|B0CCRWC6W9,47,위,Wayback 스냅샷(아마존_K뷰티_침투분석.xlsx),2026-09-30
2024-09-06,플라이휠,Top50 순위,스킨케어|B01N004WAJ,48,위,Wayback 스냅샷(아마존_K뷰티_침투분석.xlsx),2026-09-30
2024-09-06,플라이휠,Top50 순위,스킨케어|B00QY1XZ4W,49,위,Wayback 스냅샷(아마존_K뷰티_침투분석.xlsx),2026-09-30
2024-09-06,플라이휠,Top50 순위,스킨케어|B09Y4HHY1P,50,위,Wayback 스냅샷(아마존_K뷰티_침투분석.xlsx),2026-09-30
2024-09-14,플라이휠,Top50 순위,스킨케어|B074PVTPBW,1,위,Wayback 스냅샷(아마존_K뷰티_침투분석.xlsx),2026-09-30
2024-09-14,플라이휠,Top50 순위,스킨케어|B08KT2Z93D,2,위,Wayback 스냅샷(아마존_K뷰티_침투분석.xlsx),2026-09-30
2024-09-14,플라이휠,Top50 순위,스킨케어|B07PBXXNCY,3,위,Wayback 스냅샷(아마존_K뷰티_침투분석.xlsx),2026-09-30
2024-09-14,플라이휠,Top50 순위,스킨케어|B00U2VQZDS,4,위,Wayback 스냅샷(아마존_K뷰티_침투분석.xlsx),2026-09-30
2024-09-14,플라이휠,Top50 순위,스킨케어|B09MFMCTRK,5,위,Wayback 스냅샷(아마존_K뷰티_침투분석.xlsx),2026-09-30
2024-09-14,플라이휠,Top50 순위,스킨케어|B0B2RM68G2,6,위,Wayback 스냅샷(아마존_K뷰티_침투분석.xlsx),2026-09-30
2024-09-14,플라이휠,Top50 순위,스킨케어|B081KL2QYJ,7,위,Wayback 스냅샷(아마존_K뷰티_침투분석.xlsx),2026-09-30
2024-09-14,플라이휠,Top50 순위,스킨케어|B00MEDOY2G,8,위,Wayback 스냅샷(아마존_K뷰티_침투분석.xlsx),2026-09-30
2024-09-14,플라이휠,Top50 순위,스킨케어|B00PBX3L7K,9,위,Wayback 스냅샷(아마존_K뷰티_침투분석.xlsx),2026-09-30
2024-09-14,플라이휠,Top50 순위,스킨케어|B01N9SPQHQ,10,위,Wayback 스냅샷(아마존_K뷰티_침투분석.xlsx),2026-09-30
2024-09-14,플라이휠,Top50 순위,스킨케어|B00949CTQQ,11,위,Wayback 스냅샷(아마존_K뷰티_침투분석.xlsx),2026-09-30
2024-09-14,플라이휠,Top50 순위,스킨케어|B00TTD9BRC,12,위,Wayback 스냅샷(아마존_K뷰티_침투분석.xlsx),2026-09-30
2024-09-14,플라이휠,Top50 순위,스킨케어|B079FV6PRH,13,위,Wayback 스냅샷(아마존_K뷰티_침투분석.xlsx),2026-09-30
2024-09-14,플라이휠,Top50 순위,스킨케어|B07RK4HST7,14,위,Wayback 스냅샷(아마존_K뷰티_침투분석.xlsx),2026-09-30
2024-09-14,플라이휠,Top50 순위,스킨케어|B07VW3YSWH,15,위,Wayback 스냅샷(아마존_K뷰티_침투분석.xlsx),2026-09-30
2024-09-14,플라이휠,Top50 순위,스킨케어|B07L1PHSY9,16,위,Wayback 스냅샷(아마존_K뷰티_침투분석.xlsx),2026-09-30
2024-09-14,플라이휠,Top50 순위,스킨케어|B01N1LL62W,17,위,Wayback 스냅샷(아마존_K뷰티_침투분석.xlsx),2026-09-30
2024-09-14,플라이휠,Top50 순위,스킨케어|B00SK71SAG,18,위,Wayback 스냅샷(아마존_K뷰티_침투분석.xlsx),2026-09-30
2024-09-14,플라이휠,Top50 순위,스킨케어|B01N34XW93,19,위,Wayback 스냅샷(아마존_K뷰티_침투분석.xlsx),2026-09-30
2024-09-14,플라이휠,Top50 순위,스킨케어|B07B4KQVK6,20,위,Wayback 스냅샷(아마존_K뷰티_침투분석.xlsx),2026-09-30
2024-09-14,플라이휠,Top50 순위,스킨케어|B00365DABC,21,위,Wayback 스냅샷(아마존_K뷰티_침투분석.xlsx),2026-09-30
2024-09-14,플라이휠,Top50 순위,스킨케어|B002MSN3QQ,22,위,Wayback 스냅샷(아마존_K뷰티_침투분석.xlsx),2026-09-30
2024-09-14,플라이휠,Top50 순위,스킨케어|B08CQ9T6KN,23,위,Wayback 스냅샷(아마존_K뷰티_침투분석.xlsx),2026-09-30
2024-09-14,플라이휠,Top50 순위,스킨케어|B00SNPCSUY,24,위,Wayback 스냅샷(아마존_K뷰티_침투분석.xlsx),2026-09-30
2024-09-14,플라이휠,Top50 순위,스킨케어|B09GN1L2LK,25,위,Wayback 스냅샷(아마존_K뷰티_침투분석.xlsx),2026-09-30
2024-09-14,플라이휠,Top50 순위,스킨케어|B0BBSP2JNQ,26,위,Wayback 스냅샷(아마존_K뷰티_침투분석.xlsx),2026-09-30
2024-09-14,플라이휠,Top50 순위,스킨케어|B07VRFC3Y7,27,위,Wayback 스냅샷(아마존_K뷰티_침투분석.xlsx),2026-09-30
2024-09-14,플라이휠,Top50 순위,스킨케어|B01MSSDEPK,28,위,Wayback 스냅샷(아마존_K뷰티_침투분석.xlsx),2026-09-30
2024-09-14,플라이휠,Top50 순위,스킨케어|B00027DMSI,29,위,Wayback 스냅샷(아마존_K뷰티_침투분석.xlsx),2026-09-30
2024-09-14,플라이휠,Top50 순위,스킨케어|B01N7T7JKJ,30,위,Wayback 스냅샷(아마존_K뷰티_침투분석.xlsx),2026-09-30
2024-09-14,플라이휠,Top50 순위,스킨케어|B014E2D6BY,31,위,Wayback 스냅샷(아마존_K뷰티_침투분석.xlsx),2026-09-30
2024-09-14,플라이휠,Top50 순위,스킨케어|B08BW46XXK,32,위,Wayback 스냅샷(아마존_K뷰티_침투분석.xlsx),2026-09-30
2024-09-14,플라이휠,Top50 순위,스킨케어|B07MFMWFYL,33,위,Wayback 스냅샷(아마존_K뷰티_침투분석.xlsx),2026-09-30
2024-09-14,플라이휠,Top50 순위,스킨케어|B00F97FHAW,34,위,Wayback 스냅샷(아마존_K뷰티_침투분석.xlsx),2026-09-30
2024-09-14,플라이휠,Top50 순위,스킨케어|B0BVV8BNYJ,35,위,Wayback 스냅샷(아마존_K뷰티_침투분석.xlsx),2026-09-30
2024-09-14,플라이휠,Top50 순위,스킨케어|B086K2KMNR,36,위,Wayback 스냅샷(아마존_K뷰티_침투분석.xlsx),2026-09-30
2024-09-14,플라이휠,Top50 순위,스킨케어|B000VPPUEA,37,위,Wayback 스냅샷(아마존_K뷰티_침투분석.xlsx),2026-09-30
2024-09-14,플라이휠,Top50 순위,스킨케어|B006IB5T4W,38,위,Wayback 스냅샷(아마존_K뷰티_침투분석.xlsx),2026-09-30
2024-09-14,플라이휠,Top50 순위,스킨케어|B0CJFFR574,39,위,Wayback 스냅샷(아마존_K뷰티_침투분석.xlsx),2026-09-30
2024-09-14,플라이휠,Top50 순위,스킨케어|B000NWGCZ2,40,위,Wayback 스냅샷(아마존_K뷰티_침투분석.xlsx),2026-09-30
2024-09-14,플라이휠,Top50 순위,스킨케어|B01LEJ5MSK,41,위,Wayback 스냅샷(아마존_K뷰티_침투분석.xlsx),2026-09-30
2024-09-14,플라이휠,Top50 순위,스킨케어|B0195I8XR4,42,위,Wayback 스냅샷(아마존_K뷰티_침투분석.xlsx),2026-09-30
2024-09-14,플라이휠,Top50 순위,스킨케어|B084MVWG1F,43,위,Wayback 스냅샷(아마존_K뷰티_침투분석.xlsx),2026-09-30
2024-09-14,플라이휠,Top50 순위,스킨케어|B00QY1XZ4W,44,위,Wayback 스냅샷(아마존_K뷰티_침투분석.xlsx),2026-09-30
2024-09-14,플라이휠,Top50 순위,스킨케어|B07VWSN95S,45,위,Wayback 스냅샷(아마존_K뷰티_침투분석.xlsx),2026-09-30
2024-09-14,플라이휠,Top50 순위,스킨케어|B00JJPMXDO,46,위,Wayback 스냅샷(아마존_K뷰티_침투분석.xlsx),2026-09-30
2024-09-14,플라이휠,Top50 순위,스킨케어|B01N004WAJ,47,위,Wayback 스냅샷(아마존_K뷰티_침투분석.xlsx),2026-09-30
2024-09-14,플라이휠,Top50 순위,스킨케어|B007HD570Q,48,위,Wayback 스냅샷(아마존_K뷰티_침투분석.xlsx),2026-09-30
2024-09-14,플라이휠,Top50 순위,스킨케어|B0C7W6GW8P,49,위,Wayback 스냅샷(아마존_K뷰티_침투분석.xlsx),2026-09-30
2024-09-14,플라이휠,Top50 순위,스킨케어|B08LM7291W,50,위,Wayback 스냅샷(아마존_K뷰티_침투분석.xlsx),2026-09-30
2025-10-01,플라이휠,Top50 순위,스킨케어|B074PVTPBW,1,위,Wayback 스냅샷(아마존_K뷰티_침투분석.xlsx),2026-09-30
2025-10-01,플라이휠,Top50 순위,스킨케어|B09V7Z4TJG,2,위,Wayback 스냅샷(아마존_K뷰티_침투분석.xlsx),2026-09-30
2025-10-01,플라이휠,Top50 순위,스킨케어|B07PBXXNCY,3,위,Wayback 스냅샷(아마존_K뷰티_침투분석.xlsx),2026-09-30
2025-10-01,플라이휠,Top50 순위,스킨케어|B00U2VQZDS,4,위,Wayback 스냅샷(아마존_K뷰티_침투분석.xlsx),2026-09-30
2025-10-01,플라이휠,Top50 순위,스킨케어|B00262227E,5,위,Wayback 스냅샷(아마존_K뷰티_침투분석.xlsx),2026-09-30
2025-10-01,플라이휠,Top50 순위,스킨케어|B081KL2QYJ,6,위,Wayback 스냅샷(아마존_K뷰티_침투분석.xlsx),2026-09-30
2025-10-01,플라이휠,Top50 순위,스킨케어|B0F8RCW6PN,7,위,Wayback 스냅샷(아마존_K뷰티_침투분석.xlsx),2026-09-30
2025-10-01,플라이휠,Top50 순위,스킨케어|B0B2RM68G2,8,위,Wayback 스냅샷(아마존_K뷰티_침투분석.xlsx),2026-09-30
2025-10-01,플라이휠,Top50 순위,스킨케어|B01N9SPQHQ,9,위,Wayback 스냅샷(아마존_K뷰티_침투분석.xlsx),2026-09-30
2025-10-01,플라이휠,Top50 순위,스킨케어|B07TJG79HP,10,위,Wayback 스냅샷(아마존_K뷰티_침투분석.xlsx),2026-09-30
2025-10-01,플라이휠,Top50 순위,스킨케어|B071914GGL,11,위,Wayback 스냅샷(아마존_K뷰티_침투분석.xlsx),2026-09-30
2025-10-01,플라이휠,Top50 순위,스킨케어|B0BT1WN3ZD,12,위,Wayback 스냅샷(아마존_K뷰티_침투분석.xlsx),2026-09-30
2025-10-01,플라이휠,Top50 순위,스킨케어|B01MDTVZTZ,13,위,Wayback 스냅샷(아마존_K뷰티_침투분석.xlsx),2026-09-30
2025-10-01,플라이휠,Top50 순위,스킨케어|B07RK4HST7,14,위,Wayback 스냅샷(아마존_K뷰티_침투분석.xlsx),2026-09-30
2025-10-01,플라이휠,Top50 순위,스킨케어|B0BRMYHMS5,15,위,Wayback 스냅샷(아마존_K뷰티_침투분석.xlsx),2026-09-30
2025-10-01,플라이휠,Top50 순위,스킨케어|B01MSSDEPK,16,위,Wayback 스냅샷(아마존_K뷰티_침투분석.xlsx),2026-09-30
2025-10-01,플라이휠,Top50 순위,스킨케어|B00TTD9BRC,17,위,Wayback 스냅샷(아마존_K뷰티_침투분석.xlsx),2026-09-30
2025-10-01,플라이휠,Top50 순위,스킨케어|B08BW46XXK,18,위,Wayback 스냅샷(아마존_K뷰티_침투분석.xlsx),2026-09-30
2025-10-01,플라이휠,Top50 순위,스킨케어|B01N34XW93,19,위,Wayback 스냅샷(아마존_K뷰티_침투분석.xlsx),2026-09-30
2025-10-01,플라이휠,Top50 순위,스킨케어|B00MEDOY2G,20,위,Wayback 스냅샷(아마존_K뷰티_침투분석.xlsx),2026-09-30
2025-10-01,플라이휠,Top50 순위,스킨케어|B01MYEZPC8,21,위,Wayback 스냅샷(아마존_K뷰티_침투분석.xlsx),2026-09-30
2025-10-01,플라이휠,Top50 순위,스킨케어|B01N1LL62W,22,위,Wayback 스냅샷(아마존_K뷰티_침투분석.xlsx),2026-09-30
2025-10-01,플라이휠,Top50 순위,스킨케어|B00949CTQQ,23,위,Wayback 스냅샷(아마존_K뷰티_침투분석.xlsx),2026-09-30
2025-10-01,플라이휠,Top50 순위,스킨케어|B081FFRGZB,24,위,Wayback 스냅샷(아마존_K뷰티_침투분석.xlsx),2026-09-30
2025-10-01,플라이휠,Top50 순위,스킨케어|B00SNPCSUY,25,위,Wayback 스냅샷(아마존_K뷰티_침투분석.xlsx),2026-09-30
2025-10-01,플라이휠,Top50 순위,스킨케어|B001ET7IQK,26,위,Wayback 스냅샷(아마존_K뷰티_침투분석.xlsx),2026-09-30
2025-10-01,플라이휠,Top50 순위,스킨케어|B00365DABC,27,위,Wayback 스냅샷(아마존_K뷰티_침투분석.xlsx),2026-09-30
2025-10-01,플라이휠,Top50 순위,스킨케어|B079FV6PRH,28,위,Wayback 스냅샷(아마존_K뷰티_침투분석.xlsx),2026-09-30
2025-10-01,플라이휠,Top50 순위,스킨케어|B01N7T7JKJ,29,위,Wayback 스냅샷(아마존_K뷰티_침투분석.xlsx),2026-09-30
2025-10-01,플라이휠,Top50 순위,스킨케어|B00QY1XZ4W,30,위,Wayback 스냅샷(아마존_K뷰티_침투분석.xlsx),2026-09-30
2025-10-01,플라이휠,Top50 순위,스킨케어|B0107QPFBU,31,위,Wayback 스냅샷(아마존_K뷰티_침투분석.xlsx),2026-09-30
2025-10-01,플라이휠,Top50 순위,스킨케어|B00AREGVUM,32,위,Wayback 스냅샷(아마존_K뷰티_침투분석.xlsx),2026-09-30
2025-10-01,플라이휠,Top50 순위,스킨케어|B09MFMCTRK,33,위,Wayback 스냅샷(아마존_K뷰티_침투분석.xlsx),2026-09-30
2025-10-01,플라이휠,Top50 순위,스킨케어|B0CCRWC6W9,34,위,Wayback 스냅샷(아마존_K뷰티_침투분석.xlsx),2026-09-30
2025-10-01,플라이휠,Top50 순위,스킨케어|B0BVV8BNYJ,35,위,Wayback 스냅샷(아마존_K뷰티_침투분석.xlsx),2026-09-30
2025-10-01,플라이휠,Top50 순위,스킨케어|B014E2D6BY,36,위,Wayback 스냅샷(아마존_K뷰티_침투분석.xlsx),2026-09-30
2025-10-01,플라이휠,Top50 순위,스킨케어|B0D2Z3GGCY,37,위,Wayback 스냅샷(아마존_K뷰티_침투분석.xlsx),2026-09-30
2025-10-01,플라이휠,Top50 순위,스킨케어|B0CX21RTHH,38,위,Wayback 스냅샷(아마존_K뷰티_침투분석.xlsx),2026-09-30
2025-10-01,플라이휠,Top50 순위,스킨케어|B002MSN3QQ,39,위,Wayback 스냅샷(아마존_K뷰티_침투분석.xlsx),2026-09-30
2025-10-01,플라이휠,Top50 순위,스킨케어|B00PBX3L7K,40,위,Wayback 스냅샷(아마존_K뷰티_침투분석.xlsx),2026-09-30
2025-10-01,플라이휠,Top50 순위,스킨케어|B07G1VKCND,41,위,Wayback 스냅샷(아마존_K뷰티_침투분석.xlsx),2026-09-30
2025-10-01,플라이휠,Top50 순위,스킨케어|B0BX2TZZWG,42,위,Wayback 스냅샷(아마존_K뷰티_침투분석.xlsx),2026-09-30
2025-10-01,플라이휠,Top50 순위,스킨케어|B08CQ9T6KN,43,위,Wayback 스냅샷(아마존_K뷰티_침투분석.xlsx),2026-09-30
2025-10-01,플라이휠,Top50 순위,스킨케어|B0BBSP2JNQ,44,위,Wayback 스냅샷(아마존_K뷰티_침투분석.xlsx),2026-09-30
2025-10-01,플라이휠,Top50 순위,스킨케어|B0DGTMR754,45,위,Wayback 스냅샷(아마존_K뷰티_침투분석.xlsx),2026-09-30
2025-10-01,플라이휠,Top50 순위,스킨케어|B0BFQ9RD5B,46,위,Wayback 스냅샷(아마존_K뷰티_침투분석.xlsx),2026-09-30
2025-10-01,플라이휠,Top50 순위,스킨케어|B003QXZWYW,47,위,Wayback 스냅샷(아마존_K뷰티_침투분석.xlsx),2026-09-30
2025-10-01,플라이휠,Top50 순위,스킨케어|B00SK71SAG,48,위,Wayback 스냅샷(아마존_K뷰티_침투분석.xlsx),2026-09-30
2025-10-01,플라이휠,Top50 순위,스킨케어|B0CZF2T7CK,49,위,Wayback 스냅샷(아마존_K뷰티_침투분석.xlsx),2026-09-30
2025-10-01,플라이휠,Top50 순위,스킨케어|B09HHDHXWX,50,위,Wayback 스냅샷(아마존_K뷰티_침투분석.xlsx),2026-09-30
2025-11-01,플라이휠,Top50 순위,스킨케어|B074PVTPBW,1,위,Wayback 스냅샷(아마존_K뷰티_침투분석.xlsx),2026-09-30
2025-11-01,플라이휠,Top50 순위,스킨케어|B07PBXXNCY,2,위,Wayback 스냅샷(아마존_K뷰티_침투분석.xlsx),2026-09-30
2025-11-01,플라이휠,Top50 순위,스킨케어|B08KT2Z93D,3,위,Wayback 스냅샷(아마존_K뷰티_침투분석.xlsx),2026-09-30
2025-11-01,플라이휠,Top50 순위,스킨케어|B09V7Z4TJG,4,위,Wayback 스냅샷(아마존_K뷰티_침투분석.xlsx),2026-09-30
2025-11-01,플라이휠,Top50 순위,스킨케어|B00U2VQZDS,5,위,Wayback 스냅샷(아마존_K뷰티_침투분석.xlsx),2026-09-30
2025-11-01,플라이휠,Top50 순위,스킨케어|B00262227E,6,위,Wayback 스냅샷(아마존_K뷰티_침투분석.xlsx),2026-09-30
2025-11-01,플라이휠,Top50 순위,스킨케어|B081KL2QYJ,7,위,Wayback 스냅샷(아마존_K뷰티_침투분석.xlsx),2026-09-30
2025-11-01,플라이휠,Top50 순위,스킨케어|B0B2RM68G2,8,위,Wayback 스냅샷(아마존_K뷰티_침투분석.xlsx),2026-09-30
2025-11-01,플라이휠,Top50 순위,스킨케어|B00TTD9BRC,9,위,Wayback 스냅샷(아마존_K뷰티_침투분석.xlsx),2026-09-30
2025-11-01,플라이휠,Top50 순위,스킨케어|B07TJG79HP,10,위,Wayback 스냅샷(아마존_K뷰티_침투분석.xlsx),2026-09-30
2025-11-01,플라이휠,Top50 순위,스킨케어|B071914GGL,11,위,Wayback 스냅샷(아마존_K뷰티_침투분석.xlsx),2026-09-30
2025-11-01,플라이휠,Top50 순위,스킨케어|B0DPHQRLJC,12,위,Wayback 스냅샷(아마존_K뷰티_침투분석.xlsx),2026-09-30
2025-11-01,플라이휠,Top50 순위,스킨케어|B01N9SPQHQ,13,위,Wayback 스냅샷(아마존_K뷰티_침투분석.xlsx),2026-09-30
2025-11-01,플라이휠,Top50 순위,스킨케어|B01MDTVZTZ,14,위,Wayback 스냅샷(아마존_K뷰티_침투분석.xlsx),2026-09-30
2025-11-01,플라이휠,Top50 순위,스킨케어|B07RK4HST7,15,위,Wayback 스냅샷(아마존_K뷰티_침투분석.xlsx),2026-09-30
2025-11-01,플라이휠,Top50 순위,스킨케어|B01MYEZPC8,16,위,Wayback 스냅샷(아마존_K뷰티_침투분석.xlsx),2026-09-30
2025-11-01,플라이휠,Top50 순위,스킨케어|B0BRMYHMS5,17,위,Wayback 스냅샷(아마존_K뷰티_침투분석.xlsx),2026-09-30
2025-11-01,플라이휠,Top50 순위,스킨케어|B008EKY8VK,18,위,Wayback 스냅샷(아마존_K뷰티_침투분석.xlsx),2026-09-30
2025-11-01,플라이휠,Top50 순위,스킨케어|B01MSSDEPK,19,위,Wayback 스냅샷(아마존_K뷰티_침투분석.xlsx),2026-09-30
2025-11-01,플라이휠,Top50 순위,스킨케어|B08BW46XXK,20,위,Wayback 스냅샷(아마존_K뷰티_침투분석.xlsx),2026-09-30
2025-11-01,플라이휠,Top50 순위,스킨케어|B00MEDOY2G,21,위,Wayback 스냅샷(아마존_K뷰티_침투분석.xlsx),2026-09-30
2025-11-01,플라이휠,Top50 순위,스킨케어|B01N34XW93,22,위,Wayback 스냅샷(아마존_K뷰티_침투분석.xlsx),2026-09-30
2025-11-01,플라이휠,Top50 순위,스킨케어|B0FC85X4B7,23,위,Wayback 스냅샷(아마존_K뷰티_침투분석.xlsx),2026-09-30
2025-11-01,플라이휠,Top50 순위,스킨케어|B0BBSP2JNQ,24,위,Wayback 스냅샷(아마존_K뷰티_침투분석.xlsx),2026-09-30
2025-11-01,플라이휠,Top50 순위,스킨케어|B07RJ18VMF,25,위,Wayback 스냅샷(아마존_K뷰티_침투분석.xlsx),2026-09-30
2025-11-01,플라이휠,Top50 순위,스킨케어|B00SNPCSUY,26,위,Wayback 스냅샷(아마존_K뷰티_침투분석.xlsx),2026-09-30
2025-11-01,플라이휠,Top50 순위,스킨케어|B00365DABC,27,위,Wayback 스냅샷(아마존_K뷰티_침투분석.xlsx),2026-09-30
2025-11-01,플라이휠,Top50 순위,스킨케어|B0054LHI5A,28,위,Wayback 스냅샷(아마존_K뷰티_침투분석.xlsx),2026-09-30
2025-11-01,플라이휠,Top50 순위,스킨케어|B0BFQ9RD5B,29,위,Wayback 스냅샷(아마존_K뷰티_침투분석.xlsx),2026-09-30
2025-11-01,플라이휠,Top50 순위,스킨케어|B07XXPHQZK,30,위,Wayback 스냅샷(아마존_K뷰티_침투분석.xlsx),2026-09-30
2025-11-01,플라이휠,Top50 순위,스킨케어|B00949CTQQ,31,위,Wayback 스냅샷(아마존_K뷰티_침투분석.xlsx),2026-09-30
2025-11-01,플라이휠,Top50 순위,스킨케어|B00QY1XZ4W,32,위,Wayback 스냅샷(아마존_K뷰티_침투분석.xlsx),2026-09-30
2025-11-01,플라이휠,Top50 순위,스킨케어|B0107QPFBU,33,위,Wayback 스냅샷(아마존_K뷰티_침투분석.xlsx),2026-09-30
2025-11-01,플라이휠,Top50 순위,스킨케어|B01N7T7JKJ,34,위,Wayback 스냅샷(아마존_K뷰티_침투분석.xlsx),2026-09-30
2025-11-01,플라이휠,Top50 순위,스킨케어|B00AREGVUM,35,위,Wayback 스냅샷(아마존_K뷰티_침투분석.xlsx),2026-09-30
2025-11-01,플라이휠,Top50 순위,스킨케어|B001ET7IQK,36,위,Wayback 스냅샷(아마존_K뷰티_침투분석.xlsx),2026-09-30
2025-11-01,플라이휠,Top50 순위,스킨케어|B09HHDHXWX,37,위,Wayback 스냅샷(아마존_K뷰티_침투분석.xlsx),2026-09-30
2025-11-01,플라이휠,Top50 순위,스킨케어|B01M4NFD2N,38,위,Wayback 스냅샷(아마존_K뷰티_침투분석.xlsx),2026-09-30
2025-11-01,플라이휠,Top50 순위,스킨케어|B09MFMCTRK,39,위,Wayback 스냅샷(아마존_K뷰티_침투분석.xlsx),2026-09-30
2025-11-01,플라이휠,Top50 순위,스킨케어|B0D8W1YVBX,40,위,Wayback 스냅샷(아마존_K뷰티_침투분석.xlsx),2026-09-30
2025-11-01,플라이휠,Top50 순위,스킨케어|B0CM2PPNMW,41,위,Wayback 스냅샷(아마존_K뷰티_침투분석.xlsx),2026-09-30
2025-11-01,플라이휠,Top50 순위,스킨케어|B0BX2TZZWG,42,위,Wayback 스냅샷(아마존_K뷰티_침투분석.xlsx),2026-09-30
2025-11-01,플라이휠,Top50 순위,스킨케어|B0BVV8BNYJ,43,위,Wayback 스냅샷(아마존_K뷰티_침투분석.xlsx),2026-09-30
2025-11-01,플라이휠,Top50 순위,스킨케어|B0F5XZ8J5X,44,위,Wayback 스냅샷(아마존_K뷰티_침투분석.xlsx),2026-09-30
2025-11-01,플라이휠,Top50 순위,스킨케어|B00SK71SAG,45,위,Wayback 스냅샷(아마존_K뷰티_침투분석.xlsx),2026-09-30
2025-11-01,플라이휠,Top50 순위,스킨케어|B07G1VKCND,46,위,Wayback 스냅샷(아마존_K뷰티_침투분석.xlsx),2026-09-30
2025-11-01,플라이휠,Top50 순위,스킨케어|B0060OUV5Y,47,위,Wayback 스냅샷(아마존_K뷰티_침투분석.xlsx),2026-09-30
2025-11-01,플라이휠,Top50 순위,스킨케어|B01H20MA62,48,위,Wayback 스냅샷(아마존_K뷰티_침투분석.xlsx),2026-09-30
2025-11-01,플라이휠,Top50 순위,스킨케어|B003QXZWYW,49,위,Wayback 스냅샷(아마존_K뷰티_침투분석.xlsx),2026-09-30
2025-11-01,플라이휠,Top50 순위,스킨케어|B0CZF2T7CK,50,위,Wayback 스냅샷(아마존_K뷰티_침투분석.xlsx),2026-09-30
2025-11-13,플라이휠,Top50 순위,스킨케어|B074PVTPBW,1,위,Wayback 스냅샷(아마존_K뷰티_침투분석.xlsx),2026-09-30
2025-11-13,플라이휠,Top50 순위,스킨케어|B08KT2Z93D,2,위,Wayback 스냅샷(아마존_K뷰티_침투분석.xlsx),2026-09-30
2025-11-13,플라이휠,Top50 순위,스킨케어|B07PBXXNCY,3,위,Wayback 스냅샷(아마존_K뷰티_침투분석.xlsx),2026-09-30
2025-11-13,플라이휠,Top50 순위,스킨케어|B09V7Z4TJG,4,위,Wayback 스냅샷(아마존_K뷰티_침투분석.xlsx),2026-09-30
2025-11-13,플라이휠,Top50 순위,스킨케어|B00U2VQZDS,5,위,Wayback 스냅샷(아마존_K뷰티_침투분석.xlsx),2026-09-30
2025-11-13,플라이휠,Top50 순위,스킨케어|B0B2RM68G2,6,위,Wayback 스냅샷(아마존_K뷰티_침투분석.xlsx),2026-09-30
2025-11-13,플라이휠,Top50 순위,스킨케어|B09CLLD99K,7,위,Wayback 스냅샷(아마존_K뷰티_침투분석.xlsx),2026-09-30
2025-11-13,플라이휠,Top50 순위,스킨케어|B081KL2QYJ,8,위,Wayback 스냅샷(아마존_K뷰티_침투분석.xlsx),2026-09-30
2025-11-13,플라이휠,Top50 순위,스킨케어|B00TTD9BRC,9,위,Wayback 스냅샷(아마존_K뷰티_침투분석.xlsx),2026-09-30
2025-11-13,플라이휠,Top50 순위,스킨케어|B0DPHQRLJC,10,위,Wayback 스냅샷(아마존_K뷰티_침투분석.xlsx),2026-09-30
2025-11-13,플라이휠,Top50 순위,스킨케어|B071914GGL,11,위,Wayback 스냅샷(아마존_K뷰티_침투분석.xlsx),2026-09-30
2025-11-13,플라이휠,Top50 순위,스킨케어|B01N9SPQHQ,12,위,Wayback 스냅샷(아마존_K뷰티_침투분석.xlsx),2026-09-30
2025-11-13,플라이휠,Top50 순위,스킨케어|B01MDTVZTZ,13,위,Wayback 스냅샷(아마존_K뷰티_침투분석.xlsx),2026-09-30
2025-11-13,플라이휠,Top50 순위,스킨케어|B07RK4HST7,14,위,Wayback 스냅샷(아마존_K뷰티_침투분석.xlsx),2026-09-30
2025-11-13,플라이휠,Top50 순위,스킨케어|B0BRMYHMS5,15,위,Wayback 스냅샷(아마존_K뷰티_침투분석.xlsx),2026-09-30
2025-11-13,플라이휠,Top50 순위,스킨케어|B01MSSDEPK,16,위,Wayback 스냅샷(아마존_K뷰티_침투분석.xlsx),2026-09-30
2025-11-13,플라이휠,Top50 순위,스킨케어|B01MYEZPC8,17,위,Wayback 스냅샷(아마존_K뷰티_침투분석.xlsx),2026-09-30
2025-11-13,플라이휠,Top50 순위,스킨케어|B08BW46XXK,18,위,Wayback 스냅샷(아마존_K뷰티_침투분석.xlsx),2026-09-30
2025-11-13,플라이휠,Top50 순위,스킨케어|B00MEDOY2G,19,위,Wayback 스냅샷(아마존_K뷰티_침투분석.xlsx),2026-09-30
2025-11-13,플라이휠,Top50 순위,스킨케어|B07RJ18VMF,20,위,Wayback 스냅샷(아마존_K뷰티_침투분석.xlsx),2026-09-30
2025-11-13,플라이휠,Top50 순위,스킨케어|B07SRRLVQ1,21,위,Wayback 스냅샷(아마존_K뷰티_침투분석.xlsx),2026-09-30
2025-11-13,플라이휠,Top50 순위,스킨케어|B00365DABC,22,위,Wayback 스냅샷(아마존_K뷰티_침투분석.xlsx),2026-09-30
2025-11-13,플라이휠,Top50 순위,스킨케어|B01N34XW93,23,위,Wayback 스냅샷(아마존_K뷰티_침투분석.xlsx),2026-09-30
2025-11-13,플라이휠,Top50 순위,스킨케어|B00SNPCSUY,24,위,Wayback 스냅샷(아마존_K뷰티_침투분석.xlsx),2026-09-30
2025-11-13,플라이휠,Top50 순위,스킨케어|B07C5SS6YD,25,위,Wayback 스냅샷(아마존_K뷰티_침투분석.xlsx),2026-09-30
2025-11-13,플라이휠,Top50 순위,스킨케어|B0BX2TZZWG,26,위,Wayback 스냅샷(아마존_K뷰티_침투분석.xlsx),2026-09-30
2025-11-13,플라이휠,Top50 순위,스킨케어|B014E2D6BY,27,위,Wayback 스냅샷(아마존_K뷰티_침투분석.xlsx),2026-09-30
2025-11-13,플라이휠,Top50 순위,스킨케어|B0107QPFBU,28,위,Wayback 스냅샷(아마존_K뷰티_침투분석.xlsx),2026-09-30
2025-11-13,플라이휠,Top50 순위,스킨케어|B00QY1XZ4W,29,위,Wayback 스냅샷(아마존_K뷰티_침투분석.xlsx),2026-09-30
2025-11-13,플라이휠,Top50 순위,스킨케어|B001ET7IQK,30,위,Wayback 스냅샷(아마존_K뷰티_침투분석.xlsx),2026-09-30
2025-11-13,플라이휠,Top50 순위,스킨케어|B0054LHI5A,31,위,Wayback 스냅샷(아마존_K뷰티_침투분석.xlsx),2026-09-30
2025-11-13,플라이휠,Top50 순위,스킨케어|B0F24ZZN95,32,위,Wayback 스냅샷(아마존_K뷰티_침투분석.xlsx),2026-09-30
2025-11-13,플라이휠,Top50 순위,스킨케어|B0789HTHJW,33,위,Wayback 스냅샷(아마존_K뷰티_침투분석.xlsx),2026-09-30
2025-11-13,플라이휠,Top50 순위,스킨케어|B000VPPUEA,34,위,Wayback 스냅샷(아마존_K뷰티_침투분석.xlsx),2026-09-30
2025-11-13,플라이휠,Top50 순위,스킨케어|B01N7T7JKJ,35,위,Wayback 스냅샷(아마존_K뷰티_침투분석.xlsx),2026-09-30
2025-11-13,플라이휠,Top50 순위,스킨케어|B0BBSP2JNQ,36,위,Wayback 스냅샷(아마존_K뷰티_침투분석.xlsx),2026-09-30
2025-11-13,플라이휠,Top50 순위,스킨케어|B09MFMCTRK,37,위,Wayback 스냅샷(아마존_K뷰티_침투분석.xlsx),2026-09-30
2025-11-13,플라이휠,Top50 순위,스킨케어|B0D8W1YVBX,38,위,Wayback 스냅샷(아마존_K뷰티_침투분석.xlsx),2026-09-30
2025-11-13,플라이휠,Top50 순위,스킨케어|B09NXS395V,39,위,Wayback 스냅샷(아마존_K뷰티_침투분석.xlsx),2026-09-30
2025-11-13,플라이휠,Top50 순위,스킨케어|B002MSN3QQ,40,위,Wayback 스냅샷(아마존_K뷰티_침투분석.xlsx),2026-09-30
2025-11-13,플라이휠,Top50 순위,스킨케어|B0D2Z3GGCY,41,위,Wayback 스냅샷(아마존_K뷰티_침투분석.xlsx),2026-09-30
2025-11-13,플라이휠,Top50 순위,스킨케어|B0BVV8BNYJ,42,위,Wayback 스냅샷(아마존_K뷰티_침투분석.xlsx),2026-09-30
2025-11-13,플라이휠,Top50 순위,스킨케어|B0BFQ9RD5B,43,위,Wayback 스냅샷(아마존_K뷰티_침투분석.xlsx),2026-09-30
2025-11-13,플라이휠,Top50 순위,스킨케어|B00PBX3L7K,44,위,Wayback 스냅샷(아마존_K뷰티_침투분석.xlsx),2026-09-30
2025-11-13,플라이휠,Top50 순위,스킨케어|B01H20MA62,45,위,Wayback 스냅샷(아마존_K뷰티_침투분석.xlsx),2026-09-30
2025-11-13,플라이휠,Top50 순위,스킨케어|B0060OUV5Y,46,위,Wayback 스냅샷(아마존_K뷰티_침투분석.xlsx),2026-09-30
2025-11-13,플라이휠,Top50 순위,스킨케어|B07XXPHQZK,47,위,Wayback 스냅샷(아마존_K뷰티_침투분석.xlsx),2026-09-30
2025-11-13,플라이휠,Top50 순위,스킨케어|B0DGTMR754,48,위,Wayback 스냅샷(아마존_K뷰티_침투분석.xlsx),2026-09-30
2025-11-13,플라이휠,Top50 순위,스킨케어|B06XDCPYYL,49,위,Wayback 스냅샷(아마존_K뷰티_침투분석.xlsx),2026-09-30
2025-11-13,플라이휠,Top50 순위,스킨케어|B0CM2PPNMW,50,위,Wayback 스냅샷(아마존_K뷰티_침투분석.xlsx),2026-09-30
2025-12-18,플라이휠,Top50 순위,스킨케어|B08KT2Z93D,1,위,Wayback 스냅샷(아마존_K뷰티_침투분석.xlsx),2026-09-30
2025-12-18,플라이휠,Top50 순위,스킨케어|B0B2RM68G2,2,위,Wayback 스냅샷(아마존_K뷰티_침투분석.xlsx),2026-09-30
2025-12-18,플라이휠,Top50 순위,스킨케어|B014E2D6BY,3,위,Wayback 스냅샷(아마존_K뷰티_침투분석.xlsx),2026-09-30
2025-12-18,플라이휠,Top50 순위,스킨케어|B074PVTPBW,4,위,Wayback 스냅샷(아마존_K뷰티_침투분석.xlsx),2026-09-30
2025-12-18,플라이휠,Top50 순위,스킨케어|B09V7Z4TJG,5,위,Wayback 스냅샷(아마존_K뷰티_침투분석.xlsx),2026-09-30
2025-12-18,플라이휠,Top50 순위,스킨케어|B0B4HKNDLQ,6,위,Wayback 스냅샷(아마존_K뷰티_침투분석.xlsx),2026-09-30
2025-12-18,플라이휠,Top50 순위,스킨케어|B0C42HJRBF,7,위,Wayback 스냅샷(아마존_K뷰티_침투분석.xlsx),2026-09-30
2025-12-18,플라이휠,Top50 순위,스킨케어|B00262227E,8,위,Wayback 스냅샷(아마존_K뷰티_침투분석.xlsx),2026-09-30
2025-12-18,플라이휠,Top50 순위,스킨케어|B0DPHQRLJC,9,위,Wayback 스냅샷(아마존_K뷰티_침투분석.xlsx),2026-09-30
2025-12-18,플라이휠,Top50 순위,스킨케어|B0DGPSZVW3,10,위,Wayback 스냅샷(아마존_K뷰티_침투분석.xlsx),2026-09-30
2025-12-18,플라이휠,Top50 순위,스킨케어|B0C7W6GW8P,11,위,Wayback 스냅샷(아마존_K뷰티_침투분석.xlsx),2026-09-30
2025-12-18,플라이휠,Top50 순위,스킨케어|B0BRMYHMS5,12,위,Wayback 스냅샷(아마존_K뷰티_침투분석.xlsx),2026-09-30
2025-12-18,플라이휠,Top50 순위,스킨케어|B07PBXXNCY,13,위,Wayback 스냅샷(아마존_K뷰티_침투분석.xlsx),2026-09-30
2025-12-18,플라이휠,Top50 순위,스킨케어|B01MRH7MR4,14,위,Wayback 스냅샷(아마존_K뷰티_침투분석.xlsx),2026-09-30
2025-12-18,플라이휠,Top50 순위,스킨케어|B00U2VQZDS,15,위,Wayback 스냅샷(아마존_K뷰티_침투분석.xlsx),2026-09-30
2025-12-18,플라이휠,Top50 순위,스킨케어|B07SRRLVQ1,16,위,Wayback 스냅샷(아마존_K뷰티_침투분석.xlsx),2026-09-30
2025-12-18,플라이휠,Top50 순위,스킨케어|B0054LHI5A,17,위,Wayback 스냅샷(아마존_K뷰티_침투분석.xlsx),2026-09-30
2025-12-18,플라이휠,Top50 순위,스킨케어|B07XXPHQZK,18,위,Wayback 스냅샷(아마존_K뷰티_침투분석.xlsx),2026-09-30
2025-12-18,플라이휠,Top50 순위,스킨케어|B0BX2TZZWG,19,위,Wayback 스냅샷(아마존_K뷰티_침투분석.xlsx),2026-09-30
2025-12-18,플라이휠,Top50 순위,스킨케어|B01N9SPQHQ,20,위,Wayback 스냅샷(아마존_K뷰티_침투분석.xlsx),2026-09-30
2025-12-18,플라이휠,Top50 순위,스킨케어|B07DY2QRF6,21,위,Wayback 스냅샷(아마존_K뷰티_침투분석.xlsx),2026-09-30
2025-12-18,플라이휠,Top50 순위,스킨케어|B071914GGL,22,위,Wayback 스냅샷(아마존_K뷰티_침투분석.xlsx),2026-09-30
2025-12-18,플라이휠,Top50 순위,스킨케어|B081KL2QYJ,23,위,Wayback 스냅샷(아마존_K뷰티_침투분석.xlsx),2026-09-30
2025-12-18,플라이휠,Top50 순위,스킨케어|B0DBF65JYY,24,위,Wayback 스냅샷(아마존_K뷰티_침투분석.xlsx),2026-09-30
2025-12-18,플라이휠,Top50 순위,스킨케어|B01M59RMWJ,25,위,Wayback 스냅샷(아마존_K뷰티_침투분석.xlsx),2026-09-30
2025-12-18,플라이휠,Top50 순위,스킨케어|B00TTD9BRC,26,위,Wayback 스냅샷(아마존_K뷰티_침투분석.xlsx),2026-09-30
2025-12-18,플라이휠,Top50 순위,스킨케어|B01MYEZPC8,27,위,Wayback 스냅샷(아마존_K뷰티_침투분석.xlsx),2026-09-30
2025-12-18,플라이휠,Top50 순위,스킨케어|B077XC7K7V,28,위,Wayback 스냅샷(아마존_K뷰티_침투분석.xlsx),2026-09-30
2025-12-18,플라이휠,Top50 순위,스킨케어|B0DGTMR754,29,위,Wayback 스냅샷(아마존_K뷰티_침투분석.xlsx),2026-09-30
2025-12-18,플라이휠,Top50 순위,스킨케어|B01MDTVZTZ,30,위,Wayback 스냅샷(아마존_K뷰티_침투분석.xlsx),2026-09-30
2025-12-18,플라이휠,Top50 순위,스킨케어|B07PR467S5,31,위,Wayback 스냅샷(아마존_K뷰티_침투분석.xlsx),2026-09-30
2025-12-18,플라이휠,Top50 순위,스킨케어|B07RK4HST7,32,위,Wayback 스냅샷(아마존_K뷰티_침투분석.xlsx),2026-09-30
2025-12-18,플라이휠,Top50 순위,스킨케어|B0DJPB7H94,33,위,Wayback 스냅샷(아마존_K뷰티_침투분석.xlsx),2026-09-30
2025-12-18,플라이휠,Top50 순위,스킨케어|B09RYRCXKM,34,위,Wayback 스냅샷(아마존_K뷰티_침투분석.xlsx),2026-09-30
2025-12-18,플라이휠,Top50 순위,스킨케어|B09YJXC1WJ,35,위,Wayback 스냅샷(아마존_K뷰티_침투분석.xlsx),2026-09-30
2025-12-18,플라이휠,Top50 순위,스킨케어|B0BDD7D34M,36,위,Wayback 스냅샷(아마존_K뷰티_침투분석.xlsx),2026-09-30
2025-12-18,플라이휠,Top50 순위,스킨케어|B06XDCPYYL,37,위,Wayback 스냅샷(아마존_K뷰티_침투분석.xlsx),2026-09-30
2025-12-18,플라이휠,Top50 순위,스킨케어|B0BT1WN3ZD,38,위,Wayback 스냅샷(아마존_K뷰티_침투분석.xlsx),2026-09-30
2025-12-18,플라이휠,Top50 순위,스킨케어|B01MSSDEPK,39,위,Wayback 스냅샷(아마존_K뷰티_침투분석.xlsx),2026-09-30
2025-12-18,플라이휠,Top50 순위,스킨케어|B0D4NKT1TH,40,위,Wayback 스냅샷(아마존_K뷰티_침투분석.xlsx),2026-09-30
2025-12-18,플라이휠,Top50 순위,스킨케어|B0BFQ9RD5B,41,위,Wayback 스냅샷(아마존_K뷰티_침투분석.xlsx),2026-09-30
2025-12-18,플라이휠,Top50 순위,스킨케어|B01N34XW93,42,위,Wayback 스냅샷(아마존_K뷰티_침투분석.xlsx),2026-09-30
2025-12-18,플라이휠,Top50 순위,스킨케어|B0107QPFBU,43,위,Wayback 스냅샷(아마존_K뷰티_침투분석.xlsx),2026-09-30
2025-12-18,플라이휠,Top50 순위,스킨케어|B0D442G15L,44,위,Wayback 스냅샷(아마존_K뷰티_침투분석.xlsx),2026-09-30
2025-12-18,플라이휠,Top50 순위,스킨케어|B0DZP8PN3N,45,위,Wayback 스냅샷(아마존_K뷰티_침투분석.xlsx),2026-09-30
2025-12-18,플라이휠,Top50 순위,스킨케어|B07X62WVM4,46,위,Wayback 스냅샷(아마존_K뷰티_침투분석.xlsx),2026-09-30
2025-12-18,플라이휠,Top50 순위,스킨케어|B0BBSP2JNQ,47,위,Wayback 스냅샷(아마존_K뷰티_침투분석.xlsx),2026-09-30
2025-12-18,플라이휠,Top50 순위,스킨케어|B0DM2PZ1B8,48,위,Wayback 스냅샷(아마존_K뷰티_침투분석.xlsx),2026-09-30
2025-12-18,플라이휠,Top50 순위,스킨케어|B00949CTQQ,49,위,Wayback 스냅샷(아마존_K뷰티_침투분석.xlsx),2026-09-30
2025-12-18,플라이휠,Top50 순위,스킨케어|B0D2Z3GGCY,50,위,Wayback 스냅샷(아마존_K뷰티_침투분석.xlsx),2026-09-30
2026-01-09,플라이휠,Top50 순위,스킨케어|B07MFMWFYL,1,위,Wayback 스냅샷(아마존_K뷰티_침투분석.xlsx),2026-09-30
2026-01-09,플라이휠,Top50 순위,스킨케어|B09V7Z4TJG,2,위,Wayback 스냅샷(아마존_K뷰티_침투분석.xlsx),2026-09-30
2026-01-09,플라이휠,Top50 순위,스킨케어|B0B2RM68G2,3,위,Wayback 스냅샷(아마존_K뷰티_침투분석.xlsx),2026-09-30
2026-01-09,플라이휠,Top50 순위,스킨케어|B074PVTPBW,4,위,Wayback 스냅샷(아마존_K뷰티_침투분석.xlsx),2026-09-30
2026-01-09,플라이휠,Top50 순위,스킨케어|B08KT2Z93D,5,위,Wayback 스냅샷(아마존_K뷰티_침투분석.xlsx),2026-09-30
2026-01-09,플라이휠,Top50 순위,스킨케어|B07PBXXNCY,6,위,Wayback 스냅샷(아마존_K뷰티_침투분석.xlsx),2026-09-30
2026-01-09,플라이휠,Top50 순위,스킨케어|B00U2VQZDS,7,위,Wayback 스냅샷(아마존_K뷰티_침투분석.xlsx),2026-09-30
2026-01-09,플라이휠,Top50 순위,스킨케어|B081KL2QYJ,8,위,Wayback 스냅샷(아마존_K뷰티_침투분석.xlsx),2026-09-30
2026-01-09,플라이휠,Top50 순위,스킨케어|B0BRMYHMS5,9,위,Wayback 스냅샷(아마존_K뷰티_침투분석.xlsx),2026-09-30
2026-01-09,플라이휠,Top50 순위,스킨케어|B071914GGL,10,위,Wayback 스냅샷(아마존_K뷰티_침투분석.xlsx),2026-09-30
2026-01-09,플라이휠,Top50 순위,스킨케어|B07RK4HST7,11,위,Wayback 스냅샷(아마존_K뷰티_침투분석.xlsx),2026-09-30
2026-01-09,플라이휠,Top50 순위,스킨케어|B01N9SPQHQ,12,위,Wayback 스냅샷(아마존_K뷰티_침투분석.xlsx),2026-09-30
2026-01-09,플라이휠,Top50 순위,스킨케어|B01MYEZPC8,13,위,Wayback 스냅샷(아마존_K뷰티_침투분석.xlsx),2026-09-30
2026-01-09,플라이휠,Top50 순위,스킨케어|B00949CTQQ,14,위,Wayback 스냅샷(아마존_K뷰티_침투분석.xlsx),2026-09-30
2026-01-09,플라이휠,Top50 순위,스킨케어|B01MSSDEPK,15,위,Wayback 스냅샷(아마존_K뷰티_침투분석.xlsx),2026-09-30
2026-01-09,플라이휠,Top50 순위,스킨케어|B0DDC3QGJL,16,위,Wayback 스냅샷(아마존_K뷰티_침투분석.xlsx),2026-09-30
2026-01-09,플라이휠,Top50 순위,스킨케어|B0DGPSZVW3,17,위,Wayback 스냅샷(아마존_K뷰티_침투분석.xlsx),2026-09-30
2026-01-09,플라이휠,Top50 순위,스킨케어|B00TTD9BRC,18,위,Wayback 스냅샷(아마존_K뷰티_침투분석.xlsx),2026-09-30
2026-01-09,플라이휠,Top50 순위,스킨케어|B0BT1WN3ZD,19,위,Wayback 스냅샷(아마존_K뷰티_침투분석.xlsx),2026-09-30
2026-01-09,플라이휠,Top50 순위,스킨케어|B0DPHQRLJC,20,위,Wayback 스냅샷(아마존_K뷰티_침투분석.xlsx),2026-09-30
2026-01-09,플라이휠,Top50 순위,스킨케어|B08BW46XXK,21,위,Wayback 스냅샷(아마존_K뷰티_침투분석.xlsx),2026-09-30
2026-01-09,플라이휠,Top50 순위,스킨케어|B014E2D6BY,22,위,Wayback 스냅샷(아마존_K뷰티_침투분석.xlsx),2026-09-30
2026-01-09,플라이휠,Top50 순위,스킨케어|B00SNPCSUY,23,위,Wayback 스냅샷(아마존_K뷰티_침투분석.xlsx),2026-09-30
2026-01-09,플라이휠,Top50 순위,스킨케어|B01MDTVZTZ,24,위,Wayback 스냅샷(아마존_K뷰티_침투분석.xlsx),2026-09-30
2026-01-09,플라이휠,Top50 순위,스킨케어|B01N1LL62W,25,위,Wayback 스냅샷(아마존_K뷰티_침투분석.xlsx),2026-09-30
2026-01-09,플라이휠,Top50 순위,스킨케어|B0DJPB7H94,26,위,Wayback 스냅샷(아마존_K뷰티_침투분석.xlsx),2026-09-30
2026-01-09,플라이휠,Top50 순위,스킨케어|B00365DABC,27,위,Wayback 스냅샷(아마존_K뷰티_침투분석.xlsx),2026-09-30
2026-01-09,플라이휠,Top50 순위,스킨케어|B01N34XW93,28,위,Wayback 스냅샷(아마존_K뷰티_침투분석.xlsx),2026-09-30
2026-01-09,플라이휠,Top50 순위,스킨케어|B0060OUV5Y,29,위,Wayback 스냅샷(아마존_K뷰티_침투분석.xlsx),2026-09-30
2026-01-09,플라이휠,Top50 순위,스킨케어|B0107QPFBU,30,위,Wayback 스냅샷(아마존_K뷰티_침투분석.xlsx),2026-09-30
2026-01-09,플라이휠,Top50 순위,스킨케어|B01N7T7JKJ,31,위,Wayback 스냅샷(아마존_K뷰티_침투분석.xlsx),2026-09-30
2026-01-09,플라이휠,Top50 순위,스킨케어|B0BFQ9RD5B,32,위,Wayback 스냅샷(아마존_K뷰티_침투분석.xlsx),2026-09-30
2026-01-09,플라이휠,Top50 순위,스킨케어|B00MEDOY2G,33,위,Wayback 스냅샷(아마존_K뷰티_침투분석.xlsx),2026-09-30
2026-01-09,플라이휠,Top50 순위,스킨케어|B00QY1XZ4W,34,위,Wayback 스냅샷(아마존_K뷰티_침투분석.xlsx),2026-09-30
2026-01-09,플라이휠,Top50 순위,스킨케어|B0D2Z3GGCY,35,위,Wayback 스냅샷(아마존_K뷰티_침투분석.xlsx),2026-09-30
2026-01-09,플라이휠,Top50 순위,스킨케어|B0DBF65JYY,36,위,Wayback 스냅샷(아마존_K뷰티_침투분석.xlsx),2026-09-30
2026-01-09,플라이휠,Top50 순위,스킨케어|B003QXZWYW,37,위,Wayback 스냅샷(아마존_K뷰티_침투분석.xlsx),2026-09-30
2026-01-09,플라이휠,Top50 순위,스킨케어|B000NWGCZ2,38,위,Wayback 스냅샷(아마존_K뷰티_침투분석.xlsx),2026-09-30
2026-01-09,플라이휠,Top50 순위,스킨케어|B09RYRCXKM,39,위,Wayback 스냅샷(아마존_K뷰티_침투분석.xlsx),2026-09-30
2026-01-09,플라이휠,Top50 순위,스킨케어|B000VPPUEA,40,위,Wayback 스냅샷(아마존_K뷰티_침투분석.xlsx),2026-09-30
2026-01-09,플라이휠,Top50 순위,스킨케어|B0BBSP2JNQ,41,위,Wayback 스냅샷(아마존_K뷰티_침투분석.xlsx),2026-09-30
2026-01-09,플라이휠,Top50 순위,스킨케어|B0D4NKT1TH,42,위,Wayback 스냅샷(아마존_K뷰티_침투분석.xlsx),2026-09-30
2026-01-09,플라이휠,Top50 순위,스킨케어|B01H20MA62,43,위,Wayback 스냅샷(아마존_K뷰티_침투분석.xlsx),2026-09-30
2026-01-09,플라이휠,Top50 순위,스킨케어|B091NJQ29P,44,위,Wayback 스냅샷(아마존_K뷰티_침투분석.xlsx),2026-09-30
2026-01-09,플라이휠,Top50 순위,스킨케어|B0FKGJYFC8,45,위,Wayback 스냅샷(아마존_K뷰티_침투분석.xlsx),2026-09-30
2026-01-09,플라이휠,Top50 순위,스킨케어|B01M4MCUAF,46,위,Wayback 스냅샷(아마존_K뷰티_침투분석.xlsx),2026-09-30
2026-01-09,플라이휠,Top50 순위,스킨케어|B09MFMCTRK,47,위,Wayback 스냅샷(아마존_K뷰티_침투분석.xlsx),2026-09-30
2026-01-09,플라이휠,Top50 순위,스킨케어|B0DYTQ5GYQ,48,위,Wayback 스냅샷(아마존_K뷰티_침투분석.xlsx),2026-09-30
2026-01-09,플라이휠,Top50 순위,스킨케어|B001459IEE,49,위,Wayback 스냅샷(아마존_K뷰티_침투분석.xlsx),2026-09-30
2026-01-09,플라이휠,Top50 순위,스킨케어|B0D8W1YVBX,50,위,Wayback 스냅샷(아마존_K뷰티_침투분석.xlsx),2026-09-30
2026-02-06,플라이휠,Top50 순위,스킨케어|B08KT2Z93D,1,위,Wayback 스냅샷(아마존_K뷰티_침투분석.xlsx),2026-09-30
2026-02-06,플라이휠,Top50 순위,스킨케어|B09V7Z4TJG,2,위,Wayback 스냅샷(아마존_K뷰티_침투분석.xlsx),2026-09-30
2026-02-06,플라이휠,Top50 순위,스킨케어|B074PVTPBW,3,위,Wayback 스냅샷(아마존_K뷰티_침투분석.xlsx),2026-09-30
2026-02-06,플라이휠,Top50 순위,스킨케어|B0B2RM68G2,4,위,Wayback 스냅샷(아마존_K뷰티_침투분석.xlsx),2026-09-30
2026-02-06,플라이휠,Top50 순위,스킨케어|B07PBXXNCY,5,위,Wayback 스냅샷(아마존_K뷰티_침투분석.xlsx),2026-09-30
2026-02-06,플라이휠,Top50 순위,스킨케어|B00U2VQZDS,6,위,Wayback 스냅샷(아마존_K뷰티_침투분석.xlsx),2026-09-30
2026-02-06,플라이휠,Top50 순위,스킨케어|B09HHDHXWX,7,위,Wayback 스냅샷(아마존_K뷰티_침투분석.xlsx),2026-09-30
2026-02-06,플라이휠,Top50 순위,스킨케어|B00TTD9BRC,8,위,Wayback 스냅샷(아마존_K뷰티_침투분석.xlsx),2026-09-30
2026-02-06,플라이휠,Top50 순위,스킨케어|B0DPHQRLJC,9,위,Wayback 스냅샷(아마존_K뷰티_침투분석.xlsx),2026-09-30
2026-02-06,플라이휠,Top50 순위,스킨케어|B071914GGL,10,위,Wayback 스냅샷(아마존_K뷰티_침투분석.xlsx),2026-09-30
2026-02-06,플라이휠,Top50 순위,스킨케어|B0BRMYHMS5,11,위,Wayback 스냅샷(아마존_K뷰티_침투분석.xlsx),2026-09-30
2026-02-06,플라이휠,Top50 순위,스킨케어|B081KL2QYJ,12,위,Wayback 스냅샷(아마존_K뷰티_침투분석.xlsx),2026-09-30
2026-02-06,플라이휠,Top50 순위,스킨케어|B01N9SPQHQ,13,위,Wayback 스냅샷(아마존_K뷰티_침투분석.xlsx),2026-09-30
2026-02-06,플라이휠,Top50 순위,스킨케어|B01MYEZPC8,14,위,Wayback 스냅샷(아마존_K뷰티_침투분석.xlsx),2026-09-30
2026-02-06,플라이휠,Top50 순위,스킨케어|B014E2D6BY,15,위,Wayback 스냅샷(아마존_K뷰티_침투분석.xlsx),2026-09-30
2026-02-06,플라이휠,Top50 순위,스킨케어|B08BW46XXK,16,위,Wayback 스냅샷(아마존_K뷰티_침투분석.xlsx),2026-09-30
2026-02-06,플라이휠,Top50 순위,스킨케어|B0BT1WN3ZD,17,위,Wayback 스냅샷(아마존_K뷰티_침투분석.xlsx),2026-09-30
2026-02-06,플라이휠,Top50 순위,스킨케어|B0BBSP2JNQ,18,위,Wayback 스냅샷(아마존_K뷰티_침투분석.xlsx),2026-09-30
2026-02-06,플라이휠,Top50 순위,스킨케어|B01MSSDEPK,19,위,Wayback 스냅샷(아마존_K뷰티_침투분석.xlsx),2026-09-30
2026-02-06,플라이휠,Top50 순위,스킨케어|B01MDTVZTZ,20,위,Wayback 스냅샷(아마존_K뷰티_침투분석.xlsx),2026-09-30
2026-02-06,플라이휠,Top50 순위,스킨케어|B0D8W1YVBX,21,위,Wayback 스냅샷(아마존_K뷰티_침투분석.xlsx),2026-09-30
2026-02-06,플라이휠,Top50 순위,스킨케어|B00MEDOY2G,22,위,Wayback 스냅샷(아마존_K뷰티_침투분석.xlsx),2026-09-30
2026-02-06,플라이휠,Top50 순위,스킨케어|B0CM2PPNMW,23,위,Wayback 스냅샷(아마존_K뷰티_침투분석.xlsx),2026-09-30
2026-02-06,플라이휠,Top50 순위,스킨케어|B0107QPFBU,24,위,Wayback 스냅샷(아마존_K뷰티_침투분석.xlsx),2026-09-30
2026-02-06,플라이휠,Top50 순위,스킨케어|B0DJPB7H94,25,위,Wayback 스냅샷(아마존_K뷰티_침투분석.xlsx),2026-09-30
2026-02-06,플라이휠,Top50 순위,스킨케어|B0060OUV5Y,26,위,Wayback 스냅샷(아마존_K뷰티_침투분석.xlsx),2026-09-30
2026-02-06,플라이휠,Top50 순위,스킨케어|B00949CTQQ,27,위,Wayback 스냅샷(아마존_K뷰티_침투분석.xlsx),2026-09-30
2026-02-06,플라이휠,Top50 순위,스킨케어|B0DBF65JYY,28,위,Wayback 스냅샷(아마존_K뷰티_침투분석.xlsx),2026-09-30
2026-02-06,플라이휠,Top50 순위,스킨케어|B0BFQ9RD5B,29,위,Wayback 스냅샷(아마존_K뷰티_침투분석.xlsx),2026-09-30
2026-02-06,플라이휠,Top50 순위,스킨케어|B00SNPCSUY,30,위,Wayback 스냅샷(아마존_K뷰티_침투분석.xlsx),2026-09-30
2026-02-06,플라이휠,Top50 순위,스킨케어|B07RK4HST7,31,위,Wayback 스냅샷(아마존_K뷰티_침투분석.xlsx),2026-09-30
2026-02-06,플라이휠,Top50 순위,스킨케어|B00365DABC,32,위,Wayback 스냅샷(아마존_K뷰티_침투분석.xlsx),2026-09-30
2026-02-06,플라이휠,Top50 순위,스킨케어|B01N34XW93,33,위,Wayback 스냅샷(아마존_K뷰티_침투분석.xlsx),2026-09-30
2026-02-06,플라이휠,Top50 순위,스킨케어|B0BX2TZZWG,34,위,Wayback 스냅샷(아마존_K뷰티_침투분석.xlsx),2026-09-30
2026-02-06,플라이휠,Top50 순위,스킨케어|B01N1LL62W,35,위,Wayback 스냅샷(아마존_K뷰티_침투분석.xlsx),2026-09-30
2026-02-06,플라이휠,Top50 순위,스킨케어|B09RYRCXKM,36,위,Wayback 스냅샷(아마존_K뷰티_침투분석.xlsx),2026-09-30
2026-02-06,플라이휠,Top50 순위,스킨케어|B00QY1XZ4W,37,위,Wayback 스냅샷(아마존_K뷰티_침투분석.xlsx),2026-09-30
2026-02-06,플라이휠,Top50 순위,스킨케어|B000NWGCZ2,38,위,Wayback 스냅샷(아마존_K뷰티_침투분석.xlsx),2026-09-30
2026-02-06,플라이휠,Top50 순위,스킨케어|B003QXZWYW,39,위,Wayback 스냅샷(아마존_K뷰티_침투분석.xlsx),2026-09-30
2026-02-06,플라이휠,Top50 순위,스킨케어|B000VPPUEA,40,위,Wayback 스냅샷(아마존_K뷰티_침투분석.xlsx),2026-09-30
2026-02-06,플라이휠,Top50 순위,스킨케어|B01M4MCUAF,41,위,Wayback 스냅샷(아마존_K뷰티_침투분석.xlsx),2026-09-30
2026-02-06,플라이휠,Top50 순위,스킨케어|B01N7T7JKJ,42,위,Wayback 스냅샷(아마존_K뷰티_침투분석.xlsx),2026-09-30
2026-02-06,플라이휠,Top50 순위,스킨케어|B0FKGJYFC8,43,위,Wayback 스냅샷(아마존_K뷰티_침투분석.xlsx),2026-09-30
2026-02-06,플라이휠,Top50 순위,스킨케어|B0D2Z3GGCY,44,위,Wayback 스냅샷(아마존_K뷰티_침투분석.xlsx),2026-09-30
2026-02-06,플라이휠,Top50 순위,스킨케어|B006IB5T4W,45,위,Wayback 스냅샷(아마존_K뷰티_침투분석.xlsx),2026-09-30
2026-02-06,플라이휠,Top50 순위,스킨케어|B01H20MA62,46,위,Wayback 스냅샷(아마존_K뷰티_침투분석.xlsx),2026-09-30
2026-02-06,플라이휠,Top50 순위,스킨케어|B07SRRLVQ1,47,위,Wayback 스냅샷(아마존_K뷰티_침투분석.xlsx),2026-09-30
2026-02-06,플라이휠,Top50 순위,스킨케어|B09MFMCTRK,48,위,Wayback 스냅샷(아마존_K뷰티_침투분석.xlsx),2026-09-30
2026-02-06,플라이휠,Top50 순위,스킨케어|B001ET7IQK,49,위,Wayback 스냅샷(아마존_K뷰티_침투분석.xlsx),2026-09-30
2026-02-06,플라이휠,Top50 순위,스킨케어|B0B1PDDLGZ,50,위,Wayback 스냅샷(아마존_K뷰티_침투분석.xlsx),2026-09-30
2022-11-11,플라이휠,Top50 순위,스킨케어|B074PVTPBW,1,위,"Wayback 스냅샷(기존 트래커 이관, wayback:20221111151606)",2026-09-30
2022-11-11,플라이휠,Top50 순위,스킨케어|B01M4MCUAF,10,위,"Wayback 스냅샷(기존 트래커 이관, wayback:20221111151606)",2026-09-30
2022-11-11,플라이휠,Top50 순위,스킨케어|B01N1LL62W,11,위,"Wayback 스냅샷(기존 트래커 이관, wayback:20221111151606)",2026-09-30
2022-11-11,플라이휠,Top50 순위,스킨케어|B00AREGVUM,12,위,"Wayback 스냅샷(기존 트래커 이관, wayback:20221111151606)",2026-09-30
2022-11-11,플라이휠,Top50 순위,스킨케어|B01MSSDEPK,13,위,"Wayback 스냅샷(기존 트래커 이관, wayback:20221111151606)",2026-09-30
2022-11-11,플라이휠,Top50 순위,스킨케어|B000GG64O4,14,위,"Wayback 스냅샷(기존 트래커 이관, wayback:20221111151606)",2026-09-30
2022-11-11,플라이휠,Top50 순위,스킨케어|B00F1U0YB4,15,위,"Wayback 스냅샷(기존 트래커 이관, wayback:20221111151606)",2026-09-30
2022-11-11,플라이휠,Top50 순위,스킨케어|B07VWSN95S,16,위,"Wayback 스냅샷(기존 트래커 이관, wayback:20221111151606)",2026-09-30
2022-11-11,플라이휠,Top50 순위,스킨케어|B002MSN3QQ,17,위,"Wayback 스냅샷(기존 트래커 이관, wayback:20221111151606)",2026-09-30
2022-11-11,플라이휠,Top50 순위,스킨케어|B0757Y44SK,18,위,"Wayback 스냅샷(기존 트래커 이관, wayback:20221111151606)",2026-09-30
2022-11-11,플라이휠,Top50 순위,스킨케어|B00JJPMXDO,19,위,"Wayback 스냅샷(기존 트래커 이관, wayback:20221111151606)",2026-09-30
2022-11-11,플라이휠,Top50 순위,스킨케어|B00U2VQZDS,2,위,"Wayback 스냅샷(기존 트래커 이관, wayback:20221111151606)",2026-09-30
2022-11-11,플라이휠,Top50 순위,스킨케어|B00U1YCRD8,20,위,"Wayback 스냅샷(기존 트래커 이관, wayback:20221111151606)",2026-09-30
2022-11-11,플라이휠,Top50 순위,스킨케어|B07XXPHQZK,21,위,"Wayback 스냅샷(기존 트래커 이관, wayback:20221111151606)",2026-09-30
2022-11-11,플라이휠,Top50 순위,스킨케어|B07TJG79HP,22,위,"Wayback 스냅샷(기존 트래커 이관, wayback:20221111151606)",2026-09-30
2022-11-11,플라이휠,Top50 순위,스킨케어|B07G1VKCND,23,위,"Wayback 스냅샷(기존 트래커 이관, wayback:20221111151606)",2026-09-30
2022-11-11,플라이휠,Top50 순위,스킨케어|B002JDUMFO,24,위,"Wayback 스냅샷(기존 트래커 이관, wayback:20221111151606)",2026-09-30
2022-11-11,플라이휠,Top50 순위,스킨케어|B007HD570Q,25,위,"Wayback 스냅샷(기존 트래커 이관, wayback:20221111151606)",2026-09-30
2022-11-11,플라이휠,Top50 순위,스킨케어|B099MSZX25,26,위,"Wayback 스냅샷(기존 트래커 이관, wayback:20221111151606)",2026-09-30
2022-11-11,플라이휠,Top50 순위,스킨케어|B00NR1YQHM,27,위,"Wayback 스냅샷(기존 트래커 이관, wayback:20221111151606)",2026-09-30
2022-11-11,플라이휠,Top50 순위,스킨케어|B00F97FHAW,28,위,"Wayback 스냅샷(기존 트래커 이관, wayback:20221111151606)",2026-09-30
2022-11-11,플라이휠,Top50 순위,스킨케어|B08P25CZS3,29,위,"Wayback 스냅샷(기존 트래커 이관, wayback:20221111151606)",2026-09-30
2022-11-11,플라이휠,Top50 순위,스킨케어|B00949CTQQ,3,위,"Wayback 스냅샷(기존 트래커 이관, wayback:20221111151606)",2026-09-30
2022-11-11,플라이휠,Top50 순위,스킨케어|B0BFC6M1Z1,30,위,"Wayback 스냅샷(기존 트래커 이관, wayback:20221111151606)",2026-09-30
2022-11-11,플라이휠,Top50 순위,스킨케어|B017PCGABI,31,위,"Wayback 스냅샷(기존 트래커 이관, wayback:20221111151606)",2026-09-30
2022-11-11,플라이휠,Top50 순위,스킨케어|B0846G318P,32,위,"Wayback 스냅샷(기존 트래커 이관, wayback:20221111151606)",2026-09-30
2022-11-11,플라이휠,Top50 순위,스킨케어|B014SAB948,33,위,"Wayback 스냅샷(기존 트래커 이관, wayback:20221111151606)",2026-09-30
2022-11-11,플라이휠,Top50 순위,스킨케어|B07YLJPMC3,34,위,"Wayback 스냅샷(기존 트래커 이관, wayback:20221111151606)",2026-09-30
2022-11-11,플라이휠,Top50 순위,스킨케어|B00NR1YQK4,35,위,"Wayback 스냅샷(기존 트래커 이관, wayback:20221111151606)",2026-09-30
2022-11-11,플라이휠,Top50 순위,스킨케어|B00PBX3L7K,36,위,"Wayback 스냅샷(기존 트래커 이관, wayback:20221111151606)",2026-09-30
2022-11-11,플라이휠,Top50 순위,스킨케어|B07N93XF4Z,37,위,"Wayback 스냅샷(기존 트래커 이관, wayback:20221111151606)",2026-09-30
2022-11-11,플라이휠,Top50 순위,스킨케어|B00X6ZNWG0,38,위,"Wayback 스냅샷(기존 트래커 이관, wayback:20221111151606)",2026-09-30
2022-11-11,플라이휠,Top50 순위,스킨케어|B0044B4HSM,39,위,"Wayback 스냅샷(기존 트래커 이관, wayback:20221111151606)",2026-09-30
2022-11-11,플라이휠,Top50 순위,스킨케어|B081KL2QYJ,4,위,"Wayback 스냅샷(기존 트래커 이관, wayback:20221111151606)",2026-09-30
2022-11-11,플라이휠,Top50 순위,스킨케어|B079FV6PRH,40,위,"Wayback 스냅샷(기존 트래커 이관, wayback:20221111151606)",2026-09-30
2022-11-11,플라이휠,Top50 순위,스킨케어|B000NWGCZ2,41,위,"Wayback 스냅샷(기존 트래커 이관, wayback:20221111151606)",2026-09-30
2022-11-11,플라이휠,Top50 순위,스킨케어|B01M4NFD2N,42,위,"Wayback 스냅샷(기존 트래커 이관, wayback:20221111151606)",2026-09-30
2022-11-11,플라이휠,Top50 순위,스킨케어|B001459IEE,43,위,"Wayback 스냅샷(기존 트래커 이관, wayback:20221111151606)",2026-09-30
2022-11-11,플라이휠,Top50 순위,스킨케어|B07PBXXNCY,44,위,"Wayback 스냅샷(기존 트래커 이관, wayback:20221111151606)",2026-09-30
2022-11-11,플라이휠,Top50 순위,스킨케어|B00SK71SAG,45,위,"Wayback 스냅샷(기존 트래커 이관, wayback:20221111151606)",2026-09-30
2022-11-11,플라이휠,Top50 순위,스킨케어|B075QNC39Q,46,위,"Wayback 스냅샷(기존 트래커 이관, wayback:20221111151606)",2026-09-30
2022-11-11,플라이휠,Top50 순위,스킨케어|B07K3261ZD,47,위,"Wayback 스냅샷(기존 트래커 이관, wayback:20221111151606)",2026-09-30
2022-11-11,플라이휠,Top50 순위,스킨케어|B00R1P82UW,48,위,"Wayback 스냅샷(기존 트래커 이관, wayback:20221111151606)",2026-09-30
2022-11-11,플라이휠,Top50 순위,스킨케어|B017PCGAXQ,49,위,"Wayback 스냅샷(기존 트래커 이관, wayback:20221111151606)",2026-09-30
2022-11-11,플라이휠,Top50 순위,스킨케어|B00TTD9BRC,5,위,"Wayback 스냅샷(기존 트래커 이관, wayback:20221111151606)",2026-09-30
2022-11-11,플라이휠,Top50 순위,스킨케어|B01MG4PSK4,50,위,"Wayback 스냅샷(기존 트래커 이관, wayback:20221111151606)",2026-09-30
2022-11-11,플라이휠,Top50 순위,스킨케어|B000YJ2SLG,6,위,"Wayback 스냅샷(기존 트래커 이관, wayback:20221111151606)",2026-09-30
2022-11-11,플라이휠,Top50 순위,스킨케어|B07L1PHSY9,7,위,"Wayback 스냅샷(기존 트래커 이관, wayback:20221111151606)",2026-09-30
2022-11-11,플라이휠,Top50 순위,스킨케어|B00MEDOY2G,8,위,"Wayback 스냅샷(기존 트래커 이관, wayback:20221111151606)",2026-09-30
2022-11-11,플라이휠,Top50 순위,스킨케어|B0054LHI5A,9,위,"Wayback 스냅샷(기존 트래커 이관, wayback:20221111151606)",2026-09-30
2026-09-30,플라이휠,Top50 순위,페이셜 트리트먼트|B074PVTPBW,1,위,아마존 US 베스트셀러 페이지(직접 수집),2026-09-30
2026-09-30,플라이휠,Top50 순위,페이셜 트리트먼트|B0B2RM68G2,2,위,아마존 US 베스트셀러 페이지(직접 수집),2026-09-30
2026-09-30,플라이휠,Top50 순위,페이셜 트리트먼트|B01MDTVZTZ,3,위,아마존 US 베스트셀러 페이지(직접 수집),2026-09-30
2026-09-30,플라이휠,Top50 순위,페이셜 트리트먼트|B01MYEZPC8,4,위,아마존 US 베스트셀러 페이지(직접 수집),2026-09-30
2026-09-30,플라이휠,Top50 순위,페이셜 트리트먼트|B071914GGL,5,위,아마존 US 베스트셀러 페이지(직접 수집),2026-09-30
2026-09-30,플라이휠,Top50 순위,페이셜 트리트먼트|B06WD5J8KY,6,위,아마존 US 베스트셀러 페이지(직접 수집),2026-09-30
2026-09-30,플라이휠,Top50 순위,페이셜 트리트먼트|B0DGTMR754,7,위,아마존 US 베스트셀러 페이지(직접 수집),2026-09-30
2026-09-30,플라이휠,Top50 순위,페이셜 트리트먼트|B0DG1DQ2S7,8,위,아마존 US 베스트셀러 페이지(직접 수집),2026-09-30
2026-09-30,플라이휠,Top50 순위,페이셜 트리트먼트|B0BRMYHMS5,9,위,아마존 US 베스트셀러 페이지(직접 수집),2026-09-30
2026-09-30,플라이휠,Top50 순위,페이셜 트리트먼트|B0DBF65JYY,10,위,아마존 US 베스트셀러 페이지(직접 수집),2026-09-30
2026-09-30,플라이휠,Top50 순위,페이셜 트리트먼트|B0DK4Y2YP3,11,위,아마존 US 베스트셀러 페이지(직접 수집),2026-09-30
2026-09-30,플라이휠,Top50 순위,페이셜 트리트먼트|B0DG4WXBCF,12,위,아마존 US 베스트셀러 페이지(직접 수집),2026-09-30
2026-09-30,플라이휠,Top50 순위,페이셜 트리트먼트|B0C3PCJ6SD,13,위,아마존 US 베스트셀러 페이지(직접 수집),2026-09-30
2026-09-30,플라이휠,Top50 순위,페이셜 트리트먼트|B07G1VKCND,14,위,아마존 US 베스트셀러 페이지(직접 수집),2026-09-30
2026-09-30,플라이휠,Top50 순위,페이셜 트리트먼트|B08TM8DLFJ,15,위,아마존 US 베스트셀러 페이지(직접 수집),2026-09-30
2026-09-30,플라이휠,Top50 순위,페이셜 트리트먼트|B0FGQ3J31K,16,위,아마존 US 베스트셀러 페이지(직접 수집),2026-09-30
2026-09-30,플라이휠,Top50 순위,페이셜 트리트먼트|B00PBX3L7K,17,위,아마존 US 베스트셀러 페이지(직접 수집),2026-09-30
2026-09-30,플라이휠,Top50 순위,페이셜 트리트먼트|B0CCRWC6W9,18,위,아마존 US 베스트셀러 페이지(직접 수집),2026-09-30
2026-09-30,플라이휠,Top50 순위,페이셜 트리트먼트|B0CTJMB37K,19,위,아마존 US 베스트셀러 페이지(직접 수집),2026-09-30
2026-09-30,플라이휠,Top50 순위,페이셜 트리트먼트|B07FPT52DY,20,위,아마존 US 베스트셀러 페이지(직접 수집),2026-09-30
2026-09-30,플라이휠,Top50 순위,페이셜 트리트먼트|B01M4MCUAF,21,위,아마존 US 베스트셀러 페이지(직접 수집),2026-09-30
2026-09-30,플라이휠,Top50 순위,페이셜 트리트먼트|B0GCC2JV65,22,위,아마존 US 베스트셀러 페이지(직접 수집),2026-09-30
2026-09-30,플라이휠,Top50 순위,페이셜 트리트먼트|B07VWSN95S,23,위,아마존 US 베스트셀러 페이지(직접 수집),2026-09-30
2026-09-30,플라이휠,Top50 순위,페이셜 트리트먼트|B0D8W1YVBX,24,위,아마존 US 베스트셀러 페이지(직접 수집),2026-09-30
2026-09-30,플라이휠,Top50 순위,페이셜 트리트먼트|B0CLLV2T1P,25,위,아마존 US 베스트셀러 페이지(직접 수집),2026-09-30
2026-09-30,플라이휠,Top50 순위,페이셜 트리트먼트|B0DTKFZ662,26,위,아마존 US 베스트셀러 페이지(직접 수집),2026-09-30
2026-09-30,플라이휠,Top50 순위,페이셜 트리트먼트|B0D16L5F2M,27,위,아마존 US 베스트셀러 페이지(직접 수집),2026-09-30
2026-09-30,플라이휠,Top50 순위,페이셜 트리트먼트|B0FX418XT8,28,위,아마존 US 베스트셀러 페이지(직접 수집),2026-09-30
2026-09-30,플라이휠,Top50 순위,페이셜 트리트먼트|B07XJ7XWLW,29,위,아마존 US 베스트셀러 페이지(직접 수집),2026-09-30
2026-09-30,플라이휠,Top50 순위,페이셜 트리트먼트|B06Y15D1LH,30,위,아마존 US 베스트셀러 페이지(직접 수집),2026-09-30
2026-09-30,플라이휠,Top50 순위,페이셜 트리트먼트|B0DVJ7BLQ7,31,위,아마존 US 베스트셀러 페이지(직접 수집),2026-09-30
2026-09-30,플라이휠,Top50 순위,페이셜 트리트먼트|B08RJ4ZHXJ,32,위,아마존 US 베스트셀러 페이지(직접 수집),2026-09-30
2026-09-30,플라이휠,Top50 순위,페이셜 트리트먼트|B0FZPGQHFB,33,위,아마존 US 베스트셀러 페이지(직접 수집),2026-09-30
2026-09-30,플라이휠,Top50 순위,페이셜 트리트먼트|B0BS49YW8Z,34,위,아마존 US 베스트셀러 페이지(직접 수집),2026-09-30
2026-09-30,플라이휠,Top50 순위,페이셜 트리트먼트|B0BPDBYRTZ,35,위,아마존 US 베스트셀러 페이지(직접 수집),2026-09-30
2026-09-30,플라이휠,Top50 순위,페이셜 트리트먼트|B0GFPZZ6XV,36,위,아마존 US 베스트셀러 페이지(직접 수집),2026-09-30
2026-09-30,플라이휠,Top50 순위,페이셜 트리트먼트|B07NJ2ZNL1,37,위,아마존 US 베스트셀러 페이지(직접 수집),2026-09-30
2026-09-30,플라이휠,Top50 순위,페이셜 트리트먼트|B075VX4QVM,38,위,아마존 US 베스트셀러 페이지(직접 수집),2026-09-30
2026-09-30,플라이휠,Top50 순위,페이셜 트리트먼트|B0896MFFJW,39,위,아마존 US 베스트셀러 페이지(직접 수집),2026-09-30
2026-09-30,플라이휠,Top50 순위,페이셜 트리트먼트|B0CCJ3SRB9,40,위,아마존 US 베스트셀러 페이지(직접 수집),2026-09-30
2026-09-30,플라이휠,Top50 순위,페이셜 트리트먼트|B08L8B5JR2,41,위,아마존 US 베스트셀러 페이지(직접 수집),2026-09-30
2026-09-30,플라이휠,Top50 순위,페이셜 트리트먼트|B07PNCCLD2,42,위,아마존 US 베스트셀러 페이지(직접 수집),2026-09-30
2026-09-30,플라이휠,Top50 순위,페이셜 트리트먼트|B07PM79MSC,43,위,아마존 US 베스트셀러 페이지(직접 수집),2026-09-30
2026-09-30,플라이휠,Top50 순위,페이셜 트리트먼트|B08R994Q1L,44,위,아마존 US 베스트셀러 페이지(직접 수집),2026-09-30
2026-09-30,플라이휠,Top50 순위,페이셜 트리트먼트|B0779YGB2G,45,위,아마존 US 베스트셀러 페이지(직접 수집),2026-09-30
2026-09-30,플라이휠,Top50 순위,페이셜 트리트먼트|B0D38DMBPQ,46,위,아마존 US 베스트셀러 페이지(직접 수집),2026-09-30
2026-09-30,플라이휠,Top50 순위,페이셜 트리트먼트|B0009EILKS,47,위,아마존 US 베스트셀러 페이지(직접 수집),2026-09-30
2026-09-30,플라이휠,Top50 순위,페이셜 트리트먼트|B0DJPB7H94,48,위,아마존 US 베스트셀러 페이지(직접 수집),2026-09-30
2026-09-30,플라이휠,Top50 순위,페이셜 트리트먼트|B00387F42G,49,위,아마존 US 베스트셀러 페이지(직접 수집),2026-09-30
2026-09-30,플라이휠,Top50 순위,페이셜 트리트먼트|B071D4D5DT,50,위,아마존 US 베스트셀러 페이지(직접 수집),2026-09-30
