기준일,축,지표,구분,값,단위,출처,수집일
2019-01,수입시장,수입액,미국|3304|384|384,232959,USD,UN Comtrade 공개 API,2026-09-30
2019-01,수입시장,수입액,미국|3304|554|뉴질랜드,989082,USD,UN Comtrade 공개 API,2026-09-30
2019-01,수입시장,수입액,미국|3304|360|인도네시아,166508,USD,UN Comtrade 공개 API,2026-09-30
2019-01,수입시장,수입액,미국|3304|826|영국,24133748,USD,UN Comtrade 공개 API,2026-09-30
2019-01,수입시장,수입액,미국|3304|616|폴란드,2225207,USD,UN Comtrade 공개 API,2026-09-30
2019-01,수입시장,수입액,미국|3304|276|독일,13307568,USD,UN Comtrade 공개 API,2026-09-30
2019-01,수입시장,수입액,미국|3304|792|튀르키예,301764,USD,UN Comtrade 공개 API,2026-09-30
2019-01,수입시장,수입액,미국|3304|124|캐나다,57981173,USD,UN Comtrade 공개 API,2026-09-30
2019-01,수입시장,수입액,미국|3304|320|320,15922,USD,UN Comtrade 공개 API,2026-09-30
2019-01,수입시장,수입액,미국|3304|458|말레이시아,504277,USD,UN Comtrade 공개 API,2026-09-30
2019-01,수입시장,수입액,미국|3304|566|나이지리아,4237,USD,UN Comtrade 공개 API,2026-09-30
2019-01,수입시장,수입액,미국|3304|152|칠레,5938,USD,UN Comtrade 공개 API,2026-09-30
2019-01,수입시장,수입액,미국|3304|392|일본,19797160,USD,UN Comtrade 공개 API,2026-09-30
2019-01,수입시장,수입액,미국|3304|246|핀란드,35451,USD,UN Comtrade 공개 API,2026-09-30
2019-01,수입시장,수입액,미국|3304|40|오스트리아,120801,USD,UN Comtrade 공개 API,2026-09-30
2019-01,수입시장,수입액,미국|3304|586|파키스탄,13089,USD,UN Comtrade 공개 API,2026-09-30
2019-01,수입시장,수입액,미국|3304|608|필리핀,62197,USD,UN Comtrade 공개 API,2026-09-30
2019-01,수입시장,수입액,미국|3304|442|룩셈부르크,392677,USD,UN Comtrade 공개 API,2026-09-30
2019-01,수입시장,수입액,미국|3304|484|멕시코,12847965,USD,UN Comtrade 공개 API,2026-09-30
2019-01,수입시장,수입액,미국|3304|144|스리랑카,27722,USD,UN Comtrade 공개 API,2026-09-30
2019-01,수입시장,수입액,미국|3304|76|브라질,50522,USD,UN Comtrade 공개 API,2026-09-30
2019-01,수입시장,수입액,미국|3304|533|533,14746,USD,UN Comtrade 공개 API,2026-09-30
2019-01,수입시장,수입액,미국|3304|376|이스라엘,4362265,USD,UN Comtrade 공개 API,2026-09-30
2019-01,수입시장,수입액,미국|3304|50|방글라데시,15214,USD,UN Comtrade 공개 API,2026-09-30
2019-01,수입시장,수입액,미국|3304|422|레바논,7771,USD,UN Comtrade 공개 API,2026-09-30
2019-01,수입시장,수입액,미국|3304|504|504,32665,USD,UN Comtrade 공개 API,2026-09-30
2019-01,수입시장,수입액,미국|3304|156|중국,67016855,USD,UN Comtrade 공개 API,2026-09-30
2019-01,수입시장,수입액,미국|3304|784|UAE,621489,USD,UN Comtrade 공개 API,2026-09-30
2019-01,수입시장,수입액,미국|3304|36|호주,4385361,USD,UN Comtrade 공개 API,2026-09-30
2019-01,수입시장,수입액,미국|3304|528|네덜란드,730853,USD,UN Comtrade 공개 API,2026-09-30
2019-01,수입시장,수입액,미국|3304|352|352,77873,USD,UN Comtrade 공개 API,2026-09-30
2019-01,수입시장,수입액,미국|3304|100|불가리아,289915,USD,UN Comtrade 공개 API,2026-09-30
2019-01,수입시장,수입액,미국|3304|764|태국,1252325,USD,UN Comtrade 공개 API,2026-09-30
2019-01,수입시장,수입액,미국|3304|214|214,17771,USD,UN Comtrade 공개 API,2026-09-30
2019-01,수입시장,수입액,미국|3304|258|258,8592,USD,UN Comtrade 공개 API,2026-09-30
2019-01,수입시장,수입액,미국|3304|208|덴마크,15534,USD,UN Comtrade 공개 API,2026-09-30
2019-01,수입시장,수입액,미국|3304|704|베트남,30264,USD,UN Comtrade 공개 API,2026-09-30
2019-01,수입시장,수입액,미국|3304|170|콜롬비아,720457,USD,UN Comtrade 공개 API,2026-09-30
2019-01,수입시장,수입액,미국|3304|372|아일랜드,428453,USD,UN Comtrade 공개 API,2026-09-30
2019-01,수입시장,수입액,미국|3304|710|남아공,1346273,USD,UN Comtrade 공개 API,2026-09-30
2019-01,수입시장,수입액,미국|3304|218|218,20804,USD,UN Comtrade 공개 API,2026-09-30
2019-01,수입시장,수입액,미국|3304|414|쿠웨이트,2588,USD,UN Comtrade 공개 API,2026-09-30
2019-01,수입시장,수입액,미국|3304|818|이집트,35604,USD,UN Comtrade 공개 API,2026-09-30
2019-01,수입시장,수입액,미국|3304|724|스페인,2487475,USD,UN Comtrade 공개 API,2026-09-30
2019-01,수입시장,수입액,미국|3304|288|288,23184,USD,UN Comtrade 공개 API,2026-09-30
2019-01,수입시장,수입액,미국|3304|242|242,91372,USD,UN Comtrade 공개 API,2026-09-30
2019-01,수입시장,수입액,미국|3304|203|체코,673438,USD,UN Comtrade 공개 API,2026-09-30
2019-01,수입시장,수입액,미국|3304|620|포르투갈,54148,USD,UN Comtrade 공개 API,2026-09-30
2019-01,수입시장,수입액,미국|3304|428|라트비아,4389,USD,UN Comtrade 공개 API,2026-09-30
2019-01,수입시장,수입액,미국|3304|440|리투아니아,3320,USD,UN Comtrade 공개 API,2026-09-30
2019-01,수입시장,수입액,미국|3304|702|싱가포르,270244,USD,UN Comtrade 공개 API,2026-09-30
2019-01,수입시장,수입액,미국|3304|643|러시아,14343,USD,UN Comtrade 공개 API,2026-09-30
2019-01,수입시장,수입액,미국|3304|752|스웨덴,20075272,USD,UN Comtrade 공개 API,2026-09-30
2019-01,수입시장,수입액,미국|3304|56|벨기에,7295431,USD,UN Comtrade 공개 API,2026-09-30
2019-01,수입시장,수입액,미국|3304|804|우크라이나,8453,USD,UN Comtrade 공개 API,2026-09-30
2019-01,수입시장,수입액,미국|3304|300|그리스,1103457,USD,UN Comtrade 공개 API,2026-09-30
2019-01,수입시장,수입액,미국|3304|400|요르단,51887,USD,UN Comtrade 공개 API,2026-09-30
2019-01,수입시장,수입액,미국|3304|344|홍콩,430069,USD,UN Comtrade 공개 API,2026-09-30
2019-01,수입시장,수입액,미국|3304|348|헝가리,5572428,USD,UN Comtrade 공개 API,2026-09-30
2019-01,수입시장,수입액,미국|3304|410|한국,49972358,USD,UN Comtrade 공개 API,2026-09-30
2019-01,수입시장,수입액,미국|3304|531|531,5244,USD,UN Comtrade 공개 API,2026-09-30
2019-01,수입시장,수입액,미국|3304|380|이탈리아,45112722,USD,UN Comtrade 공개 API,2026-09-30
2019-01,수입시장,수입액,미국|3304|32|아르헨티나,128535,USD,UN Comtrade 공개 API,2026-09-30
2019-01,수입시장,수입액,미국|3304|705|슬로베니아,196731,USD,UN Comtrade 공개 API,2026-09-30
2019-01,수입시장,수입액,미국|3304|780|780,5024,USD,UN Comtrade 공개 API,2026-09-30
2019-01,수입시장,수입액,미국|3304|251|프랑스,46989018,USD,UN Comtrade 공개 API,2026-09-30
2019-01,수입시장,수입액,미국|3304|490|대만,6260833,USD,UN Comtrade 공개 API,2026-09-30
2019-01,수입시장,수입액,미국|3304|699|인도,2921412,USD,UN Comtrade 공개 API,2026-09-30
2019-01,수입시장,수입액,미국|3304|757|스위스,5498907,USD,UN Comtrade 공개 API,2026-09-30
2019-01,수입시장,수입액,미국|3304|0|전체,409899333,USD,UN Comtrade 공개 API,2026-09-30
2019-02,수입시장,수입액,미국|3304|384|384,58472,USD,UN Comtrade 공개 API,2026-09-30
2019-02,수입시장,수입액,미국|3304|504|504,226250,USD,UN Comtrade 공개 API,2026-09-30
2019-02,수입시장,수입액,미국|3304|608|필리핀,51762,USD,UN Comtrade 공개 API,2026-09-30
2019-02,수입시장,수입액,미국|3304|196|키프로스,51976,USD,UN Comtrade 공개 API,2026-09-30
2019-02,수입시장,수입액,미국|3304|36|호주,2575937,USD,UN Comtrade 공개 API,2026-09-30
2019-02,수입시장,수입액,미국|3304|124|캐나다,60688524,USD,UN Comtrade 공개 API,2026-09-30
2019-02,수입시장,수입액,미국|3304|100|불가리아,65025,USD,UN Comtrade 공개 API,2026-09-30
2019-02,수입시장,수입액,미국|3304|533|533,38994,USD,UN Comtrade 공개 API,2026-09-30
2019-02,수입시장,수입액,미국|3304|170|콜롬비아,829840,USD,UN Comtrade 공개 API,2026-09-30
2019-02,수입시장,수입액,미국|3304|710|남아공,1583966,USD,UN Comtrade 공개 API,2026-09-30
2019-02,수입시장,수입액,미국|3304|705|슬로베니아,127622,USD,UN Comtrade 공개 API,2026-09-30
2019-02,수입시장,수입액,미국|3304|620|포르투갈,73959,USD,UN Comtrade 공개 API,2026-09-30
2019-02,수입시장,수입액,미국|3304|410|한국,32651355,USD,UN Comtrade 공개 API,2026-09-30
2019-02,수입시장,수입액,미국|3304|380|이탈리아,51228560,USD,UN Comtrade 공개 API,2026-09-30
2019-02,수입시장,수입액,미국|3304|214|214,24253,USD,UN Comtrade 공개 API,2026-09-30
2019-02,수입시장,수입액,미국|3304|484|멕시코,10836644,USD,UN Comtrade 공개 API,2026-09-30
2019-02,수입시장,수입액,미국|3304|40|오스트리아,214410,USD,UN Comtrade 공개 API,2026-09-30
2019-02,수입시장,수입액,미국|3304|400|요르단,3534,USD,UN Comtrade 공개 API,2026-09-30
2019-02,수입시장,수입액,미국|3304|152|칠레,28887,USD,UN Comtrade 공개 API,2026-09-30
2019-02,수입시장,수입액,미국|3304|288|288,40748,USD,UN Comtrade 공개 API,2026-09-30
2019-02,수입시장,수입액,미국|3304|360|인도네시아,94855,USD,UN Comtrade 공개 API,2026-09-30
2019-02,수입시장,수입액,미국|3304|352|352,36582,USD,UN Comtrade 공개 API,2026-09-30
2019-02,수입시장,수입액,미국|3304|246|핀란드,72263,USD,UN Comtrade 공개 API,2026-09-30
2019-02,수입시장,수입액,미국|3304|422|레바논,120749,USD,UN Comtrade 공개 API,2026-09-30
2019-02,수입시장,수입액,미국|3304|826|영국,22561856,USD,UN Comtrade 공개 API,2026-09-30
2019-02,수입시장,수입액,미국|3304|56|벨기에,8706568,USD,UN Comtrade 공개 API,2026-09-30
2019-02,수입시장,수입액,미국|3304|780|780,2596,USD,UN Comtrade 공개 API,2026-09-30
2019-02,수입시장,수입액,미국|3304|752|스웨덴,15725210,USD,UN Comtrade 공개 API,2026-09-30
2019-02,수입시장,수입액,미국|3304|554|뉴질랜드,910282,USD,UN Comtrade 공개 API,2026-09-30
2019-02,수입시장,수입액,미국|3304|704|베트남,80937,USD,UN Comtrade 공개 API,2026-09-30
2019-02,수입시장,수입액,미국|3304|428|라트비아,5607,USD,UN Comtrade 공개 API,2026-09-30
2019-02,수입시장,수입액,미국|3304|233|에스토니아,8753,USD,UN Comtrade 공개 API,2026-09-30
2019-02,수입시장,수입액,미국|3304|231|231,8540,USD,UN Comtrade 공개 API,2026-09-30
2019-02,수입시장,수입액,미국|3304|376|이스라엘,4380881,USD,UN Comtrade 공개 API,2026-09-30
2019-02,수입시장,수입액,미국|3304|724|스페인,1996644,USD,UN Comtrade 공개 API,2026-09-30
2019-02,수입시장,수입액,미국|3304|818|이집트,14250,USD,UN Comtrade 공개 API,2026-09-30
2019-02,수입시장,수입액,미국|3304|784|UAE,1004454,USD,UN Comtrade 공개 API,2026-09-30
2019-02,수입시장,수입액,미국|3304|643|러시아,13482,USD,UN Comtrade 공개 API,2026-09-30
2019-02,수입시장,수입액,미국|3304|208|덴마크,13905,USD,UN Comtrade 공개 API,2026-09-30
2019-02,수입시장,수입액,미국|3304|32|아르헨티나,91383,USD,UN Comtrade 공개 API,2026-09-30
2019-02,수입시장,수입액,미국|3304|344|홍콩,149933,USD,UN Comtrade 공개 API,2026-09-30
2019-02,수입시장,수입액,미국|3304|458|말레이시아,358799,USD,UN Comtrade 공개 API,2026-09-30
2019-02,수입시장,수입액,미국|3304|858|858,21471,USD,UN Comtrade 공개 API,2026-09-30
2019-02,수입시장,수입액,미국|3304|404|404,9459,USD,UN Comtrade 공개 API,2026-09-30
2019-02,수입시장,수입액,미국|3304|268|조지아,5716,USD,UN Comtrade 공개 API,2026-09-30
2019-02,수입시장,수입액,미국|3304|44|44,9745,USD,UN Comtrade 공개 API,2026-09-30
2019-02,수입시장,수입액,미국|3304|348|헝가리,5778294,USD,UN Comtrade 공개 API,2026-09-30
2019-02,수입시장,수입액,미국|3304|604|페루,5094,USD,UN Comtrade 공개 API,2026-09-30
2019-02,수입시장,수입액,미국|3304|586|파키스탄,47097,USD,UN Comtrade 공개 API,2026-09-30
2019-02,수입시장,수입액,미국|3304|642|루마니아,4440,USD,UN Comtrade 공개 API,2026-09-30
2019-02,수입시장,수입액,미국|3304|372|아일랜드,1246149,USD,UN Comtrade 공개 API,2026-09-30
2019-02,수입시장,수입액,미국|3304|50|방글라데시,11343,USD,UN Comtrade 공개 API,2026-09-30
2019-02,수입시장,수입액,미국|3304|442|룩셈부르크,174796,USD,UN Comtrade 공개 API,2026-09-30
2019-02,수입시장,수입액,미국|3304|528|네덜란드,860969,USD,UN Comtrade 공개 API,2026-09-30
2019-02,수입시장,수입액,미국|3304|702|싱가포르,200080,USD,UN Comtrade 공개 API,2026-09-30
2019-02,수입시장,수입액,미국|3304|203|체코,583052,USD,UN Comtrade 공개 API,2026-09-30
2019-02,수입시장,수입액,미국|3304|300|그리스,1124512,USD,UN Comtrade 공개 API,2026-09-30
2019-02,수입시장,수입액,미국|3304|276|독일,17052224,USD,UN Comtrade 공개 API,2026-09-30
2019-02,수입시장,수입액,미국|3304|144|스리랑카,11130,USD,UN Comtrade 공개 API,2026-09-30
2019-02,수입시장,수입액,미국|3304|392|일본,9971606,USD,UN Comtrade 공개 API,2026-09-30
2019-02,수입시장,수입액,미국|3304|320|320,13412,USD,UN Comtrade 공개 API,2026-09-30
2019-02,수입시장,수입액,미국|3304|76|브라질,164007,USD,UN Comtrade 공개 API,2026-09-30
2019-02,수입시장,수입액,미국|3304|764|태국,305081,USD,UN Comtrade 공개 API,2026-09-30
2019-02,수입시장,수입액,미국|3304|156|중국,56613097,USD,UN Comtrade 공개 API,2026-09-30
2019-02,수입시장,수입액,미국|3304|112|벨라루스,3384,USD,UN Comtrade 공개 API,2026-09-30
2019-02,수입시장,수입액,미국|3304|616|폴란드,1650082,USD,UN Comtrade 공개 API,2026-09-30
2019-02,수입시장,수입액,미국|3304|792|튀르키예,671438,USD,UN Comtrade 공개 API,2026-09-30
2019-02,수입시장,수입액,미국|3304|162|162,2926,USD,UN Comtrade 공개 API,2026-09-30
2019-02,수입시장,수입액,미국|3304|490|대만,5703814,USD,UN Comtrade 공개 API,2026-09-30
2019-02,수입시장,수입액,미국|3304|579|노르웨이,19864,USD,UN Comtrade 공개 API,2026-09-30
2019-02,수입시장,수입액,미국|3304|251|프랑스,59586612,USD,UN Comtrade 공개 API,2026-09-30
2019-02,수입시장,수입액,미국|3304|699|인도,2623363,USD,UN Comtrade 공개 API,2026-09-30
2019-02,수입시장,수입액,미국|3304|757|스위스,5650173,USD,UN Comtrade 공개 API,2026-09-30
2019-02,수입시장,수입액,미국|3304|0|전체,387883677,USD,UN Comtrade 공개 API,2026-09-30
2019-03,수입시장,수입액,미국|3304|804|우크라이나,49744,USD,UN Comtrade 공개 API,2026-09-30
2019-03,수입시장,수입액,미국|3304|36|호주,4471855,USD,UN Comtrade 공개 API,2026-09-30
2019-03,수입시장,수입액,미국|3304|32|아르헨티나,17140,USD,UN Comtrade 공개 API,2026-09-30
2019-03,수입시장,수입액,미국|3304|320|320,15376,USD,UN Comtrade 공개 API,2026-09-30
2019-03,수입시장,수입액,미국|3304|276|독일,18963323,USD,UN Comtrade 공개 API,2026-09-30
2019-03,수입시장,수입액,미국|3304|643|러시아,152440,USD,UN Comtrade 공개 API,2026-09-30
2019-03,수입시장,수입액,미국|3304|566|나이지리아,2304,USD,UN Comtrade 공개 API,2026-09-30
2019-03,수입시장,수입액,미국|3304|533|533,158450,USD,UN Comtrade 공개 API,2026-09-30
2019-03,수입시장,수입액,미국|3304|554|뉴질랜드,1597616,USD,UN Comtrade 공개 API,2026-09-30
2019-03,수입시장,수입액,미국|3304|100|불가리아,48746,USD,UN Comtrade 공개 API,2026-09-30
2019-03,수입시장,수입액,미국|3304|702|싱가포르,59650,USD,UN Comtrade 공개 API,2026-09-30
2019-03,수입시장,수입액,미국|3304|268|조지아,2319,USD,UN Comtrade 공개 API,2026-09-30
2019-03,수입시장,수입액,미국|3304|792|튀르키예,192191,USD,UN Comtrade 공개 API,2026-09-30
2019-03,수입시장,수입액,미국|3304|788|788,7318,USD,UN Comtrade 공개 API,2026-09-30
2019-03,수입시장,수입액,미국|3304|858|858,291322,USD,UN Comtrade 공개 API,2026-09-30
2019-03,수입시장,수입액,미국|3304|642|루마니아,26030,USD,UN Comtrade 공개 API,2026-09-30
2019-03,수입시장,수입액,미국|3304|380|이탈리아,45741183,USD,UN Comtrade 공개 API,2026-09-30
2019-03,수입시장,수입액,미국|3304|246|핀란드,132640,USD,UN Comtrade 공개 API,2026-09-30
2019-03,수입시장,수입액,미국|3304|724|스페인,3351725,USD,UN Comtrade 공개 API,2026-09-30
2019-03,수입시장,수입액,미국|3304|392|일본,23160486,USD,UN Comtrade 공개 API,2026-09-30
2019-03,수입시장,수입액,미국|3304|807|807,8392,USD,UN Comtrade 공개 API,2026-09-30
2019-03,수입시장,수입액,미국|3304|170|콜롬비아,603340,USD,UN Comtrade 공개 API,2026-09-30
2019-03,수입시장,수입액,미국|3304|516|516,4257,USD,UN Comtrade 공개 API,2026-09-30
2019-03,수입시장,수입액,미국|3304|800|800,14200,USD,UN Comtrade 공개 API,2026-09-30
2019-03,수입시장,수입액,미국|3304|112|벨라루스,8325,USD,UN Comtrade 공개 API,2026-09-30
2019-03,수입시장,수입액,미국|3304|428|라트비아,31641,USD,UN Comtrade 공개 API,2026-09-30
2019-03,수입시장,수입액,미국|3304|352|352,204824,USD,UN Comtrade 공개 API,2026-09-30
2019-03,수입시장,수입액,미국|3304|528|네덜란드,672879,USD,UN Comtrade 공개 API,2026-09-30
2019-03,수입시장,수입액,미국|3304|214|214,25613,USD,UN Comtrade 공개 API,2026-09-30
2019-03,수입시장,수입액,미국|3304|422|레바논,87320,USD,UN Comtrade 공개 API,2026-09-30
2019-03,수입시장,수입액,미국|3304|300|그리스,763420,USD,UN Comtrade 공개 API,2026-09-30
2019-03,수입시장,수입액,미국|3304|826|영국,28702585,USD,UN Comtrade 공개 API,2026-09-30
2019-03,수입시장,수입액,미국|3304|674|674,4896,USD,UN Comtrade 공개 API,2026-09-30
2019-03,수입시장,수입액,미국|3304|400|요르단,3228,USD,UN Comtrade 공개 API,2026-09-30
2019-03,수입시장,수입액,미국|3304|144|스리랑카,98160,USD,UN Comtrade 공개 API,2026-09-30
2019-03,수입시장,수입액,미국|3304|50|방글라데시,9592,USD,UN Comtrade 공개 API,2026-09-30
2019-03,수입시장,수입액,미국|3304|705|슬로베니아,297638,USD,UN Comtrade 공개 API,2026-09-30
2019-03,수입시장,수입액,미국|3304|120|120,3674,USD,UN Comtrade 공개 API,2026-09-30
2019-03,수입시장,수입액,미국|3304|458|말레이시아,83289,USD,UN Comtrade 공개 API,2026-09-30
2019-03,수입시장,수입액,미국|3304|360|인도네시아,147268,USD,UN Comtrade 공개 API,2026-09-30
2019-03,수입시장,수입액,미국|3304|504|504,69627,USD,UN Comtrade 공개 API,2026-09-30
2019-03,수입시장,수입액,미국|3304|764|태국,736203,USD,UN Comtrade 공개 API,2026-09-30
2019-03,수입시장,수입액,미국|3304|372|아일랜드,1104993,USD,UN Comtrade 공개 API,2026-09-30
2019-03,수입시장,수입액,미국|3304|376|이스라엘,4862827,USD,UN Comtrade 공개 API,2026-09-30
2019-03,수입시장,수입액,미국|3304|344|홍콩,434632,USD,UN Comtrade 공개 API,2026-09-30
2019-03,수입시장,수입액,미국|3304|384|384,64474,USD,UN Comtrade 공개 API,2026-09-30
2019-03,수입시장,수입액,미국|3304|404|404,130909,USD,UN Comtrade 공개 API,2026-09-30
2019-03,수입시장,수입액,미국|3304|288|288,107397,USD,UN Comtrade 공개 API,2026-09-30
2019-03,수입시장,수입액,미국|3304|608|필리핀,18828,USD,UN Comtrade 공개 API,2026-09-30
2019-03,수입시장,수입액,미국|3304|616|폴란드,1934355,USD,UN Comtrade 공개 API,2026-09-30
2019-03,수입시장,수입액,미국|3304|156|중국,37715158,USD,UN Comtrade 공개 API,2026-09-30
2019-03,수입시장,수입액,미국|3304|410|한국,42024959,USD,UN Comtrade 공개 API,2026-09-30
2019-03,수입시장,수입액,미국|3304|780|780,8275,USD,UN Comtrade 공개 API,2026-09-30
2019-03,수입시장,수입액,미국|3304|710|남아공,1918257,USD,UN Comtrade 공개 API,2026-09-30
2019-03,수입시장,수입액,미국|3304|76|브라질,124325,USD,UN Comtrade 공개 API,2026-09-30
2019-03,수입시장,수입액,미국|3304|484|멕시코,11702390,USD,UN Comtrade 공개 API,2026-09-30
2019-03,수입시장,수입액,미국|3304|191|크로아티아,3205,USD,UN Comtrade 공개 API,2026-09-30
2019-03,수입시장,수입액,미국|3304|442|룩셈부르크,324170,USD,UN Comtrade 공개 API,2026-09-30
2019-03,수입시장,수입액,미국|3304|752|스웨덴,6249081,USD,UN Comtrade 공개 API,2026-09-30
2019-03,수입시장,수입액,미국|3304|218|218,6278,USD,UN Comtrade 공개 API,2026-09-30
2019-03,수입시장,수입액,미국|3304|682|사우디,22140,USD,UN Comtrade 공개 API,2026-09-30
2019-03,수입시장,수입액,미국|3304|704|베트남,35091,USD,UN Comtrade 공개 API,2026-09-30
2019-03,수입시장,수입액,미국|3304|784|UAE,1068781,USD,UN Comtrade 공개 API,2026-09-30
2019-03,수입시장,수입액,미국|3304|124|캐나다,66713144,USD,UN Comtrade 공개 API,2026-09-30
2019-03,수입시장,수입액,미국|3304|450|450,3232,USD,UN Comtrade 공개 API,2026-09-30
2019-03,수입시장,수입액,미국|3304|586|파키스탄,5282,USD,UN Comtrade 공개 API,2026-09-30
2019-03,수입시장,수입액,미국|3304|348|헝가리,5813970,USD,UN Comtrade 공개 API,2026-09-30
2019-03,수입시장,수입액,미국|3304|203|체코,825298,USD,UN Comtrade 공개 API,2026-09-30
2019-03,수입시장,수입액,미국|3304|620|포르투갈,24632,USD,UN Comtrade 공개 API,2026-09-30
2019-03,수입시장,수입액,미국|3304|56|벨기에,9999898,USD,UN Comtrade 공개 API,2026-09-30
2019-03,수입시장,수입액,미국|3304|208|덴마크,12450,USD,UN Comtrade 공개 API,2026-09-30
2019-03,수입시장,수입액,미국|3304|40|오스트리아,174928,USD,UN Comtrade 공개 API,2026-09-30
2019-03,수입시장,수입액,미국|3304|579|노르웨이,6435,USD,UN Comtrade 공개 API,2026-09-30
2019-03,수입시장,수입액,미국|3304|757|스위스,7648086,USD,UN Comtrade 공개 API,2026-09-30
2019-03,수입시장,수입액,미국|3304|699|인도,2657895,USD,UN Comtrade 공개 API,2026-09-30
2019-03,수입시장,수입액,미국|3304|251|프랑스,62608031,USD,UN Comtrade 공개 API,2026-09-30
2019-03,수입시장,수입액,미국|3304|490|대만,4689233,USD,UN Comtrade 공개 API,2026-09-30
2019-03,수입시장,수입액,미국|3304|0|전체,402065268,USD,UN Comtrade 공개 API,2026-09-30
2019-04,수입시장,수입액,미국|3304|208|덴마크,14638,USD,UN Comtrade 공개 API,2026-09-30
2019-04,수입시장,수입액,미국|3304|826|영국,34078288,USD,UN Comtrade 공개 API,2026-09-30
2019-04,수입시장,수입액,미국|3304|858|858,205205,USD,UN Comtrade 공개 API,2026-09-30
2019-04,수입시장,수입액,미국|3304|674|674,12093,USD,UN Comtrade 공개 API,2026-09-30
2019-04,수입시장,수입액,미국|3304|620|포르투갈,77746,USD,UN Comtrade 공개 API,2026-09-30
2019-04,수입시장,수입액,미국|3304|400|요르단,11530,USD,UN Comtrade 공개 API,2026-09-30
2019-04,수입시장,수입액,미국|3304|686|686,5950,USD,UN Comtrade 공개 API,2026-09-30
2019-04,수입시장,수입액,미국|3304|566|나이지리아,2552,USD,UN Comtrade 공개 API,2026-09-30
2019-04,수입시장,수입액,미국|3304|643|러시아,642696,USD,UN Comtrade 공개 API,2026-09-30
2019-04,수입시장,수입액,미국|3304|392|일본,18902401,USD,UN Comtrade 공개 API,2026-09-30
2019-04,수입시장,수입액,미국|3304|152|칠레,94272,USD,UN Comtrade 공개 API,2026-09-30
2019-04,수입시장,수입액,미국|3304|428|라트비아,12603,USD,UN Comtrade 공개 API,2026-09-30
2019-04,수입시장,수입액,미국|3304|384|384,155432,USD,UN Comtrade 공개 API,2026-09-30
2019-04,수입시장,수입액,미국|3304|442|룩셈부르크,370522,USD,UN Comtrade 공개 API,2026-09-30
2019-04,수입시장,수입액,미국|3304|804|우크라이나,11073,USD,UN Comtrade 공개 API,2026-09-30
2019-04,수입시장,수입액,미국|3304|348|헝가리,6587012,USD,UN Comtrade 공개 API,2026-09-30
2019-04,수입시장,수입액,미국|3304|360|인도네시아,83849,USD,UN Comtrade 공개 API,2026-09-30
2019-04,수입시장,수입액,미국|3304|203|체코,698645,USD,UN Comtrade 공개 API,2026-09-30
2019-04,수입시장,수입액,미국|3304|616|폴란드,1861592,USD,UN Comtrade 공개 API,2026-09-30
2019-04,수입시장,수입액,미국|3304|344|홍콩,5512,USD,UN Comtrade 공개 API,2026-09-30
2019-04,수입시장,수입액,미국|3304|214|214,37127,USD,UN Comtrade 공개 API,2026-09-30
2019-04,수입시장,수입액,미국|3304|724|스페인,3439772,USD,UN Comtrade 공개 API,2026-09-30
2019-04,수입시장,수입액,미국|3304|124|캐나다,66233870,USD,UN Comtrade 공개 API,2026-09-30
2019-04,수입시장,수입액,미국|3304|404|404,24750,USD,UN Comtrade 공개 API,2026-09-30
2019-04,수입시장,수입액,미국|3304|764|태국,1082552,USD,UN Comtrade 공개 API,2026-09-30
2019-04,수입시장,수입액,미국|3304|458|말레이시아,349898,USD,UN Comtrade 공개 API,2026-09-30
2019-04,수입시장,수입액,미국|3304|156|중국,52102583,USD,UN Comtrade 공개 API,2026-09-30
2019-04,수입시장,수입액,미국|3304|372|아일랜드,852529,USD,UN Comtrade 공개 API,2026-09-30
2019-04,수입시장,수입액,미국|3304|784|UAE,784384,USD,UN Comtrade 공개 API,2026-09-30
2019-04,수입시장,수입액,미국|3304|818|이집트,13450,USD,UN Comtrade 공개 API,2026-09-30
2019-04,수입시장,수입액,미국|3304|586|파키스탄,27304,USD,UN Comtrade 공개 API,2026-09-30
2019-04,수입시장,수입액,미국|3304|242|242,85052,USD,UN Comtrade 공개 API,2026-09-30
2019-04,수입시장,수입액,미국|3304|780|780,8768,USD,UN Comtrade 공개 API,2026-09-30
2019-04,수입시장,수입액,미국|3304|528|네덜란드,316434,USD,UN Comtrade 공개 API,2026-09-30
2019-04,수입시장,수입액,미국|3304|792|튀르키예,383785,USD,UN Comtrade 공개 API,2026-09-30
2019-04,수입시장,수입액,미국|3304|276|독일,18843612,USD,UN Comtrade 공개 API,2026-09-30
2019-04,수입시장,수입액,미국|3304|531|531,4460,USD,UN Comtrade 공개 API,2026-09-30
2019-04,수입시장,수입액,미국|3304|32|아르헨티나,57245,USD,UN Comtrade 공개 API,2026-09-30
2019-04,수입시장,수입액,미국|3304|705|슬로베니아,35064,USD,UN Comtrade 공개 API,2026-09-30
2019-04,수입시장,수입액,미국|3304|50|방글라데시,21818,USD,UN Comtrade 공개 API,2026-09-30
2019-04,수입시장,수입액,미국|3304|36|호주,5080406,USD,UN Comtrade 공개 API,2026-09-30
2019-04,수입시장,수입액,미국|3304|56|벨기에,11191424,USD,UN Comtrade 공개 API,2026-09-30
2019-04,수입시장,수입액,미국|3304|422|레바논,107561,USD,UN Comtrade 공개 API,2026-09-30
2019-04,수입시장,수입액,미국|3304|170|콜롬비아,682036,USD,UN Comtrade 공개 API,2026-09-30
2019-04,수입시장,수입액,미국|3304|710|남아공,1482339,USD,UN Comtrade 공개 API,2026-09-30
2019-04,수입시장,수입액,미국|3304|484|멕시코,11862676,USD,UN Comtrade 공개 API,2026-09-30
2019-04,수입시장,수입액,미국|3304|533|533,54088,USD,UN Comtrade 공개 API,2026-09-30
2019-04,수입시장,수입액,미국|3304|76|브라질,148980,USD,UN Comtrade 공개 API,2026-09-30
2019-04,수입시장,수입액,미국|3304|642|루마니아,4897,USD,UN Comtrade 공개 API,2026-09-30
2019-04,수입시장,수입액,미국|3304|608|필리핀,184919,USD,UN Comtrade 공개 API,2026-09-30
2019-04,수입시장,수입액,미국|3304|704|베트남,36600,USD,UN Comtrade 공개 API,2026-09-30
2019-04,수입시장,수입액,미국|3304|144|스리랑카,258067,USD,UN Comtrade 공개 API,2026-09-30
2019-04,수입시장,수입액,미국|3304|410|한국,45409929,USD,UN Comtrade 공개 API,2026-09-30
2019-04,수입시장,수입액,미국|3304|446|마카오,56581,USD,UN Comtrade 공개 API,2026-09-30
2019-04,수입시장,수입액,미국|3304|660|660,9480,USD,UN Comtrade 공개 API,2026-09-30
2019-04,수입시장,수입액,미국|3304|554|뉴질랜드,1119005,USD,UN Comtrade 공개 API,2026-09-30
2019-04,수입시장,수입액,미국|3304|688|세르비아,22215,USD,UN Comtrade 공개 API,2026-09-30
2019-04,수입시장,수입액,미국|3304|246|핀란드,73990,USD,UN Comtrade 공개 API,2026-09-30
2019-04,수입시장,수입액,미국|3304|352|352,134992,USD,UN Comtrade 공개 API,2026-09-30
2019-04,수입시장,수입액,미국|3304|218|218,8924,USD,UN Comtrade 공개 API,2026-09-30
2019-04,수입시장,수입액,미국|3304|376|이스라엘,4711919,USD,UN Comtrade 공개 API,2026-09-30
2019-04,수입시장,수입액,미국|3304|380|이탈리아,52120505,USD,UN Comtrade 공개 API,2026-09-30
2019-04,수입시장,수입액,미국|3304|233|에스토니아,44842,USD,UN Comtrade 공개 API,2026-09-30
2019-04,수입시장,수입액,미국|3304|191|크로아티아,3302,USD,UN Comtrade 공개 API,2026-09-30
2019-04,수입시장,수입액,미국|3304|258|258,5636,USD,UN Comtrade 공개 API,2026-09-30
2019-04,수입시장,수입액,미국|3304|100|불가리아,41196,USD,UN Comtrade 공개 API,2026-09-30
2019-04,수입시장,수입액,미국|3304|40|오스트리아,192235,USD,UN Comtrade 공개 API,2026-09-30
2019-04,수입시장,수입액,미국|3304|288|288,67992,USD,UN Comtrade 공개 API,2026-09-30
2019-04,수입시장,수입액,미국|3304|300|그리스,981921,USD,UN Comtrade 공개 API,2026-09-30
2019-04,수입시장,수입액,미국|3304|320|320,28368,USD,UN Comtrade 공개 API,2026-09-30
2019-04,수입시장,수입액,미국|3304|752|스웨덴,14199583,USD,UN Comtrade 공개 API,2026-09-30
2019-04,수입시장,수입액,미국|3304|440|리투아니아,50422,USD,UN Comtrade 공개 API,2026-09-30
2019-04,수입시장,수입액,미국|3304|196|키프로스,7194,USD,UN Comtrade 공개 API,2026-09-30
2019-04,수입시장,수입액,미국|3304|504|504,647820,USD,UN Comtrade 공개 API,2026-09-30
2019-04,수입시장,수입액,미국|3304|251|프랑스,75188037,USD,UN Comtrade 공개 API,2026-09-30
2019-04,수입시장,수입액,미국|3304|699|인도,2982898,USD,UN Comtrade 공개 API,2026-09-30
2019-04,수입시장,수입액,미국|3304|757|스위스,5553768,USD,UN Comtrade 공개 API,2026-09-30
2019-04,수입시장,수입액,미국|3304|579|노르웨이,19644,USD,UN Comtrade 공개 API,2026-09-30
2019-04,수입시장,수입액,미국|3304|490|대만,3704555,USD,UN Comtrade 공개 API,2026-09-30
2019-04,수입시장,수입액,미국|3304|0|전체,447019014,USD,UN Comtrade 공개 API,2026-09-30
2019-05,수입시장,수입액,미국|3304|36|호주,4276149,USD,UN Comtrade 공개 API,2026-09-30
2019-05,수입시장,수입액,미국|3304|705|슬로베니아,16113,USD,UN Comtrade 공개 API,2026-09-30
2019-05,수입시장,수입액,미국|3304|196|키프로스,650975,USD,UN Comtrade 공개 API,2026-09-30
2019-05,수입시장,수입액,미국|3304|702|싱가포르,49503,USD,UN Comtrade 공개 API,2026-09-30
2019-05,수입시장,수입액,미국|3304|246|핀란드,123155,USD,UN Comtrade 공개 API,2026-09-30
2019-05,수입시장,수입액,미국|3304|400|요르단,10054,USD,UN Comtrade 공개 API,2026-09-30
2019-05,수입시장,수입액,미국|3304|300|그리스,522687,USD,UN Comtrade 공개 API,2026-09-30
2019-05,수입시장,수입액,미국|3304|528|네덜란드,737733,USD,UN Comtrade 공개 API,2026-09-30
2019-05,수입시장,수입액,미국|3304|156|중국,61755896,USD,UN Comtrade 공개 API,2026-09-30
2019-05,수입시장,수입액,미국|3304|780|780,2427,USD,UN Comtrade 공개 API,2026-09-30
2019-05,수입시장,수입액,미국|3304|372|아일랜드,1586928,USD,UN Comtrade 공개 API,2026-09-30
2019-05,수입시장,수입액,미국|3304|152|칠레,148934,USD,UN Comtrade 공개 API,2026-09-30
2019-05,수입시장,수입액,미국|3304|764|태국,2247991,USD,UN Comtrade 공개 API,2026-09-30
2019-05,수입시장,수입액,미국|3304|32|아르헨티나,142543,USD,UN Comtrade 공개 API,2026-09-30
2019-05,수입시장,수입액,미국|3304|288|288,60240,USD,UN Comtrade 공개 API,2026-09-30
2019-05,수입시장,수입액,미국|3304|516|516,3530,USD,UN Comtrade 공개 API,2026-09-30
2019-05,수입시장,수입액,미국|3304|704|베트남,58120,USD,UN Comtrade 공개 API,2026-09-30
2019-05,수입시장,수입액,미국|3304|320|320,17304,USD,UN Comtrade 공개 API,2026-09-30
2019-05,수입시장,수입액,미국|3304|858|858,69288,USD,UN Comtrade 공개 API,2026-09-30
2019-05,수입시장,수입액,미국|3304|800|800,16856,USD,UN Comtrade 공개 API,2026-09-30
2019-05,수입시장,수입액,미국|3304|388|388,2068,USD,UN Comtrade 공개 API,2026-09-30
2019-05,수입시장,수입액,미국|3304|144|스리랑카,333567,USD,UN Comtrade 공개 API,2026-09-30
2019-05,수입시장,수입액,미국|3304|484|멕시코,12754791,USD,UN Comtrade 공개 API,2026-09-30
2019-05,수입시장,수입액,미국|3304|710|남아공,1744698,USD,UN Comtrade 공개 API,2026-09-30
2019-05,수입시장,수입액,미국|3304|826|영국,35749342,USD,UN Comtrade 공개 API,2026-09-30
2019-05,수입시장,수입액,미국|3304|586|파키스탄,79266,USD,UN Comtrade 공개 API,2026-09-30
2019-05,수입시장,수입액,미국|3304|643|러시아,219192,USD,UN Comtrade 공개 API,2026-09-30
2019-05,수입시장,수입액,미국|3304|620|포르투갈,64700,USD,UN Comtrade 공개 API,2026-09-30
2019-05,수입시장,수입액,미국|3304|360|인도네시아,50191,USD,UN Comtrade 공개 API,2026-09-30
2019-05,수입시장,수입액,미국|3304|70|70,4200,USD,UN Comtrade 공개 API,2026-09-30
2019-05,수입시장,수입액,미국|3304|51|아르메니아,3086,USD,UN Comtrade 공개 API,2026-09-30
2019-05,수입시장,수입액,미국|3304|422|레바논,194191,USD,UN Comtrade 공개 API,2026-09-30
2019-05,수입시장,수입액,미국|3304|428|라트비아,21860,USD,UN Comtrade 공개 API,2026-09-30
2019-05,수입시장,수입액,미국|3304|258|258,35333,USD,UN Comtrade 공개 API,2026-09-30
2019-05,수입시장,수입액,미국|3304|203|체코,958882,USD,UN Comtrade 공개 API,2026-09-30
2019-05,수입시장,수입액,미국|3304|458|말레이시아,210035,USD,UN Comtrade 공개 API,2026-09-30
2019-05,수입시장,수입액,미국|3304|792|튀르키예,630465,USD,UN Comtrade 공개 API,2026-09-30
2019-05,수입시장,수입액,미국|3304|376|이스라엘,4497853,USD,UN Comtrade 공개 API,2026-09-30
2019-05,수입시장,수입액,미국|3304|392|일본,13960587,USD,UN Comtrade 공개 API,2026-09-30
2019-05,수입시장,수입액,미국|3304|784|UAE,926672,USD,UN Comtrade 공개 API,2026-09-30
2019-05,수입시장,수입액,미국|3304|616|폴란드,1278322,USD,UN Comtrade 공개 API,2026-09-30
2019-05,수입시장,수입액,미국|3304|104|미얀마,28471,USD,UN Comtrade 공개 API,2026-09-30
2019-05,수입시장,수입액,미국|3304|440|리투아니아,64103,USD,UN Comtrade 공개 API,2026-09-30
2019-05,수입시장,수입액,미국|3304|384|384,76169,USD,UN Comtrade 공개 API,2026-09-30
2019-05,수입시장,수입액,미국|3304|100|불가리아,98530,USD,UN Comtrade 공개 API,2026-09-30
2019-05,수입시장,수입액,미국|3304|554|뉴질랜드,812543,USD,UN Comtrade 공개 API,2026-09-30
2019-05,수입시장,수입액,미국|3304|380|이탈리아,47784984,USD,UN Comtrade 공개 API,2026-09-30
2019-05,수입시장,수입액,미국|3304|40|오스트리아,219484,USD,UN Comtrade 공개 API,2026-09-30
2019-05,수입시장,수입액,미국|3304|214|214,31271,USD,UN Comtrade 공개 API,2026-09-30
2019-05,수입시장,수입액,미국|3304|352|352,25947,USD,UN Comtrade 공개 API,2026-09-30
2019-05,수입시장,수입액,미국|3304|804|우크라이나,7895,USD,UN Comtrade 공개 API,2026-09-30
2019-05,수입시장,수입액,미국|3304|604|페루,6194,USD,UN Comtrade 공개 API,2026-09-30
2019-05,수입시장,수입액,미국|3304|208|덴마크,10464,USD,UN Comtrade 공개 API,2026-09-30
2019-05,수입시장,수입액,미국|3304|332|332,60430,USD,UN Comtrade 공개 API,2026-09-30
2019-05,수입시장,수입액,미국|3304|752|스웨덴,13155880,USD,UN Comtrade 공개 API,2026-09-30
2019-05,수입시장,수입액,미국|3304|533|533,190753,USD,UN Comtrade 공개 API,2026-09-30
2019-05,수입시장,수입액,미국|3304|531|531,3396,USD,UN Comtrade 공개 API,2026-09-30
2019-05,수입시장,수입액,미국|3304|56|벨기에,10789771,USD,UN Comtrade 공개 API,2026-09-30
2019-05,수입시장,수입액,미국|3304|124|캐나다,63567808,USD,UN Comtrade 공개 API,2026-09-30
2019-05,수입시장,수입액,미국|3304|276|독일,22129856,USD,UN Comtrade 공개 API,2026-09-30
2019-05,수입시장,수입액,미국|3304|348|헝가리,7921336,USD,UN Comtrade 공개 API,2026-09-30
2019-05,수입시장,수입액,미국|3304|724|스페인,3277515,USD,UN Comtrade 공개 API,2026-09-30
2019-05,수입시장,수입액,미국|3304|410|한국,44382295,USD,UN Comtrade 공개 API,2026-09-30
2019-05,수입시장,수입액,미국|3304|442|룩셈부르크,368625,USD,UN Comtrade 공개 API,2026-09-30
2019-05,수입시장,수입액,미국|3304|566|나이지리아,34199,USD,UN Comtrade 공개 API,2026-09-30
2019-05,수입시장,수입액,미국|3304|818|이집트,12600,USD,UN Comtrade 공개 API,2026-09-30
2019-05,수입시장,수입액,미국|3304|233|에스토니아,10857,USD,UN Comtrade 공개 API,2026-09-30
2019-05,수입시장,수입액,미국|3304|50|방글라데시,10845,USD,UN Comtrade 공개 API,2026-09-30
2019-05,수입시장,수입액,미국|3304|344|홍콩,391919,USD,UN Comtrade 공개 API,2026-09-30
2019-05,수입시장,수입액,미국|3304|242|242,2229,USD,UN Comtrade 공개 API,2026-09-30
2019-05,수입시장,수입액,미국|3304|76|브라질,188814,USD,UN Comtrade 공개 API,2026-09-30
2019-05,수입시장,수입액,미국|3304|170|콜롬비아,1050028,USD,UN Comtrade 공개 API,2026-09-30
2019-05,수입시장,수입액,미국|3304|490|대만,6037330,USD,UN Comtrade 공개 API,2026-09-30
2019-05,수입시장,수입액,미국|3304|699|인도,2857378,USD,UN Comtrade 공개 API,2026-09-30
2019-05,수입시장,수입액,미국|3304|757|스위스,4854068,USD,UN Comtrade 공개 API,2026-09-30
2019-05,수입시장,수입액,미국|3304|251|프랑스,77594426,USD,UN Comtrade 공개 API,2026-09-30
2019-05,수입시장,수입액,미국|3304|0|전체,454274140,USD,UN Comtrade 공개 API,2026-09-30
2019-06,수입시장,수입액,미국|3304|458|말레이시아,157720,USD,UN Comtrade 공개 API,2026-09-30
2019-06,수입시장,수입액,미국|3304|688|세르비아,2850,USD,UN Comtrade 공개 API,2026-09-30
2019-06,수입시장,수입액,미국|3304|804|우크라이나,18801,USD,UN Comtrade 공개 API,2026-09-30
2019-06,수입시장,수입액,미국|3304|348|헝가리,5972902,USD,UN Comtrade 공개 API,2026-09-30
2019-06,수입시장,수입액,미국|3304|768|768,3550,USD,UN Comtrade 공개 API,2026-09-30
2019-06,수입시장,수입액,미국|3304|124|캐나다,65130284,USD,UN Comtrade 공개 API,2026-09-30
2019-06,수입시장,수입액,미국|3304|246|핀란드,68061,USD,UN Comtrade 공개 API,2026-09-30
2019-06,수입시장,수입액,미국|3304|170|콜롬비아,264723,USD,UN Comtrade 공개 API,2026-09-30
2019-06,수입시장,수입액,미국|3304|531|531,4750,USD,UN Comtrade 공개 API,2026-09-30
2019-06,수입시장,수입액,미국|3304|703|슬로바키아,4674,USD,UN Comtrade 공개 API,2026-09-30
2019-06,수입시장,수입액,미국|3304|242|242,127425,USD,UN Comtrade 공개 API,2026-09-30
2019-06,수입시장,수입액,미국|3304|360|인도네시아,71054,USD,UN Comtrade 공개 API,2026-09-30
2019-06,수입시장,수입액,미국|3304|442|룩셈부르크,361808,USD,UN Comtrade 공개 API,2026-09-30
2019-06,수입시장,수입액,미국|3304|376|이스라엘,5045763,USD,UN Comtrade 공개 API,2026-09-30
2019-06,수입시장,수입액,미국|3304|643|러시아,105614,USD,UN Comtrade 공개 API,2026-09-30
2019-06,수입시장,수입액,미국|3304|203|체코,629580,USD,UN Comtrade 공개 API,2026-09-30
2019-06,수입시장,수입액,미국|3304|504|504,466692,USD,UN Comtrade 공개 API,2026-09-30
2019-06,수입시장,수입액,미국|3304|56|벨기에,11818849,USD,UN Comtrade 공개 API,2026-09-30
2019-06,수입시장,수입액,미국|3304|616|폴란드,1489548,USD,UN Comtrade 공개 API,2026-09-30
2019-06,수입시장,수입액,미국|3304|36|호주,3230239,USD,UN Comtrade 공개 API,2026-09-30
2019-06,수입시장,수입액,미국|3304|276|독일,15161106,USD,UN Comtrade 공개 API,2026-09-30
2019-06,수입시장,수입액,미국|3304|484|멕시코,11133043,USD,UN Comtrade 공개 API,2026-09-30
2019-06,수입시장,수입액,미국|3304|702|싱가포르,49024,USD,UN Comtrade 공개 API,2026-09-30
2019-06,수입시장,수입액,미국|3304|384|384,174164,USD,UN Comtrade 공개 API,2026-09-30
2019-06,수입시장,수입액,미국|3304|724|스페인,2231103,USD,UN Comtrade 공개 API,2026-09-30
2019-06,수입시장,수입액,미국|3304|392|일본,18107057,USD,UN Comtrade 공개 API,2026-09-30
2019-06,수입시장,수입액,미국|3304|620|포르투갈,22089,USD,UN Comtrade 공개 API,2026-09-30
2019-06,수입시장,수입액,미국|3304|586|파키스탄,21757,USD,UN Comtrade 공개 API,2026-09-30
2019-06,수입시장,수입액,미국|3304|608|필리핀,48081,USD,UN Comtrade 공개 API,2026-09-30
2019-06,수입시장,수입액,미국|3304|591|591,2791,USD,UN Comtrade 공개 API,2026-09-30
2019-06,수입시장,수입액,미국|3304|764|태국,1703982,USD,UN Comtrade 공개 API,2026-09-30
2019-06,수입시장,수입액,미국|3304|40|오스트리아,257720,USD,UN Comtrade 공개 API,2026-09-30
2019-06,수입시장,수입액,미국|3304|50|방글라데시,13078,USD,UN Comtrade 공개 API,2026-09-30
2019-06,수입시장,수입액,미국|3304|710|남아공,1479732,USD,UN Comtrade 공개 API,2026-09-30
2019-06,수입시장,수입액,미국|3304|528|네덜란드,707188,USD,UN Comtrade 공개 API,2026-09-30
2019-06,수입시장,수입액,미국|3304|496|몽골,7693,USD,UN Comtrade 공개 API,2026-09-30
2019-06,수입시장,수입액,미국|3304|196|키프로스,11782,USD,UN Comtrade 공개 API,2026-09-30
2019-06,수입시장,수입액,미국|3304|32|아르헨티나,91744,USD,UN Comtrade 공개 API,2026-09-30
2019-06,수입시장,수입액,미국|3304|752|스웨덴,9591536,USD,UN Comtrade 공개 API,2026-09-30
2019-06,수입시장,수입액,미국|3304|300|그리스,1195763,USD,UN Comtrade 공개 API,2026-09-30
2019-06,수입시장,수입액,미국|3304|533|533,68614,USD,UN Comtrade 공개 API,2026-09-30
2019-06,수입시장,수입액,미국|3304|784|UAE,703297,USD,UN Comtrade 공개 API,2026-09-30
2019-06,수입시장,수입액,미국|3304|152|칠레,58592,USD,UN Comtrade 공개 API,2026-09-30
2019-06,수입시장,수입액,미국|3304|372|아일랜드,1411929,USD,UN Comtrade 공개 API,2026-09-30
2019-06,수입시장,수입액,미국|3304|100|불가리아,174898,USD,UN Comtrade 공개 API,2026-09-30
2019-06,수입시장,수입액,미국|3304|144|스리랑카,7181,USD,UN Comtrade 공개 API,2026-09-30
2019-06,수입시장,수입액,미국|3304|233|에스토니아,6062,USD,UN Comtrade 공개 API,2026-09-30
2019-06,수입시장,수입액,미국|3304|404|404,17440,USD,UN Comtrade 공개 API,2026-09-30
2019-06,수입시장,수입액,미국|3304|76|브라질,572538,USD,UN Comtrade 공개 API,2026-09-30
2019-06,수입시장,수입액,미국|3304|704|베트남,46079,USD,UN Comtrade 공개 API,2026-09-30
2019-06,수입시장,수입액,미국|3304|780|780,13356,USD,UN Comtrade 공개 API,2026-09-30
2019-06,수입시장,수입액,미국|3304|792|튀르키예,446815,USD,UN Comtrade 공개 API,2026-09-30
2019-06,수입시장,수입액,미국|3304|208|덴마크,16290,USD,UN Comtrade 공개 API,2026-09-30
2019-06,수입시장,수입액,미국|3304|320|320,6142,USD,UN Comtrade 공개 API,2026-09-30
2019-06,수입시장,수입액,미국|3304|818|이집트,17325,USD,UN Comtrade 공개 API,2026-09-30
2019-06,수입시장,수입액,미국|3304|428|라트비아,7723,USD,UN Comtrade 공개 API,2026-09-30
2019-06,수입시장,수입액,미국|3304|214|214,118720,USD,UN Comtrade 공개 API,2026-09-30
2019-06,수입시장,수입액,미국|3304|380|이탈리아,39417003,USD,UN Comtrade 공개 API,2026-09-30
2019-06,수입시장,수입액,미국|3304|288|288,23426,USD,UN Comtrade 공개 API,2026-09-30
2019-06,수입시장,수입액,미국|3304|642|루마니아,4845,USD,UN Comtrade 공개 API,2026-09-30
2019-06,수입시장,수입액,미국|3304|705|슬로베니아,254961,USD,UN Comtrade 공개 API,2026-09-30
2019-06,수입시장,수입액,미국|3304|344|홍콩,53238,USD,UN Comtrade 공개 API,2026-09-30
2019-06,수입시장,수입액,미국|3304|410|한국,43802641,USD,UN Comtrade 공개 API,2026-09-30
2019-06,수입시장,수입액,미국|3304|156|중국,59541765,USD,UN Comtrade 공개 API,2026-09-30
2019-06,수입시장,수입액,미국|3304|826|영국,16812189,USD,UN Comtrade 공개 API,2026-09-30
2019-06,수입시장,수입액,미국|3304|566|나이지리아,2493,USD,UN Comtrade 공개 API,2026-09-30
2019-06,수입시장,수입액,미국|3304|858|858,2458,USD,UN Comtrade 공개 API,2026-09-30
2019-06,수입시장,수입액,미국|3304|554|뉴질랜드,1031393,USD,UN Comtrade 공개 API,2026-09-30
2019-06,수입시장,수입액,미국|3304|352|352,62901,USD,UN Comtrade 공개 API,2026-09-30
2019-06,수입시장,수입액,미국|3304|757|스위스,4543143,USD,UN Comtrade 공개 API,2026-09-30
2019-06,수입시장,수입액,미국|3304|699|인도,2891692,USD,UN Comtrade 공개 API,2026-09-30
2019-06,수입시장,수입액,미국|3304|490|대만,6191060,USD,UN Comtrade 공개 API,2026-09-30
2019-06,수입시장,수입액,미국|3304|251|프랑스,65126001,USD,UN Comtrade 공개 API,2026-09-30
2019-06,수입시장,수입액,미국|3304|0|전체,400439530,USD,UN Comtrade 공개 API,2026-09-30
2019-07,수입시장,수입액,미국|3304|0|전체,489170806,USD,UN Comtrade 공개 API,2026-09-30
2019-07,수입시장,수입액,미국|3304|699|인도,3136028,USD,UN Comtrade 공개 API,2026-09-30
2019-07,수입시장,수입액,미국|3304|251|프랑스,87019059,USD,UN Comtrade 공개 API,2026-09-30
2019-07,수입시장,수입액,미국|3304|757|스위스,7079932,USD,UN Comtrade 공개 API,2026-09-30
2019-07,수입시장,수입액,미국|3304|490|대만,9083813,USD,UN Comtrade 공개 API,2026-09-30
2019-07,수입시장,수입액,미국|3304|380|이탈리아,52207564,USD,UN Comtrade 공개 API,2026-09-30
2019-07,수입시장,수입액,미국|3304|344|홍콩,247270,USD,UN Comtrade 공개 API,2026-09-30
2019-07,수입시장,수입액,미국|3304|214|214,21092,USD,UN Comtrade 공개 API,2026-09-30
2019-07,수입시장,수입액,미국|3304|604|페루,9076,USD,UN Comtrade 공개 API,2026-09-30
2019-07,수입시장,수입액,미국|3304|780|780,18125,USD,UN Comtrade 공개 API,2026-09-30
2019-07,수입시장,수입액,미국|3304|591|591,26957,USD,UN Comtrade 공개 API,2026-09-30
2019-07,수입시장,수입액,미국|3304|76|브라질,145836,USD,UN Comtrade 공개 API,2026-09-30
2019-07,수입시장,수입액,미국|3304|124|캐나다,62243877,USD,UN Comtrade 공개 API,2026-09-30
2019-07,수입시장,수입액,미국|3304|524|524,3193,USD,UN Comtrade 공개 API,2026-09-30
2019-07,수입시장,수입액,미국|3304|276|독일,15486503,USD,UN Comtrade 공개 API,2026-09-30
2019-07,수입시장,수입액,미국|3304|792|튀르키예,276406,USD,UN Comtrade 공개 API,2026-09-30
2019-07,수입시장,수입액,미국|3304|372|아일랜드,1048970,USD,UN Comtrade 공개 API,2026-09-30
2019-07,수입시장,수입액,미국|3304|300|그리스,2203586,USD,UN Comtrade 공개 API,2026-09-30
2019-07,수입시장,수입액,미국|3304|258|258,18766,USD,UN Comtrade 공개 API,2026-09-30
2019-07,수입시장,수입액,미국|3304|818|이집트,34675,USD,UN Comtrade 공개 API,2026-09-30
2019-07,수입시장,수입액,미국|3304|422|레바논,239227,USD,UN Comtrade 공개 API,2026-09-30
2019-07,수입시장,수입액,미국|3304|156|중국,75910204,USD,UN Comtrade 공개 API,2026-09-30
2019-07,수입시장,수입액,미국|3304|442|룩셈부르크,621369,USD,UN Comtrade 공개 API,2026-09-30
2019-07,수입시장,수입액,미국|3304|144|스리랑카,186693,USD,UN Comtrade 공개 API,2026-09-30
2019-07,수입시장,수입액,미국|3304|70|70,15075,USD,UN Comtrade 공개 API,2026-09-30
2019-07,수입시장,수입액,미국|3304|703|슬로바키아,7550,USD,UN Comtrade 공개 API,2026-09-30
2019-07,수입시장,수입액,미국|3304|352|352,61307,USD,UN Comtrade 공개 API,2026-09-30
2019-07,수입시장,수입액,미국|3304|674|674,3319,USD,UN Comtrade 공개 API,2026-09-30
2019-07,수입시장,수입액,미국|3304|208|덴마크,26110,USD,UN Comtrade 공개 API,2026-09-30
2019-07,수입시장,수입액,미국|3304|586|파키스탄,47319,USD,UN Comtrade 공개 API,2026-09-30
2019-07,수입시장,수입액,미국|3304|348|헝가리,6413755,USD,UN Comtrade 공개 API,2026-09-30
2019-07,수입시장,수입액,미국|3304|188|188,21670,USD,UN Comtrade 공개 API,2026-09-30
2019-07,수입시장,수입액,미국|3304|608|필리핀,26171,USD,UN Comtrade 공개 API,2026-09-30
2019-07,수입시장,수입액,미국|3304|384|384,159594,USD,UN Comtrade 공개 API,2026-09-30
2019-07,수입시장,수입액,미국|3304|204|204,3698,USD,UN Comtrade 공개 API,2026-09-30
2019-07,수입시장,수입액,미국|3304|643|러시아,202464,USD,UN Comtrade 공개 API,2026-09-30
2019-07,수입시장,수입액,미국|3304|724|스페인,4038546,USD,UN Comtrade 공개 API,2026-09-30
2019-07,수입시장,수입액,미국|3304|752|스웨덴,15090737,USD,UN Comtrade 공개 API,2026-09-30
2019-07,수입시장,수입액,미국|3304|360|인도네시아,21456,USD,UN Comtrade 공개 API,2026-09-30
2019-07,수입시장,수입액,미국|3304|554|뉴질랜드,264967,USD,UN Comtrade 공개 API,2026-09-30
2019-07,수입시장,수입액,미국|3304|170|콜롬비아,451203,USD,UN Comtrade 공개 API,2026-09-30
2019-07,수입시장,수입액,미국|3304|702|싱가포르,3924,USD,UN Comtrade 공개 API,2026-09-30
2019-07,수입시장,수입액,미국|3304|56|벨기에,13035511,USD,UN Comtrade 공개 API,2026-09-30
2019-07,수입시장,수입액,미국|3304|682|사우디,5985,USD,UN Comtrade 공개 API,2026-09-30
2019-07,수입시장,수입액,미국|3304|36|호주,2446407,USD,UN Comtrade 공개 API,2026-09-30
2019-07,수입시장,수입액,미국|3304|120|120,11972,USD,UN Comtrade 공개 API,2026-09-30
2019-07,수입시장,수입액,미국|3304|705|슬로베니아,51513,USD,UN Comtrade 공개 API,2026-09-30
2019-07,수입시장,수입액,미국|3304|858|858,79570,USD,UN Comtrade 공개 API,2026-09-30
2019-07,수입시장,수입액,미국|3304|458|말레이시아,174082,USD,UN Comtrade 공개 API,2026-09-30
2019-07,수입시장,수입액,미국|3304|528|네덜란드,1019974,USD,UN Comtrade 공개 API,2026-09-30
2019-07,수입시장,수입액,미국|3304|288|288,32759,USD,UN Comtrade 공개 API,2026-09-30
2019-07,수입시장,수입액,미국|3304|152|칠레,4397,USD,UN Comtrade 공개 API,2026-09-30
2019-07,수입시장,수입액,미국|3304|32|아르헨티나,69914,USD,UN Comtrade 공개 API,2026-09-30
2019-07,수입시장,수입액,미국|3304|222|222,7671,USD,UN Comtrade 공개 API,2026-09-30
2019-07,수입시장,수입액,미국|3304|533|533,69288,USD,UN Comtrade 공개 API,2026-09-30
2019-07,수입시장,수입액,미국|3304|826|영국,27518048,USD,UN Comtrade 공개 API,2026-09-30
2019-07,수입시장,수입액,미국|3304|484|멕시코,13470614,USD,UN Comtrade 공개 API,2026-09-30
2019-07,수입시장,수입액,미국|3304|233|에스토니아,18545,USD,UN Comtrade 공개 API,2026-09-30
2019-07,수입시장,수입액,미국|3304|392|일본,28584126,USD,UN Comtrade 공개 API,2026-09-30
2019-07,수입시장,수입액,미국|3304|203|체코,790075,USD,UN Comtrade 공개 API,2026-09-30
2019-07,수입시장,수입액,미국|3304|410|한국,43775823,USD,UN Comtrade 공개 API,2026-09-30
2019-07,수입시장,수입액,미국|3304|376|이스라엘,4572569,USD,UN Comtrade 공개 API,2026-09-30
2019-07,수입시장,수입액,미국|3304|784|UAE,1145417,USD,UN Comtrade 공개 API,2026-09-30
2019-07,수입시장,수입액,미국|3304|616|폴란드,2420477,USD,UN Comtrade 공개 API,2026-09-30
2019-07,수입시장,수입액,미국|3304|704|베트남,86475,USD,UN Comtrade 공개 API,2026-09-30
2019-07,수입시장,수입액,미국|3304|710|남아공,2147486,USD,UN Comtrade 공개 API,2026-09-30
2019-07,수입시장,수입액,미국|3304|40|오스트리아,212950,USD,UN Comtrade 공개 API,2026-09-30
2019-07,수입시장,수입액,미국|3304|764|태국,2559360,USD,UN Comtrade 공개 API,2026-09-30
2019-07,수입시장,수입액,미국|3304|428|라트비아,22175,USD,UN Comtrade 공개 API,2026-09-30
2019-07,수입시장,수입액,미국|3304|246|핀란드,99286,USD,UN Comtrade 공개 API,2026-09-30
2019-07,수입시장,수입액,미국|3304|504|504,429009,USD,UN Comtrade 공개 API,2026-09-30
2019-07,수입시장,수입액,미국|3304|218|218,2111,USD,UN Comtrade 공개 API,2026-09-30
2019-07,수입시장,수입액,미국|3304|242|242,88416,USD,UN Comtrade 공개 API,2026-09-30
2019-07,수입시장,수입액,미국|3304|620|포르투갈,5850,USD,UN Comtrade 공개 API,2026-09-30
2019-07,수입시장,수입액,미국|3304|446|마카오,8573,USD,UN Comtrade 공개 API,2026-09-30
2019-07,수입시장,수입액,미국|3304|50|방글라데시,5365,USD,UN Comtrade 공개 API,2026-09-30
2019-07,수입시장,수입액,미국|3304|100|불가리아,71927,USD,UN Comtrade 공개 API,2026-09-30
2019-08,수입시장,수입액,미국|3304|276|독일,15836073,USD,UN Comtrade 공개 API,2026-09-30
2019-08,수입시장,수입액,미국|3304|784|UAE,1110921,USD,UN Comtrade 공개 API,2026-09-30
2019-08,수입시장,수입액,미국|3304|704|베트남,121386,USD,UN Comtrade 공개 API,2026-09-30
2019-08,수입시장,수입액,미국|3304|124|캐나다,65191504,USD,UN Comtrade 공개 API,2026-09-30
2019-08,수입시장,수입액,미국|3304|705|슬로베니아,130765,USD,UN Comtrade 공개 API,2026-09-30
2019-08,수입시장,수입액,미국|3304|268|조지아,10855,USD,UN Comtrade 공개 API,2026-09-30
2019-08,수입시장,수입액,미국|3304|458|말레이시아,238864,USD,UN Comtrade 공개 API,2026-09-30
2019-08,수입시장,수입액,미국|3304|702|싱가포르,60020,USD,UN Comtrade 공개 API,2026-09-30
2019-08,수입시장,수입액,미국|3304|484|멕시코,12889914,USD,UN Comtrade 공개 API,2026-09-30
2019-08,수입시장,수입액,미국|3304|188|188,4313,USD,UN Comtrade 공개 API,2026-09-30
2019-08,수입시장,수입액,미국|3304|208|덴마크,101817,USD,UN Comtrade 공개 API,2026-09-30
2019-08,수입시장,수입액,미국|3304|710|남아공,1039776,USD,UN Comtrade 공개 API,2026-09-30
2019-08,수입시장,수입액,미국|3304|643|러시아,268723,USD,UN Comtrade 공개 API,2026-09-30
2019-08,수입시장,수입액,미국|3304|348|헝가리,5618658,USD,UN Comtrade 공개 API,2026-09-30
2019-08,수입시장,수입액,미국|3304|191|크로아티아,2683,USD,UN Comtrade 공개 API,2026-09-30
2019-08,수입시장,수입액,미국|3304|300|그리스,1685022,USD,UN Comtrade 공개 API,2026-09-30
2019-08,수입시장,수입액,미국|3304|380|이탈리아,58500164,USD,UN Comtrade 공개 API,2026-09-30
2019-08,수입시장,수입액,미국|3304|792|튀르키예,487979,USD,UN Comtrade 공개 API,2026-09-30
2019-08,수입시장,수입액,미국|3304|410|한국,45543679,USD,UN Comtrade 공개 API,2026-09-30
2019-08,수입시장,수입액,미국|3304|320|320,2313,USD,UN Comtrade 공개 API,2026-09-30
2019-08,수입시장,수입액,미국|3304|752|스웨덴,9184363,USD,UN Comtrade 공개 API,2026-09-30
2019-08,수입시장,수입액,미국|3304|703|슬로바키아,4918,USD,UN Comtrade 공개 API,2026-09-30
2019-08,수입시장,수입액,미국|3304|422|레바논,214637,USD,UN Comtrade 공개 API,2026-09-30
2019-08,수입시장,수입액,미국|3304|156|중국,76574020,USD,UN Comtrade 공개 API,2026-09-30
2019-08,수입시장,수입액,미국|3304|586|파키스탄,3133,USD,UN Comtrade 공개 API,2026-09-30
2019-08,수입시장,수입액,미국|3304|50|방글라데시,13831,USD,UN Comtrade 공개 API,2026-09-30
2019-08,수입시장,수입액,미국|3304|372|아일랜드,1825488,USD,UN Comtrade 공개 API,2026-09-30
2019-08,수입시장,수입액,미국|3304|100|불가리아,211666,USD,UN Comtrade 공개 API,2026-09-30
2019-08,수입시장,수입액,미국|3304|616|폴란드,1508774,USD,UN Comtrade 공개 API,2026-09-30
2019-08,수입시장,수입액,미국|3304|528|네덜란드,800648,USD,UN Comtrade 공개 API,2026-09-30
2019-08,수입시장,수입액,미국|3304|152|칠레,81969,USD,UN Comtrade 공개 API,2026-09-30
2019-08,수입시장,수입액,미국|3304|376|이스라엘,5006687,USD,UN Comtrade 공개 API,2026-09-30
2019-08,수입시장,수입액,미국|3304|112|벨라루스,8460,USD,UN Comtrade 공개 API,2026-09-30
2019-08,수입시장,수입액,미국|3304|392|일본,15244946,USD,UN Comtrade 공개 API,2026-09-30
2019-08,수입시장,수입액,미국|3304|620|포르투갈,45771,USD,UN Comtrade 공개 API,2026-09-30
2019-08,수입시장,수입액,미국|3304|512|오만,30075,USD,UN Comtrade 공개 API,2026-09-30
2019-08,수입시장,수입액,미국|3304|246|핀란드,57945,USD,UN Comtrade 공개 API,2026-09-30
2019-08,수입시장,수입액,미국|3304|144|스리랑카,186770,USD,UN Comtrade 공개 API,2026-09-30
2019-08,수입시장,수입액,미국|3304|36|호주,4048874,USD,UN Comtrade 공개 API,2026-09-30
2019-08,수입시장,수입액,미국|3304|344|홍콩,89959,USD,UN Comtrade 공개 API,2026-09-30
2019-08,수입시장,수입액,미국|3304|214|214,47710,USD,UN Comtrade 공개 API,2026-09-30
2019-08,수입시장,수입액,미국|3304|170|콜롬비아,975502,USD,UN Comtrade 공개 API,2026-09-30
2019-08,수입시장,수입액,미국|3304|218|218,7503,USD,UN Comtrade 공개 API,2026-09-30
2019-08,수입시장,수입액,미국|3304|203|체코,857131,USD,UN Comtrade 공개 API,2026-09-30
2019-08,수입시장,수입액,미국|3304|533|533,77677,USD,UN Comtrade 공개 API,2026-09-30
2019-08,수입시장,수입액,미국|3304|642|루마니아,6403,USD,UN Comtrade 공개 API,2026-09-30
2019-08,수입시장,수입액,미국|3304|352|352,39016,USD,UN Comtrade 공개 API,2026-09-30
2019-08,수입시장,수입액,미국|3304|554|뉴질랜드,784080,USD,UN Comtrade 공개 API,2026-09-30
2019-08,수입시장,수입액,미국|3304|764|태국,2015532,USD,UN Comtrade 공개 API,2026-09-30
2019-08,수입시장,수입액,미국|3304|233|에스토니아,52368,USD,UN Comtrade 공개 API,2026-09-30
2019-08,수입시장,수입액,미국|3304|780|780,4103,USD,UN Comtrade 공개 API,2026-09-30
2019-08,수입시장,수입액,미국|3304|384|384,33577,USD,UN Comtrade 공개 API,2026-09-30
2019-08,수입시장,수입액,미국|3304|242|242,176322,USD,UN Comtrade 공개 API,2026-09-30
2019-08,수입시장,수입액,미국|3304|442|룩셈부르크,426838,USD,UN Comtrade 공개 API,2026-09-30
2019-08,수입시장,수입액,미국|3304|40|오스트리아,181612,USD,UN Comtrade 공개 API,2026-09-30
2019-08,수입시장,수입액,미국|3304|504|504,56066,USD,UN Comtrade 공개 API,2026-09-30
2019-08,수입시장,수입액,미국|3304|608|필리핀,100669,USD,UN Comtrade 공개 API,2026-09-30
2019-08,수입시장,수입액,미국|3304|826|영국,30384603,USD,UN Comtrade 공개 API,2026-09-30
2019-08,수입시장,수입액,미국|3304|76|브라질,154728,USD,UN Comtrade 공개 API,2026-09-30
2019-08,수입시장,수입액,미국|3304|604|페루,5200,USD,UN Comtrade 공개 API,2026-09-30
2019-08,수입시장,수입액,미국|3304|788|788,18378,USD,UN Comtrade 공개 API,2026-09-30
2019-08,수입시장,수입액,미국|3304|32|아르헨티나,81451,USD,UN Comtrade 공개 API,2026-09-30
2019-08,수입시장,수입액,미국|3304|724|스페인,3265759,USD,UN Comtrade 공개 API,2026-09-30
2019-08,수입시장,수입액,미국|3304|56|벨기에,8832780,USD,UN Comtrade 공개 API,2026-09-30
2019-08,수입시장,수입액,미국|3304|804|우크라이나,8992,USD,UN Comtrade 공개 API,2026-09-30
2019-08,수입시장,수입액,미국|3304|360|인도네시아,27009,USD,UN Comtrade 공개 API,2026-09-30
2019-08,수입시장,수입액,미국|3304|288|288,27311,USD,UN Comtrade 공개 API,2026-09-30
2019-08,수입시장,수입액,미국|3304|490|대만,6712613,USD,UN Comtrade 공개 API,2026-09-30
2019-08,수입시장,수입액,미국|3304|757|스위스,6571074,USD,UN Comtrade 공개 API,2026-09-30
2019-08,수입시장,수입액,미국|3304|699|인도,2552671,USD,UN Comtrade 공개 API,2026-09-30
2019-08,수입시장,수입액,미국|3304|251|프랑스,70496337,USD,UN Comtrade 공개 API,2026-09-30
2019-08,수입시장,수입액,미국|3304|0|전체,458969378,USD,UN Comtrade 공개 API,2026-09-30
2019-09,수입시장,수입액,미국|3304|300|그리스,968705,USD,UN Comtrade 공개 API,2026-09-30
2019-09,수입시장,수입액,미국|3304|214|214,78856,USD,UN Comtrade 공개 API,2026-09-30
2019-09,수입시장,수입액,미국|3304|446|마카오,5737,USD,UN Comtrade 공개 API,2026-09-30
2019-09,수입시장,수입액,미국|3304|156|중국,85563249,USD,UN Comtrade 공개 API,2026-09-30
2019-09,수입시장,수입액,미국|3304|586|파키스탄,71327,USD,UN Comtrade 공개 API,2026-09-30
2019-09,수입시장,수입액,미국|3304|616|폴란드,1454539,USD,UN Comtrade 공개 API,2026-09-30
2019-09,수입시장,수입액,미국|3304|231|231,8650,USD,UN Comtrade 공개 API,2026-09-30
2019-09,수입시장,수입액,미국|3304|800|800,16700,USD,UN Comtrade 공개 API,2026-09-30
2019-09,수입시장,수입액,미국|3304|372|아일랜드,794107,USD,UN Comtrade 공개 API,2026-09-30
2019-09,수입시장,수입액,미국|3304|124|캐나다,65706402,USD,UN Comtrade 공개 API,2026-09-30
2019-09,수입시장,수입액,미국|3304|784|UAE,1560514,USD,UN Comtrade 공개 API,2026-09-30
2019-09,수입시장,수입액,미국|3304|191|크로아티아,2681,USD,UN Comtrade 공개 API,2026-09-30
2019-09,수입시장,수입액,미국|3304|752|스웨덴,16108561,USD,UN Comtrade 공개 API,2026-09-30
2019-09,수입시장,수입액,미국|3304|620|포르투갈,78272,USD,UN Comtrade 공개 API,2026-09-30
2019-09,수입시장,수입액,미국|3304|384|384,19585,USD,UN Comtrade 공개 API,2026-09-30
2019-09,수입시장,수입액,미국|3304|410|한국,43744904,USD,UN Comtrade 공개 API,2026-09-30
2019-09,수입시장,수입액,미국|3304|258|258,44931,USD,UN Comtrade 공개 API,2026-09-30
2019-09,수입시장,수입액,미국|3304|764|태국,1684685,USD,UN Comtrade 공개 API,2026-09-30
2019-09,수입시장,수입액,미국|3304|608|필리핀,44377,USD,UN Comtrade 공개 API,2026-09-30
2019-09,수입시장,수입액,미국|3304|528|네덜란드,279847,USD,UN Comtrade 공개 API,2026-09-30
2019-09,수입시장,수입액,미국|3304|348|헝가리,5203141,USD,UN Comtrade 공개 API,2026-09-30
2019-09,수입시장,수입액,미국|3304|170|콜롬비아,574732,USD,UN Comtrade 공개 API,2026-09-30
2019-09,수입시장,수입액,미국|3304|288|288,272636,USD,UN Comtrade 공개 API,2026-09-30
2019-09,수입시장,수입액,미국|3304|705|슬로베니아,40233,USD,UN Comtrade 공개 API,2026-09-30
2019-09,수입시장,수입액,미국|3304|36|호주,3647174,USD,UN Comtrade 공개 API,2026-09-30
2019-09,수입시장,수입액,미국|3304|682|사우디,7246,USD,UN Comtrade 공개 API,2026-09-30
2019-09,수입시장,수입액,미국|3304|320|320,6619,USD,UN Comtrade 공개 API,2026-09-30
2019-09,수입시장,수입액,미국|3304|702|싱가포르,109706,USD,UN Comtrade 공개 API,2026-09-30
2019-09,수입시장,수입액,미국|3304|392|일본,12222500,USD,UN Comtrade 공개 API,2026-09-30
2019-09,수입시장,수입액,미국|3304|804|우크라이나,8251,USD,UN Comtrade 공개 API,2026-09-30
2019-09,수입시장,수입액,미국|3304|360|인도네시아,85545,USD,UN Comtrade 공개 API,2026-09-30
2019-09,수입시장,수입액,미국|3304|203|체코,561102,USD,UN Comtrade 공개 API,2026-09-30
2019-09,수입시장,수입액,미국|3304|710|남아공,1771751,USD,UN Comtrade 공개 API,2026-09-30
2019-09,수입시장,수입액,미국|3304|704|베트남,20501,USD,UN Comtrade 공개 API,2026-09-30
2019-09,수입시장,수입액,미국|3304|276|독일,17139736,USD,UN Comtrade 공개 API,2026-09-30
2019-09,수입시장,수입액,미국|3304|100|불가리아,54817,USD,UN Comtrade 공개 API,2026-09-30
2019-09,수입시장,수입액,미국|3304|826|영국,34573861,USD,UN Comtrade 공개 API,2026-09-30
2019-09,수입시장,수입액,미국|3304|792|튀르키예,796825,USD,UN Comtrade 공개 API,2026-09-30
2019-09,수입시장,수입액,미국|3304|858|858,330793,USD,UN Comtrade 공개 API,2026-09-30
2019-09,수입시장,수입액,미국|3304|20|20,97295,USD,UN Comtrade 공개 API,2026-09-30
2019-09,수입시장,수입액,미국|3304|233|에스토니아,6510,USD,UN Comtrade 공개 API,2026-09-30
2019-09,수입시장,수입액,미국|3304|152|칠레,56030,USD,UN Comtrade 공개 API,2026-09-30
2019-09,수입시장,수입액,미국|3304|591|591,13639,USD,UN Comtrade 공개 API,2026-09-30
2019-09,수입시장,수입액,미국|3304|531|531,7267,USD,UN Comtrade 공개 API,2026-09-30
2019-09,수입시장,수입액,미국|3304|352|352,128447,USD,UN Comtrade 공개 API,2026-09-30
2019-09,수입시장,수입액,미국|3304|604|페루,41558,USD,UN Comtrade 공개 API,2026-09-30
2019-09,수입시장,수입액,미국|3304|76|브라질,97877,USD,UN Comtrade 공개 API,2026-09-30
2019-09,수입시장,수입액,미국|3304|380|이탈리아,44799728,USD,UN Comtrade 공개 API,2026-09-30
2019-09,수입시장,수입액,미국|3304|442|룩셈부르크,427603,USD,UN Comtrade 공개 API,2026-09-30
2019-09,수입시장,수입액,미국|3304|56|벨기에,7404017,USD,UN Comtrade 공개 API,2026-09-30
2019-09,수입시장,수입액,미국|3304|32|아르헨티나,203460,USD,UN Comtrade 공개 API,2026-09-30
2019-09,수입시장,수입액,미국|3304|40|오스트리아,249051,USD,UN Comtrade 공개 API,2026-09-30
2019-09,수입시장,수입액,미국|3304|533|533,162575,USD,UN Comtrade 공개 API,2026-09-30
2019-09,수입시장,수입액,미국|3304|376|이스라엘,3953594,USD,UN Comtrade 공개 API,2026-09-30
2019-09,수입시장,수입액,미국|3304|724|스페인,2116593,USD,UN Comtrade 공개 API,2026-09-30
2019-09,수입시장,수입액,미국|3304|246|핀란드,74255,USD,UN Comtrade 공개 API,2026-09-30
2019-09,수입시장,수입액,미국|3304|504|504,346852,USD,UN Comtrade 공개 API,2026-09-30
2019-09,수입시장,수입액,미국|3304|50|방글라데시,10467,USD,UN Comtrade 공개 API,2026-09-30
2019-09,수입시장,수입액,미국|3304|484|멕시코,12445579,USD,UN Comtrade 공개 API,2026-09-30
2019-09,수입시장,수입액,미국|3304|417|키르기스스탄,30287,USD,UN Comtrade 공개 API,2026-09-30
2019-09,수입시장,수입액,미국|3304|208|덴마크,32485,USD,UN Comtrade 공개 API,2026-09-30
2019-09,수입시장,수입액,미국|3304|400|요르단,3606,USD,UN Comtrade 공개 API,2026-09-30
2019-09,수입시장,수입액,미국|3304|458|말레이시아,109502,USD,UN Comtrade 공개 API,2026-09-30
2019-09,수입시장,수입액,미국|3304|144|스리랑카,186770,USD,UN Comtrade 공개 API,2026-09-30
2019-09,수입시장,수입액,미국|3304|554|뉴질랜드,378221,USD,UN Comtrade 공개 API,2026-09-30
2019-09,수입시장,수입액,미국|3304|344|홍콩,517080,USD,UN Comtrade 공개 API,2026-09-30
2019-09,수입시장,수입액,미국|3304|422|레바논,162682,USD,UN Comtrade 공개 API,2026-09-30
2019-09,수입시장,수입액,미국|3304|643|러시아,125903,USD,UN Comtrade 공개 API,2026-09-30
2019-09,수입시장,수입액,미국|3304|740|740,21641,USD,UN Comtrade 공개 API,2026-09-30
2019-09,수입시장,수입액,미국|3304|699|인도,3603250,USD,UN Comtrade 공개 API,2026-09-30
2019-09,수입시장,수입액,미국|3304|251|프랑스,63047170,USD,UN Comtrade 공개 API,2026-09-30
2019-09,수입시장,수입액,미국|3304|490|대만,6340749,USD,UN Comtrade 공개 API,2026-09-30
2019-09,수입시장,수입액,미국|3304|757|스위스,4437323,USD,UN Comtrade 공개 API,2026-09-30
2019-09,수입시장,수입액,미국|3304|0|전체,447302864,USD,UN Comtrade 공개 API,2026-09-30
2019-10,수입시장,수입액,미국|3304|384|384,292226,USD,UN Comtrade 공개 API,2026-09-30
2019-10,수입시장,수입액,미국|3304|422|레바논,8497,USD,UN Comtrade 공개 API,2026-09-30
2019-10,수입시장,수입액,미국|3304|428|라트비아,6834,USD,UN Comtrade 공개 API,2026-09-30
2019-10,수입시장,수입액,미국|3304|528|네덜란드,706952,USD,UN Comtrade 공개 API,2026-09-30
2019-10,수입시장,수입액,미국|3304|100|불가리아,231110,USD,UN Comtrade 공개 API,2026-09-30
2019-10,수입시장,수입액,미국|3304|124|캐나다,66143268,USD,UN Comtrade 공개 API,2026-09-30
2019-10,수입시장,수입액,미국|3304|32|아르헨티나,135680,USD,UN Comtrade 공개 API,2026-09-30
2019-10,수입시장,수입액,미국|3304|620|포르투갈,100283,USD,UN Comtrade 공개 API,2026-09-30
2019-10,수입시장,수입액,미국|3304|144|스리랑카,107729,USD,UN Comtrade 공개 API,2026-09-30
2019-10,수입시장,수입액,미국|3304|376|이스라엘,3212181,USD,UN Comtrade 공개 API,2026-09-30
2019-10,수입시장,수입액,미국|3304|710|남아공,1743455,USD,UN Comtrade 공개 API,2026-09-30
2019-10,수입시장,수입액,미국|3304|704|베트남,145825,USD,UN Comtrade 공개 API,2026-09-30
2019-10,수입시장,수입액,미국|3304|372|아일랜드,1015732,USD,UN Comtrade 공개 API,2026-09-30
2019-10,수입시장,수입액,미국|3304|233|에스토니아,19584,USD,UN Comtrade 공개 API,2026-09-30
2019-10,수입시장,수입액,미국|3304|410|한국,44204672,USD,UN Comtrade 공개 API,2026-09-30
2019-10,수입시장,수입액,미국|3304|788|788,2295,USD,UN Comtrade 공개 API,2026-09-30
2019-10,수입시장,수입액,미국|3304|288|288,258903,USD,UN Comtrade 공개 API,2026-09-30
2019-10,수입시장,수입액,미국|3304|586|파키스탄,3704,USD,UN Comtrade 공개 API,2026-09-30
2019-10,수입시장,수입액,미국|3304|50|방글라데시,14009,USD,UN Comtrade 공개 API,2026-09-30
2019-10,수입시장,수입액,미국|3304|40|오스트리아,198811,USD,UN Comtrade 공개 API,2026-09-30
2019-10,수입시장,수입액,미국|3304|484|멕시코,15306032,USD,UN Comtrade 공개 API,2026-09-30
2019-10,수입시장,수입액,미국|3304|643|러시아,199349,USD,UN Comtrade 공개 API,2026-09-30
2019-10,수입시장,수입액,미국|3304|36|호주,5747346,USD,UN Comtrade 공개 API,2026-09-30
2019-10,수입시장,수입액,미국|3304|360|인도네시아,135355,USD,UN Comtrade 공개 API,2026-09-30
2019-10,수입시장,수입액,미국|3304|458|말레이시아,556211,USD,UN Comtrade 공개 API,2026-09-30
2019-10,수입시장,수입액,미국|3304|348|헝가리,6156800,USD,UN Comtrade 공개 API,2026-09-30
2019-10,수입시장,수입액,미국|3304|76|브라질,160242,USD,UN Comtrade 공개 API,2026-09-30
2019-10,수입시장,수입액,미국|3304|170|콜롬비아,470924,USD,UN Comtrade 공개 API,2026-09-30
2019-10,수입시장,수입액,미국|3304|214|214,4779,USD,UN Comtrade 공개 API,2026-09-30
2019-10,수입시장,수입액,미국|3304|188|188,7006,USD,UN Comtrade 공개 API,2026-09-30
2019-10,수입시장,수입액,미국|3304|440|리투아니아,73540,USD,UN Comtrade 공개 API,2026-09-30
2019-10,수입시장,수입액,미국|3304|104|미얀마,2380,USD,UN Comtrade 공개 API,2026-09-30
2019-10,수입시장,수입액,미국|3304|156|중국,74611496,USD,UN Comtrade 공개 API,2026-09-30
2019-10,수입시장,수입액,미국|3304|400|요르단,47725,USD,UN Comtrade 공개 API,2026-09-30
2019-10,수입시장,수입액,미국|3304|203|체코,686363,USD,UN Comtrade 공개 API,2026-09-30
2019-10,수입시장,수입액,미국|3304|533|533,131437,USD,UN Comtrade 공개 API,2026-09-30
2019-10,수입시장,수입액,미국|3304|496|몽골,2954,USD,UN Comtrade 공개 API,2026-09-30
2019-10,수입시장,수입액,미국|3304|242|242,15286,USD,UN Comtrade 공개 API,2026-09-30
2019-10,수입시장,수입액,미국|3304|276|독일,18796202,USD,UN Comtrade 공개 API,2026-09-30
2019-10,수입시장,수입액,미국|3304|780|780,5141,USD,UN Comtrade 공개 API,2026-09-30
2019-10,수입시장,수입액,미국|3304|566|나이지리아,3309,USD,UN Comtrade 공개 API,2026-09-30
2019-10,수입시장,수입액,미국|3304|196|키프로스,87203,USD,UN Comtrade 공개 API,2026-09-30
2019-10,수입시장,수입액,미국|3304|616|폴란드,1201179,USD,UN Comtrade 공개 API,2026-09-30
2019-10,수입시장,수입액,미국|3304|320|320,73598,USD,UN Comtrade 공개 API,2026-09-30
2019-10,수입시장,수입액,미국|3304|604|페루,2432,USD,UN Comtrade 공개 API,2026-09-30
2019-10,수입시장,수입액,미국|3304|784|UAE,1338385,USD,UN Comtrade 공개 API,2026-09-30
2019-10,수입시장,수입액,미국|3304|392|일본,17269389,USD,UN Comtrade 공개 API,2026-09-30
2019-10,수입시장,수입액,미국|3304|504|504,72196,USD,UN Comtrade 공개 API,2026-09-30
2019-10,수입시장,수입액,미국|3304|380|이탈리아,44418693,USD,UN Comtrade 공개 API,2026-09-30
2019-10,수입시장,수입액,미국|3304|152|칠레,50771,USD,UN Comtrade 공개 API,2026-09-30
2019-10,수입시장,수입액,미국|3304|218|218,7383,USD,UN Comtrade 공개 API,2026-09-30
2019-10,수입시장,수입액,미국|3304|352|352,84154,USD,UN Comtrade 공개 API,2026-09-30
2019-10,수입시장,수입액,미국|3304|792|튀르키예,1472430,USD,UN Comtrade 공개 API,2026-09-30
2019-10,수입시장,수입액,미국|3304|608|필리핀,45496,USD,UN Comtrade 공개 API,2026-09-30
2019-10,수입시장,수입액,미국|3304|702|싱가포르,149684,USD,UN Comtrade 공개 API,2026-09-30
2019-10,수입시장,수입액,미국|3304|826|영국,28678206,USD,UN Comtrade 공개 API,2026-09-30
2019-10,수입시장,수입액,미국|3304|191|크로아티아,2800,USD,UN Comtrade 공개 API,2026-09-30
2019-10,수입시장,수입액,미국|3304|764|태국,1830932,USD,UN Comtrade 공개 API,2026-09-30
2019-10,수입시장,수입액,미국|3304|344|홍콩,324577,USD,UN Comtrade 공개 API,2026-09-30
2019-10,수입시장,수입액,미국|3304|56|벨기에,8346392,USD,UN Comtrade 공개 API,2026-09-30
2019-10,수입시장,수입액,미국|3304|591|591,20600,USD,UN Comtrade 공개 API,2026-09-30
2019-10,수입시장,수입액,미국|3304|752|스웨덴,15220541,USD,UN Comtrade 공개 API,2026-09-30
2019-10,수입시장,수입액,미국|3304|300|그리스,744396,USD,UN Comtrade 공개 API,2026-09-30
2019-10,수입시장,수입액,미국|3304|246|핀란드,155331,USD,UN Comtrade 공개 API,2026-09-30
2019-10,수입시장,수입액,미국|3304|442|룩셈부르크,353921,USD,UN Comtrade 공개 API,2026-09-30
2019-10,수입시장,수입액,미국|3304|554|뉴질랜드,1120047,USD,UN Comtrade 공개 API,2026-09-30
2019-10,수입시장,수입액,미국|3304|724|스페인,2282877,USD,UN Comtrade 공개 API,2026-09-30
2019-10,수입시장,수입액,미국|3304|804|우크라이나,33147,USD,UN Comtrade 공개 API,2026-09-30
2019-10,수입시장,수입액,미국|3304|208|덴마크,32686,USD,UN Comtrade 공개 API,2026-09-30
2019-10,수입시장,수입액,미국|3304|699|인도,3221003,USD,UN Comtrade 공개 API,2026-09-30
2019-10,수입시장,수입액,미국|3304|490|대만,5749984,USD,UN Comtrade 공개 API,2026-09-30
2019-10,수입시장,수입액,미국|3304|251|프랑스,64929373,USD,UN Comtrade 공개 API,2026-09-30
2019-10,수입시장,수입액,미국|3304|579|노르웨이,20903,USD,UN Comtrade 공개 API,2026-09-30
2019-10,수입시장,수입액,미국|3304|757|스위스,5822574,USD,UN Comtrade 공개 API,2026-09-30
2019-10,수입시장,수입액,미국|3304|0|전체,446834910,USD,UN Comtrade 공개 API,2026-09-30
2019-11,수입시장,수입액,미국|3304|191|크로아티아,3072,USD,UN Comtrade 공개 API,2026-09-30
2019-11,수입시장,수입액,미국|3304|188|188,8113,USD,UN Comtrade 공개 API,2026-09-30
2019-11,수입시장,수입액,미국|3304|428|라트비아,12164,USD,UN Comtrade 공개 API,2026-09-30
2019-11,수입시장,수입액,미국|3304|724|스페인,2328226,USD,UN Comtrade 공개 API,2026-09-30
2019-11,수입시장,수입액,미국|3304|218|218,22864,USD,UN Comtrade 공개 API,2026-09-30
2019-11,수입시장,수입액,미국|3304|478|478,2142,USD,UN Comtrade 공개 API,2026-09-30
2019-11,수입시장,수입액,미국|3304|504|504,22318,USD,UN Comtrade 공개 API,2026-09-30
2019-11,수입시장,수입액,미국|3304|604|페루,26064,USD,UN Comtrade 공개 API,2026-09-30
2019-11,수입시장,수입액,미국|3304|380|이탈리아,45512125,USD,UN Comtrade 공개 API,2026-09-30
2019-11,수입시장,수입액,미국|3304|60|60,2325,USD,UN Comtrade 공개 API,2026-09-30
2019-11,수입시장,수입액,미국|3304|705|슬로베니아,96490,USD,UN Comtrade 공개 API,2026-09-30
2019-11,수입시장,수입액,미국|3304|348|헝가리,6694462,USD,UN Comtrade 공개 API,2026-09-30
2019-11,수입시장,수입액,미국|3304|450|450,2836,USD,UN Comtrade 공개 API,2026-09-30
2019-11,수입시장,수입액,미국|3304|642|루마니아,7189,USD,UN Comtrade 공개 API,2026-09-30
2019-11,수입시장,수입액,미국|3304|152|칠레,121664,USD,UN Comtrade 공개 API,2026-09-30
2019-11,수입시장,수입액,미국|3304|643|러시아,80240,USD,UN Comtrade 공개 API,2026-09-30
2019-11,수입시장,수입액,미국|3304|688|세르비아,12808,USD,UN Comtrade 공개 API,2026-09-30
2019-11,수입시장,수입액,미국|3304|32|아르헨티나,254987,USD,UN Comtrade 공개 API,2026-09-30
2019-11,수입시장,수입액,미국|3304|214|214,54040,USD,UN Comtrade 공개 API,2026-09-30
2019-11,수입시장,수입액,미국|3304|376|이스라엘,3939903,USD,UN Comtrade 공개 API,2026-09-30
2019-11,수입시장,수입액,미국|3304|788|788,17283,USD,UN Comtrade 공개 API,2026-09-30
2019-11,수입시장,수입액,미국|3304|591|591,79096,USD,UN Comtrade 공개 API,2026-09-30
2019-11,수입시장,수입액,미국|3304|170|콜롬비아,573464,USD,UN Comtrade 공개 API,2026-09-30
2019-11,수입시장,수입액,미국|3304|352|352,107522,USD,UN Comtrade 공개 API,2026-09-30
2019-11,수입시장,수입액,미국|3304|242|242,100165,USD,UN Comtrade 공개 API,2026-09-30
2019-11,수입시장,수입액,미국|3304|51|아르메니아,2037,USD,UN Comtrade 공개 API,2026-09-30
2019-11,수입시장,수입액,미국|3304|56|벨기에,5477551,USD,UN Comtrade 공개 API,2026-09-30
2019-11,수입시장,수입액,미국|3304|458|말레이시아,508093,USD,UN Comtrade 공개 API,2026-09-30
2019-11,수입시장,수입액,미국|3304|528|네덜란드,888371,USD,UN Comtrade 공개 API,2026-09-30
2019-11,수입시장,수입액,미국|3304|400|요르단,9401,USD,UN Comtrade 공개 API,2026-09-30
2019-11,수입시장,수입액,미국|3304|203|체코,441233,USD,UN Comtrade 공개 API,2026-09-30
2019-11,수입시장,수입액,미국|3304|608|필리핀,60499,USD,UN Comtrade 공개 API,2026-09-30
2019-11,수입시장,수입액,미국|3304|276|독일,16850035,USD,UN Comtrade 공개 API,2026-09-30
2019-11,수입시장,수입액,미국|3304|616|폴란드,2179302,USD,UN Comtrade 공개 API,2026-09-30
2019-11,수입시장,수입액,미국|3304|246|핀란드,96626,USD,UN Comtrade 공개 API,2026-09-30
2019-11,수입시장,수입액,미국|3304|288|288,86865,USD,UN Comtrade 공개 API,2026-09-30
2019-11,수입시장,수입액,미국|3304|422|레바논,2160,USD,UN Comtrade 공개 API,2026-09-30
2019-11,수입시장,수입액,미국|3304|764|태국,1265422,USD,UN Comtrade 공개 API,2026-09-30
2019-11,수입시장,수입액,미국|3304|300|그리스,757421,USD,UN Comtrade 공개 API,2026-09-30
2019-11,수입시장,수입액,미국|3304|554|뉴질랜드,1373466,USD,UN Comtrade 공개 API,2026-09-30
2019-11,수입시장,수입액,미국|3304|50|방글라데시,8673,USD,UN Comtrade 공개 API,2026-09-30
2019-11,수입시장,수입액,미국|3304|100|불가리아,154670,USD,UN Comtrade 공개 API,2026-09-30
2019-11,수입시장,수입액,미국|3304|410|한국,39861710,USD,UN Comtrade 공개 API,2026-09-30
2019-11,수입시장,수입액,미국|3304|682|사우디,556534,USD,UN Comtrade 공개 API,2026-09-30
2019-11,수입시장,수입액,미국|3304|233|에스토니아,33953,USD,UN Comtrade 공개 API,2026-09-30
2019-11,수입시장,수입액,미국|3304|124|캐나다,59844027,USD,UN Comtrade 공개 API,2026-09-30
2019-11,수입시장,수입액,미국|3304|826|영국,26815584,USD,UN Comtrade 공개 API,2026-09-30
2019-11,수입시장,수입액,미국|3304|320|320,3469,USD,UN Comtrade 공개 API,2026-09-30
2019-11,수입시장,수입액,미국|3304|442|룩셈부르크,419262,USD,UN Comtrade 공개 API,2026-09-30
2019-11,수입시장,수입액,미국|3304|40|오스트리아,186568,USD,UN Comtrade 공개 API,2026-09-30
2019-11,수입시장,수입액,미국|3304|484|멕시코,10993467,USD,UN Comtrade 공개 API,2026-09-30
2019-11,수입시장,수입액,미국|3304|156|중국,47599402,USD,UN Comtrade 공개 API,2026-09-30
2019-11,수입시장,수입액,미국|3304|208|덴마크,6317,USD,UN Comtrade 공개 API,2026-09-30
2019-11,수입시장,수입액,미국|3304|752|스웨덴,8463461,USD,UN Comtrade 공개 API,2026-09-30
2019-11,수입시장,수입액,미국|3304|76|브라질,173280,USD,UN Comtrade 공개 API,2026-09-30
2019-11,수입시장,수입액,미국|3304|702|싱가포르,132623,USD,UN Comtrade 공개 API,2026-09-30
2019-11,수입시장,수입액,미국|3304|620|포르투갈,39749,USD,UN Comtrade 공개 API,2026-09-30
2019-11,수입시장,수입액,미국|3304|404|404,38795,USD,UN Comtrade 공개 API,2026-09-30
2019-11,수입시장,수입액,미국|3304|792|튀르키예,1463974,USD,UN Comtrade 공개 API,2026-09-30
2019-11,수입시장,수입액,미국|3304|704|베트남,211809,USD,UN Comtrade 공개 API,2026-09-30
2019-11,수입시장,수입액,미국|3304|360|인도네시아,76554,USD,UN Comtrade 공개 API,2026-09-30
2019-11,수입시장,수입액,미국|3304|372|아일랜드,909939,USD,UN Comtrade 공개 API,2026-09-30
2019-11,수입시장,수입액,미국|3304|586|파키스탄,10248,USD,UN Comtrade 공개 API,2026-09-30
2019-11,수입시장,수입액,미국|3304|566|나이지리아,4650,USD,UN Comtrade 공개 API,2026-09-30
2019-11,수입시장,수입액,미국|3304|384|384,165134,USD,UN Comtrade 공개 API,2026-09-30
2019-11,수입시장,수입액,미국|3304|36|호주,2781646,USD,UN Comtrade 공개 API,2026-09-30
2019-11,수입시장,수입액,미국|3304|710|남아공,1423949,USD,UN Comtrade 공개 API,2026-09-30
2019-11,수입시장,수입액,미국|3304|344|홍콩,383392,USD,UN Comtrade 공개 API,2026-09-30
2019-11,수입시장,수입액,미국|3304|784|UAE,852775,USD,UN Comtrade 공개 API,2026-09-30
2019-11,수입시장,수입액,미국|3304|392|일본,13032270,USD,UN Comtrade 공개 API,2026-09-30
2019-11,수입시장,수입액,미국|3304|804|우크라이나,22409,USD,UN Comtrade 공개 API,2026-09-30
2019-11,수입시장,수입액,미국|3304|440|리투아니아,8942,USD,UN Comtrade 공개 API,2026-09-30
2019-11,수입시장,수입액,미국|3304|251|프랑스,64423248,USD,UN Comtrade 공개 API,2026-09-30
2019-11,수입시장,수입액,미국|3304|757|스위스,5077608,USD,UN Comtrade 공개 API,2026-09-30
2019-11,수입시장,수입액,미국|3304|699|인도,2681974,USD,UN Comtrade 공개 API,2026-09-30
2019-11,수입시장,수입액,미국|3304|490|대만,5980433,USD,UN Comtrade 공개 API,2026-09-30
2019-11,수입시장,수입액,미국|3304|0|전체,384922542,USD,UN Comtrade 공개 API,2026-09-30
2019-12,수입시장,수입액,미국|3304|710|남아공,1488747,USD,UN Comtrade 공개 API,2026-09-30
2019-12,수입시장,수입액,미국|3304|348|헝가리,7531425,USD,UN Comtrade 공개 API,2026-09-30
2019-12,수입시장,수입액,미국|3304|36|호주,4120047,USD,UN Comtrade 공개 API,2026-09-30
2019-12,수입시장,수입액,미국|3304|156|중국,45794384,USD,UN Comtrade 공개 API,2026-09-30
2019-12,수입시장,수입액,미국|3304|784|UAE,565366,USD,UN Comtrade 공개 API,2026-09-30
2019-12,수입시장,수입액,미국|3304|400|요르단,9401,USD,UN Comtrade 공개 API,2026-09-30
2019-12,수입시장,수입액,미국|3304|152|칠레,4824,USD,UN Comtrade 공개 API,2026-09-30
2019-12,수입시장,수입액,미국|3304|704|베트남,89742,USD,UN Comtrade 공개 API,2026-09-30
2019-12,수입시장,수입액,미국|3304|258|258,10019,USD,UN Comtrade 공개 API,2026-09-30
2019-12,수입시장,수입액,미국|3304|792|튀르키예,621497,USD,UN Comtrade 공개 API,2026-09-30
2019-12,수입시장,수입액,미국|3304|780|780,5681,USD,UN Comtrade 공개 API,2026-09-30
2019-12,수입시장,수입액,미국|3304|344|홍콩,403960,USD,UN Comtrade 공개 API,2026-09-30
2019-12,수입시장,수입액,미국|3304|705|슬로베니아,19510,USD,UN Comtrade 공개 API,2026-09-30
2019-12,수입시장,수입액,미국|3304|826|영국,25395767,USD,UN Comtrade 공개 API,2026-09-30
2019-12,수입시장,수입액,미국|3304|380|이탈리아,44582450,USD,UN Comtrade 공개 API,2026-09-30
2019-12,수입시장,수입액,미국|3304|170|콜롬비아,826968,USD,UN Comtrade 공개 API,2026-09-30
2019-12,수입시장,수입액,미국|3304|724|스페인,2649045,USD,UN Comtrade 공개 API,2026-09-30
2019-12,수입시장,수입액,미국|3304|392|일본,14105119,USD,UN Comtrade 공개 API,2026-09-30
2019-12,수입시장,수입액,미국|3304|332|332,100250,USD,UN Comtrade 공개 API,2026-09-30
2019-12,수입시장,수입액,미국|3304|608|필리핀,20531,USD,UN Comtrade 공개 API,2026-09-30
2019-12,수입시장,수입액,미국|3304|32|아르헨티나,108570,USD,UN Comtrade 공개 API,2026-09-30
2019-12,수입시장,수입액,미국|3304|662|662,5379,USD,UN Comtrade 공개 API,2026-09-30
2019-12,수입시장,수입액,미국|3304|246|핀란드,7687,USD,UN Comtrade 공개 API,2026-09-30
2019-12,수입시장,수입액,미국|3304|410|한국,41509113,USD,UN Comtrade 공개 API,2026-09-30
2019-12,수입시장,수입액,미국|3304|276|독일,14614290,USD,UN Comtrade 공개 API,2026-09-30
2019-12,수입시장,수입액,미국|3304|484|멕시코,12797957,USD,UN Comtrade 공개 API,2026-09-30
2019-12,수입시장,수입액,미국|3304|56|벨기에,7620375,USD,UN Comtrade 공개 API,2026-09-30
2019-12,수입시장,수입액,미국|3304|242|242,127406,USD,UN Comtrade 공개 API,2026-09-30
2019-12,수입시장,수입액,미국|3304|422|레바논,78443,USD,UN Comtrade 공개 API,2026-09-30
2019-12,수입시장,수입액,미국|3304|620|포르투갈,40996,USD,UN Comtrade 공개 API,2026-09-30
2019-12,수입시장,수입액,미국|3304|104|미얀마,4708,USD,UN Comtrade 공개 API,2026-09-30
2019-12,수입시장,수입액,미국|3304|50|방글라데시,35371,USD,UN Comtrade 공개 API,2026-09-30
2019-12,수입시장,수입액,미국|3304|124|캐나다,55805902,USD,UN Comtrade 공개 API,2026-09-30
2019-12,수입시장,수입액,미국|3304|203|체코,744761,USD,UN Comtrade 공개 API,2026-09-30
2019-12,수입시장,수입액,미국|3304|442|룩셈부르크,289050,USD,UN Comtrade 공개 API,2026-09-30
2019-12,수입시장,수입액,미국|3304|804|우크라이나,31055,USD,UN Comtrade 공개 API,2026-09-30
2019-12,수입시장,수입액,미국|3304|504|504,4722,USD,UN Comtrade 공개 API,2026-09-30
2019-12,수입시장,수입액,미국|3304|591|591,31999,USD,UN Comtrade 공개 API,2026-09-30
2019-12,수입시장,수입액,미국|3304|233|에스토니아,13341,USD,UN Comtrade 공개 API,2026-09-30
2019-12,수입시장,수입액,미국|3304|376|이스라엘,4790018,USD,UN Comtrade 공개 API,2026-09-30
2019-12,수입시장,수입액,미국|3304|458|말레이시아,313937,USD,UN Comtrade 공개 API,2026-09-30
2019-12,수입시장,수입액,미국|3304|214|214,54824,USD,UN Comtrade 공개 API,2026-09-30
2019-12,수입시장,수입액,미국|3304|40|오스트리아,208920,USD,UN Comtrade 공개 API,2026-09-30
2019-12,수입시장,수입액,미국|3304|208|덴마크,52892,USD,UN Comtrade 공개 API,2026-09-30
2019-12,수입시장,수입액,미국|3304|604|페루,29584,USD,UN Comtrade 공개 API,2026-09-30
2019-12,수입시장,수입액,미국|3304|352|352,61964,USD,UN Comtrade 공개 API,2026-09-30
2019-12,수입시장,수입액,미국|3304|372|아일랜드,2207718,USD,UN Comtrade 공개 API,2026-09-30
2019-12,수입시장,수입액,미국|3304|384|384,113194,USD,UN Comtrade 공개 API,2026-09-30
2019-12,수입시장,수입액,미국|3304|752|스웨덴,9321383,USD,UN Comtrade 공개 API,2026-09-30
2019-12,수입시장,수입액,미국|3304|480|480,6076,USD,UN Comtrade 공개 API,2026-09-30
2019-12,수입시장,수입액,미국|3304|818|이집트,10459,USD,UN Comtrade 공개 API,2026-09-30
2019-12,수입시장,수입액,미국|3304|702|싱가포르,13959,USD,UN Comtrade 공개 API,2026-09-30
2019-12,수입시장,수입액,미국|3304|748|748,79723,USD,UN Comtrade 공개 API,2026-09-30
2019-12,수입시장,수입액,미국|3304|586|파키스탄,8783,USD,UN Comtrade 공개 API,2026-09-30
2019-12,수입시장,수입액,미국|3304|528|네덜란드,742850,USD,UN Comtrade 공개 API,2026-09-30
2019-12,수입시장,수입액,미국|3304|100|불가리아,76796,USD,UN Comtrade 공개 API,2026-09-30
2019-12,수입시장,수입액,미국|3304|554|뉴질랜드,1755504,USD,UN Comtrade 공개 API,2026-09-30
2019-12,수입시장,수입액,미국|3304|533|533,108277,USD,UN Comtrade 공개 API,2026-09-30
2019-12,수입시장,수입액,미국|3304|300|그리스,1269645,USD,UN Comtrade 공개 API,2026-09-30
2019-12,수입시장,수입액,미국|3304|360|인도네시아,112099,USD,UN Comtrade 공개 API,2026-09-30
2019-12,수입시장,수입액,미국|3304|531|531,3211,USD,UN Comtrade 공개 API,2026-09-30
2019-12,수입시장,수입액,미국|3304|764|태국,785532,USD,UN Comtrade 공개 API,2026-09-30
2019-12,수입시장,수입액,미국|3304|643|러시아,228026,USD,UN Comtrade 공개 API,2026-09-30
2019-12,수입시장,수입액,미국|3304|288|288,144022,USD,UN Comtrade 공개 API,2026-09-30
2019-12,수입시장,수입액,미국|3304|76|브라질,97659,USD,UN Comtrade 공개 API,2026-09-30
2019-12,수입시장,수입액,미국|3304|616|폴란드,1930952,USD,UN Comtrade 공개 API,2026-09-30
2019-12,수입시장,수입액,미국|3304|800|800,12100,USD,UN Comtrade 공개 API,2026-09-30
2019-12,수입시장,수입액,미국|3304|757|스위스,5348754,USD,UN Comtrade 공개 API,2026-09-30
2019-12,수입시장,수입액,미국|3304|251|프랑스,70551682,USD,UN Comtrade 공개 API,2026-09-30
2019-12,수입시장,수입액,미국|3304|579|노르웨이,2400,USD,UN Comtrade 공개 API,2026-09-30
2019-12,수입시장,수입액,미국|3304|699|인도,3072149,USD,UN Comtrade 공개 API,2026-09-30
2019-12,수입시장,수입액,미국|3304|490|대만,6167820,USD,UN Comtrade 공개 API,2026-09-30
2019-12,수입시장,수입액,미국|3304|0|전체,391898770,USD,UN Comtrade 공개 API,2026-09-30
2020-01,수입시장,수입액,미국|3304|0|전체,390602085,USD,UN Comtrade 공개 API,2026-09-30
2020-01,수입시장,수입액,미국|3304|757|스위스,3649511,USD,UN Comtrade 공개 API,2026-09-30
2020-01,수입시장,수입액,미국|3304|490|대만,8937399,USD,UN Comtrade 공개 API,2026-09-30
2020-01,수입시장,수입액,미국|3304|251|프랑스,64162387,USD,UN Comtrade 공개 API,2026-09-30
2020-01,수입시장,수입액,미국|3304|699|인도,4414705,USD,UN Comtrade 공개 API,2026-09-30
2020-01,수입시장,수입액,미국|3304|380|이탈리아,40713952,USD,UN Comtrade 공개 API,2026-09-30
2020-01,수입시장,수입액,미국|3304|32|아르헨티나,248833,USD,UN Comtrade 공개 API,2026-09-30
2020-01,수입시장,수입액,미국|3304|276|독일,14325511,USD,UN Comtrade 공개 API,2026-09-30
2020-01,수입시장,수입액,미국|3304|422|레바논,2513,USD,UN Comtrade 공개 API,2026-09-30
2020-01,수입시장,수입액,미국|3304|360|인도네시아,132474,USD,UN Comtrade 공개 API,2026-09-30
2020-01,수입시장,수입액,미국|3304|344|홍콩,393305,USD,UN Comtrade 공개 API,2026-09-30
2020-01,수입시장,수입액,미국|3304|400|요르단,11589,USD,UN Comtrade 공개 API,2026-09-30
2020-01,수입시장,수입액,미국|3304|450|450,3815,USD,UN Comtrade 공개 API,2026-09-30
2020-01,수입시장,수입액,미국|3304|616|폴란드,1189389,USD,UN Comtrade 공개 API,2026-09-30
2020-01,수입시장,수입액,미국|3304|242|242,171086,USD,UN Comtrade 공개 API,2026-09-30
2020-01,수입시장,수입액,미국|3304|792|튀르키예,1467333,USD,UN Comtrade 공개 API,2026-09-30
2020-01,수입시장,수입액,미국|3304|196|키프로스,2271,USD,UN Comtrade 공개 API,2026-09-30
2020-01,수입시장,수입액,미국|3304|376|이스라엘,4998760,USD,UN Comtrade 공개 API,2026-09-30
2020-01,수입시장,수입액,미국|3304|144|스리랑카,109183,USD,UN Comtrade 공개 API,2026-09-30
2020-01,수입시장,수입액,미국|3304|384|384,110753,USD,UN Comtrade 공개 API,2026-09-30
2020-01,수입시장,수입액,미국|3304|752|스웨덴,13148698,USD,UN Comtrade 공개 API,2026-09-30
2020-01,수입시장,수입액,미국|3304|704|베트남,377711,USD,UN Comtrade 공개 API,2026-09-30
2020-01,수입시장,수입액,미국|3304|218|218,11998,USD,UN Comtrade 공개 API,2026-09-30
2020-01,수입시장,수입액,미국|3304|826|영국,25969334,USD,UN Comtrade 공개 API,2026-09-30
2020-01,수입시장,수입액,미국|3304|348|헝가리,7090847,USD,UN Comtrade 공개 API,2026-09-30
2020-01,수입시장,수입액,미국|3304|724|스페인,2414853,USD,UN Comtrade 공개 API,2026-09-30
2020-01,수입시장,수입액,미국|3304|716|716,16540,USD,UN Comtrade 공개 API,2026-09-30
2020-01,수입시장,수입액,미국|3304|56|벨기에,6585170,USD,UN Comtrade 공개 API,2026-09-30
2020-01,수입시장,수입액,미국|3304|440|리투아니아,63842,USD,UN Comtrade 공개 API,2026-09-30
2020-01,수입시장,수입액,미국|3304|258|258,7578,USD,UN Comtrade 공개 API,2026-09-30
2020-01,수입시장,수입액,미국|3304|702|싱가포르,63755,USD,UN Comtrade 공개 API,2026-09-30
2020-01,수입시장,수입액,미국|3304|604|페루,3148,USD,UN Comtrade 공개 API,2026-09-30
2020-01,수입시장,수입액,미국|3304|804|우크라이나,22185,USD,UN Comtrade 공개 API,2026-09-30
2020-01,수입시장,수입액,미국|3304|608|필리핀,52741,USD,UN Comtrade 공개 API,2026-09-30
2020-01,수입시장,수입액,미국|3304|188|188,7261,USD,UN Comtrade 공개 API,2026-09-30
2020-01,수입시장,수입액,미국|3304|818|이집트,10900,USD,UN Comtrade 공개 API,2026-09-30
2020-01,수입시장,수입액,미국|3304|352|352,93143,USD,UN Comtrade 공개 API,2026-09-30
2020-01,수입시장,수입액,미국|3304|76|브라질,55986,USD,UN Comtrade 공개 API,2026-09-30
2020-01,수입시장,수입액,미국|3304|300|그리스,1683334,USD,UN Comtrade 공개 API,2026-09-30
2020-01,수입시장,수입액,미국|3304|528|네덜란드,192256,USD,UN Comtrade 공개 API,2026-09-30
2020-01,수입시장,수입액,미국|3304|554|뉴질랜드,1299301,USD,UN Comtrade 공개 API,2026-09-30
2020-01,수입시장,수입액,미국|3304|533|533,18989,USD,UN Comtrade 공개 API,2026-09-30
2020-01,수입시장,수입액,미국|3304|203|체코,575351,USD,UN Comtrade 공개 API,2026-09-30
2020-01,수입시장,수입액,미국|3304|246|핀란드,112288,USD,UN Comtrade 공개 API,2026-09-30
2020-01,수입시장,수입액,미국|3304|372|아일랜드,1425536,USD,UN Comtrade 공개 API,2026-09-30
2020-01,수입시장,수입액,미국|3304|104|미얀마,5420,USD,UN Comtrade 공개 API,2026-09-30
2020-01,수입시장,수입액,미국|3304|392|일본,10978749,USD,UN Comtrade 공개 API,2026-09-30
2020-01,수입시장,수입액,미국|3304|170|콜롬비아,326678,USD,UN Comtrade 공개 API,2026-09-30
2020-01,수입시장,수입액,미국|3304|703|슬로바키아,5920,USD,UN Comtrade 공개 API,2026-09-30
2020-01,수입시장,수입액,미국|3304|643|러시아,236255,USD,UN Comtrade 공개 API,2026-09-30
2020-01,수입시장,수입액,미국|3304|504|504,413630,USD,UN Comtrade 공개 API,2026-09-30
2020-01,수입시장,수입액,미국|3304|233|에스토니아,34376,USD,UN Comtrade 공개 API,2026-09-30
2020-01,수입시장,수입액,미국|3304|784|UAE,618667,USD,UN Comtrade 공개 API,2026-09-30
2020-01,수입시장,수입액,미국|3304|442|룩셈부르크,199107,USD,UN Comtrade 공개 API,2026-09-30
2020-01,수입시장,수입액,미국|3304|156|중국,57773978,USD,UN Comtrade 공개 API,2026-09-30
2020-01,수입시장,수입액,미국|3304|124|캐나다,51139103,USD,UN Comtrade 공개 API,2026-09-30
2020-01,수입시장,수입액,미국|3304|484|멕시코,12583017,USD,UN Comtrade 공개 API,2026-09-30
2020-01,수입시장,수입액,미국|3304|208|덴마크,97332,USD,UN Comtrade 공개 API,2026-09-30
2020-01,수입시장,수입액,미국|3304|586|파키스탄,44955,USD,UN Comtrade 공개 API,2026-09-30
2020-01,수입시장,수입액,미국|3304|100|불가리아,412424,USD,UN Comtrade 공개 API,2026-09-30
2020-01,수입시장,수입액,미국|3304|620|포르투갈,26204,USD,UN Comtrade 공개 API,2026-09-30
2020-01,수입시장,수입액,미국|3304|410|한국,42185984,USD,UN Comtrade 공개 API,2026-09-30
2020-01,수입시장,수입액,미국|3304|710|남아공,1242448,USD,UN Comtrade 공개 API,2026-09-30
2020-01,수입시장,수입액,미국|3304|36|호주,4149838,USD,UN Comtrade 공개 API,2026-09-30
2020-01,수입시장,수입액,미국|3304|288|288,161763,USD,UN Comtrade 공개 API,2026-09-30
2020-01,수입시장,수입액,미국|3304|458|말레이시아,357931,USD,UN Comtrade 공개 API,2026-09-30
2020-01,수입시장,수입액,미국|3304|40|오스트리아,175426,USD,UN Comtrade 공개 API,2026-09-30
2020-01,수입시장,수입액,미국|3304|764|태국,1077505,USD,UN Comtrade 공개 API,2026-09-30
2020-01,수입시장,수입액,미국|3304|50|방글라데시,3754,USD,UN Comtrade 공개 API,2026-09-30
2020-01,수입시장,수입액,미국|3304|705|슬로베니아,4107,USD,UN Comtrade 공개 API,2026-09-30
2020-02,수입시장,수입액,미국|3304|0|전체,324168793,USD,UN Comtrade 공개 API,2026-09-30
2020-02,수입시장,수입액,미국|3304|699|인도,2508243,USD,UN Comtrade 공개 API,2026-09-30
2020-02,수입시장,수입액,미국|3304|251|프랑스,61454209,USD,UN Comtrade 공개 API,2026-09-30
2020-02,수입시장,수입액,미국|3304|757|스위스,4950413,USD,UN Comtrade 공개 API,2026-09-30
2020-02,수입시장,수입액,미국|3304|490|대만,3853285,USD,UN Comtrade 공개 API,2026-09-30
2020-02,수입시장,수입액,미국|3304|404|404,39920,USD,UN Comtrade 공개 API,2026-09-30
2020-02,수입시장,수입액,미국|3304|384|384,56408,USD,UN Comtrade 공개 API,2026-09-30
2020-02,수입시장,수입액,미국|3304|246|핀란드,43914,USD,UN Comtrade 공개 API,2026-09-30
2020-02,수입시장,수입액,미국|3304|376|이스라엘,4458201,USD,UN Comtrade 공개 API,2026-09-30
2020-02,수입시장,수입액,미국|3304|710|남아공,687834,USD,UN Comtrade 공개 API,2026-09-30
2020-02,수입시장,수입액,미국|3304|156|중국,29347065,USD,UN Comtrade 공개 API,2026-09-30
2020-02,수입시장,수입액,미국|3304|372|아일랜드,958191,USD,UN Comtrade 공개 API,2026-09-30
2020-02,수입시장,수입액,미국|3304|60|60,2451,USD,UN Comtrade 공개 API,2026-09-30
2020-02,수입시장,수입액,미국|3304|392|일본,13204326,USD,UN Comtrade 공개 API,2026-09-30
2020-02,수입시장,수입액,미국|3304|214|214,66124,USD,UN Comtrade 공개 API,2026-09-30
2020-02,수입시장,수입액,미국|3304|352|352,160782,USD,UN Comtrade 공개 API,2026-09-30
2020-02,수입시장,수입액,미국|3304|100|불가리아,53285,USD,UN Comtrade 공개 API,2026-09-30
2020-02,수입시장,수입액,미국|3304|36|호주,2593478,USD,UN Comtrade 공개 API,2026-09-30
2020-02,수입시장,수입액,미국|3304|528|네덜란드,631560,USD,UN Comtrade 공개 API,2026-09-30
2020-02,수입시장,수입액,미국|3304|348|헝가리,7199353,USD,UN Comtrade 공개 API,2026-09-30
2020-02,수입시장,수입액,미국|3304|410|한국,30741646,USD,UN Comtrade 공개 API,2026-09-30
2020-02,수입시장,수입액,미국|3304|144|스리랑카,92701,USD,UN Comtrade 공개 API,2026-09-30
2020-02,수입시장,수입액,미국|3304|858|858,25445,USD,UN Comtrade 공개 API,2026-09-30
2020-02,수입시장,수입액,미국|3304|344|홍콩,733954,USD,UN Comtrade 공개 API,2026-09-30
2020-02,수입시장,수입액,미국|3304|428|라트비아,7328,USD,UN Comtrade 공개 API,2026-09-30
2020-02,수입시장,수입액,미국|3304|504|504,16130,USD,UN Comtrade 공개 API,2026-09-30
2020-02,수입시장,수입액,미국|3304|702|싱가포르,358798,USD,UN Comtrade 공개 API,2026-09-30
2020-02,수입시장,수입액,미국|3304|440|리투아니아,32285,USD,UN Comtrade 공개 API,2026-09-30
2020-02,수입시장,수입액,미국|3304|242|242,7744,USD,UN Comtrade 공개 API,2026-09-30
2020-02,수입시장,수입액,미국|3304|380|이탈리아,34469771,USD,UN Comtrade 공개 API,2026-09-30
2020-02,수입시장,수입액,미국|3304|792|튀르키예,1892752,USD,UN Comtrade 공개 API,2026-09-30
2020-02,수입시장,수입액,미국|3304|300|그리스,572871,USD,UN Comtrade 공개 API,2026-09-30
2020-02,수입시장,수입액,미국|3304|608|필리핀,11943,USD,UN Comtrade 공개 API,2026-09-30
2020-02,수입시장,수입액,미국|3304|288|288,145279,USD,UN Comtrade 공개 API,2026-09-30
2020-02,수입시장,수입액,미국|3304|807|807,11339,USD,UN Comtrade 공개 API,2026-09-30
2020-02,수입시장,수입액,미국|3304|50|방글라데시,23206,USD,UN Comtrade 공개 API,2026-09-30
2020-02,수입시장,수입액,미국|3304|616|폴란드,1132258,USD,UN Comtrade 공개 API,2026-09-30
2020-02,수입시장,수입액,미국|3304|233|에스토니아,4397,USD,UN Comtrade 공개 API,2026-09-30
2020-02,수입시장,수입액,미국|3304|124|캐나다,55977580,USD,UN Comtrade 공개 API,2026-09-30
2020-02,수입시장,수입액,미국|3304|276|독일,12978335,USD,UN Comtrade 공개 API,2026-09-30
2020-02,수입시장,수입액,미국|3304|191|크로아티아,2807,USD,UN Comtrade 공개 API,2026-09-30
2020-02,수입시장,수입액,미국|3304|203|체코,560607,USD,UN Comtrade 공개 API,2026-09-30
2020-02,수입시장,수입액,미국|3304|422|레바논,81497,USD,UN Comtrade 공개 API,2026-09-30
2020-02,수입시장,수입액,미국|3304|642|루마니아,2250,USD,UN Comtrade 공개 API,2026-09-30
2020-02,수입시장,수입액,미국|3304|643|러시아,32859,USD,UN Comtrade 공개 API,2026-09-30
2020-02,수입시장,수입액,미국|3304|800|800,25105,USD,UN Comtrade 공개 API,2026-09-30
2020-02,수입시장,수입액,미국|3304|76|브라질,148097,USD,UN Comtrade 공개 API,2026-09-30
2020-02,수입시장,수입액,미국|3304|332|332,3283,USD,UN Comtrade 공개 API,2026-09-30
2020-02,수입시장,수입액,미국|3304|780|780,6094,USD,UN Comtrade 공개 API,2026-09-30
2020-02,수입시장,수입액,미국|3304|784|UAE,887768,USD,UN Comtrade 공개 API,2026-09-30
2020-02,수입시장,수입액,미국|3304|208|덴마크,38557,USD,UN Comtrade 공개 API,2026-09-30
2020-02,수입시장,수입액,미국|3304|196|키프로스,14105,USD,UN Comtrade 공개 API,2026-09-30
2020-02,수입시장,수입액,미국|3304|51|아르메니아,2328,USD,UN Comtrade 공개 API,2026-09-30
2020-02,수입시장,수입액,미국|3304|40|오스트리아,239705,USD,UN Comtrade 공개 API,2026-09-30
2020-02,수입시장,수입액,미국|3304|170|콜롬비아,328082,USD,UN Comtrade 공개 API,2026-09-30
2020-02,수입시장,수입액,미국|3304|591|591,65878,USD,UN Comtrade 공개 API,2026-09-30
2020-02,수입시장,수입액,미국|3304|400|요르단,5423,USD,UN Comtrade 공개 API,2026-09-30
2020-02,수입시장,수입액,미국|3304|442|룩셈부르크,506386,USD,UN Comtrade 공개 API,2026-09-30
2020-02,수입시장,수입액,미국|3304|484|멕시코,13865907,USD,UN Comtrade 공개 API,2026-09-30
2020-02,수입시장,수입액,미국|3304|620|포르투갈,15235,USD,UN Comtrade 공개 API,2026-09-30
2020-02,수입시장,수입액,미국|3304|752|스웨덴,6210717,USD,UN Comtrade 공개 API,2026-09-30
2020-02,수입시장,수입액,미국|3304|604|페루,5757,USD,UN Comtrade 공개 API,2026-09-30
2020-02,수입시장,수입액,미국|3304|704|베트남,154254,USD,UN Comtrade 공개 API,2026-09-30
2020-02,수입시장,수입액,미국|3304|56|벨기에,3964365,USD,UN Comtrade 공개 API,2026-09-30
2020-02,수입시장,수입액,미국|3304|533|533,2250,USD,UN Comtrade 공개 API,2026-09-30
2020-02,수입시장,수입액,미국|3304|688|세르비아,2373,USD,UN Comtrade 공개 API,2026-09-30
2020-02,수입시장,수입액,미국|3304|112|벨라루스,9037,USD,UN Comtrade 공개 API,2026-09-30
2020-02,수입시장,수입액,미국|3304|32|아르헨티나,149760,USD,UN Comtrade 공개 API,2026-09-30
2020-02,수입시장,수입액,미국|3304|458|말레이시아,378466,USD,UN Comtrade 공개 API,2026-09-30
2020-02,수입시장,수입액,미국|3304|764|태국,1198720,USD,UN Comtrade 공개 API,2026-09-30
2020-02,수입시장,수입액,미국|3304|554|뉴질랜드,1164336,USD,UN Comtrade 공개 API,2026-09-30
2020-02,수입시장,수입액,미국|3304|360|인도네시아,112523,USD,UN Comtrade 공개 API,2026-09-30
2020-02,수입시장,수입액,미국|3304|826|영국,19903147,USD,UN Comtrade 공개 API,2026-09-30
2020-02,수입시장,수입액,미국|3304|804|우크라이나,18455,USD,UN Comtrade 공개 API,2026-09-30
2020-02,수입시장,수입액,미국|3304|320|320,54845,USD,UN Comtrade 공개 API,2026-09-30
2020-02,수입시장,수입액,미국|3304|724|스페인,2492878,USD,UN Comtrade 공개 API,2026-09-30
2020-02,수입시장,수입액,미국|3304|586|파키스탄,3773,USD,UN Comtrade 공개 API,2026-09-30
2020-02,수입시장,수입액,미국|3304|446|마카오,6360,USD,UN Comtrade 공개 API,2026-09-30
2020-03,수입시장,수입액,미국|3304|324|324,4886,USD,UN Comtrade 공개 API,2026-09-30
2020-03,수입시장,수입액,미국|3304|724|스페인,3210344,USD,UN Comtrade 공개 API,2026-09-30
2020-03,수입시장,수입액,미국|3304|344|홍콩,521835,USD,UN Comtrade 공개 API,2026-09-30
2020-03,수입시장,수입액,미국|3304|458|말레이시아,513062,USD,UN Comtrade 공개 API,2026-09-30
2020-03,수입시장,수입액,미국|3304|276|독일,13225132,USD,UN Comtrade 공개 API,2026-09-30
2020-03,수입시장,수입액,미국|3304|702|싱가포르,140010,USD,UN Comtrade 공개 API,2026-09-30
2020-03,수입시장,수입액,미국|3304|392|일본,19064654,USD,UN Comtrade 공개 API,2026-09-30
2020-03,수입시장,수입액,미국|3304|116|캄보디아,61596,USD,UN Comtrade 공개 API,2026-09-30
2020-03,수입시장,수입액,미국|3304|586|파키스탄,11247,USD,UN Comtrade 공개 API,2026-09-30
2020-03,수입시장,수입액,미국|3304|242|242,475572,USD,UN Comtrade 공개 API,2026-09-30
2020-03,수입시장,수입액,미국|3304|704|베트남,32239,USD,UN Comtrade 공개 API,2026-09-30
2020-03,수입시장,수입액,미국|3304|380|이탈리아,37555738,USD,UN Comtrade 공개 API,2026-09-30
2020-03,수입시장,수입액,미국|3304|531|531,4275,USD,UN Comtrade 공개 API,2026-09-30
2020-03,수입시장,수입액,미국|3304|792|튀르키예,1866732,USD,UN Comtrade 공개 API,2026-09-30
2020-03,수입시장,수입액,미국|3304|484|멕시코,15015148,USD,UN Comtrade 공개 API,2026-09-30
2020-03,수입시장,수입액,미국|3304|608|필리핀,66295,USD,UN Comtrade 공개 API,2026-09-30
2020-03,수입시장,수입액,미국|3304|804|우크라이나,10090,USD,UN Comtrade 공개 API,2026-09-30
2020-03,수입시장,수입액,미국|3304|56|벨기에,6955720,USD,UN Comtrade 공개 API,2026-09-30
2020-03,수입시장,수입액,미국|3304|604|페루,9168,USD,UN Comtrade 공개 API,2026-09-30
2020-03,수입시장,수입액,미국|3304|156|중국,18703473,USD,UN Comtrade 공개 API,2026-09-30
2020-03,수입시장,수입액,미국|3304|784|UAE,987377,USD,UN Comtrade 공개 API,2026-09-30
2020-03,수입시장,수입액,미국|3304|208|덴마크,75169,USD,UN Comtrade 공개 API,2026-09-30
2020-03,수입시장,수입액,미국|3304|504|504,1160219,USD,UN Comtrade 공개 API,2026-09-30
2020-03,수입시장,수입액,미국|3304|170|콜롬비아,538135,USD,UN Comtrade 공개 API,2026-09-30
2020-03,수입시장,수입액,미국|3304|214|214,10249,USD,UN Comtrade 공개 API,2026-09-30
2020-03,수입시장,수입액,미국|3304|40|오스트리아,197765,USD,UN Comtrade 공개 API,2026-09-30
2020-03,수입시장,수입액,미국|3304|246|핀란드,63006,USD,UN Comtrade 공개 API,2026-09-30
2020-03,수입시장,수입액,미국|3304|554|뉴질랜드,958425,USD,UN Comtrade 공개 API,2026-09-30
2020-03,수입시장,수입액,미국|3304|591|591,114679,USD,UN Comtrade 공개 API,2026-09-30
2020-03,수입시장,수입액,미국|3304|100|불가리아,207449,USD,UN Comtrade 공개 API,2026-09-30
2020-03,수입시장,수입액,미국|3304|352|352,31577,USD,UN Comtrade 공개 API,2026-09-30
2020-03,수입시장,수입액,미국|3304|643|러시아,249106,USD,UN Comtrade 공개 API,2026-09-30
2020-03,수입시장,수입액,미국|3304|50|방글라데시,25077,USD,UN Comtrade 공개 API,2026-09-30
2020-03,수입시장,수입액,미국|3304|348|헝가리,8099999,USD,UN Comtrade 공개 API,2026-09-30
2020-03,수입시장,수입액,미국|3304|616|폴란드,2029690,USD,UN Comtrade 공개 API,2026-09-30
2020-03,수입시장,수입액,미국|3304|233|에스토니아,17078,USD,UN Comtrade 공개 API,2026-09-30
2020-03,수입시장,수입액,미국|3304|32|아르헨티나,78979,USD,UN Comtrade 공개 API,2026-09-30
2020-03,수입시장,수입액,미국|3304|780|780,5628,USD,UN Comtrade 공개 API,2026-09-30
2020-03,수입시장,수입액,미국|3304|710|남아공,3173571,USD,UN Comtrade 공개 API,2026-09-30
2020-03,수입시장,수입액,미국|3304|288|288,255795,USD,UN Comtrade 공개 API,2026-09-30
2020-03,수입시장,수입액,미국|3304|300|그리스,417889,USD,UN Comtrade 공개 API,2026-09-30
2020-03,수입시장,수입액,미국|3304|360|인도네시아,265675,USD,UN Comtrade 공개 API,2026-09-30
2020-03,수입시장,수입액,미국|3304|807|807,6489,USD,UN Comtrade 공개 API,2026-09-30
2020-03,수입시장,수입액,미국|3304|528|네덜란드,388192,USD,UN Comtrade 공개 API,2026-09-30
2020-03,수입시장,수입액,미국|3304|688|세르비아,3548,USD,UN Comtrade 공개 API,2026-09-30
2020-03,수입시장,수입액,미국|3304|410|한국,38514140,USD,UN Comtrade 공개 API,2026-09-30
2020-03,수입시장,수입액,미국|3304|372|아일랜드,1462819,USD,UN Comtrade 공개 API,2026-09-30
2020-03,수입시장,수입액,미국|3304|76|브라질,269945,USD,UN Comtrade 공개 API,2026-09-30
2020-03,수입시장,수입액,미국|3304|191|크로아티아,16401,USD,UN Comtrade 공개 API,2026-09-30
2020-03,수입시장,수입액,미국|3304|376|이스라엘,4357503,USD,UN Comtrade 공개 API,2026-09-30
2020-03,수입시장,수입액,미국|3304|384|384,100842,USD,UN Comtrade 공개 API,2026-09-30
2020-03,수입시장,수입액,미국|3304|124|캐나다,53639149,USD,UN Comtrade 공개 API,2026-09-30
2020-03,수입시장,수입액,미국|3304|764|태국,1705031,USD,UN Comtrade 공개 API,2026-09-30
2020-03,수입시장,수입액,미국|3304|752|스웨덴,18957077,USD,UN Comtrade 공개 API,2026-09-30
2020-03,수입시장,수입액,미국|3304|440|리투아니아,25544,USD,UN Comtrade 공개 API,2026-09-30
2020-03,수입시장,수입액,미국|3304|36|호주,3436307,USD,UN Comtrade 공개 API,2026-09-30
2020-03,수입시장,수입액,미국|3304|620|포르투갈,158859,USD,UN Comtrade 공개 API,2026-09-30
2020-03,수입시장,수입액,미국|3304|203|체코,863593,USD,UN Comtrade 공개 API,2026-09-30
2020-03,수입시장,수입액,미국|3304|826|영국,23965171,USD,UN Comtrade 공개 API,2026-09-30
2020-03,수입시장,수입액,미국|3304|442|룩셈부르크,850308,USD,UN Comtrade 공개 API,2026-09-30
2020-03,수입시장,수입액,미국|3304|533|533,160122,USD,UN Comtrade 공개 API,2026-09-30
2020-03,수입시장,수입액,미국|3304|258|258,15956,USD,UN Comtrade 공개 API,2026-09-30
2020-03,수입시장,수입액,미국|3304|490|대만,6285766,USD,UN Comtrade 공개 API,2026-09-30
2020-03,수입시장,수입액,미국|3304|757|스위스,4388756,USD,UN Comtrade 공개 API,2026-09-30
2020-03,수입시장,수입액,미국|3304|251|프랑스,86569028,USD,UN Comtrade 공개 API,2026-09-30
2020-03,수입시장,수입액,미국|3304|699|인도,2564504,USD,UN Comtrade 공개 API,2026-09-30
2020-03,수입시장,수입액,미국|3304|0|전체,385114803,USD,UN Comtrade 공개 API,2026-09-30
2020-04,수입시장,수입액,미국|3304|208|덴마크,82913,USD,UN Comtrade 공개 API,2026-09-30
2020-04,수입시장,수입액,미국|3304|752|스웨덴,6217627,USD,UN Comtrade 공개 API,2026-09-30
2020-04,수입시장,수입액,미국|3304|533|533,19438,USD,UN Comtrade 공개 API,2026-09-30
2020-04,수입시장,수입액,미국|3304|348|헝가리,4700336,USD,UN Comtrade 공개 API,2026-09-30
2020-04,수입시장,수입액,미국|3304|458|말레이시아,371923,USD,UN Comtrade 공개 API,2026-09-30
2020-04,수입시장,수입액,미국|3304|768|768,4183,USD,UN Comtrade 공개 API,2026-09-30
2020-04,수입시장,수입액,미국|3304|724|스페인,1001969,USD,UN Comtrade 공개 API,2026-09-30
2020-04,수입시장,수입액,미국|3304|784|UAE,1313480,USD,UN Comtrade 공개 API,2026-09-30
2020-04,수입시장,수입액,미국|3304|792|튀르키예,2000197,USD,UN Comtrade 공개 API,2026-09-30
2020-04,수입시장,수입액,미국|3304|156|중국,31195417,USD,UN Comtrade 공개 API,2026-09-30
2020-04,수입시장,수입액,미국|3304|484|멕시코,10621236,USD,UN Comtrade 공개 API,2026-09-30
2020-04,수입시장,수입액,미국|3304|702|싱가포르,297114,USD,UN Comtrade 공개 API,2026-09-30
2020-04,수입시장,수입액,미국|3304|196|키프로스,39829,USD,UN Comtrade 공개 API,2026-09-30
2020-04,수입시장,수입액,미국|3304|56|벨기에,4624372,USD,UN Comtrade 공개 API,2026-09-30
2020-04,수입시장,수입액,미국|3304|76|브라질,60304,USD,UN Comtrade 공개 API,2026-09-30
2020-04,수입시장,수입액,미국|3304|144|스리랑카,7870,USD,UN Comtrade 공개 API,2026-09-30
2020-04,수입시장,수입액,미국|3304|360|인도네시아,109964,USD,UN Comtrade 공개 API,2026-09-30
2020-04,수입시장,수입액,미국|3304|50|방글라데시,9313,USD,UN Comtrade 공개 API,2026-09-30
2020-04,수입시장,수입액,미국|3304|442|룩셈부르크,806866,USD,UN Comtrade 공개 API,2026-09-30
2020-04,수입시장,수입액,미국|3304|410|한국,43222324,USD,UN Comtrade 공개 API,2026-09-30
2020-04,수입시장,수입액,미국|3304|40|오스트리아,151033,USD,UN Comtrade 공개 API,2026-09-30
2020-04,수입시장,수입액,미국|3304|480|480,3993,USD,UN Comtrade 공개 API,2026-09-30
2020-04,수입시장,수입액,미국|3304|352|352,27230,USD,UN Comtrade 공개 API,2026-09-30
2020-04,수입시장,수입액,미국|3304|586|파키스탄,40483,USD,UN Comtrade 공개 API,2026-09-30
2020-04,수입시장,수입액,미국|3304|404|404,22660,USD,UN Comtrade 공개 API,2026-09-30
2020-04,수입시장,수입액,미국|3304|826|영국,15995511,USD,UN Comtrade 공개 API,2026-09-30
2020-04,수입시장,수입액,미국|3304|400|요르단,8238,USD,UN Comtrade 공개 API,2026-09-30
2020-04,수입시장,수입액,미국|3304|528|네덜란드,429836,USD,UN Comtrade 공개 API,2026-09-30
2020-04,수입시장,수입액,미국|3304|710|남아공,1631398,USD,UN Comtrade 공개 API,2026-09-30
2020-04,수입시장,수입액,미국|3304|372|아일랜드,3045930,USD,UN Comtrade 공개 API,2026-09-30
2020-04,수입시장,수입액,미국|3304|554|뉴질랜드,715011,USD,UN Comtrade 공개 API,2026-09-30
2020-04,수입시장,수입액,미국|3304|804|우크라이나,17635,USD,UN Comtrade 공개 API,2026-09-30
2020-04,수입시장,수입액,미국|3304|231|231,9954,USD,UN Comtrade 공개 API,2026-09-30
2020-04,수입시장,수입액,미국|3304|344|홍콩,1177232,USD,UN Comtrade 공개 API,2026-09-30
2020-04,수입시장,수입액,미국|3304|124|캐나다,25563627,USD,UN Comtrade 공개 API,2026-09-30
2020-04,수입시장,수입액,미국|3304|218|218,58355,USD,UN Comtrade 공개 API,2026-09-30
2020-04,수입시장,수입액,미국|3304|376|이스라엘,4103021,USD,UN Comtrade 공개 API,2026-09-30
2020-04,수입시장,수입액,미국|3304|620|포르투갈,64400,USD,UN Comtrade 공개 API,2026-09-30
2020-04,수입시장,수입액,미국|3304|704|베트남,33944,USD,UN Comtrade 공개 API,2026-09-30
2020-04,수입시장,수입액,미국|3304|608|필리핀,12247,USD,UN Comtrade 공개 API,2026-09-30
2020-04,수입시장,수입액,미국|3304|450|450,2736,USD,UN Comtrade 공개 API,2026-09-30
2020-04,수입시장,수입액,미국|3304|203|체코,353167,USD,UN Comtrade 공개 API,2026-09-30
2020-04,수입시장,수입액,미국|3304|834|834,8910,USD,UN Comtrade 공개 API,2026-09-30
2020-04,수입시장,수입액,미국|3304|170|콜롬비아,503869,USD,UN Comtrade 공개 API,2026-09-30
2020-04,수입시장,수입액,미국|3304|616|폴란드,1026302,USD,UN Comtrade 공개 API,2026-09-30
2020-04,수입시장,수입액,미국|3304|100|불가리아,4968,USD,UN Comtrade 공개 API,2026-09-30
2020-04,수입시장,수입액,미국|3304|428|라트비아,2238,USD,UN Comtrade 공개 API,2026-09-30
2020-04,수입시장,수입액,미국|3304|642|루마니아,6157,USD,UN Comtrade 공개 API,2026-09-30
2020-04,수입시장,수입액,미국|3304|214|214,23575,USD,UN Comtrade 공개 API,2026-09-30
2020-04,수입시장,수입액,미국|3304|380|이탈리아,31508149,USD,UN Comtrade 공개 API,2026-09-30
2020-04,수입시장,수입액,미국|3304|384|384,229428,USD,UN Comtrade 공개 API,2026-09-30
2020-04,수입시장,수입액,미국|3304|288|288,112385,USD,UN Comtrade 공개 API,2026-09-30
2020-04,수입시장,수입액,미국|3304|764|태국,1403435,USD,UN Comtrade 공개 API,2026-09-30
2020-04,수입시장,수입액,미국|3304|392|일본,9312120,USD,UN Comtrade 공개 API,2026-09-30
2020-04,수입시장,수입액,미국|3304|604|페루,11305,USD,UN Comtrade 공개 API,2026-09-30
2020-04,수입시장,수입액,미국|3304|276|독일,16049960,USD,UN Comtrade 공개 API,2026-09-30
2020-04,수입시장,수입액,미국|3304|566|나이지리아,29097,USD,UN Comtrade 공개 API,2026-09-30
2020-04,수입시장,수입액,미국|3304|246|핀란드,100230,USD,UN Comtrade 공개 API,2026-09-30
2020-04,수입시장,수입액,미국|3304|300|그리스,128061,USD,UN Comtrade 공개 API,2026-09-30
2020-04,수입시장,수입액,미국|3304|36|호주,2340862,USD,UN Comtrade 공개 API,2026-09-30
2020-04,수입시장,수입액,미국|3304|643|러시아,58204,USD,UN Comtrade 공개 API,2026-09-30
2020-04,수입시장,수입액,미국|3304|320|320,15871,USD,UN Comtrade 공개 API,2026-09-30
2020-04,수입시장,수입액,미국|3304|504|504,12407,USD,UN Comtrade 공개 API,2026-09-30
2020-04,수입시장,수입액,미국|3304|780|780,7752,USD,UN Comtrade 공개 API,2026-09-30
2020-04,수입시장,수입액,미국|3304|32|아르헨티나,74341,USD,UN Comtrade 공개 API,2026-09-30
2020-04,수입시장,수입액,미국|3304|251|프랑스,34442768,USD,UN Comtrade 공개 API,2026-09-30
2020-04,수입시장,수입액,미국|3304|757|스위스,3168466,USD,UN Comtrade 공개 API,2026-09-30
2020-04,수입시장,수입액,미국|3304|699|인도,2113377,USD,UN Comtrade 공개 API,2026-09-30
2020-04,수입시장,수입액,미국|3304|490|대만,5747204,USD,UN Comtrade 공개 API,2026-09-30
2020-04,수입시장,수입액,미국|3304|0|전체,268615757,USD,UN Comtrade 공개 API,2026-09-30
2020-05,수입시장,수입액,미국|3304|752|스웨덴,18031083,USD,UN Comtrade 공개 API,2026-09-30
2020-05,수입시장,수입액,미국|3304|442|룩셈부르크,126649,USD,UN Comtrade 공개 API,2026-09-30
2020-05,수입시장,수입액,미국|3304|586|파키스탄,30957,USD,UN Comtrade 공개 API,2026-09-30
2020-05,수입시장,수입액,미국|3304|144|스리랑카,92707,USD,UN Comtrade 공개 API,2026-09-30
2020-05,수입시장,수입액,미국|3304|76|브라질,114852,USD,UN Comtrade 공개 API,2026-09-30
2020-05,수입시장,수입액,미국|3304|458|말레이시아,116403,USD,UN Comtrade 공개 API,2026-09-30
2020-05,수입시장,수입액,미국|3304|616|폴란드,1107481,USD,UN Comtrade 공개 API,2026-09-30
2020-05,수입시장,수입액,미국|3304|400|요르단,12496,USD,UN Comtrade 공개 API,2026-09-30
2020-05,수입시장,수입액,미국|3304|591|591,4046,USD,UN Comtrade 공개 API,2026-09-30
2020-05,수입시장,수입액,미국|3304|533|533,45996,USD,UN Comtrade 공개 API,2026-09-30
2020-05,수입시장,수입액,미국|3304|288|288,56229,USD,UN Comtrade 공개 API,2026-09-30
2020-05,수입시장,수입액,미국|3304|352|352,61610,USD,UN Comtrade 공개 API,2026-09-30
2020-05,수입시장,수입액,미국|3304|384|384,177173,USD,UN Comtrade 공개 API,2026-09-30
2020-05,수입시장,수입액,미국|3304|784|UAE,150265,USD,UN Comtrade 공개 API,2026-09-30
2020-05,수입시장,수입액,미국|3304|826|영국,10530340,USD,UN Comtrade 공개 API,2026-09-30
2020-05,수입시장,수입액,미국|3304|191|크로아티아,2490,USD,UN Comtrade 공개 API,2026-09-30
2020-05,수입시장,수입액,미국|3304|410|한국,40610953,USD,UN Comtrade 공개 API,2026-09-30
2020-05,수입시장,수입액,미국|3304|804|우크라이나,4814,USD,UN Comtrade 공개 API,2026-09-30
2020-05,수입시장,수입액,미국|3304|388|388,2166,USD,UN Comtrade 공개 API,2026-09-30
2020-05,수입시장,수입액,미국|3304|372|아일랜드,1665012,USD,UN Comtrade 공개 API,2026-09-30
2020-05,수입시장,수입액,미국|3304|124|캐나다,37048156,USD,UN Comtrade 공개 API,2026-09-30
2020-05,수입시장,수입액,미국|3304|170|콜롬비아,359666,USD,UN Comtrade 공개 API,2026-09-30
2020-05,수입시장,수입액,미국|3304|40|오스트리아,109321,USD,UN Comtrade 공개 API,2026-09-30
2020-05,수입시장,수입액,미국|3304|203|체코,577972,USD,UN Comtrade 공개 API,2026-09-30
2020-05,수입시장,수입액,미국|3304|792|튀르키예,1798880,USD,UN Comtrade 공개 API,2026-09-30
2020-05,수입시장,수입액,미국|3304|188|188,3304,USD,UN Comtrade 공개 API,2026-09-30
2020-05,수입시장,수입액,미국|3304|620|포르투갈,225252,USD,UN Comtrade 공개 API,2026-09-30
2020-05,수입시장,수입액,미국|3304|348|헝가리,2263755,USD,UN Comtrade 공개 API,2026-09-30
2020-05,수입시장,수입액,미국|3304|120|120,12660,USD,UN Comtrade 공개 API,2026-09-30
2020-05,수입시장,수입액,미국|3304|332|332,40036,USD,UN Comtrade 공개 API,2026-09-30
2020-05,수입시장,수입액,미국|3304|380|이탈리아,26046538,USD,UN Comtrade 공개 API,2026-09-30
2020-05,수입시장,수입액,미국|3304|724|스페인,1683998,USD,UN Comtrade 공개 API,2026-09-30
2020-05,수입시장,수입액,미국|3304|246|핀란드,184445,USD,UN Comtrade 공개 API,2026-09-30
2020-05,수입시장,수입액,미국|3304|446|마카오,2909,USD,UN Comtrade 공개 API,2026-09-30
2020-05,수입시장,수입액,미국|3304|705|슬로베니아,4217,USD,UN Comtrade 공개 API,2026-09-30
2020-05,수입시장,수입액,미국|3304|152|칠레,5543,USD,UN Comtrade 공개 API,2026-09-30
2020-05,수입시장,수입액,미국|3304|344|홍콩,566088,USD,UN Comtrade 공개 API,2026-09-30
2020-05,수입시장,수입액,미국|3304|643|러시아,323925,USD,UN Comtrade 공개 API,2026-09-30
2020-05,수입시장,수입액,미국|3304|702|싱가포르,406363,USD,UN Comtrade 공개 API,2026-09-30
2020-05,수입시장,수입액,미국|3304|233|에스토니아,2577,USD,UN Comtrade 공개 API,2026-09-30
2020-05,수입시장,수입액,미국|3304|36|호주,2545981,USD,UN Comtrade 공개 API,2026-09-30
2020-05,수입시장,수입액,미국|3304|531|531,4342,USD,UN Comtrade 공개 API,2026-09-30
2020-05,수입시장,수입액,미국|3304|56|벨기에,1657554,USD,UN Comtrade 공개 API,2026-09-30
2020-05,수입시장,수입액,미국|3304|360|인도네시아,122882,USD,UN Comtrade 공개 API,2026-09-30
2020-05,수입시장,수입액,미국|3304|208|덴마크,118791,USD,UN Comtrade 공개 API,2026-09-30
2020-05,수입시장,수입액,미국|3304|392|일본,11264288,USD,UN Comtrade 공개 API,2026-09-30
2020-05,수입시장,수입액,미국|3304|710|남아공,687418,USD,UN Comtrade 공개 API,2026-09-30
2020-05,수입시장,수입액,미국|3304|428|라트비아,17775,USD,UN Comtrade 공개 API,2026-09-30
2020-05,수입시장,수입액,미국|3304|218|218,15869,USD,UN Comtrade 공개 API,2026-09-30
2020-05,수입시장,수입액,미국|3304|608|필리핀,7244,USD,UN Comtrade 공개 API,2026-09-30
2020-05,수입시장,수입액,미국|3304|214|214,85534,USD,UN Comtrade 공개 API,2026-09-30
2020-05,수입시장,수입액,미국|3304|764|태국,1439815,USD,UN Comtrade 공개 API,2026-09-30
2020-05,수입시장,수입액,미국|3304|484|멕시코,11322715,USD,UN Comtrade 공개 API,2026-09-30
2020-05,수입시장,수입액,미국|3304|276|독일,9761645,USD,UN Comtrade 공개 API,2026-09-30
2020-05,수입시장,수입액,미국|3304|100|불가리아,73771,USD,UN Comtrade 공개 API,2026-09-30
2020-05,수입시장,수입액,미국|3304|156|중국,31073789,USD,UN Comtrade 공개 API,2026-09-30
2020-05,수입시장,수입액,미국|3304|32|아르헨티나,182252,USD,UN Comtrade 공개 API,2026-09-30
2020-05,수입시장,수입액,미국|3304|376|이스라엘,1815147,USD,UN Comtrade 공개 API,2026-09-30
2020-05,수입시장,수입액,미국|3304|480|480,13802,USD,UN Comtrade 공개 API,2026-09-30
2020-05,수입시장,수입액,미국|3304|704|베트남,121626,USD,UN Comtrade 공개 API,2026-09-30
2020-05,수입시장,수입액,미국|3304|504|504,19105,USD,UN Comtrade 공개 API,2026-09-30
2020-05,수입시장,수입액,미국|3304|554|뉴질랜드,745742,USD,UN Comtrade 공개 API,2026-09-30
2020-05,수입시장,수입액,미국|3304|50|방글라데시,48268,USD,UN Comtrade 공개 API,2026-09-30
2020-05,수입시장,수입액,미국|3304|528|네덜란드,386254,USD,UN Comtrade 공개 API,2026-09-30
2020-05,수입시장,수입액,미국|3304|300|그리스,295725,USD,UN Comtrade 공개 API,2026-09-30
2020-05,수입시장,수입액,미국|3304|251|프랑스,33612489,USD,UN Comtrade 공개 API,2026-09-30
2020-05,수입시장,수입액,미국|3304|699|인도,1421998,USD,UN Comtrade 공개 API,2026-09-30
2020-05,수입시장,수입액,미국|3304|490|대만,5833628,USD,UN Comtrade 공개 API,2026-09-30
2020-05,수입시장,수입액,미국|3304|757|스위스,2498850,USD,UN Comtrade 공개 API,2026-09-30
2020-05,수입시장,수입액,미국|3304|0|전체,261803626,USD,UN Comtrade 공개 API,2026-09-30
2020-06,수입시장,수입액,미국|3304|643|러시아,352146,USD,UN Comtrade 공개 API,2026-09-30
2020-06,수입시장,수입액,미국|3304|620|포르투갈,6860,USD,UN Comtrade 공개 API,2026-09-30
2020-06,수입시장,수입액,미국|3304|484|멕시코,11966929,USD,UN Comtrade 공개 API,2026-09-30
2020-06,수입시장,수입액,미국|3304|404|404,5072,USD,UN Comtrade 공개 API,2026-09-30
2020-06,수입시장,수입액,미국|3304|40|오스트리아,172631,USD,UN Comtrade 공개 API,2026-09-30
2020-06,수입시장,수입액,미국|3304|710|남아공,2305845,USD,UN Comtrade 공개 API,2026-09-30
2020-06,수입시장,수입액,미국|3304|384|384,46254,USD,UN Comtrade 공개 API,2026-09-30
2020-06,수입시장,수입액,미국|3304|288|288,31120,USD,UN Comtrade 공개 API,2026-09-30
2020-06,수입시장,수입액,미국|3304|208|덴마크,193727,USD,UN Comtrade 공개 API,2026-09-30
2020-06,수입시장,수입액,미국|3304|156|중국,45322610,USD,UN Comtrade 공개 API,2026-09-30
2020-06,수입시장,수입액,미국|3304|170|콜롬비아,591900,USD,UN Comtrade 공개 API,2026-09-30
2020-06,수입시장,수입액,미국|3304|608|필리핀,114518,USD,UN Comtrade 공개 API,2026-09-30
2020-06,수입시장,수입액,미국|3304|144|스리랑카,186819,USD,UN Comtrade 공개 API,2026-09-30
2020-06,수입시장,수입액,미국|3304|348|헝가리,4415394,USD,UN Comtrade 공개 API,2026-09-30
2020-06,수입시장,수입액,미국|3304|764|태국,1067526,USD,UN Comtrade 공개 API,2026-09-30
2020-06,수입시장,수입액,미국|3304|372|아일랜드,2232541,USD,UN Comtrade 공개 API,2026-09-30
2020-06,수입시장,수입액,미국|3304|51|아르메니아,3576,USD,UN Comtrade 공개 API,2026-09-30
2020-06,수입시장,수입액,미국|3304|50|방글라데시,3208,USD,UN Comtrade 공개 API,2026-09-30
2020-06,수입시장,수입액,미국|3304|380|이탈리아,35986195,USD,UN Comtrade 공개 API,2026-09-30
2020-06,수입시장,수입액,미국|3304|196|키프로스,5812,USD,UN Comtrade 공개 API,2026-09-30
2020-06,수입시장,수입액,미국|3304|203|체코,459511,USD,UN Comtrade 공개 API,2026-09-30
2020-06,수입시장,수입액,미국|3304|100|불가리아,82178,USD,UN Comtrade 공개 API,2026-09-30
2020-06,수입시장,수입액,미국|3304|554|뉴질랜드,710372,USD,UN Comtrade 공개 API,2026-09-30
2020-06,수입시장,수입액,미국|3304|604|페루,18022,USD,UN Comtrade 공개 API,2026-09-30
2020-06,수입시장,수입액,미국|3304|533|533,22999,USD,UN Comtrade 공개 API,2026-09-30
2020-06,수입시장,수입액,미국|3304|516|516,635350,USD,UN Comtrade 공개 API,2026-09-30
2020-06,수입시장,수입액,미국|3304|360|인도네시아,235294,USD,UN Comtrade 공개 API,2026-09-30
2020-06,수입시장,수입액,미국|3304|388|388,18152,USD,UN Comtrade 공개 API,2026-09-30
2020-06,수입시장,수입액,미국|3304|410|한국,48126334,USD,UN Comtrade 공개 API,2026-09-30
2020-06,수입시장,수입액,미국|3304|36|호주,3167390,USD,UN Comtrade 공개 API,2026-09-30
2020-06,수입시장,수입액,미국|3304|792|튀르키예,4665855,USD,UN Comtrade 공개 API,2026-09-30
2020-06,수입시장,수입액,미국|3304|780|780,7822,USD,UN Comtrade 공개 API,2026-09-30
2020-06,수입시장,수입액,미국|3304|233|에스토니아,51713,USD,UN Comtrade 공개 API,2026-09-30
2020-06,수입시장,수입액,미국|3304|56|벨기에,6575556,USD,UN Comtrade 공개 API,2026-09-30
2020-06,수입시장,수입액,미국|3304|422|레바논,10060,USD,UN Comtrade 공개 API,2026-09-30
2020-06,수입시장,수입액,미국|3304|218|218,11956,USD,UN Comtrade 공개 API,2026-09-30
2020-06,수입시장,수입액,미국|3304|352|352,96705,USD,UN Comtrade 공개 API,2026-09-30
2020-06,수입시장,수입액,미국|3304|458|말레이시아,129875,USD,UN Comtrade 공개 API,2026-09-30
2020-06,수입시장,수입액,미국|3304|242|242,240093,USD,UN Comtrade 공개 API,2026-09-30
2020-06,수입시장,수입액,미국|3304|104|미얀마,3210,USD,UN Comtrade 공개 API,2026-09-30
2020-06,수입시장,수입액,미국|3304|804|우크라이나,57368,USD,UN Comtrade 공개 API,2026-09-30
2020-06,수입시장,수입액,미국|3304|76|브라질,108169,USD,UN Comtrade 공개 API,2026-09-30
2020-06,수입시장,수입액,미국|3304|784|UAE,1404457,USD,UN Comtrade 공개 API,2026-09-30
2020-06,수입시장,수입액,미국|3304|376|이스라엘,2823488,USD,UN Comtrade 공개 API,2026-09-30
2020-06,수입시장,수입액,미국|3304|752|스웨덴,9403984,USD,UN Comtrade 공개 API,2026-09-30
2020-06,수입시장,수입액,미국|3304|702|싱가포르,268948,USD,UN Comtrade 공개 API,2026-09-30
2020-06,수입시장,수입액,미국|3304|276|독일,10858096,USD,UN Comtrade 공개 API,2026-09-30
2020-06,수입시장,수입액,미국|3304|191|크로아티아,2876,USD,UN Comtrade 공개 API,2026-09-30
2020-06,수입시장,수입액,미국|3304|344|홍콩,609031,USD,UN Comtrade 공개 API,2026-09-30
2020-06,수입시장,수입액,미국|3304|724|스페인,3426016,USD,UN Comtrade 공개 API,2026-09-30
2020-06,수입시장,수입액,미국|3304|504|504,54527,USD,UN Comtrade 공개 API,2026-09-30
2020-06,수입시장,수입액,미국|3304|586|파키스탄,39845,USD,UN Comtrade 공개 API,2026-09-30
2020-06,수입시장,수입액,미국|3304|442|룩셈부르크,358384,USD,UN Comtrade 공개 API,2026-09-30
2020-06,수입시장,수입액,미국|3304|246|핀란드,131835,USD,UN Comtrade 공개 API,2026-09-30
2020-06,수입시장,수입액,미국|3304|300|그리스,382504,USD,UN Comtrade 공개 API,2026-09-30
2020-06,수입시장,수입액,미국|3304|124|캐나다,54481329,USD,UN Comtrade 공개 API,2026-09-30
2020-06,수입시장,수입액,미국|3304|616|폴란드,1658059,USD,UN Comtrade 공개 API,2026-09-30
2020-06,수입시장,수입액,미국|3304|704|베트남,184511,USD,UN Comtrade 공개 API,2026-09-30
2020-06,수입시장,수입액,미국|3304|528|네덜란드,629288,USD,UN Comtrade 공개 API,2026-09-30
2020-06,수입시장,수입액,미국|3304|566|나이지리아,7000,USD,UN Comtrade 공개 API,2026-09-30
2020-06,수입시장,수입액,미국|3304|392|일본,12785456,USD,UN Comtrade 공개 API,2026-09-30
2020-06,수입시장,수입액,미국|3304|826|영국,20226486,USD,UN Comtrade 공개 API,2026-09-30
2020-06,수입시장,수입액,미국|3304|214|214,116505,USD,UN Comtrade 공개 API,2026-09-30
2020-06,수입시장,수입액,미국|3304|152|칠레,32385,USD,UN Comtrade 공개 API,2026-09-30
2020-06,수입시장,수입액,미국|3304|32|아르헨티나,157557,USD,UN Comtrade 공개 API,2026-09-30
2020-06,수입시장,수입액,미국|3304|258|258,11456,USD,UN Comtrade 공개 API,2026-09-30
2020-06,수입시장,수입액,미국|3304|688|세르비아,6037,USD,UN Comtrade 공개 API,2026-09-30
2020-06,수입시장,수입액,미국|3304|757|스위스,5505586,USD,UN Comtrade 공개 API,2026-09-30
2020-06,수입시장,수입액,미국|3304|579|노르웨이,3127,USD,UN Comtrade 공개 API,2026-09-30
2020-06,수입시장,수입액,미국|3304|699|인도,1922754,USD,UN Comtrade 공개 API,2026-09-30
2020-06,수입시장,수입액,미국|3304|490|대만,5614853,USD,UN Comtrade 공개 API,2026-09-30
2020-06,수입시장,수입액,미국|3304|251|프랑스,51622577,USD,UN Comtrade 공개 API,2026-09-30
2020-06,수입시장,수입액,미국|3304|0|전체,355173624,USD,UN Comtrade 공개 API,2026-09-30
2020-07,수입시장,수입액,미국|3304|705|슬로베니아,7618,USD,UN Comtrade 공개 API,2026-09-30
2020-07,수입시장,수입액,미국|3304|320|320,103090,USD,UN Comtrade 공개 API,2026-09-30
2020-07,수입시장,수입액,미국|3304|862|862,15622,USD,UN Comtrade 공개 API,2026-09-30
2020-07,수입시장,수입액,미국|3304|442|룩셈부르크,737163,USD,UN Comtrade 공개 API,2026-09-30
2020-07,수입시장,수입액,미국|3304|528|네덜란드,305148,USD,UN Comtrade 공개 API,2026-09-30
2020-07,수입시장,수입액,미국|3304|620|포르투갈,52414,USD,UN Comtrade 공개 API,2026-09-30
2020-07,수입시장,수입액,미국|3304|76|브라질,172370,USD,UN Comtrade 공개 API,2026-09-30
2020-07,수입시장,수입액,미국|3304|504|504,33809,USD,UN Comtrade 공개 API,2026-09-30
2020-07,수입시장,수입액,미국|3304|826|영국,26225483,USD,UN Comtrade 공개 API,2026-09-30
2020-07,수입시장,수입액,미국|3304|344|홍콩,432762,USD,UN Comtrade 공개 API,2026-09-30
2020-07,수입시장,수입액,미국|3304|484|멕시코,14676913,USD,UN Comtrade 공개 API,2026-09-30
2020-07,수입시장,수입액,미국|3304|586|파키스탄,25243,USD,UN Comtrade 공개 API,2026-09-30
2020-07,수입시장,수입액,미국|3304|533|533,101662,USD,UN Comtrade 공개 API,2026-09-30
2020-07,수입시장,수입액,미국|3304|784|UAE,641912,USD,UN Comtrade 공개 API,2026-09-30
2020-07,수입시장,수입액,미국|3304|144|스리랑카,109223,USD,UN Comtrade 공개 API,2026-09-30
2020-07,수입시장,수입액,미국|3304|32|아르헨티나,164189,USD,UN Comtrade 공개 API,2026-09-30
2020-07,수입시장,수입액,미국|3304|792|튀르키예,5793769,USD,UN Comtrade 공개 API,2026-09-30
2020-07,수입시장,수입액,미국|3304|604|페루,18845,USD,UN Comtrade 공개 API,2026-09-30
2020-07,수입시장,수입액,미국|3304|752|스웨덴,4431980,USD,UN Comtrade 공개 API,2026-09-30
2020-07,수입시장,수입액,미국|3304|591|591,29900,USD,UN Comtrade 공개 API,2026-09-30
2020-07,수입시장,수입액,미국|3304|376|이스라엘,2915490,USD,UN Comtrade 공개 API,2026-09-30
2020-07,수입시장,수입액,미국|3304|643|러시아,425129,USD,UN Comtrade 공개 API,2026-09-30
2020-07,수입시장,수입액,미국|3304|218|218,9033,USD,UN Comtrade 공개 API,2026-09-30
2020-07,수입시장,수입액,미국|3304|40|오스트리아,393816,USD,UN Comtrade 공개 API,2026-09-30
2020-07,수입시장,수입액,미국|3304|152|칠레,80427,USD,UN Comtrade 공개 API,2026-09-30
2020-07,수입시장,수입액,미국|3304|404|404,99540,USD,UN Comtrade 공개 API,2026-09-30
2020-07,수입시장,수입액,미국|3304|642|루마니아,13919,USD,UN Comtrade 공개 API,2026-09-30
2020-07,수입시장,수입액,미국|3304|702|싱가포르,428625,USD,UN Comtrade 공개 API,2026-09-30
2020-07,수입시장,수입액,미국|3304|704|베트남,152120,USD,UN Comtrade 공개 API,2026-09-30
2020-07,수입시장,수입액,미국|3304|724|스페인,2916708,USD,UN Comtrade 공개 API,2026-09-30
2020-07,수입시장,수입액,미국|3304|352|352,72749,USD,UN Comtrade 공개 API,2026-09-30
2020-07,수입시장,수입액,미국|3304|380|이탈리아,37416872,USD,UN Comtrade 공개 API,2026-09-30
2020-07,수입시장,수입액,미국|3304|807|807,2989,USD,UN Comtrade 공개 API,2026-09-30
2020-07,수입시장,수입액,미국|3304|384|384,118893,USD,UN Comtrade 공개 API,2026-09-30
2020-07,수입시장,수입액,미국|3304|554|뉴질랜드,1778157,USD,UN Comtrade 공개 API,2026-09-30
2020-07,수입시장,수입액,미국|3304|262|262,3300,USD,UN Comtrade 공개 API,2026-09-30
2020-07,수입시장,수입액,미국|3304|616|폴란드,3468305,USD,UN Comtrade 공개 API,2026-09-30
2020-07,수입시장,수입액,미국|3304|764|태국,2095733,USD,UN Comtrade 공개 API,2026-09-30
2020-07,수입시장,수입액,미국|3304|360|인도네시아,355333,USD,UN Comtrade 공개 API,2026-09-30
2020-07,수입시장,수입액,미국|3304|203|체코,377704,USD,UN Comtrade 공개 API,2026-09-30
2020-07,수입시장,수입액,미국|3304|392|일본,10860559,USD,UN Comtrade 공개 API,2026-09-30
2020-07,수입시장,수입액,미국|3304|276|독일,9823320,USD,UN Comtrade 공개 API,2026-09-30
2020-07,수입시장,수입액,미국|3304|124|캐나다,57715077,USD,UN Comtrade 공개 API,2026-09-30
2020-07,수입시장,수입액,미국|3304|214|214,255071,USD,UN Comtrade 공개 API,2026-09-30
2020-07,수입시장,수입액,미국|3304|300|그리스,2320392,USD,UN Comtrade 공개 API,2026-09-30
2020-07,수입시장,수입액,미국|3304|422|레바논,2160,USD,UN Comtrade 공개 API,2026-09-30
2020-07,수입시장,수입액,미국|3304|608|필리핀,102655,USD,UN Comtrade 공개 API,2026-09-30
2020-07,수입시장,수입액,미국|3304|458|말레이시아,250479,USD,UN Comtrade 공개 API,2026-09-30
2020-07,수입시장,수입액,미국|3304|288|288,99927,USD,UN Comtrade 공개 API,2026-09-30
2020-07,수입시장,수입액,미국|3304|170|콜롬비아,1253699,USD,UN Comtrade 공개 API,2026-09-30
2020-07,수입시장,수입액,미국|3304|710|남아공,3947193,USD,UN Comtrade 공개 API,2026-09-30
2020-07,수입시장,수입액,미국|3304|348|헝가리,5089420,USD,UN Comtrade 공개 API,2026-09-30
2020-07,수입시장,수입액,미국|3304|440|리투아니아,102473,USD,UN Comtrade 공개 API,2026-09-30
2020-07,수입시장,수입액,미국|3304|100|불가리아,177265,USD,UN Comtrade 공개 API,2026-09-30
2020-07,수입시장,수입액,미국|3304|156|중국,44014762,USD,UN Comtrade 공개 API,2026-09-30
2020-07,수입시장,수입액,미국|3304|780|780,8616,USD,UN Comtrade 공개 API,2026-09-30
2020-07,수입시장,수입액,미국|3304|196|키프로스,303358,USD,UN Comtrade 공개 API,2026-09-30
2020-07,수입시장,수입액,미국|3304|410|한국,54855096,USD,UN Comtrade 공개 API,2026-09-30
2020-07,수입시장,수입액,미국|3304|208|덴마크,389475,USD,UN Comtrade 공개 API,2026-09-30
2020-07,수입시장,수입액,미국|3304|36|호주,2566114,USD,UN Comtrade 공개 API,2026-09-30
2020-07,수입시장,수입액,미국|3304|372|아일랜드,2669166,USD,UN Comtrade 공개 API,2026-09-30
2020-07,수입시장,수입액,미국|3304|246|핀란드,116013,USD,UN Comtrade 공개 API,2026-09-30
2020-07,수입시장,수입액,미국|3304|56|벨기에,5061035,USD,UN Comtrade 공개 API,2026-09-30
2020-07,수입시장,수입액,미국|3304|50|방글라데시,13995,USD,UN Comtrade 공개 API,2026-09-30
2020-07,수입시장,수입액,미국|3304|490|대만,6262740,USD,UN Comtrade 공개 API,2026-09-30
2020-07,수입시장,수입액,미국|3304|251|프랑스,69596841,USD,UN Comtrade 공개 API,2026-09-30
2020-07,수입시장,수입액,미국|3304|757|스위스,5203115,USD,UN Comtrade 공개 API,2026-09-30
2020-07,수입시장,수입액,미국|3304|579|노르웨이,4824,USD,UN Comtrade 공개 API,2026-09-30
2020-07,수입시장,수입액,미국|3304|699|인도,3807110,USD,UN Comtrade 공개 API,2026-09-30
2020-07,수입시장,수입액,미국|3304|0|전체,394075907,USD,UN Comtrade 공개 API,2026-09-30
2020-08,수입시장,수입액,미국|3304|804|우크라이나,3322,USD,UN Comtrade 공개 API,2026-09-30
2020-08,수입시장,수입액,미국|3304|688|세르비아,3527,USD,UN Comtrade 공개 API,2026-09-30
2020-08,수입시장,수입액,미국|3304|710|남아공,2989648,USD,UN Comtrade 공개 API,2026-09-30
2020-08,수입시장,수입액,미국|3304|554|뉴질랜드,778001,USD,UN Comtrade 공개 API,2026-09-30
2020-08,수입시장,수입액,미국|3304|752|스웨덴,11781366,USD,UN Comtrade 공개 API,2026-09-30
2020-08,수입시장,수입액,미국|3304|320|320,22937,USD,UN Comtrade 공개 API,2026-09-30
2020-08,수입시장,수입액,미국|3304|214|214,108046,USD,UN Comtrade 공개 API,2026-09-30
2020-08,수입시장,수입액,미국|3304|348|헝가리,4192202,USD,UN Comtrade 공개 API,2026-09-30
2020-08,수입시장,수입액,미국|3304|376|이스라엘,2653557,USD,UN Comtrade 공개 API,2026-09-30
2020-08,수입시장,수입액,미국|3304|566|나이지리아,4122,USD,UN Comtrade 공개 API,2026-09-30
2020-08,수입시장,수입액,미국|3304|702|싱가포르,586929,USD,UN Comtrade 공개 API,2026-09-30
2020-08,수입시장,수입액,미국|3304|586|파키스탄,22643,USD,UN Comtrade 공개 API,2026-09-30
2020-08,수입시장,수입액,미국|3304|642|루마니아,10170,USD,UN Comtrade 공개 API,2026-09-30
2020-08,수입시장,수입액,미국|3304|196|키프로스,11706,USD,UN Comtrade 공개 API,2026-09-30
2020-08,수입시장,수입액,미국|3304|704|베트남,212014,USD,UN Comtrade 공개 API,2026-09-30
2020-08,수입시장,수입액,미국|3304|662|662,2610,USD,UN Comtrade 공개 API,2026-09-30
2020-08,수입시장,수입액,미국|3304|76|브라질,114422,USD,UN Comtrade 공개 API,2026-09-30
2020-08,수입시장,수입액,미국|3304|124|캐나다,57943983,USD,UN Comtrade 공개 API,2026-09-30
2020-08,수입시장,수입액,미국|3304|288|288,299114,USD,UN Comtrade 공개 API,2026-09-30
2020-08,수입시장,수입액,미국|3304|352|352,115391,USD,UN Comtrade 공개 API,2026-09-30
2020-08,수입시장,수입액,미국|3304|643|러시아,467687,USD,UN Comtrade 공개 API,2026-09-30
2020-08,수입시장,수입액,미국|3304|834|834,4350,USD,UN Comtrade 공개 API,2026-09-30
2020-08,수입시장,수입액,미국|3304|410|한국,50681435,USD,UN Comtrade 공개 API,2026-09-30
2020-08,수입시장,수입액,미국|3304|458|말레이시아,271741,USD,UN Comtrade 공개 API,2026-09-30
2020-08,수입시장,수입액,미국|3304|360|인도네시아,530745,USD,UN Comtrade 공개 API,2026-09-30
2020-08,수입시장,수입액,미국|3304|40|오스트리아,351253,USD,UN Comtrade 공개 API,2026-09-30
2020-08,수입시장,수입액,미국|3304|528|네덜란드,375308,USD,UN Comtrade 공개 API,2026-09-30
2020-08,수입시장,수입액,미국|3304|372|아일랜드,2126616,USD,UN Comtrade 공개 API,2026-09-30
2020-08,수입시장,수입액,미국|3304|764|태국,2502486,USD,UN Comtrade 공개 API,2026-09-30
2020-08,수입시장,수입액,미국|3304|504|504,32302,USD,UN Comtrade 공개 API,2026-09-30
2020-08,수입시장,수입액,미국|3304|826|영국,25064306,USD,UN Comtrade 공개 API,2026-09-30
2020-08,수입시장,수입액,미국|3304|104|미얀마,6953,USD,UN Comtrade 공개 API,2026-09-30
2020-08,수입시장,수입액,미국|3304|440|리투아니아,55588,USD,UN Comtrade 공개 API,2026-09-30
2020-08,수입시장,수입액,미국|3304|748|748,59826,USD,UN Comtrade 공개 API,2026-09-30
2020-08,수입시장,수입액,미국|3304|32|아르헨티나,416307,USD,UN Comtrade 공개 API,2026-09-30
2020-08,수입시장,수입액,미국|3304|388|388,7554,USD,UN Comtrade 공개 API,2026-09-30
2020-08,수입시장,수입액,미국|3304|258|258,2593,USD,UN Comtrade 공개 API,2026-09-30
2020-08,수입시장,수입액,미국|3304|620|포르투갈,27793,USD,UN Comtrade 공개 API,2026-09-30
2020-08,수입시장,수입액,미국|3304|276|독일,10210880,USD,UN Comtrade 공개 API,2026-09-30
2020-08,수입시장,수입액,미국|3304|344|홍콩,542750,USD,UN Comtrade 공개 API,2026-09-30
2020-08,수입시장,수입액,미국|3304|792|튀르키예,2962241,USD,UN Comtrade 공개 API,2026-09-30
2020-08,수입시장,수입액,미국|3304|724|스페인,2871736,USD,UN Comtrade 공개 API,2026-09-30
2020-08,수입시장,수입액,미국|3304|152|칠레,12186,USD,UN Comtrade 공개 API,2026-09-30
2020-08,수입시장,수입액,미국|3304|400|요르단,9024,USD,UN Comtrade 공개 API,2026-09-30
2020-08,수입시장,수입액,미국|3304|616|폴란드,5494146,USD,UN Comtrade 공개 API,2026-09-30
2020-08,수입시장,수입액,미국|3304|800|800,28768,USD,UN Comtrade 공개 API,2026-09-30
2020-08,수입시장,수입액,미국|3304|242|242,90124,USD,UN Comtrade 공개 API,2026-09-30
2020-08,수입시장,수입액,미국|3304|780|780,7895,USD,UN Comtrade 공개 API,2026-09-30
2020-08,수입시장,수입액,미국|3304|144|스리랑카,92697,USD,UN Comtrade 공개 API,2026-09-30
2020-08,수입시장,수입액,미국|3304|50|방글라데시,25241,USD,UN Comtrade 공개 API,2026-09-30
2020-08,수입시장,수입액,미국|3304|203|체코,292698,USD,UN Comtrade 공개 API,2026-09-30
2020-08,수입시장,수입액,미국|3304|807|807,5001,USD,UN Comtrade 공개 API,2026-09-30
2020-08,수입시장,수입액,미국|3304|112|벨라루스,2243,USD,UN Comtrade 공개 API,2026-09-30
2020-08,수입시장,수입액,미국|3304|246|핀란드,37538,USD,UN Comtrade 공개 API,2026-09-30
2020-08,수입시장,수입액,미국|3304|380|이탈리아,36010007,USD,UN Comtrade 공개 API,2026-09-30
2020-08,수입시장,수입액,미국|3304|56|벨기에,6160847,USD,UN Comtrade 공개 API,2026-09-30
2020-08,수입시장,수입액,미국|3304|208|덴마크,44754,USD,UN Comtrade 공개 API,2026-09-30
2020-08,수입시장,수입액,미국|3304|156|중국,55523494,USD,UN Comtrade 공개 API,2026-09-30
2020-08,수입시장,수입액,미국|3304|484|멕시코,15132659,USD,UN Comtrade 공개 API,2026-09-30
2020-08,수입시장,수입액,미국|3304|170|콜롬비아,1038335,USD,UN Comtrade 공개 API,2026-09-30
2020-08,수입시장,수입액,미국|3304|384|384,224111,USD,UN Comtrade 공개 API,2026-09-30
2020-08,수입시장,수입액,미국|3304|300|그리스,1148483,USD,UN Comtrade 공개 API,2026-09-30
2020-08,수입시장,수입액,미국|3304|608|필리핀,72000,USD,UN Comtrade 공개 API,2026-09-30
2020-08,수입시장,수입액,미국|3304|392|일본,13691744,USD,UN Comtrade 공개 API,2026-09-30
2020-08,수입시장,수입액,미국|3304|442|룩셈부르크,215938,USD,UN Comtrade 공개 API,2026-09-30
2020-08,수입시장,수입액,미국|3304|36|호주,2365598,USD,UN Comtrade 공개 API,2026-09-30
2020-08,수입시장,수입액,미국|3304|533|533,95494,USD,UN Comtrade 공개 API,2026-09-30
2020-08,수입시장,수입액,미국|3304|784|UAE,510076,USD,UN Comtrade 공개 API,2026-09-30
2020-08,수입시장,수입액,미국|3304|100|불가리아,105187,USD,UN Comtrade 공개 API,2026-09-30
2020-08,수입시장,수입액,미국|3304|757|스위스,3040574,USD,UN Comtrade 공개 API,2026-09-30
2020-08,수입시장,수입액,미국|3304|699|인도,3545931,USD,UN Comtrade 공개 API,2026-09-30
2020-08,수입시장,수입액,미국|3304|490|대만,5218974,USD,UN Comtrade 공개 API,2026-09-30
2020-08,수입시장,수입액,미국|3304|579|노르웨이,108212,USD,UN Comtrade 공개 API,2026-09-30
2020-08,수입시장,수입액,미국|3304|251|프랑스,76277963,USD,UN Comtrade 공개 API,2026-09-30
2020-08,수입시장,수입액,미국|3304|0|전체,408056102,USD,UN Comtrade 공개 API,2026-09-30
2020-09,수입시장,수입액,미국|3304|480|480,31864,USD,UN Comtrade 공개 API,2026-09-30
2020-09,수입시장,수입액,미국|3304|792|튀르키예,3211619,USD,UN Comtrade 공개 API,2026-09-30
2020-09,수입시장,수입액,미국|3304|410|한국,41238943,USD,UN Comtrade 공개 API,2026-09-30
2020-09,수입시장,수입액,미국|3304|344|홍콩,624386,USD,UN Comtrade 공개 API,2026-09-30
2020-09,수입시장,수입액,미국|3304|642|루마니아,4935,USD,UN Comtrade 공개 API,2026-09-30
2020-09,수입시장,수입액,미국|3304|533|533,21278,USD,UN Comtrade 공개 API,2026-09-30
2020-09,수입시장,수입액,미국|3304|428|라트비아,3193,USD,UN Comtrade 공개 API,2026-09-30
2020-09,수입시장,수입액,미국|3304|300|그리스,1658950,USD,UN Comtrade 공개 API,2026-09-30
2020-09,수입시장,수입액,미국|3304|124|캐나다,58370483,USD,UN Comtrade 공개 API,2026-09-30
2020-09,수입시장,수입액,미국|3304|380|이탈리아,34203510,USD,UN Comtrade 공개 API,2026-09-30
2020-09,수입시장,수입액,미국|3304|56|벨기에,4914693,USD,UN Comtrade 공개 API,2026-09-30
2020-09,수입시장,수입액,미국|3304|104|미얀마,15034,USD,UN Comtrade 공개 API,2026-09-30
2020-09,수입시장,수입액,미국|3304|442|룩셈부르크,519945,USD,UN Comtrade 공개 API,2026-09-30
2020-09,수입시장,수입액,미국|3304|218|218,36734,USD,UN Comtrade 공개 API,2026-09-30
2020-09,수입시장,수입액,미국|3304|320|320,84446,USD,UN Comtrade 공개 API,2026-09-30
2020-09,수입시장,수입액,미국|3304|242|242,374313,USD,UN Comtrade 공개 API,2026-09-30
2020-09,수입시장,수입액,미국|3304|752|스웨덴,9598722,USD,UN Comtrade 공개 API,2026-09-30
2020-09,수입시장,수입액,미국|3304|156|중국,52948192,USD,UN Comtrade 공개 API,2026-09-30
2020-09,수입시장,수입액,미국|3304|516|516,5990,USD,UN Comtrade 공개 API,2026-09-30
2020-09,수입시장,수입액,미국|3304|144|스리랑카,94112,USD,UN Comtrade 공개 API,2026-09-30
2020-09,수입시장,수입액,미국|3304|826|영국,25226032,USD,UN Comtrade 공개 API,2026-09-30
2020-09,수입시장,수입액,미국|3304|807|807,4445,USD,UN Comtrade 공개 API,2026-09-30
2020-09,수입시장,수입액,미국|3304|643|러시아,724196,USD,UN Comtrade 공개 API,2026-09-30
2020-09,수입시장,수입액,미국|3304|372|아일랜드,1065365,USD,UN Comtrade 공개 API,2026-09-30
2020-09,수입시장,수입액,미국|3304|196|키프로스,67990,USD,UN Comtrade 공개 API,2026-09-30
2020-09,수입시장,수입액,미국|3304|566|나이지리아,6028,USD,UN Comtrade 공개 API,2026-09-30
2020-09,수입시장,수입액,미국|3304|702|싱가포르,745359,USD,UN Comtrade 공개 API,2026-09-30
2020-09,수입시장,수입액,미국|3304|222|222,5004,USD,UN Comtrade 공개 API,2026-09-30
2020-09,수입시장,수입액,미국|3304|348|헝가리,5002150,USD,UN Comtrade 공개 API,2026-09-30
2020-09,수입시장,수입액,미국|3304|352|352,515162,USD,UN Comtrade 공개 API,2026-09-30
2020-09,수입시장,수입액,미국|3304|724|스페인,3012986,USD,UN Comtrade 공개 API,2026-09-30
2020-09,수입시장,수입액,미국|3304|716|716,19087,USD,UN Comtrade 공개 API,2026-09-30
2020-09,수입시장,수입액,미국|3304|484|멕시코,15801842,USD,UN Comtrade 공개 API,2026-09-30
2020-09,수입시장,수입액,미국|3304|554|뉴질랜드,2153031,USD,UN Comtrade 공개 API,2026-09-30
2020-09,수입시장,수입액,미국|3304|246|핀란드,53123,USD,UN Comtrade 공개 API,2026-09-30
2020-09,수입시장,수입액,미국|3304|258|258,14722,USD,UN Comtrade 공개 API,2026-09-30
2020-09,수입시장,수입액,미국|3304|616|폴란드,6656998,USD,UN Comtrade 공개 API,2026-09-30
2020-09,수입시장,수입액,미국|3304|784|UAE,589759,USD,UN Comtrade 공개 API,2026-09-30
2020-09,수입시장,수입액,미국|3304|458|말레이시아,208175,USD,UN Comtrade 공개 API,2026-09-30
2020-09,수입시장,수입액,미국|3304|384|384,217820,USD,UN Comtrade 공개 API,2026-09-30
2020-09,수입시장,수입액,미국|3304|400|요르단,20190,USD,UN Comtrade 공개 API,2026-09-30
2020-09,수입시장,수입액,미국|3304|705|슬로베니아,3986,USD,UN Comtrade 공개 API,2026-09-30
2020-09,수입시장,수입액,미국|3304|608|필리핀,26695,USD,UN Comtrade 공개 API,2026-09-30
2020-09,수입시장,수입액,미국|3304|276|독일,13183801,USD,UN Comtrade 공개 API,2026-09-30
2020-09,수입시장,수입액,미국|3304|780|780,5326,USD,UN Comtrade 공개 API,2026-09-30
2020-09,수입시장,수입액,미국|3304|504|504,87305,USD,UN Comtrade 공개 API,2026-09-30
2020-09,수입시장,수입액,미국|3304|496|몽골,5516,USD,UN Comtrade 공개 API,2026-09-30
2020-09,수입시장,수입액,미국|3304|586|파키스탄,85956,USD,UN Comtrade 공개 API,2026-09-30
2020-09,수입시장,수입액,미국|3304|620|포르투갈,59442,USD,UN Comtrade 공개 API,2026-09-30
2020-09,수입시장,수입액,미국|3304|818|이집트,6687,USD,UN Comtrade 공개 API,2026-09-30
2020-09,수입시장,수입액,미국|3304|32|아르헨티나,817559,USD,UN Comtrade 공개 API,2026-09-30
2020-09,수입시장,수입액,미국|3304|804|우크라이나,39775,USD,UN Comtrade 공개 API,2026-09-30
2020-09,수입시장,수입액,미국|3304|288|288,77251,USD,UN Comtrade 공개 API,2026-09-30
2020-09,수입시장,수입액,미국|3304|764|태국,3369107,USD,UN Comtrade 공개 API,2026-09-30
2020-09,수입시장,수입액,미국|3304|40|오스트리아,361990,USD,UN Comtrade 공개 API,2026-09-30
2020-09,수입시장,수입액,미국|3304|646|646,5417,USD,UN Comtrade 공개 API,2026-09-30
2020-09,수입시장,수입액,미국|3304|440|리투아니아,80594,USD,UN Comtrade 공개 API,2026-09-30
2020-09,수입시장,수입액,미국|3304|170|콜롬비아,891150,USD,UN Comtrade 공개 API,2026-09-30
2020-09,수입시장,수입액,미국|3304|203|체코,252893,USD,UN Comtrade 공개 API,2026-09-30
2020-09,수입시장,수입액,미국|3304|208|덴마크,115317,USD,UN Comtrade 공개 API,2026-09-30
2020-09,수입시장,수입액,미국|3304|604|페루,5720,USD,UN Comtrade 공개 API,2026-09-30
2020-09,수입시장,수입액,미국|3304|710|남아공,1998127,USD,UN Comtrade 공개 API,2026-09-30
2020-09,수입시장,수입액,미국|3304|392|일본,10453450,USD,UN Comtrade 공개 API,2026-09-30
2020-09,수입시장,수입액,미국|3304|76|브라질,156817,USD,UN Comtrade 공개 API,2026-09-30
2020-09,수입시장,수입액,미국|3304|50|방글라데시,10937,USD,UN Comtrade 공개 API,2026-09-30
2020-09,수입시장,수입액,미국|3304|528|네덜란드,642982,USD,UN Comtrade 공개 API,2026-09-30
2020-09,수입시장,수입액,미국|3304|214|214,327887,USD,UN Comtrade 공개 API,2026-09-30
2020-09,수입시장,수입액,미국|3304|100|불가리아,226908,USD,UN Comtrade 공개 API,2026-09-30
2020-09,수입시장,수입액,미국|3304|36|호주,1912497,USD,UN Comtrade 공개 API,2026-09-30
2020-09,수입시장,수입액,미국|3304|152|칠레,104504,USD,UN Comtrade 공개 API,2026-09-30
2020-09,수입시장,수입액,미국|3304|116|캄보디아,508268,USD,UN Comtrade 공개 API,2026-09-30
2020-09,수입시장,수입액,미국|3304|704|베트남,268331,USD,UN Comtrade 공개 API,2026-09-30
2020-09,수입시장,수입액,미국|3304|376|이스라엘,5240000,USD,UN Comtrade 공개 API,2026-09-30
2020-09,수입시장,수입액,미국|3304|360|인도네시아,372956,USD,UN Comtrade 공개 API,2026-09-30
2020-09,수입시장,수입액,미국|3304|251|프랑스,69069387,USD,UN Comtrade 공개 API,2026-09-30
2020-09,수입시장,수입액,미국|3304|757|스위스,3198853,USD,UN Comtrade 공개 API,2026-09-30
2020-09,수입시장,수입액,미국|3304|490|대만,6086995,USD,UN Comtrade 공개 API,2026-09-30
2020-09,수입시장,수입액,미국|3304|699|인도,5714206,USD,UN Comtrade 공개 API,2026-09-30
2020-09,수입시장,수입액,미국|3304|0|전체,395845398,USD,UN Comtrade 공개 API,2026-09-30
2020-10,수입시장,수입액,미국|3304|218|218,18655,USD,UN Comtrade 공개 API,2026-09-30
2020-10,수입시장,수입액,미국|3304|328|328,2602,USD,UN Comtrade 공개 API,2026-09-30
2020-10,수입시장,수입액,미국|3304|826|영국,25475752,USD,UN Comtrade 공개 API,2026-09-30
2020-10,수입시장,수입액,미국|3304|616|폴란드,2560748,USD,UN Comtrade 공개 API,2026-09-30
2020-10,수입시장,수입액,미국|3304|428|라트비아,141563,USD,UN Comtrade 공개 API,2026-09-30
2020-10,수입시장,수입액,미국|3304|124|캐나다,63326268,USD,UN Comtrade 공개 API,2026-09-30
2020-10,수입시장,수입액,미국|3304|246|핀란드,36340,USD,UN Comtrade 공개 API,2026-09-30
2020-10,수입시장,수입액,미국|3304|51|아르메니아,2952,USD,UN Comtrade 공개 API,2026-09-30
2020-10,수입시장,수입액,미국|3304|36|호주,1855812,USD,UN Comtrade 공개 API,2026-09-30
2020-10,수입시장,수입액,미국|3304|442|룩셈부르크,706638,USD,UN Comtrade 공개 API,2026-09-30
2020-10,수입시장,수입액,미국|3304|320|320,9356,USD,UN Comtrade 공개 API,2026-09-30
2020-10,수입시장,수입액,미국|3304|116|캄보디아,287843,USD,UN Comtrade 공개 API,2026-09-30
2020-10,수입시장,수입액,미국|3304|360|인도네시아,97753,USD,UN Comtrade 공개 API,2026-09-30
2020-10,수입시장,수입액,미국|3304|752|스웨덴,13281851,USD,UN Comtrade 공개 API,2026-09-30
2020-10,수입시장,수입액,미국|3304|300|그리스,1160055,USD,UN Comtrade 공개 API,2026-09-30
2020-10,수입시장,수입액,미국|3304|170|콜롬비아,1018247,USD,UN Comtrade 공개 API,2026-09-30
2020-10,수입시장,수입액,미국|3304|792|튀르키예,3989334,USD,UN Comtrade 공개 API,2026-09-30
2020-10,수입시장,수입액,미국|3304|196|키프로스,65182,USD,UN Comtrade 공개 API,2026-09-30
2020-10,수입시장,수입액,미국|3304|50|방글라데시,14034,USD,UN Comtrade 공개 API,2026-09-30
2020-10,수입시장,수입액,미국|3304|788|788,5925,USD,UN Comtrade 공개 API,2026-09-30
2020-10,수입시장,수입액,미국|3304|484|멕시코,17757257,USD,UN Comtrade 공개 API,2026-09-30
2020-10,수입시장,수입액,미국|3304|208|덴마크,194363,USD,UN Comtrade 공개 API,2026-09-30
2020-10,수입시장,수입액,미국|3304|583|583,2184,USD,UN Comtrade 공개 API,2026-09-30
2020-10,수입시장,수입액,미국|3304|40|오스트리아,370592,USD,UN Comtrade 공개 API,2026-09-30
2020-10,수입시장,수입액,미국|3304|450|450,3139,USD,UN Comtrade 공개 API,2026-09-30
2020-10,수입시장,수입액,미국|3304|531|531,2600,USD,UN Comtrade 공개 API,2026-09-30
2020-10,수입시장,수입액,미국|3304|120|120,8271,USD,UN Comtrade 공개 API,2026-09-30
2020-10,수입시장,수입액,미국|3304|384|384,234536,USD,UN Comtrade 공개 API,2026-09-30
2020-10,수입시장,수입액,미국|3304|704|베트남,136792,USD,UN Comtrade 공개 API,2026-09-30
2020-10,수입시장,수입액,미국|3304|56|벨기에,4337933,USD,UN Comtrade 공개 API,2026-09-30
2020-10,수입시장,수입액,미국|3304|372|아일랜드,1885669,USD,UN Comtrade 공개 API,2026-09-30
2020-10,수입시장,수입액,미국|3304|458|말레이시아,398739,USD,UN Comtrade 공개 API,2026-09-30
2020-10,수입시장,수입액,미국|3304|818|이집트,7250,USD,UN Comtrade 공개 API,2026-09-30
2020-10,수입시장,수입액,미국|3304|233|에스토니아,4930,USD,UN Comtrade 공개 API,2026-09-30
2020-10,수입시장,수입액,미국|3304|724|스페인,2372484,USD,UN Comtrade 공개 API,2026-09-30
2020-10,수입시장,수입액,미국|3304|586|파키스탄,98464,USD,UN Comtrade 공개 API,2026-09-30
2020-10,수입시장,수입액,미국|3304|258|258,56410,USD,UN Comtrade 공개 API,2026-09-30
2020-10,수입시장,수입액,미국|3304|203|체코,393598,USD,UN Comtrade 공개 API,2026-09-30
2020-10,수입시장,수입액,미국|3304|620|포르투갈,142466,USD,UN Comtrade 공개 API,2026-09-30
2020-10,수입시장,수입액,미국|3304|504|504,68704,USD,UN Comtrade 공개 API,2026-09-30
2020-10,수입시장,수입액,미국|3304|400|요르단,11457,USD,UN Comtrade 공개 API,2026-09-30
2020-10,수입시장,수입액,미국|3304|528|네덜란드,1180687,USD,UN Comtrade 공개 API,2026-09-30
2020-10,수입시장,수입액,미국|3304|100|불가리아,56637,USD,UN Comtrade 공개 API,2026-09-30
2020-10,수입시장,수입액,미국|3304|764|태국,2379613,USD,UN Comtrade 공개 API,2026-09-30
2020-10,수입시장,수입액,미국|3304|388|388,52746,USD,UN Comtrade 공개 API,2026-09-30
2020-10,수입시장,수입액,미국|3304|376|이스라엘,3607839,USD,UN Comtrade 공개 API,2026-09-30
2020-10,수입시장,수입액,미국|3304|344|홍콩,747499,USD,UN Comtrade 공개 API,2026-09-30
2020-10,수입시장,수입액,미국|3304|800|800,5591,USD,UN Comtrade 공개 API,2026-09-30
2020-10,수입시장,수입액,미국|3304|608|필리핀,44737,USD,UN Comtrade 공개 API,2026-09-30
2020-10,수입시장,수입액,미국|3304|352|352,85402,USD,UN Comtrade 공개 API,2026-09-30
2020-10,수입시장,수입액,미국|3304|32|아르헨티나,652114,USD,UN Comtrade 공개 API,2026-09-30
2020-10,수입시장,수입액,미국|3304|156|중국,65476986,USD,UN Comtrade 공개 API,2026-09-30
2020-10,수입시장,수입액,미국|3304|716|716,12580,USD,UN Comtrade 공개 API,2026-09-30
2020-10,수입시장,수입액,미국|3304|380|이탈리아,36034176,USD,UN Comtrade 공개 API,2026-09-30
2020-10,수입시장,수입액,미국|3304|643|러시아,590396,USD,UN Comtrade 공개 API,2026-09-30
2020-10,수입시장,수입액,미국|3304|348|헝가리,6015992,USD,UN Comtrade 공개 API,2026-09-30
2020-10,수입시장,수입액,미국|3304|214|214,152966,USD,UN Comtrade 공개 API,2026-09-30
2020-10,수입시장,수입액,미국|3304|702|싱가포르,393158,USD,UN Comtrade 공개 API,2026-09-30
2020-10,수입시장,수입액,미국|3304|404|404,37540,USD,UN Comtrade 공개 API,2026-09-30
2020-10,수입시장,수입액,미국|3304|854|854,2481,USD,UN Comtrade 공개 API,2026-09-30
2020-10,수입시장,수입액,미국|3304|276|독일,11880553,USD,UN Comtrade 공개 API,2026-09-30
2020-10,수입시장,수입액,미국|3304|410|한국,55918632,USD,UN Comtrade 공개 API,2026-09-30
2020-10,수입시장,수입액,미국|3304|76|브라질,110980,USD,UN Comtrade 공개 API,2026-09-30
2020-10,수입시장,수입액,미국|3304|784|UAE,999302,USD,UN Comtrade 공개 API,2026-09-30
2020-10,수입시장,수입액,미국|3304|674|674,2859,USD,UN Comtrade 공개 API,2026-09-30
2020-10,수입시장,수입액,미국|3304|392|일본,11365076,USD,UN Comtrade 공개 API,2026-09-30
2020-10,수입시장,수입액,미국|3304|710|남아공,2673994,USD,UN Comtrade 공개 API,2026-09-30
2020-10,수입시장,수입액,미국|3304|554|뉴질랜드,1167477,USD,UN Comtrade 공개 API,2026-09-30
2020-10,수입시장,수입액,미국|3304|533|533,101619,USD,UN Comtrade 공개 API,2026-09-30
2020-10,수입시장,수입액,미국|3304|604|페루,8224,USD,UN Comtrade 공개 API,2026-09-30
2020-10,수입시장,수입액,미국|3304|566|나이지리아,24026,USD,UN Comtrade 공개 API,2026-09-30
2020-10,수입시장,수입액,미국|3304|804|우크라이나,15281,USD,UN Comtrade 공개 API,2026-09-30
2020-10,수입시장,수입액,미국|3304|288|288,250015,USD,UN Comtrade 공개 API,2026-09-30
2020-10,수입시장,수입액,미국|3304|251|프랑스,68181142,USD,UN Comtrade 공개 API,2026-09-30
2020-10,수입시장,수입액,미국|3304|757|스위스,7516566,USD,UN Comtrade 공개 API,2026-09-30
2020-10,수입시장,수입액,미국|3304|699|인도,4065167,USD,UN Comtrade 공개 API,2026-09-30
2020-10,수입시장,수입액,미국|3304|490|대만,7680774,USD,UN Comtrade 공개 API,2026-09-30
2020-10,수입시장,수입액,미국|3304|0|전체,432035575,USD,UN Comtrade 공개 API,2026-09-30
2020-11,수입시장,수입액,미국|3304|792|튀르키예,3183220,USD,UN Comtrade 공개 API,2026-09-30
2020-11,수입시장,수입액,미국|3304|144|스리랑카,109395,USD,UN Comtrade 공개 API,2026-09-30
2020-11,수입시장,수입액,미국|3304|710|남아공,3951249,USD,UN Comtrade 공개 API,2026-09-30
2020-11,수입시장,수입액,미국|3304|170|콜롬비아,1108046,USD,UN Comtrade 공개 API,2026-09-30
2020-11,수입시장,수입액,미국|3304|348|헝가리,5350403,USD,UN Comtrade 공개 API,2026-09-30
2020-11,수입시장,수입액,미국|3304|826|영국,23482468,USD,UN Comtrade 공개 API,2026-09-30
2020-11,수입시장,수입액,미국|3304|800|800,9768,USD,UN Comtrade 공개 API,2026-09-30
2020-11,수입시장,수입액,미국|3304|100|불가리아,51582,USD,UN Comtrade 공개 API,2026-09-30
2020-11,수입시장,수입액,미국|3304|56|벨기에,1841072,USD,UN Comtrade 공개 API,2026-09-30
2020-11,수입시장,수입액,미국|3304|752|스웨덴,34111874,USD,UN Comtrade 공개 API,2026-09-30
2020-11,수입시장,수입액,미국|3304|757|스위스,6861924,USD,UN Comtrade 공개 API,2026-09-30
2020-11,수입시장,수입액,미국|3304|392|일본,15273495,USD,UN Comtrade 공개 API,2026-09-30
2020-11,수입시장,수입액,미국|3304|251|프랑스,54926185,USD,UN Comtrade 공개 API,2026-09-30
2020-11,수입시장,수입액,미국|3304|50|방글라데시,18894,USD,UN Comtrade 공개 API,2026-09-30
2020-11,수입시장,수입액,미국|3304|422|레바논,2143,USD,UN Comtrade 공개 API,2026-09-30
2020-11,수입시장,수입액,미국|3304|156|중국,48629014,USD,UN Comtrade 공개 API,2026-09-30
2020-11,수입시장,수입액,미국|3304|704|베트남,213551,USD,UN Comtrade 공개 API,2026-09-30
2020-11,수입시장,수입액,미국|3304|566|나이지리아,32300,USD,UN Comtrade 공개 API,2026-09-30
2020-11,수입시장,수입액,미국|3304|643|러시아,552283,USD,UN Comtrade 공개 API,2026-09-30
2020-11,수입시장,수입액,미국|3304|642|루마니아,7290,USD,UN Comtrade 공개 API,2026-09-30
2020-11,수입시장,수입액,미국|3304|490|대만,6062599,USD,UN Comtrade 공개 API,2026-09-30
2020-11,수입시장,수입액,미국|3304|246|핀란드,87808,USD,UN Comtrade 공개 API,2026-09-30
2020-11,수입시장,수입액,미국|3304|214|214,92177,USD,UN Comtrade 공개 API,2026-09-30
2020-11,수입시장,수입액,미국|3304|533|533,186409,USD,UN Comtrade 공개 API,2026-09-30
2020-11,수입시장,수입액,미국|3304|51|아르메니아,4315,USD,UN Comtrade 공개 API,2026-09-30
2020-11,수입시장,수입액,미국|3304|372|아일랜드,1580279,USD,UN Comtrade 공개 API,2026-09-30
2020-11,수입시장,수입액,미국|3304|504|504,87827,USD,UN Comtrade 공개 API,2026-09-30
2020-11,수입시장,수입액,미국|3304|410|한국,53695640,USD,UN Comtrade 공개 API,2026-09-30
2020-11,수입시장,수입액,미국|3304|764|태국,2066056,USD,UN Comtrade 공개 API,2026-09-30
2020-11,수입시장,수입액,미국|3304|608|필리핀,186997,USD,UN Comtrade 공개 API,2026-09-30
2020-11,수입시장,수입액,미국|3304|440|리투아니아,2398,USD,UN Comtrade 공개 API,2026-09-30
2020-11,수입시장,수입액,미국|3304|702|싱가포르,285426,USD,UN Comtrade 공개 API,2026-09-30
2020-11,수입시장,수입액,미국|3304|352|352,48317,USD,UN Comtrade 공개 API,2026-09-30
2020-11,수입시장,수입액,미국|3304|300|그리스,1774138,USD,UN Comtrade 공개 API,2026-09-30
2020-11,수입시장,수입액,미국|3304|804|우크라이나,2505,USD,UN Comtrade 공개 API,2026-09-30
2020-11,수입시장,수입액,미국|3304|458|말레이시아,368464,USD,UN Comtrade 공개 API,2026-09-30
2020-11,수입시장,수입액,미국|3304|699|인도,7421216,USD,UN Comtrade 공개 API,2026-09-30
2020-11,수입시장,수입액,미국|3304|586|파키스탄,38245,USD,UN Comtrade 공개 API,2026-09-30
2020-11,수입시장,수입액,미국|3304|288|288,90931,USD,UN Comtrade 공개 API,2026-09-30
2020-11,수입시장,수입액,미국|3304|191|크로아티아,7231,USD,UN Comtrade 공개 API,2026-09-30
2020-11,수입시장,수입액,미국|3304|620|포르투갈,25014,USD,UN Comtrade 공개 API,2026-09-30
2020-11,수입시장,수입액,미국|3304|428|라트비아,2876,USD,UN Comtrade 공개 API,2026-09-30
2020-11,수입시장,수입액,미국|3304|604|페루,9587,USD,UN Comtrade 공개 API,2026-09-30
2020-11,수입시장,수입액,미국|3304|276|독일,12114522,USD,UN Comtrade 공개 API,2026-09-30
2020-11,수입시장,수입액,미국|3304|40|오스트리아,237570,USD,UN Comtrade 공개 API,2026-09-30
2020-11,수입시장,수입액,미국|3304|442|룩셈부르크,741156,USD,UN Comtrade 공개 API,2026-09-30
2020-11,수입시장,수입액,미국|3304|36|호주,2973312,USD,UN Comtrade 공개 API,2026-09-30
2020-11,수입시장,수입액,미국|3304|400|요르단,21914,USD,UN Comtrade 공개 API,2026-09-30
2020-11,수입시장,수입액,미국|3304|218|218,22154,USD,UN Comtrade 공개 API,2026-09-30
2020-11,수입시장,수입액,미국|3304|380|이탈리아,32113363,USD,UN Comtrade 공개 API,2026-09-30
2020-11,수입시장,수입액,미국|3304|208|덴마크,181220,USD,UN Comtrade 공개 API,2026-09-30
2020-11,수입시장,수입액,미국|3304|834|834,7250,USD,UN Comtrade 공개 API,2026-09-30
2020-11,수입시장,수입액,미국|3304|384|384,423691,USD,UN Comtrade 공개 API,2026-09-30
2020-11,수입시장,수입액,미국|3304|528|네덜란드,611767,USD,UN Comtrade 공개 API,2026-09-30
2020-11,수입시장,수입액,미국|3304|152|칠레,4214,USD,UN Comtrade 공개 API,2026-09-30
2020-11,수입시장,수입액,미국|3304|807|807,5827,USD,UN Comtrade 공개 API,2026-09-30
2020-11,수입시장,수입액,미국|3304|688|세르비아,6610,USD,UN Comtrade 공개 API,2026-09-30
2020-11,수입시장,수입액,미국|3304|222|222,5005,USD,UN Comtrade 공개 API,2026-09-30
2020-11,수입시장,수입액,미국|3304|360|인도네시아,324515,USD,UN Comtrade 공개 API,2026-09-30
2020-11,수입시장,수입액,미국|3304|32|아르헨티나,147645,USD,UN Comtrade 공개 API,2026-09-30
2020-11,수입시장,수입액,미국|3304|724|스페인,2897471,USD,UN Comtrade 공개 API,2026-09-30
2020-11,수입시장,수입액,미국|3304|498|몰도바,4853,USD,UN Comtrade 공개 API,2026-09-30
2020-11,수입시장,수입액,미국|3304|104|미얀마,8210,USD,UN Comtrade 공개 API,2026-09-30
2020-11,수입시장,수입액,미국|3304|858|858,31784,USD,UN Comtrade 공개 API,2026-09-30
2020-11,수입시장,수입액,미국|3304|784|UAE,1175120,USD,UN Comtrade 공개 API,2026-09-30
2020-11,수입시장,수입액,미국|3304|388|388,30155,USD,UN Comtrade 공개 API,2026-09-30
2020-11,수입시장,수입액,미국|3304|376|이스라엘,4535764,USD,UN Comtrade 공개 API,2026-09-30
2020-11,수입시장,수입액,미국|3304|203|체코,535941,USD,UN Comtrade 공개 API,2026-09-30
2020-11,수입시장,수입액,미국|3304|344|홍콩,111114,USD,UN Comtrade 공개 API,2026-09-30
2020-11,수입시장,수입액,미국|3304|124|캐나다,61602683,USD,UN Comtrade 공개 API,2026-09-30
2020-11,수입시장,수입액,미국|3304|616|폴란드,3518209,USD,UN Comtrade 공개 API,2026-09-30
2020-11,수입시장,수입액,미국|3304|554|뉴질랜드,1555953,USD,UN Comtrade 공개 API,2026-09-30
2020-11,수입시장,수입액,미국|3304|484|멕시코,15573152,USD,UN Comtrade 공개 API,2026-09-30
2020-11,수입시장,수입액,미국|3304|0|전체,415612347,USD,UN Comtrade 공개 API,2026-09-30
2020-11,수입시장,수입액,미국|3304|76|브라질,247592,USD,UN Comtrade 공개 API,2026-09-30
2020-12,수입시장,수입액,미국|3304|32|아르헨티나,75605,USD,UN Comtrade 공개 API,2026-09-30
2020-12,수입시장,수입액,미국|3304|36|호주,4889841,USD,UN Comtrade 공개 API,2026-09-30
2020-12,수입시장,수입액,미국|3304|40|오스트리아,349863,USD,UN Comtrade 공개 API,2026-09-30
2020-12,수입시장,수입액,미국|3304|50|방글라데시,18161,USD,UN Comtrade 공개 API,2026-09-30
2020-12,수입시장,수입액,미국|3304|51|아르메니아,11872,USD,UN Comtrade 공개 API,2026-09-30
2020-12,수입시장,수입액,미국|3304|56|벨기에,3934994,USD,UN Comtrade 공개 API,2026-09-30
2020-12,수입시장,수입액,미국|3304|76|브라질,191836,USD,UN Comtrade 공개 API,2026-09-30
2020-12,수입시장,수입액,미국|3304|100|불가리아,157565,USD,UN Comtrade 공개 API,2026-09-30
2020-12,수입시장,수입액,미국|3304|104|미얀마,24334,USD,UN Comtrade 공개 API,2026-09-30
2020-12,수입시장,수입액,미국|3304|124|캐나다,63202699,USD,UN Comtrade 공개 API,2026-09-30
2020-12,수입시장,수입액,미국|3304|144|스리랑카,109732,USD,UN Comtrade 공개 API,2026-09-30
2020-12,수입시장,수입액,미국|3304|152|칠레,12270,USD,UN Comtrade 공개 API,2026-09-30
2020-12,수입시장,수입액,미국|3304|156|중국,43823405,USD,UN Comtrade 공개 API,2026-09-30
2020-12,수입시장,수입액,미국|3304|170|콜롬비아,754783,USD,UN Comtrade 공개 API,2026-09-30
2020-12,수입시장,수입액,미국|3304|191|크로아티아,4342,USD,UN Comtrade 공개 API,2026-09-30
2020-12,수입시장,수입액,미국|3304|196|키프로스,72183,USD,UN Comtrade 공개 API,2026-09-30
2020-12,수입시장,수입액,미국|3304|203|체코,539388,USD,UN Comtrade 공개 API,2026-09-30
2020-12,수입시장,수입액,미국|3304|208|덴마크,176552,USD,UN Comtrade 공개 API,2026-09-30
2020-12,수입시장,수입액,미국|3304|214|214,42488,USD,UN Comtrade 공개 API,2026-09-30
2020-12,수입시장,수입액,미국|3304|218|218,39714,USD,UN Comtrade 공개 API,2026-09-30
2020-12,수입시장,수입액,미국|3304|233|에스토니아,5124,USD,UN Comtrade 공개 API,2026-09-30
2020-12,수입시장,수입액,미국|3304|242|242,5158,USD,UN Comtrade 공개 API,2026-09-30
2020-12,수입시장,수입액,미국|3304|276|독일,13255621,USD,UN Comtrade 공개 API,2026-09-30
2020-12,수입시장,수입액,미국|3304|288|288,103003,USD,UN Comtrade 공개 API,2026-09-30
2020-12,수입시장,수입액,미국|3304|300|그리스,875579,USD,UN Comtrade 공개 API,2026-09-30
2020-12,수입시장,수입액,미국|3304|320|320,90216,USD,UN Comtrade 공개 API,2026-09-30
2020-12,수입시장,수입액,미국|3304|344|홍콩,39270,USD,UN Comtrade 공개 API,2026-09-30
2020-12,수입시장,수입액,미국|3304|348|헝가리,5957573,USD,UN Comtrade 공개 API,2026-09-30
2020-12,수입시장,수입액,미국|3304|352|352,63479,USD,UN Comtrade 공개 API,2026-09-30
2020-12,수입시장,수입액,미국|3304|360|인도네시아,520469,USD,UN Comtrade 공개 API,2026-09-30
2020-12,수입시장,수입액,미국|3304|372|아일랜드,2653768,USD,UN Comtrade 공개 API,2026-09-30
2020-12,수입시장,수입액,미국|3304|376|이스라엘,3698966,USD,UN Comtrade 공개 API,2026-09-30
2020-12,수입시장,수입액,미국|3304|380|이탈리아,34280316,USD,UN Comtrade 공개 API,2026-09-30
2020-12,수입시장,수입액,미국|3304|384|384,107051,USD,UN Comtrade 공개 API,2026-09-30
2020-12,수입시장,수입액,미국|3304|388|388,6574,USD,UN Comtrade 공개 API,2026-09-30
2020-12,수입시장,수입액,미국|3304|392|일본,11760736,USD,UN Comtrade 공개 API,2026-09-30
2020-12,수입시장,수입액,미국|3304|400|요르단,29938,USD,UN Comtrade 공개 API,2026-09-30
2020-12,수입시장,수입액,미국|3304|404|404,10859,USD,UN Comtrade 공개 API,2026-09-30
2020-12,수입시장,수입액,미국|3304|410|한국,53432145,USD,UN Comtrade 공개 API,2026-09-30
2020-12,수입시장,수입액,미국|3304|422|레바논,31014,USD,UN Comtrade 공개 API,2026-09-30
2020-12,수입시장,수입액,미국|3304|428|라트비아,11304,USD,UN Comtrade 공개 API,2026-09-30
2020-12,수입시장,수입액,미국|3304|440|리투아니아,87938,USD,UN Comtrade 공개 API,2026-09-30
2020-12,수입시장,수입액,미국|3304|442|룩셈부르크,357337,USD,UN Comtrade 공개 API,2026-09-30
2020-12,수입시장,수입액,미국|3304|458|말레이시아,531854,USD,UN Comtrade 공개 API,2026-09-30
2020-12,수입시장,수입액,미국|3304|484|멕시코,13487047,USD,UN Comtrade 공개 API,2026-09-30
2020-12,수입시장,수입액,미국|3304|504|504,23113,USD,UN Comtrade 공개 API,2026-09-30
2020-12,수입시장,수입액,미국|3304|528|네덜란드,841532,USD,UN Comtrade 공개 API,2026-09-30
2020-12,수입시장,수입액,미국|3304|531|531,3363,USD,UN Comtrade 공개 API,2026-09-30
2020-12,수입시장,수입액,미국|3304|533|533,182613,USD,UN Comtrade 공개 API,2026-09-30
2020-12,수입시장,수입액,미국|3304|554|뉴질랜드,1136657,USD,UN Comtrade 공개 API,2026-09-30
2020-12,수입시장,수입액,미국|3304|566|나이지리아,2310,USD,UN Comtrade 공개 API,2026-09-30
2020-12,수입시장,수입액,미국|3304|586|파키스탄,37107,USD,UN Comtrade 공개 API,2026-09-30
2020-12,수입시장,수입액,미국|3304|591|591,98399,USD,UN Comtrade 공개 API,2026-09-30
2020-12,수입시장,수입액,미국|3304|604|페루,14246,USD,UN Comtrade 공개 API,2026-09-30
2020-12,수입시장,수입액,미국|3304|608|필리핀,105710,USD,UN Comtrade 공개 API,2026-09-30
2020-12,수입시장,수입액,미국|3304|616|폴란드,2415373,USD,UN Comtrade 공개 API,2026-09-30
2020-12,수입시장,수입액,미국|3304|620|포르투갈,39200,USD,UN Comtrade 공개 API,2026-09-30
2020-12,수입시장,수입액,미국|3304|642|루마니아,4065,USD,UN Comtrade 공개 API,2026-09-30
2020-12,수입시장,수입액,미국|3304|643|러시아,804080,USD,UN Comtrade 공개 API,2026-09-30
2020-12,수입시장,수입액,미국|3304|654|654,5726,USD,UN Comtrade 공개 API,2026-09-30
2020-12,수입시장,수입액,미국|3304|662|662,2410,USD,UN Comtrade 공개 API,2026-09-30
2020-12,수입시장,수입액,미국|3304|686|686,84390,USD,UN Comtrade 공개 API,2026-09-30
2020-12,수입시장,수입액,미국|3304|688|세르비아,6393,USD,UN Comtrade 공개 API,2026-09-30
2020-12,수입시장,수입액,미국|3304|702|싱가포르,397101,USD,UN Comtrade 공개 API,2026-09-30
2020-12,수입시장,수입액,미국|3304|704|베트남,111149,USD,UN Comtrade 공개 API,2026-09-30
2020-12,수입시장,수입액,미국|3304|705|슬로베니아,49578,USD,UN Comtrade 공개 API,2026-09-30
2020-12,수입시장,수입액,미국|3304|710|남아공,1443609,USD,UN Comtrade 공개 API,2026-09-30
2020-12,수입시장,수입액,미국|3304|716|716,39673,USD,UN Comtrade 공개 API,2026-09-30
2020-12,수입시장,수입액,미국|3304|724|스페인,4056515,USD,UN Comtrade 공개 API,2026-09-30
2020-12,수입시장,수입액,미국|3304|752|스웨덴,13585816,USD,UN Comtrade 공개 API,2026-09-30
2020-12,수입시장,수입액,미국|3304|764|태국,1412748,USD,UN Comtrade 공개 API,2026-09-30
2020-12,수입시장,수입액,미국|3304|784|UAE,2812193,USD,UN Comtrade 공개 API,2026-09-30
2020-12,수입시장,수입액,미국|3304|792|튀르키예,1320907,USD,UN Comtrade 공개 API,2026-09-30
2020-12,수입시장,수입액,미국|3304|800|800,6669,USD,UN Comtrade 공개 API,2026-09-30
2020-12,수입시장,수입액,미국|3304|804|우크라이나,14186,USD,UN Comtrade 공개 API,2026-09-30
2020-12,수입시장,수입액,미국|3304|818|이집트,5734,USD,UN Comtrade 공개 API,2026-09-30
2020-12,수입시장,수입액,미국|3304|826|영국,19145149,USD,UN Comtrade 공개 API,2026-09-30
2020-12,수입시장,수입액,미국|3304|251|프랑스,129536946,USD,UN Comtrade 공개 API,2026-09-30
2020-12,수입시장,수입액,미국|3304|490|대만,6446107,USD,UN Comtrade 공개 API,2026-09-30
2020-12,수입시장,수입액,미국|3304|579|노르웨이,57281,USD,UN Comtrade 공개 API,2026-09-30
2020-12,수입시장,수입액,미국|3304|699|인도,5959070,USD,UN Comtrade 공개 API,2026-09-30
2020-12,수입시장,수입액,미국|3304|757|스위스,5161115,USD,UN Comtrade 공개 API,2026-09-30
2020-12,수입시장,수입액,미국|3304|0|전체,457202199,USD,UN Comtrade 공개 API,2026-09-30
2021-01,수입시장,수입액,미국|3304|688|세르비아,3594,USD,UN Comtrade 공개 API,2026-09-30
2021-01,수입시장,수입액,미국|3304|804|우크라이나,2372,USD,UN Comtrade 공개 API,2026-09-30
2021-01,수입시장,수입액,미국|3304|50|방글라데시,27387,USD,UN Comtrade 공개 API,2026-09-30
2021-01,수입시장,수입액,미국|3304|120|120,3040,USD,UN Comtrade 공개 API,2026-09-30
2021-01,수입시장,수입액,미국|3304|586|파키스탄,69708,USD,UN Comtrade 공개 API,2026-09-30
2021-01,수입시장,수입액,미국|3304|384|384,193631,USD,UN Comtrade 공개 API,2026-09-30
2021-01,수입시장,수입액,미국|3304|388|388,2265,USD,UN Comtrade 공개 API,2026-09-30
2021-01,수입시장,수입액,미국|3304|288|288,136367,USD,UN Comtrade 공개 API,2026-09-30
2021-01,수입시장,수입액,미국|3304|218|218,38433,USD,UN Comtrade 공개 API,2026-09-30
2021-01,수입시장,수입액,미국|3304|784|UAE,396562,USD,UN Comtrade 공개 API,2026-09-30
2021-01,수입시장,수입액,미국|3304|100|불가리아,82493,USD,UN Comtrade 공개 API,2026-09-30
2021-01,수입시장,수입액,미국|3304|659|659,4591,USD,UN Comtrade 공개 API,2026-09-30
2021-01,수입시장,수입액,미국|3304|662|662,2390,USD,UN Comtrade 공개 API,2026-09-30
2021-01,수입시장,수입액,미국|3304|674|674,17472,USD,UN Comtrade 공개 API,2026-09-30
2021-01,수입시장,수입액,미국|3304|152|칠레,26629,USD,UN Comtrade 공개 API,2026-09-30
2021-01,수입시장,수입액,미국|3304|233|에스토니아,20264,USD,UN Comtrade 공개 API,2026-09-30
2021-01,수입시장,수입액,미국|3304|242|242,107728,USD,UN Comtrade 공개 API,2026-09-30
2021-01,수입시장,수입액,미국|3304|320|320,6662,USD,UN Comtrade 공개 API,2026-09-30
2021-01,수입시장,수입액,미국|3304|768|768,4350,USD,UN Comtrade 공개 API,2026-09-30
2021-01,수입시장,수입액,미국|3304|780|780,6400,USD,UN Comtrade 공개 API,2026-09-30
2021-01,수입시장,수입액,미국|3304|470|몰타,20465,USD,UN Comtrade 공개 API,2026-09-30
2021-01,수입시장,수입액,미국|3304|566|나이지리아,2190,USD,UN Comtrade 공개 API,2026-09-30
2021-01,수입시장,수입액,미국|3304|579|노르웨이,3680,USD,UN Comtrade 공개 API,2026-09-30
2021-01,수입시장,수입액,미국|3304|807|807,3079,USD,UN Comtrade 공개 API,2026-09-30
2021-01,수입시장,수입액,미국|3304|52|52,9305,USD,UN Comtrade 공개 API,2026-09-30
2021-01,수입시장,수입액,미국|3304|214|214,75568,USD,UN Comtrade 공개 API,2026-09-30
2021-01,수입시장,수입액,미국|3304|442|룩셈부르크,262006,USD,UN Comtrade 공개 API,2026-09-30
2021-01,수입시장,수입액,미국|3304|504|504,6580,USD,UN Comtrade 공개 API,2026-09-30
2021-01,수입시장,수입액,미국|3304|268|조지아,5450,USD,UN Comtrade 공개 API,2026-09-30
2021-01,수입시장,수입액,미국|3304|352|352,126722,USD,UN Comtrade 공개 API,2026-09-30
2021-01,수입시장,수입액,미국|3304|300|그리스,1222134,USD,UN Comtrade 공개 API,2026-09-30
2021-01,수입시장,수입액,미국|3304|422|레바논,3308,USD,UN Comtrade 공개 API,2026-09-30
2021-01,수입시장,수입액,미국|3304|554|뉴질랜드,531413,USD,UN Comtrade 공개 API,2026-09-30
2021-01,수입시장,수입액,미국|3304|32|아르헨티나,296578,USD,UN Comtrade 공개 API,2026-09-30
2021-01,수입시장,수입액,미국|3304|348|헝가리,4042084,USD,UN Comtrade 공개 API,2026-09-30
2021-01,수입시장,수입액,미국|3304|620|포르투갈,6834,USD,UN Comtrade 공개 API,2026-09-30
2021-01,수입시장,수입액,미국|3304|702|싱가포르,404414,USD,UN Comtrade 공개 API,2026-09-30
2021-01,수입시장,수입액,미국|3304|344|홍콩,502380,USD,UN Comtrade 공개 API,2026-09-30
2021-01,수입시장,수입액,미국|3304|608|필리핀,25130,USD,UN Comtrade 공개 API,2026-09-30
2021-01,수입시장,수입액,미국|3304|170|콜롬비아,499252,USD,UN Comtrade 공개 API,2026-09-30
2021-01,수입시장,수입액,미국|3304|246|핀란드,108115,USD,UN Comtrade 공개 API,2026-09-30
2021-01,수입시장,수입액,미국|3304|643|러시아,412672,USD,UN Comtrade 공개 API,2026-09-30
2021-01,수입시장,수입액,미국|3304|372|아일랜드,1224477,USD,UN Comtrade 공개 API,2026-09-30
2021-01,수입시장,수입액,미국|3304|604|페루,39054,USD,UN Comtrade 공개 API,2026-09-30
2021-01,수입시장,수입액,미국|3304|710|남아공,3564246,USD,UN Comtrade 공개 API,2026-09-30
2021-01,수입시장,수입액,미국|3304|203|체코,623080,USD,UN Comtrade 공개 API,2026-09-30
2021-01,수입시장,수입액,미국|3304|208|덴마크,107686,USD,UN Comtrade 공개 API,2026-09-30
2021-01,수입시장,수입액,미국|3304|360|인도네시아,36726,USD,UN Comtrade 공개 API,2026-09-30
2021-01,수입시장,수입액,미국|3304|458|말레이시아,601540,USD,UN Comtrade 공개 API,2026-09-30
2021-01,수입시장,수입액,미국|3304|36|호주,3862728,USD,UN Comtrade 공개 API,2026-09-30
2021-01,수입시장,수입액,미국|3304|752|스웨덴,25070457,USD,UN Comtrade 공개 API,2026-09-30
2021-01,수입시장,수입액,미국|3304|376|이스라엘,4317348,USD,UN Comtrade 공개 API,2026-09-30
2021-01,수입시장,수입액,미국|3304|40|오스트리아,225771,USD,UN Comtrade 공개 API,2026-09-30
2021-01,수입시장,수입액,미국|3304|616|폴란드,3853760,USD,UN Comtrade 공개 API,2026-09-30
2021-01,수입시장,수입액,미국|3304|757|스위스,3977851,USD,UN Comtrade 공개 API,2026-09-30
2021-01,수입시장,수입액,미국|3304|704|베트남,204325,USD,UN Comtrade 공개 API,2026-09-30
2021-01,수입시장,수입액,미국|3304|764|태국,2515894,USD,UN Comtrade 공개 API,2026-09-30
2021-01,수입시장,수입액,미국|3304|792|튀르키예,1642531,USD,UN Comtrade 공개 API,2026-09-30
2021-01,수입시장,수입액,미국|3304|56|벨기에,4008744,USD,UN Comtrade 공개 API,2026-09-30
2021-01,수입시장,수입액,미국|3304|76|브라질,64747,USD,UN Comtrade 공개 API,2026-09-30
2021-01,수입시장,수입액,미국|3304|528|네덜란드,564650,USD,UN Comtrade 공개 API,2026-09-30
2021-01,수입시장,수입액,미국|3304|490|대만,5284739,USD,UN Comtrade 공개 API,2026-09-30
2021-01,수입시장,수입액,미국|3304|724|스페인,4917515,USD,UN Comtrade 공개 API,2026-09-30
2021-01,수입시장,수입액,미국|3304|410|한국,42048249,USD,UN Comtrade 공개 API,2026-09-30
2021-01,수입시장,수입액,미국|3304|826|영국,19041636,USD,UN Comtrade 공개 API,2026-09-30
2021-01,수입시장,수입액,미국|3304|251|프랑스,48439442,USD,UN Comtrade 공개 API,2026-09-30
2021-01,수입시장,수입액,미국|3304|380|이탈리아,28645277,USD,UN Comtrade 공개 API,2026-09-30
2021-01,수입시장,수입액,미국|3304|392|일본,8153216,USD,UN Comtrade 공개 API,2026-09-30
2021-01,수입시장,수입액,미국|3304|699|인도,6509317,USD,UN Comtrade 공개 API,2026-09-30
2021-01,수입시장,수입액,미국|3304|276|독일,9455103,USD,UN Comtrade 공개 API,2026-09-30
2021-01,수입시장,수입액,미국|3304|484|멕시코,12984205,USD,UN Comtrade 공개 API,2026-09-30
2021-01,수입시장,수입액,미국|3304|156|중국,37901404,USD,UN Comtrade 공개 API,2026-09-30
2021-01,수입시장,수입액,미국|3304|124|캐나다,59307467,USD,UN Comtrade 공개 API,2026-09-30
2021-01,수입시장,수입액,미국|3304|0|전체,348914882,USD,UN Comtrade 공개 API,2026-09-30
2021-02,수입시장,수입액,미국|3304|100|불가리아,63783,USD,UN Comtrade 공개 API,2026-09-30
2021-02,수입시장,수입액,미국|3304|440|리투아니아,44000,USD,UN Comtrade 공개 API,2026-09-30
2021-02,수입시장,수입액,미국|3304|320|320,88474,USD,UN Comtrade 공개 API,2026-09-30
2021-02,수입시장,수입액,미국|3304|51|아르메니아,7255,USD,UN Comtrade 공개 API,2026-09-30
2021-02,수입시장,수입액,미국|3304|144|스리랑카,111047,USD,UN Comtrade 공개 API,2026-09-30
2021-02,수입시장,수입액,미국|3304|268|조지아,2230,USD,UN Comtrade 공개 API,2026-09-30
2021-02,수입시장,수입액,미국|3304|120|120,5341,USD,UN Comtrade 공개 API,2026-09-30
2021-02,수입시장,수입액,미국|3304|152|칠레,184911,USD,UN Comtrade 공개 API,2026-09-30
2021-02,수입시장,수입액,미국|3304|191|크로아티아,40014,USD,UN Comtrade 공개 API,2026-09-30
2021-02,수입시장,수입액,미국|3304|400|요르단,18219,USD,UN Comtrade 공개 API,2026-09-30
2021-02,수입시장,수입액,미국|3304|288|288,69810,USD,UN Comtrade 공개 API,2026-09-30
2021-02,수입시장,수입액,미국|3304|300|그리스,1279369,USD,UN Comtrade 공개 API,2026-09-30
2021-02,수입시장,수입액,미국|3304|784|UAE,1402077,USD,UN Comtrade 공개 API,2026-09-30
2021-02,수입시장,수입액,미국|3304|804|우크라이나,56867,USD,UN Comtrade 공개 API,2026-09-30
2021-02,수입시장,수입액,미국|3304|50|방글라데시,27985,USD,UN Comtrade 공개 API,2026-09-30
2021-02,수입시장,수입액,미국|3304|104|미얀마,7243,USD,UN Comtrade 공개 API,2026-09-30
2021-02,수입시장,수입액,미국|3304|112|벨라루스,5948,USD,UN Comtrade 공개 API,2026-09-30
2021-02,수입시장,수입액,미국|3304|566|나이지리아,6110,USD,UN Comtrade 공개 API,2026-09-30
2021-02,수입시장,수입액,미국|3304|818|이집트,11750,USD,UN Comtrade 공개 API,2026-09-30
2021-02,수입시장,수입액,미국|3304|384|384,84527,USD,UN Comtrade 공개 API,2026-09-30
2021-02,수입시장,수입액,미국|3304|586|파키스탄,9210,USD,UN Comtrade 공개 API,2026-09-30
2021-02,수입시장,수입액,미국|3304|705|슬로베니아,88450,USD,UN Comtrade 공개 API,2026-09-30
2021-02,수입시장,수입액,미국|3304|218|218,2519,USD,UN Comtrade 공개 API,2026-09-30
2021-02,수입시장,수입액,미국|3304|258|258,7074,USD,UN Comtrade 공개 API,2026-09-30
2021-02,수입시장,수입액,미국|3304|344|홍콩,425030,USD,UN Comtrade 공개 API,2026-09-30
2021-02,수입시장,수입액,미국|3304|352|352,85045,USD,UN Comtrade 공개 API,2026-09-30
2021-02,수입시장,수입액,미국|3304|504|504,22475,USD,UN Comtrade 공개 API,2026-09-30
2021-02,수입시장,수입액,미국|3304|442|룩셈부르크,1030764,USD,UN Comtrade 공개 API,2026-09-30
2021-02,수입시장,수입액,미국|3304|533|533,47985,USD,UN Comtrade 공개 API,2026-09-30
2021-02,수입시장,수입액,미국|3304|554|뉴질랜드,1267736,USD,UN Comtrade 공개 API,2026-09-30
2021-02,수입시장,수입액,미국|3304|388|388,21406,USD,UN Comtrade 공개 API,2026-09-30
2021-02,수입시장,수입액,미국|3304|428|라트비아,4497,USD,UN Comtrade 공개 API,2026-09-30
2021-02,수입시장,수입액,미국|3304|214|214,203820,USD,UN Comtrade 공개 API,2026-09-30
2021-02,수입시장,수입액,미국|3304|608|필리핀,47734,USD,UN Comtrade 공개 API,2026-09-30
2021-02,수입시장,수입액,미국|3304|348|헝가리,4695712,USD,UN Comtrade 공개 API,2026-09-30
2021-02,수입시장,수입액,미국|3304|32|아르헨티나,218946,USD,UN Comtrade 공개 API,2026-09-30
2021-02,수입시장,수입액,미국|3304|702|싱가포르,205867,USD,UN Comtrade 공개 API,2026-09-30
2021-02,수입시장,수입액,미국|3304|246|핀란드,8737,USD,UN Comtrade 공개 API,2026-09-30
2021-02,수입시장,수입액,미국|3304|620|포르투갈,36163,USD,UN Comtrade 공개 API,2026-09-30
2021-02,수입시장,수입액,미국|3304|643|러시아,505529,USD,UN Comtrade 공개 API,2026-09-30
2021-02,수입시장,수입액,미국|3304|710|남아공,1443717,USD,UN Comtrade 공개 API,2026-09-30
2021-02,수입시장,수입액,미국|3304|372|아일랜드,2328513,USD,UN Comtrade 공개 API,2026-09-30
2021-02,수입시장,수입액,미국|3304|604|페루,30773,USD,UN Comtrade 공개 API,2026-09-30
2021-02,수입시장,수입액,미국|3304|203|체코,435732,USD,UN Comtrade 공개 API,2026-09-30
2021-02,수입시장,수입액,미국|3304|170|콜롬비아,535186,USD,UN Comtrade 공개 API,2026-09-30
2021-02,수입시장,수입액,미국|3304|208|덴마크,279193,USD,UN Comtrade 공개 API,2026-09-30
2021-02,수입시장,수입액,미국|3304|360|인도네시아,142201,USD,UN Comtrade 공개 API,2026-09-30
2021-02,수입시장,수입액,미국|3304|458|말레이시아,357628,USD,UN Comtrade 공개 API,2026-09-30
2021-02,수입시장,수입액,미국|3304|36|호주,2510177,USD,UN Comtrade 공개 API,2026-09-30
2021-02,수입시장,수입액,미국|3304|752|스웨덴,24283481,USD,UN Comtrade 공개 API,2026-09-30
2021-02,수입시장,수입액,미국|3304|376|이스라엘,3427155,USD,UN Comtrade 공개 API,2026-09-30
2021-02,수입시장,수입액,미국|3304|757|스위스,3361810,USD,UN Comtrade 공개 API,2026-09-30
2021-02,수입시장,수입액,미국|3304|616|폴란드,4647599,USD,UN Comtrade 공개 API,2026-09-30
2021-02,수입시장,수입액,미국|3304|40|오스트리아,243847,USD,UN Comtrade 공개 API,2026-09-30
2021-02,수입시장,수입액,미국|3304|704|베트남,220762,USD,UN Comtrade 공개 API,2026-09-30
2021-02,수입시장,수입액,미국|3304|764|태국,1956418,USD,UN Comtrade 공개 API,2026-09-30
2021-02,수입시장,수입액,미국|3304|792|튀르키예,894393,USD,UN Comtrade 공개 API,2026-09-30
2021-02,수입시장,수입액,미국|3304|56|벨기에,2964895,USD,UN Comtrade 공개 API,2026-09-30
2021-02,수입시장,수입액,미국|3304|76|브라질,47134,USD,UN Comtrade 공개 API,2026-09-30
2021-02,수입시장,수입액,미국|3304|490|대만,5804302,USD,UN Comtrade 공개 API,2026-09-30
2021-02,수입시장,수입액,미국|3304|724|스페인,2865279,USD,UN Comtrade 공개 API,2026-09-30
2021-02,수입시장,수입액,미국|3304|528|네덜란드,383294,USD,UN Comtrade 공개 API,2026-09-30
2021-02,수입시장,수입액,미국|3304|410|한국,51520682,USD,UN Comtrade 공개 API,2026-09-30
2021-02,수입시장,수입액,미국|3304|826|영국,20615601,USD,UN Comtrade 공개 API,2026-09-30
2021-02,수입시장,수입액,미국|3304|251|프랑스,46970228,USD,UN Comtrade 공개 API,2026-09-30
2021-02,수입시장,수입액,미국|3304|392|일본,15471731,USD,UN Comtrade 공개 API,2026-09-30
2021-02,수입시장,수입액,미국|3304|380|이탈리아,30653051,USD,UN Comtrade 공개 API,2026-09-30
2021-02,수입시장,수입액,미국|3304|699|인도,5121113,USD,UN Comtrade 공개 API,2026-09-30
2021-02,수입시장,수입액,미국|3304|276|독일,10282313,USD,UN Comtrade 공개 API,2026-09-30
2021-02,수입시장,수입액,미국|3304|484|멕시코,11207406,USD,UN Comtrade 공개 API,2026-09-30
2021-02,수입시장,수입액,미국|3304|156|중국,35108012,USD,UN Comtrade 공개 API,2026-09-30
2021-02,수입시장,수입액,미국|3304|124|캐나다,52047147,USD,UN Comtrade 공개 API,2026-09-30
2021-02,수입시장,수입액,미국|3304|233|에스토니아,2537,USD,UN Comtrade 공개 API,2026-09-30
2021-02,수입시장,수입액,미국|3304|0|전체,350614969,USD,UN Comtrade 공개 API,2026-09-30
2021-03,수입시장,수입액,미국|3304|50|방글라데시,8856,USD,UN Comtrade 공개 API,2026-09-30
2021-03,수입시장,수입액,미국|3304|84|84,2822,USD,UN Comtrade 공개 API,2026-09-30
2021-03,수입시장,수입액,미국|3304|100|불가리아,231488,USD,UN Comtrade 공개 API,2026-09-30
2021-03,수입시장,수입액,미국|3304|144|스리랑카,112571,USD,UN Comtrade 공개 API,2026-09-30
2021-03,수입시장,수입액,미국|3304|148|148,8265,USD,UN Comtrade 공개 API,2026-09-30
2021-03,수입시장,수입액,미국|3304|233|에스토니아,6105,USD,UN Comtrade 공개 API,2026-09-30
2021-03,수입시장,수입액,미국|3304|242|242,274341,USD,UN Comtrade 공개 API,2026-09-30
2021-03,수입시장,수입액,미국|3304|288|288,139526,USD,UN Comtrade 공개 API,2026-09-30
2021-03,수입시장,수입액,미국|3304|682|사우디,3202,USD,UN Comtrade 공개 API,2026-09-30
2021-03,수입시장,수입액,미국|3304|686|686,2922,USD,UN Comtrade 공개 API,2026-09-30
2021-03,수입시장,수입액,미국|3304|705|슬로베니아,3928,USD,UN Comtrade 공개 API,2026-09-30
2021-03,수입시장,수입액,미국|3304|748|748,179008,USD,UN Comtrade 공개 API,2026-09-30
2021-03,수입시장,수입액,미국|3304|780|780,26183,USD,UN Comtrade 공개 API,2026-09-30
2021-03,수입시장,수입액,미국|3304|784|UAE,431078,USD,UN Comtrade 공개 API,2026-09-30
2021-03,수입시장,수입액,미국|3304|800|800,5105,USD,UN Comtrade 공개 API,2026-09-30
2021-03,수입시장,수입액,미국|3304|804|우크라이나,18490,USD,UN Comtrade 공개 API,2026-09-30
2021-03,수입시장,수입액,미국|3304|807|807,5374,USD,UN Comtrade 공개 API,2026-09-30
2021-03,수입시장,수입액,미국|3304|320|320,21931,USD,UN Comtrade 공개 API,2026-09-30
2021-03,수입시장,수입액,미국|3304|328|328,3692,USD,UN Comtrade 공개 API,2026-09-30
2021-03,수입시장,수입액,미국|3304|352|352,94162,USD,UN Comtrade 공개 API,2026-09-30
2021-03,수입시장,수입액,미국|3304|384|384,162514,USD,UN Comtrade 공개 API,2026-09-30
2021-03,수입시장,수입액,미국|3304|388|388,17516,USD,UN Comtrade 공개 API,2026-09-30
2021-03,수입시장,수입액,미국|3304|400|요르단,30152,USD,UN Comtrade 공개 API,2026-09-30
2021-03,수입시장,수입액,미국|3304|414|쿠웨이트,6895,USD,UN Comtrade 공개 API,2026-09-30
2021-03,수입시장,수입액,미국|3304|422|레바논,10281,USD,UN Comtrade 공개 API,2026-09-30
2021-03,수입시장,수입액,미국|3304|440|리투아니아,4722,USD,UN Comtrade 공개 API,2026-09-30
2021-03,수입시장,수입액,미국|3304|442|룩셈부르크,988587,USD,UN Comtrade 공개 API,2026-09-30
2021-03,수입시장,수입액,미국|3304|496|몽골,5262,USD,UN Comtrade 공개 API,2026-09-30
2021-03,수입시장,수입액,미국|3304|504|504,28001,USD,UN Comtrade 공개 API,2026-09-30
2021-03,수입시장,수입액,미국|3304|531|531,73721,USD,UN Comtrade 공개 API,2026-09-30
2021-03,수입시장,수입액,미국|3304|562|562,3249,USD,UN Comtrade 공개 API,2026-09-30
2021-03,수입시장,수입액,미국|3304|586|파키스탄,71808,USD,UN Comtrade 공개 API,2026-09-30
2021-03,수입시장,수입액,미국|3304|300|그리스,1082775,USD,UN Comtrade 공개 API,2026-09-30
2021-03,수입시장,수입액,미국|3304|214|214,21245,USD,UN Comtrade 공개 API,2026-09-30
2021-03,수입시장,수입액,미국|3304|554|뉴질랜드,1166523,USD,UN Comtrade 공개 API,2026-09-30
2021-03,수입시장,수입액,미국|3304|702|싱가포르,691328,USD,UN Comtrade 공개 API,2026-09-30
2021-03,수입시장,수입액,미국|3304|608|필리핀,150877,USD,UN Comtrade 공개 API,2026-09-30
2021-03,수입시장,수입액,미국|3304|246|핀란드,74280,USD,UN Comtrade 공개 API,2026-09-30
2021-03,수입시장,수입액,미국|3304|348|헝가리,6369397,USD,UN Comtrade 공개 API,2026-09-30
2021-03,수입시장,수입액,미국|3304|620|포르투갈,62821,USD,UN Comtrade 공개 API,2026-09-30
2021-03,수입시장,수입액,미국|3304|32|아르헨티나,236645,USD,UN Comtrade 공개 API,2026-09-30
2021-03,수입시장,수입액,미국|3304|344|홍콩,502619,USD,UN Comtrade 공개 API,2026-09-30
2021-03,수입시장,수입액,미국|3304|170|콜롬비아,1014527,USD,UN Comtrade 공개 API,2026-09-30
2021-03,수입시장,수입액,미국|3304|710|남아공,2448611,USD,UN Comtrade 공개 API,2026-09-30
2021-03,수입시장,수입액,미국|3304|604|페루,14394,USD,UN Comtrade 공개 API,2026-09-30
2021-03,수입시장,수입액,미국|3304|643|러시아,491917,USD,UN Comtrade 공개 API,2026-09-30
2021-03,수입시장,수입액,미국|3304|203|체코,581365,USD,UN Comtrade 공개 API,2026-09-30
2021-03,수입시장,수입액,미국|3304|372|아일랜드,2646941,USD,UN Comtrade 공개 API,2026-09-30
2021-03,수입시장,수입액,미국|3304|360|인도네시아,333436,USD,UN Comtrade 공개 API,2026-09-30
2021-03,수입시장,수입액,미국|3304|458|말레이시아,909431,USD,UN Comtrade 공개 API,2026-09-30
2021-03,수입시장,수입액,미국|3304|376|이스라엘,4645719,USD,UN Comtrade 공개 API,2026-09-30
2021-03,수입시장,수입액,미국|3304|208|덴마크,69586,USD,UN Comtrade 공개 API,2026-09-30
2021-03,수입시장,수입액,미국|3304|36|호주,3599834,USD,UN Comtrade 공개 API,2026-09-30
2021-03,수입시장,수입액,미국|3304|40|오스트리아,412268,USD,UN Comtrade 공개 API,2026-09-30
2021-03,수입시장,수입액,미국|3304|752|스웨덴,20874697,USD,UN Comtrade 공개 API,2026-09-30
2021-03,수입시장,수입액,미국|3304|757|스위스,7870166,USD,UN Comtrade 공개 API,2026-09-30
2021-03,수입시장,수입액,미국|3304|616|폴란드,3314220,USD,UN Comtrade 공개 API,2026-09-30
2021-03,수입시장,수입액,미국|3304|704|베트남,88275,USD,UN Comtrade 공개 API,2026-09-30
2021-03,수입시장,수입액,미국|3304|764|태국,3404261,USD,UN Comtrade 공개 API,2026-09-30
2021-03,수입시장,수입액,미국|3304|792|튀르키예,2579051,USD,UN Comtrade 공개 API,2026-09-30
2021-03,수입시장,수입액,미국|3304|56|벨기에,3560400,USD,UN Comtrade 공개 API,2026-09-30
2021-03,수입시장,수입액,미국|3304|76|브라질,157696,USD,UN Comtrade 공개 API,2026-09-30
2021-03,수입시장,수입액,미국|3304|490|대만,8799889,USD,UN Comtrade 공개 API,2026-09-30
2021-03,수입시장,수입액,미국|3304|528|네덜란드,685456,USD,UN Comtrade 공개 API,2026-09-30
2021-03,수입시장,수입액,미국|3304|724|스페인,3881735,USD,UN Comtrade 공개 API,2026-09-30
2021-03,수입시장,수입액,미국|3304|410|한국,65799184,USD,UN Comtrade 공개 API,2026-09-30
2021-03,수입시장,수입액,미국|3304|826|영국,21318389,USD,UN Comtrade 공개 API,2026-09-30
2021-03,수입시장,수입액,미국|3304|392|일본,15396254,USD,UN Comtrade 공개 API,2026-09-30
2021-03,수입시장,수입액,미국|3304|251|프랑스,69557962,USD,UN Comtrade 공개 API,2026-09-30
2021-03,수입시장,수입액,미국|3304|380|이탈리아,31059285,USD,UN Comtrade 공개 API,2026-09-30
2021-03,수입시장,수입액,미국|3304|699|인도,3113331,USD,UN Comtrade 공개 API,2026-09-30
2021-03,수입시장,수입액,미국|3304|276|독일,13104255,USD,UN Comtrade 공개 API,2026-09-30
2021-03,수입시장,수입액,미국|3304|156|중국,39231059,USD,UN Comtrade 공개 API,2026-09-30
2021-03,수입시장,수입액,미국|3304|484|멕시코,13989012,USD,UN Comtrade 공개 API,2026-09-30
2021-03,수입시장,수입액,미국|3304|124|캐나다,69601958,USD,UN Comtrade 공개 API,2026-09-30
2021-03,수입시장,수입액,미국|3304|0|전체,427894831,USD,UN Comtrade 공개 API,2026-09-30
2021-04,수입시장,수입액,미국|3304|320|320,14429,USD,UN Comtrade 공개 API,2026-09-30
2021-04,수입시장,수입액,미국|3304|352|352,72216,USD,UN Comtrade 공개 API,2026-09-30
2021-04,수입시장,수입액,미국|3304|384|384,109270,USD,UN Comtrade 공개 API,2026-09-30
2021-04,수입시장,수입액,미국|3304|404|404,2416,USD,UN Comtrade 공개 API,2026-09-30
2021-04,수입시장,수입액,미국|3304|428|라트비아,47683,USD,UN Comtrade 공개 API,2026-09-30
2021-04,수입시장,수입액,미국|3304|440|리투아니아,50366,USD,UN Comtrade 공개 API,2026-09-30
2021-04,수입시장,수입액,미국|3304|442|룩셈부르크,1141339,USD,UN Comtrade 공개 API,2026-09-30
2021-04,수입시장,수입액,미국|3304|480|480,15763,USD,UN Comtrade 공개 API,2026-09-30
2021-04,수입시장,수입액,미국|3304|504|504,16202,USD,UN Comtrade 공개 API,2026-09-30
2021-04,수입시장,수입액,미국|3304|524|524,2280,USD,UN Comtrade 공개 API,2026-09-30
2021-04,수입시장,수입액,미국|3304|566|나이지리아,24350,USD,UN Comtrade 공개 API,2026-09-30
2021-04,수입시장,수입액,미국|3304|579|노르웨이,14412,USD,UN Comtrade 공개 API,2026-09-30
2021-04,수입시장,수입액,미국|3304|586|파키스탄,38730,USD,UN Comtrade 공개 API,2026-09-30
2021-04,수입시장,수입액,미국|3304|642|루마니아,6967,USD,UN Comtrade 공개 API,2026-09-30
2021-04,수입시장,수입액,미국|3304|50|방글라데시,12732,USD,UN Comtrade 공개 API,2026-09-30
2021-04,수입시장,수입액,미국|3304|51|아르메니아,2711,USD,UN Comtrade 공개 API,2026-09-30
2021-04,수입시장,수입액,미국|3304|100|불가리아,72656,USD,UN Comtrade 공개 API,2026-09-30
2021-04,수입시장,수입액,미국|3304|104|미얀마,27688,USD,UN Comtrade 공개 API,2026-09-30
2021-04,수입시장,수입액,미국|3304|120|120,6745,USD,UN Comtrade 공개 API,2026-09-30
2021-04,수입시장,수입액,미국|3304|144|스리랑카,92942,USD,UN Comtrade 공개 API,2026-09-30
2021-04,수입시장,수입액,미국|3304|152|칠레,11079,USD,UN Comtrade 공개 API,2026-09-30
2021-04,수입시장,수입액,미국|3304|191|크로아티아,3514,USD,UN Comtrade 공개 API,2026-09-30
2021-04,수입시장,수입액,미국|3304|222|222,3763,USD,UN Comtrade 공개 API,2026-09-30
2021-04,수입시장,수입액,미국|3304|233|에스토니아,22098,USD,UN Comtrade 공개 API,2026-09-30
2021-04,수입시장,수입액,미국|3304|258|258,49616,USD,UN Comtrade 공개 API,2026-09-30
2021-04,수입시장,수입액,미국|3304|288|288,357762,USD,UN Comtrade 공개 API,2026-09-30
2021-04,수입시장,수입액,미국|3304|300|그리스,1716985,USD,UN Comtrade 공개 API,2026-09-30
2021-04,수입시장,수입액,미국|3304|768|768,3175,USD,UN Comtrade 공개 API,2026-09-30
2021-04,수입시장,수입액,미국|3304|780|780,3903,USD,UN Comtrade 공개 API,2026-09-30
2021-04,수입시장,수입액,미국|3304|784|UAE,992780,USD,UN Comtrade 공개 API,2026-09-30
2021-04,수입시장,수입액,미국|3304|804|우크라이나,21103,USD,UN Comtrade 공개 API,2026-09-30
2021-04,수입시장,수입액,미국|3304|862|862,17559,USD,UN Comtrade 공개 API,2026-09-30
2021-04,수입시장,수입액,미국|3304|554|뉴질랜드,1105565,USD,UN Comtrade 공개 API,2026-09-30
2021-04,수입시장,수입액,미국|3304|214|214,219781,USD,UN Comtrade 공개 API,2026-09-30
2021-04,수입시장,수입액,미국|3304|344|홍콩,447024,USD,UN Comtrade 공개 API,2026-09-30
2021-04,수입시장,수입액,미국|3304|608|필리핀,106199,USD,UN Comtrade 공개 API,2026-09-30
2021-04,수입시장,수입액,미국|3304|32|아르헨티나,35211,USD,UN Comtrade 공개 API,2026-09-30
2021-04,수입시장,수입액,미국|3304|246|핀란드,84915,USD,UN Comtrade 공개 API,2026-09-30
2021-04,수입시장,수입액,미국|3304|348|헝가리,6049476,USD,UN Comtrade 공개 API,2026-09-30
2021-04,수입시장,수입액,미국|3304|702|싱가포르,397454,USD,UN Comtrade 공개 API,2026-09-30
2021-04,수입시장,수입액,미국|3304|620|포르투갈,111422,USD,UN Comtrade 공개 API,2026-09-30
2021-04,수입시장,수입액,미국|3304|170|콜롬비아,901600,USD,UN Comtrade 공개 API,2026-09-30
2021-04,수입시장,수입액,미국|3304|604|페루,13489,USD,UN Comtrade 공개 API,2026-09-30
2021-04,수입시장,수입액,미국|3304|372|아일랜드,2302561,USD,UN Comtrade 공개 API,2026-09-30
2021-04,수입시장,수입액,미국|3304|710|남아공,2779317,USD,UN Comtrade 공개 API,2026-09-30
2021-04,수입시장,수입액,미국|3304|203|체코,1206161,USD,UN Comtrade 공개 API,2026-09-30
2021-04,수입시장,수입액,미국|3304|643|러시아,451480,USD,UN Comtrade 공개 API,2026-09-30
2021-04,수입시장,수입액,미국|3304|360|인도네시아,69075,USD,UN Comtrade 공개 API,2026-09-30
2021-04,수입시장,수입액,미국|3304|208|덴마크,337791,USD,UN Comtrade 공개 API,2026-09-30
2021-04,수입시장,수입액,미국|3304|458|말레이시아,678389,USD,UN Comtrade 공개 API,2026-09-30
2021-04,수입시장,수입액,미국|3304|376|이스라엘,3955801,USD,UN Comtrade 공개 API,2026-09-30
2021-04,수입시장,수입액,미국|3304|36|호주,4480845,USD,UN Comtrade 공개 API,2026-09-30
2021-04,수입시장,수입액,미국|3304|752|스웨덴,20776038,USD,UN Comtrade 공개 API,2026-09-30
2021-04,수입시장,수입액,미국|3304|40|오스트리아,294815,USD,UN Comtrade 공개 API,2026-09-30
2021-04,수입시장,수입액,미국|3304|616|폴란드,2723973,USD,UN Comtrade 공개 API,2026-09-30
2021-04,수입시장,수입액,미국|3304|764|태국,2278512,USD,UN Comtrade 공개 API,2026-09-30
2021-04,수입시장,수입액,미국|3304|757|스위스,6571296,USD,UN Comtrade 공개 API,2026-09-30
2021-04,수입시장,수입액,미국|3304|704|베트남,193364,USD,UN Comtrade 공개 API,2026-09-30
2021-04,수입시장,수입액,미국|3304|792|튀르키예,2441922,USD,UN Comtrade 공개 API,2026-09-30
2021-04,수입시장,수입액,미국|3304|56|벨기에,3932337,USD,UN Comtrade 공개 API,2026-09-30
2021-04,수입시장,수입액,미국|3304|76|브라질,198033,USD,UN Comtrade 공개 API,2026-09-30
2021-04,수입시장,수입액,미국|3304|528|네덜란드,1047241,USD,UN Comtrade 공개 API,2026-09-30
2021-04,수입시장,수입액,미국|3304|490|대만,9831966,USD,UN Comtrade 공개 API,2026-09-30
2021-04,수입시장,수입액,미국|3304|724|스페인,4161925,USD,UN Comtrade 공개 API,2026-09-30
2021-04,수입시장,수입액,미국|3304|410|한국,56034386,USD,UN Comtrade 공개 API,2026-09-30
2021-04,수입시장,수입액,미국|3304|826|영국,20586854,USD,UN Comtrade 공개 API,2026-09-30
2021-04,수입시장,수입액,미국|3304|251|프랑스,55955622,USD,UN Comtrade 공개 API,2026-09-30
2021-04,수입시장,수입액,미국|3304|392|일본,13815880,USD,UN Comtrade 공개 API,2026-09-30
2021-04,수입시장,수입액,미국|3304|699|인도,4815340,USD,UN Comtrade 공개 API,2026-09-30
2021-04,수입시장,수입액,미국|3304|380|이탈리아,49034807,USD,UN Comtrade 공개 API,2026-09-30
2021-04,수입시장,수입액,미국|3304|276|독일,15460652,USD,UN Comtrade 공개 API,2026-09-30
2021-04,수입시장,수입액,미국|3304|156|중국,35961412,USD,UN Comtrade 공개 API,2026-09-30
2021-04,수입시장,수입액,미국|3304|484|멕시코,12570960,USD,UN Comtrade 공개 API,2026-09-30
2021-04,수입시장,수입액,미국|3304|124|캐나다,61591824,USD,UN Comtrade 공개 API,2026-09-30
2021-04,수입시장,수입액,미국|3304|400|요르단,4332,USD,UN Comtrade 공개 API,2026-09-30
2021-04,수입시장,수입액,미국|3304|0|전체,410992281,USD,UN Comtrade 공개 API,2026-09-30
2021-05,수입시장,수입액,미국|3304|4|4,2250,USD,UN Comtrade 공개 API,2026-09-30
2021-05,수입시장,수입액,미국|3304|50|방글라데시,50422,USD,UN Comtrade 공개 API,2026-09-30
2021-05,수입시장,수입액,미국|3304|72|72,5550,USD,UN Comtrade 공개 API,2026-09-30
2021-05,수입시장,수입액,미국|3304|84|84,4096,USD,UN Comtrade 공개 API,2026-09-30
2021-05,수입시장,수입액,미국|3304|100|불가리아,89163,USD,UN Comtrade 공개 API,2026-09-30
2021-05,수입시장,수입액,미국|3304|144|스리랑카,206355,USD,UN Comtrade 공개 API,2026-09-30
2021-05,수입시장,수입액,미국|3304|152|칠레,31641,USD,UN Comtrade 공개 API,2026-09-30
2021-05,수입시장,수입액,미국|3304|191|크로아티아,3670,USD,UN Comtrade 공개 API,2026-09-30
2021-05,수입시장,수입액,미국|3304|218|218,18935,USD,UN Comtrade 공개 API,2026-09-30
2021-05,수입시장,수입액,미국|3304|258|258,10944,USD,UN Comtrade 공개 API,2026-09-30
2021-05,수입시장,수입액,미국|3304|352|352,107156,USD,UN Comtrade 공개 API,2026-09-30
2021-05,수입시장,수입액,미국|3304|384|384,118863,USD,UN Comtrade 공개 API,2026-09-30
2021-05,수입시장,수입액,미국|3304|388|388,7719,USD,UN Comtrade 공개 API,2026-09-30
2021-05,수입시장,수입액,미국|3304|400|요르단,66986,USD,UN Comtrade 공개 API,2026-09-30
2021-05,수입시장,수입액,미국|3304|428|라트비아,11368,USD,UN Comtrade 공개 API,2026-09-30
2021-05,수입시장,수입액,미국|3304|440|리투아니아,56000,USD,UN Comtrade 공개 API,2026-09-30
2021-05,수입시장,수입액,미국|3304|442|룩셈부르크,783388,USD,UN Comtrade 공개 API,2026-09-30
2021-05,수입시장,수입액,미국|3304|804|우크라이나,10854,USD,UN Comtrade 공개 API,2026-09-30
2021-05,수입시장,수입액,미국|3304|807|807,10376,USD,UN Comtrade 공개 API,2026-09-30
2021-05,수입시장,수입액,미국|3304|834|834,7243,USD,UN Comtrade 공개 API,2026-09-30
2021-05,수입시장,수입액,미국|3304|504|504,19204,USD,UN Comtrade 공개 API,2026-09-30
2021-05,수입시장,수입액,미국|3304|533|533,54541,USD,UN Comtrade 공개 API,2026-09-30
2021-05,수입시장,수입액,미국|3304|566|나이지리아,23024,USD,UN Comtrade 공개 API,2026-09-30
2021-05,수입시장,수입액,미국|3304|579|노르웨이,3044,USD,UN Comtrade 공개 API,2026-09-30
2021-05,수입시장,수입액,미국|3304|586|파키스탄,2611,USD,UN Comtrade 공개 API,2026-09-30
2021-05,수입시장,수입액,미국|3304|591|591,125152,USD,UN Comtrade 공개 API,2026-09-30
2021-05,수입시장,수입액,미국|3304|686|686,9904,USD,UN Comtrade 공개 API,2026-09-30
2021-05,수입시장,수입액,미국|3304|705|슬로베니아,197429,USD,UN Comtrade 공개 API,2026-09-30
2021-05,수입시장,수입액,미국|3304|760|760,4107,USD,UN Comtrade 공개 API,2026-09-30
2021-05,수입시장,수입액,미국|3304|780|780,7380,USD,UN Comtrade 공개 API,2026-09-30
2021-05,수입시장,수입액,미국|3304|784|UAE,1560998,USD,UN Comtrade 공개 API,2026-09-30
2021-05,수입시장,수입액,미국|3304|788|788,26182,USD,UN Comtrade 공개 API,2026-09-30
2021-05,수입시장,수입액,미국|3304|242|242,12495,USD,UN Comtrade 공개 API,2026-09-30
2021-05,수입시장,수입액,미국|3304|288|288,48352,USD,UN Comtrade 공개 API,2026-09-30
2021-05,수입시장,수입액,미국|3304|300|그리스,796311,USD,UN Comtrade 공개 API,2026-09-30
2021-05,수입시장,수입액,미국|3304|214|214,178592,USD,UN Comtrade 공개 API,2026-09-30
2021-05,수입시장,수입액,미국|3304|348|헝가리,6326684,USD,UN Comtrade 공개 API,2026-09-30
2021-05,수입시장,수입액,미국|3304|554|뉴질랜드,1080443,USD,UN Comtrade 공개 API,2026-09-30
2021-05,수입시장,수입액,미국|3304|608|필리핀,15369,USD,UN Comtrade 공개 API,2026-09-30
2021-05,수입시장,수입액,미국|3304|246|핀란드,42714,USD,UN Comtrade 공개 API,2026-09-30
2021-05,수입시장,수입액,미국|3304|702|싱가포르,387688,USD,UN Comtrade 공개 API,2026-09-30
2021-05,수입시장,수입액,미국|3304|604|페루,6754,USD,UN Comtrade 공개 API,2026-09-30
2021-05,수입시장,수입액,미국|3304|32|아르헨티나,317738,USD,UN Comtrade 공개 API,2026-09-30
2021-05,수입시장,수입액,미국|3304|344|홍콩,335385,USD,UN Comtrade 공개 API,2026-09-30
2021-05,수입시장,수입액,미국|3304|620|포르투갈,67058,USD,UN Comtrade 공개 API,2026-09-30
2021-05,수입시장,수입액,미국|3304|372|아일랜드,3188007,USD,UN Comtrade 공개 API,2026-09-30
2021-05,수입시장,수입액,미국|3304|710|남아공,2906169,USD,UN Comtrade 공개 API,2026-09-30
2021-05,수입시장,수입액,미국|3304|643|러시아,625755,USD,UN Comtrade 공개 API,2026-09-30
2021-05,수입시장,수입액,미국|3304|170|콜롬비아,789617,USD,UN Comtrade 공개 API,2026-09-30
2021-05,수입시장,수입액,미국|3304|203|체코,1122472,USD,UN Comtrade 공개 API,2026-09-30
2021-05,수입시장,수입액,미국|3304|208|덴마크,15512,USD,UN Comtrade 공개 API,2026-09-30
2021-05,수입시장,수입액,미국|3304|360|인도네시아,332503,USD,UN Comtrade 공개 API,2026-09-30
2021-05,수입시장,수입액,미국|3304|458|말레이시아,598499,USD,UN Comtrade 공개 API,2026-09-30
2021-05,수입시장,수입액,미국|3304|376|이스라엘,4334235,USD,UN Comtrade 공개 API,2026-09-30
2021-05,수입시장,수입액,미국|3304|36|호주,3195038,USD,UN Comtrade 공개 API,2026-09-30
2021-05,수입시장,수입액,미국|3304|752|스웨덴,13598073,USD,UN Comtrade 공개 API,2026-09-30
2021-05,수입시장,수입액,미국|3304|40|오스트리아,364469,USD,UN Comtrade 공개 API,2026-09-30
2021-05,수입시장,수입액,미국|3304|616|폴란드,2352174,USD,UN Comtrade 공개 API,2026-09-30
2021-05,수입시장,수입액,미국|3304|757|스위스,7634550,USD,UN Comtrade 공개 API,2026-09-30
2021-05,수입시장,수입액,미국|3304|704|베트남,113410,USD,UN Comtrade 공개 API,2026-09-30
2021-05,수입시장,수입액,미국|3304|764|태국,3216597,USD,UN Comtrade 공개 API,2026-09-30
2021-05,수입시장,수입액,미국|3304|792|튀르키예,5907201,USD,UN Comtrade 공개 API,2026-09-30
2021-05,수입시장,수입액,미국|3304|56|벨기에,4083135,USD,UN Comtrade 공개 API,2026-09-30
2021-05,수입시장,수입액,미국|3304|490|대만,9641114,USD,UN Comtrade 공개 API,2026-09-30
2021-05,수입시장,수입액,미국|3304|76|브라질,167405,USD,UN Comtrade 공개 API,2026-09-30
2021-05,수입시장,수입액,미국|3304|528|네덜란드,867307,USD,UN Comtrade 공개 API,2026-09-30
2021-05,수입시장,수입액,미국|3304|410|한국,64815375,USD,UN Comtrade 공개 API,2026-09-30
2021-05,수입시장,수입액,미국|3304|724|스페인,5601377,USD,UN Comtrade 공개 API,2026-09-30
2021-05,수입시장,수입액,미국|3304|826|영국,22319228,USD,UN Comtrade 공개 API,2026-09-30
2021-05,수입시장,수입액,미국|3304|251|프랑스,75075253,USD,UN Comtrade 공개 API,2026-09-30
2021-05,수입시장,수입액,미국|3304|392|일본,11986430,USD,UN Comtrade 공개 API,2026-09-30
2021-05,수입시장,수입액,미국|3304|380|이탈리아,46716861,USD,UN Comtrade 공개 API,2026-09-30
2021-05,수입시장,수입액,미국|3304|699|인도,4602870,USD,UN Comtrade 공개 API,2026-09-30
2021-05,수입시장,수입액,미국|3304|276|독일,15055222,USD,UN Comtrade 공개 API,2026-09-30
2021-05,수입시장,수입액,미국|3304|484|멕시코,12668389,USD,UN Comtrade 공개 API,2026-09-30
2021-05,수입시장,수입액,미국|3304|156|중국,41428285,USD,UN Comtrade 공개 API,2026-09-30
2021-05,수입시장,수입액,미국|3304|124|캐나다,67157599,USD,UN Comtrade 공개 API,2026-09-30
2021-05,수입시장,수입액,미국|3304|0|전체,445732269,USD,UN Comtrade 공개 API,2026-09-30
2021-06,수입시장,수입액,미국|3304|642|루마니아,10494,USD,UN Comtrade 공개 API,2026-09-30
2021-06,수입시장,수입액,미국|3304|646|646,23400,USD,UN Comtrade 공개 API,2026-09-30
2021-06,수입시장,수입액,미국|3304|586|파키스탄,74634,USD,UN Comtrade 공개 API,2026-09-30
2021-06,수입시장,수입액,미국|3304|818|이집트,5500,USD,UN Comtrade 공개 API,2026-09-30
2021-06,수입시장,수입액,미국|3304|768|768,7447,USD,UN Comtrade 공개 API,2026-09-30
2021-06,수입시장,수입액,미국|3304|780|780,4150,USD,UN Comtrade 공개 API,2026-09-30
2021-06,수입시장,수입액,미국|3304|470|몰타,82468,USD,UN Comtrade 공개 API,2026-09-30
2021-06,수입시장,수입액,미국|3304|504|504,31367,USD,UN Comtrade 공개 API,2026-09-30
2021-06,수입시장,수입액,미국|3304|566|나이지리아,64828,USD,UN Comtrade 공개 API,2026-09-30
2021-06,수입시장,수입액,미국|3304|682|사우디,14262,USD,UN Comtrade 공개 API,2026-09-30
2021-06,수입시장,수입액,미국|3304|686|686,4131,USD,UN Comtrade 공개 API,2026-09-30
2021-06,수입시장,수입액,미국|3304|688|세르비아,19814,USD,UN Comtrade 공개 API,2026-09-30
2021-06,수입시장,수입액,미국|3304|784|UAE,552034,USD,UN Comtrade 공개 API,2026-09-30
2021-06,수입시장,수입액,미국|3304|788|788,2475,USD,UN Comtrade 공개 API,2026-09-30
2021-06,수입시장,수입액,미국|3304|531|531,4420,USD,UN Comtrade 공개 API,2026-09-30
2021-06,수입시장,수입액,미국|3304|533|533,45122,USD,UN Comtrade 공개 API,2026-09-30
2021-06,수입시장,수입액,미국|3304|800|800,8833,USD,UN Comtrade 공개 API,2026-09-30
2021-06,수입시장,수입액,미국|3304|804|우크라이나,6469,USD,UN Comtrade 공개 API,2026-09-30
2021-06,수입시장,수입액,미국|3304|50|방글라데시,10903,USD,UN Comtrade 공개 API,2026-09-30
2021-06,수입시장,수입액,미국|3304|222|222,4613,USD,UN Comtrade 공개 API,2026-09-30
2021-06,수입시장,수입액,미국|3304|288|288,230064,USD,UN Comtrade 공개 API,2026-09-30
2021-06,수입시장,수입액,미국|3304|300|그리스,1780530,USD,UN Comtrade 공개 API,2026-09-30
2021-06,수입시장,수입액,미국|3304|352|352,132539,USD,UN Comtrade 공개 API,2026-09-30
2021-06,수입시장,수입액,미국|3304|428|라트비아,39225,USD,UN Comtrade 공개 API,2026-09-30
2021-06,수입시장,수입액,미국|3304|400|요르단,23538,USD,UN Comtrade 공개 API,2026-09-30
2021-06,수입시장,수입액,미국|3304|112|벨라루스,10286,USD,UN Comtrade 공개 API,2026-09-30
2021-06,수입시장,수입액,미국|3304|144|스리랑카,191259,USD,UN Comtrade 공개 API,2026-09-30
2021-06,수입시장,수입액,미국|3304|384|384,177282,USD,UN Comtrade 공개 API,2026-09-30
2021-06,수입시장,수입액,미국|3304|388|388,58983,USD,UN Comtrade 공개 API,2026-09-30
2021-06,수입시장,수입액,미국|3304|100|불가리아,105611,USD,UN Comtrade 공개 API,2026-09-30
2021-06,수입시장,수입액,미국|3304|120|120,17993,USD,UN Comtrade 공개 API,2026-09-30
2021-06,수입시장,수입액,미국|3304|242|242,551473,USD,UN Comtrade 공개 API,2026-09-30
2021-06,수입시장,수입액,미국|3304|320|320,15839,USD,UN Comtrade 공개 API,2026-09-30
2021-06,수입시장,수입액,미국|3304|440|리투아니아,12983,USD,UN Comtrade 공개 API,2026-09-30
2021-06,수입시장,수입액,미국|3304|442|룩셈부르크,672224,USD,UN Comtrade 공개 API,2026-09-30
2021-06,수입시장,수입액,미국|3304|579|노르웨이,9061,USD,UN Comtrade 공개 API,2026-09-30
2021-06,수입시장,수입액,미국|3304|348|헝가리,5618938,USD,UN Comtrade 공개 API,2026-09-30
2021-06,수입시장,수입액,미국|3304|554|뉴질랜드,2269171,USD,UN Comtrade 공개 API,2026-09-30
2021-06,수입시장,수입액,미국|3304|608|필리핀,22377,USD,UN Comtrade 공개 API,2026-09-30
2021-06,수입시장,수입액,미국|3304|344|홍콩,220780,USD,UN Comtrade 공개 API,2026-09-30
2021-06,수입시장,수입액,미국|3304|214|214,30170,USD,UN Comtrade 공개 API,2026-09-30
2021-06,수입시장,수입액,미국|3304|702|싱가포르,232392,USD,UN Comtrade 공개 API,2026-09-30
2021-06,수입시장,수입액,미국|3304|246|핀란드,98566,USD,UN Comtrade 공개 API,2026-09-30
2021-06,수입시장,수입액,미국|3304|32|아르헨티나,235075,USD,UN Comtrade 공개 API,2026-09-30
2021-06,수입시장,수입액,미국|3304|620|포르투갈,60667,USD,UN Comtrade 공개 API,2026-09-30
2021-06,수입시장,수입액,미국|3304|170|콜롬비아,1312995,USD,UN Comtrade 공개 API,2026-09-30
2021-06,수입시장,수입액,미국|3304|372|아일랜드,2721197,USD,UN Comtrade 공개 API,2026-09-30
2021-06,수입시장,수입액,미국|3304|604|페루,3111,USD,UN Comtrade 공개 API,2026-09-30
2021-06,수입시장,수입액,미국|3304|710|남아공,4147186,USD,UN Comtrade 공개 API,2026-09-30
2021-06,수입시장,수입액,미국|3304|203|체코,744615,USD,UN Comtrade 공개 API,2026-09-30
2021-06,수입시장,수입액,미국|3304|643|러시아,188100,USD,UN Comtrade 공개 API,2026-09-30
2021-06,수입시장,수입액,미국|3304|208|덴마크,415854,USD,UN Comtrade 공개 API,2026-09-30
2021-06,수입시장,수입액,미국|3304|458|말레이시아,642028,USD,UN Comtrade 공개 API,2026-09-30
2021-06,수입시장,수입액,미국|3304|360|인도네시아,373741,USD,UN Comtrade 공개 API,2026-09-30
2021-06,수입시장,수입액,미국|3304|376|이스라엘,5579991,USD,UN Comtrade 공개 API,2026-09-30
2021-06,수입시장,수입액,미국|3304|752|스웨덴,13373272,USD,UN Comtrade 공개 API,2026-09-30
2021-06,수입시장,수입액,미국|3304|36|호주,4752831,USD,UN Comtrade 공개 API,2026-09-30
2021-06,수입시장,수입액,미국|3304|616|폴란드,3505459,USD,UN Comtrade 공개 API,2026-09-30
2021-06,수입시장,수입액,미국|3304|40|오스트리아,542127,USD,UN Comtrade 공개 API,2026-09-30
2021-06,수입시장,수입액,미국|3304|757|스위스,4303368,USD,UN Comtrade 공개 API,2026-09-30
2021-06,수입시장,수입액,미국|3304|704|베트남,247191,USD,UN Comtrade 공개 API,2026-09-30
2021-06,수입시장,수입액,미국|3304|764|태국,2650979,USD,UN Comtrade 공개 API,2026-09-30
2021-06,수입시장,수입액,미국|3304|792|튀르키예,2348285,USD,UN Comtrade 공개 API,2026-09-30
2021-06,수입시장,수입액,미국|3304|56|벨기에,6349397,USD,UN Comtrade 공개 API,2026-09-30
2021-06,수입시장,수입액,미국|3304|76|브라질,307991,USD,UN Comtrade 공개 API,2026-09-30
2021-06,수입시장,수입액,미국|3304|490|대만,8228893,USD,UN Comtrade 공개 API,2026-09-30
2021-06,수입시장,수입액,미국|3304|724|스페인,5560602,USD,UN Comtrade 공개 API,2026-09-30
2021-06,수입시장,수입액,미국|3304|528|네덜란드,330743,USD,UN Comtrade 공개 API,2026-09-30
2021-06,수입시장,수입액,미국|3304|410|한국,89832504,USD,UN Comtrade 공개 API,2026-09-30
2021-06,수입시장,수입액,미국|3304|392|일본,17777768,USD,UN Comtrade 공개 API,2026-09-30
2021-06,수입시장,수입액,미국|3304|826|영국,26944450,USD,UN Comtrade 공개 API,2026-09-30
2021-06,수입시장,수입액,미국|3304|251|프랑스,72471734,USD,UN Comtrade 공개 API,2026-09-30
2021-06,수입시장,수입액,미국|3304|699|인도,3661769,USD,UN Comtrade 공개 API,2026-09-30
2021-06,수입시장,수입액,미국|3304|380|이탈리아,54746931,USD,UN Comtrade 공개 API,2026-09-30
2021-06,수입시장,수입액,미국|3304|276|독일,15678624,USD,UN Comtrade 공개 API,2026-09-30
2021-06,수입시장,수입액,미국|3304|484|멕시코,12886724,USD,UN Comtrade 공개 API,2026-09-30
2021-06,수입시장,수입액,미국|3304|156|중국,46097148,USD,UN Comtrade 공개 API,2026-09-30
2021-06,수입시장,수입액,미국|3304|124|캐나다,69345290,USD,UN Comtrade 공개 API,2026-09-30
2021-06,수입시장,수입액,미국|3304|188|188,2275,USD,UN Comtrade 공개 API,2026-09-30
2021-06,수입시장,수입액,미국|3304|0|전체,491869563,USD,UN Comtrade 공개 API,2026-09-30
2021-07,수입시장,수입액,미국|3304|112|벨라루스,5713,USD,UN Comtrade 공개 API,2026-09-30
2021-07,수입시장,수입액,미국|3304|50|방글라데시,24114,USD,UN Comtrade 공개 API,2026-09-30
2021-07,수입시장,수입액,미국|3304|152|칠레,75764,USD,UN Comtrade 공개 API,2026-09-30
2021-07,수입시장,수입액,미국|3304|51|아르메니아,4850,USD,UN Comtrade 공개 API,2026-09-30
2021-07,수입시장,수입액,미국|3304|100|불가리아,27826,USD,UN Comtrade 공개 API,2026-09-30
2021-07,수입시장,수입액,미국|3304|144|스리랑카,28300,USD,UN Comtrade 공개 API,2026-09-30
2021-07,수입시장,수입액,미국|3304|218|218,9054,USD,UN Comtrade 공개 API,2026-09-30
2021-07,수입시장,수입액,미국|3304|242|242,13713,USD,UN Comtrade 공개 API,2026-09-30
2021-07,수입시장,수입액,미국|3304|504|504,15360,USD,UN Comtrade 공개 API,2026-09-30
2021-07,수입시장,수입액,미국|3304|748|748,76034,USD,UN Comtrade 공개 API,2026-09-30
2021-07,수입시장,수입액,미국|3304|320|320,128541,USD,UN Comtrade 공개 API,2026-09-30
2021-07,수입시장,수입액,미국|3304|788|788,4484,USD,UN Comtrade 공개 API,2026-09-30
2021-07,수입시장,수입액,미국|3304|804|우크라이나,15093,USD,UN Comtrade 공개 API,2026-09-30
2021-07,수입시장,수입액,미국|3304|807|807,2605,USD,UN Comtrade 공개 API,2026-09-30
2021-07,수입시장,수입액,미국|3304|533|533,94164,USD,UN Comtrade 공개 API,2026-09-30
2021-07,수입시장,수입액,미국|3304|784|UAE,1134007,USD,UN Comtrade 공개 API,2026-09-30
2021-07,수입시장,수입액,미국|3304|586|파키스탄,65826,USD,UN Comtrade 공개 API,2026-09-30
2021-07,수입시장,수입액,미국|3304|705|슬로베니아,176438,USD,UN Comtrade 공개 API,2026-09-30
2021-07,수입시장,수입액,미국|3304|566|나이지리아,15950,USD,UN Comtrade 공개 API,2026-09-30
2021-07,수입시장,수입액,미국|3304|591|591,17657,USD,UN Comtrade 공개 API,2026-09-30
2021-07,수입시장,수입액,미국|3304|288|288,84274,USD,UN Comtrade 공개 API,2026-09-30
2021-07,수입시장,수입액,미국|3304|300|그리스,853569,USD,UN Comtrade 공개 API,2026-09-30
2021-07,수입시장,수입액,미국|3304|352|352,35511,USD,UN Comtrade 공개 API,2026-09-30
2021-07,수입시장,수입액,미국|3304|404|404,5840,USD,UN Comtrade 공개 API,2026-09-30
2021-07,수입시장,수입액,미국|3304|442|룩셈부르크,719488,USD,UN Comtrade 공개 API,2026-09-30
2021-07,수입시장,수입액,미국|3304|480|480,41880,USD,UN Comtrade 공개 API,2026-09-30
2021-07,수입시장,수입액,미국|3304|384|384,213087,USD,UN Comtrade 공개 API,2026-09-30
2021-07,수입시장,수입액,미국|3304|388|388,9515,USD,UN Comtrade 공개 API,2026-09-30
2021-07,수입시장,수입액,미국|3304|332|332,13498,USD,UN Comtrade 공개 API,2026-09-30
2021-07,수입시장,수입액,미국|3304|440|리투아니아,22981,USD,UN Comtrade 공개 API,2026-09-30
2021-07,수입시장,수입액,미국|3304|818|이집트,5301,USD,UN Comtrade 공개 API,2026-09-30
2021-07,수입시장,수입액,미국|3304|579|노르웨이,2750,USD,UN Comtrade 공개 API,2026-09-30
2021-07,수입시장,수입액,미국|3304|32|아르헨티나,119012,USD,UN Comtrade 공개 API,2026-09-30
2021-07,수입시장,수입액,미국|3304|246|핀란드,10110,USD,UN Comtrade 공개 API,2026-09-30
2021-07,수입시장,수입액,미국|3304|344|홍콩,679853,USD,UN Comtrade 공개 API,2026-09-30
2021-07,수입시장,수입액,미국|3304|348|헝가리,6529664,USD,UN Comtrade 공개 API,2026-09-30
2021-07,수입시장,수입액,미국|3304|608|필리핀,79977,USD,UN Comtrade 공개 API,2026-09-30
2021-07,수입시장,수입액,미국|3304|702|싱가포르,242903,USD,UN Comtrade 공개 API,2026-09-30
2021-07,수입시장,수입액,미국|3304|214|214,324608,USD,UN Comtrade 공개 API,2026-09-30
2021-07,수입시장,수입액,미국|3304|554|뉴질랜드,1965757,USD,UN Comtrade 공개 API,2026-09-30
2021-07,수입시장,수입액,미국|3304|604|페루,10344,USD,UN Comtrade 공개 API,2026-09-30
2021-07,수입시장,수입액,미국|3304|620|포르투갈,16509,USD,UN Comtrade 공개 API,2026-09-30
2021-07,수입시장,수입액,미국|3304|710|남아공,5062404,USD,UN Comtrade 공개 API,2026-09-30
2021-07,수입시장,수입액,미국|3304|643|러시아,753071,USD,UN Comtrade 공개 API,2026-09-30
2021-07,수입시장,수입액,미국|3304|372|아일랜드,1344928,USD,UN Comtrade 공개 API,2026-09-30
2021-07,수입시장,수입액,미국|3304|203|체코,730911,USD,UN Comtrade 공개 API,2026-09-30
2021-07,수입시장,수입액,미국|3304|170|콜롬비아,1515325,USD,UN Comtrade 공개 API,2026-09-30
2021-07,수입시장,수입액,미국|3304|208|덴마크,116024,USD,UN Comtrade 공개 API,2026-09-30
2021-07,수입시장,수입액,미국|3304|360|인도네시아,84833,USD,UN Comtrade 공개 API,2026-09-30
2021-07,수입시장,수입액,미국|3304|458|말레이시아,617555,USD,UN Comtrade 공개 API,2026-09-30
2021-07,수입시장,수입액,미국|3304|376|이스라엘,3655697,USD,UN Comtrade 공개 API,2026-09-30
2021-07,수입시장,수입액,미국|3304|36|호주,4541489,USD,UN Comtrade 공개 API,2026-09-30
2021-07,수입시장,수입액,미국|3304|752|스웨덴,35127861,USD,UN Comtrade 공개 API,2026-09-30
2021-07,수입시장,수입액,미국|3304|616|폴란드,2960133,USD,UN Comtrade 공개 API,2026-09-30
2021-07,수입시장,수입액,미국|3304|757|스위스,9476669,USD,UN Comtrade 공개 API,2026-09-30
2021-07,수입시장,수입액,미국|3304|40|오스트리아,188031,USD,UN Comtrade 공개 API,2026-09-30
2021-07,수입시장,수입액,미국|3304|764|태국,3636574,USD,UN Comtrade 공개 API,2026-09-30
2021-07,수입시장,수입액,미국|3304|704|베트남,372819,USD,UN Comtrade 공개 API,2026-09-30
2021-07,수입시장,수입액,미국|3304|792|튀르키예,2601947,USD,UN Comtrade 공개 API,2026-09-30
2021-07,수입시장,수입액,미국|3304|56|벨기에,8862035,USD,UN Comtrade 공개 API,2026-09-30
2021-07,수입시장,수입액,미국|3304|76|브라질,306237,USD,UN Comtrade 공개 API,2026-09-30
2021-07,수입시장,수입액,미국|3304|490|대만,9229596,USD,UN Comtrade 공개 API,2026-09-30
2021-07,수입시장,수입액,미국|3304|410|한국,63630019,USD,UN Comtrade 공개 API,2026-09-30
2021-07,수입시장,수입액,미국|3304|528|네덜란드,909007,USD,UN Comtrade 공개 API,2026-09-30
2021-07,수입시장,수입액,미국|3304|724|스페인,5725053,USD,UN Comtrade 공개 API,2026-09-30
2021-07,수입시장,수입액,미국|3304|826|영국,26421324,USD,UN Comtrade 공개 API,2026-09-30
2021-07,수입시장,수입액,미국|3304|380|이탈리아,55539591,USD,UN Comtrade 공개 API,2026-09-30
2021-07,수입시장,수입액,미국|3304|392|일본,20246103,USD,UN Comtrade 공개 API,2026-09-30
2021-07,수입시장,수입액,미국|3304|251|프랑스,80155238,USD,UN Comtrade 공개 API,2026-09-30
2021-07,수입시장,수입액,미국|3304|699|인도,4982759,USD,UN Comtrade 공개 API,2026-09-30
2021-07,수입시장,수입액,미국|3304|276|독일,14803320,USD,UN Comtrade 공개 API,2026-09-30
2021-07,수입시장,수입액,미국|3304|484|멕시코,15476744,USD,UN Comtrade 공개 API,2026-09-30
2021-07,수입시장,수입액,미국|3304|156|중국,58551670,USD,UN Comtrade 공개 API,2026-09-30
2021-07,수입시장,수입액,미국|3304|124|캐나다,66419661,USD,UN Comtrade 공개 API,2026-09-30
2021-07,수입시장,수입액,미국|3304|0|전체,517971409,USD,UN Comtrade 공개 API,2026-09-30
2021-07,수입시장,수입액,미국|3304|400|요르단,4857,USD,UN Comtrade 공개 API,2026-09-30
2021-08,수입시장,수입액,미국|3304|428|라트비아,3088,USD,UN Comtrade 공개 API,2026-09-30
2021-08,수입시장,수입액,미국|3304|440|리투아니아,7629,USD,UN Comtrade 공개 API,2026-09-30
2021-08,수입시장,수입액,미국|3304|533|533,119502,USD,UN Comtrade 공개 API,2026-09-30
2021-08,수입시장,수입액,미국|3304|586|파키스탄,74310,USD,UN Comtrade 공개 API,2026-09-30
2021-08,수입시장,수입액,미국|3304|662|662,7675,USD,UN Comtrade 공개 API,2026-09-30
2021-08,수입시장,수입액,미국|3304|784|UAE,3322389,USD,UN Comtrade 공개 API,2026-09-30
2021-08,수입시장,수입액,미국|3304|352|352,95325,USD,UN Comtrade 공개 API,2026-09-30
2021-08,수입시장,수입액,미국|3304|384|384,293481,USD,UN Comtrade 공개 API,2026-09-30
2021-08,수입시장,수입액,미국|3304|388|388,2353,USD,UN Comtrade 공개 API,2026-09-30
2021-08,수입시장,수입액,미국|3304|442|룩셈부르크,1096221,USD,UN Comtrade 공개 API,2026-09-30
2021-08,수입시장,수입액,미국|3304|642|루마니아,12109,USD,UN Comtrade 공개 API,2026-09-30
2021-08,수입시장,수입액,미국|3304|688|세르비아,9965,USD,UN Comtrade 공개 API,2026-09-30
2021-08,수입시장,수입액,미국|3304|400|요르단,2939,USD,UN Comtrade 공개 API,2026-09-30
2021-08,수입시장,수입액,미국|3304|404|404,4658,USD,UN Comtrade 공개 API,2026-09-30
2021-08,수입시장,수입액,미국|3304|562|562,27268,USD,UN Comtrade 공개 API,2026-09-30
2021-08,수입시장,수입액,미국|3304|414|쿠웨이트,36939,USD,UN Comtrade 공개 API,2026-09-30
2021-08,수입시장,수입액,미국|3304|705|슬로베니아,89214,USD,UN Comtrade 공개 API,2026-09-30
2021-08,수입시장,수입액,미국|3304|716|716,3807,USD,UN Comtrade 공개 API,2026-09-30
2021-08,수입시장,수입액,미국|3304|748|748,37853,USD,UN Comtrade 공개 API,2026-09-30
2021-08,수입시장,수입액,미국|3304|800|800,6942,USD,UN Comtrade 공개 API,2026-09-30
2021-08,수입시장,수입액,미국|3304|804|우크라이나,40695,USD,UN Comtrade 공개 API,2026-09-30
2021-08,수입시장,수입액,미국|3304|144|스리랑카,295678,USD,UN Comtrade 공개 API,2026-09-30
2021-08,수입시장,수입액,미국|3304|288|288,71359,USD,UN Comtrade 공개 API,2026-09-30
2021-08,수입시장,수입액,미국|3304|300|그리스,990288,USD,UN Comtrade 공개 API,2026-09-30
2021-08,수입시장,수입액,미국|3304|120|120,4587,USD,UN Comtrade 공개 API,2026-09-30
2021-08,수입시장,수입액,미국|3304|50|방글라데시,19930,USD,UN Comtrade 공개 API,2026-09-30
2021-08,수입시장,수입액,미국|3304|100|불가리아,162658,USD,UN Comtrade 공개 API,2026-09-30
2021-08,수입시장,수입액,미국|3304|188|188,4182,USD,UN Comtrade 공개 API,2026-09-30
2021-08,수입시장,수입액,미국|3304|258|258,18597,USD,UN Comtrade 공개 API,2026-09-30
2021-08,수입시장,수입액,미국|3304|320|320,107835,USD,UN Comtrade 공개 API,2026-09-30
2021-08,수입시장,수입액,미국|3304|328|328,2345,USD,UN Comtrade 공개 API,2026-09-30
2021-08,수입시장,수입액,미국|3304|191|크로아티아,121326,USD,UN Comtrade 공개 API,2026-09-30
2021-08,수입시장,수입액,미국|3304|233|에스토니아,2521,USD,UN Comtrade 공개 API,2026-09-30
2021-08,수입시장,수입액,미국|3304|242|242,143326,USD,UN Comtrade 공개 API,2026-09-30
2021-08,수입시장,수입액,미국|3304|214|214,142438,USD,UN Comtrade 공개 API,2026-09-30
2021-08,수입시장,수입액,미국|3304|246|핀란드,124100,USD,UN Comtrade 공개 API,2026-09-30
2021-08,수입시장,수입액,미국|3304|554|뉴질랜드,801486,USD,UN Comtrade 공개 API,2026-09-30
2021-08,수입시장,수입액,미국|3304|348|헝가리,7230347,USD,UN Comtrade 공개 API,2026-09-30
2021-08,수입시장,수입액,미국|3304|344|홍콩,428574,USD,UN Comtrade 공개 API,2026-09-30
2021-08,수입시장,수입액,미국|3304|608|필리핀,148240,USD,UN Comtrade 공개 API,2026-09-30
2021-08,수입시장,수입액,미국|3304|702|싱가포르,10081,USD,UN Comtrade 공개 API,2026-09-30
2021-08,수입시장,수입액,미국|3304|620|포르투갈,62417,USD,UN Comtrade 공개 API,2026-09-30
2021-08,수입시장,수입액,미국|3304|604|페루,13483,USD,UN Comtrade 공개 API,2026-09-30
2021-08,수입시장,수입액,미국|3304|32|아르헨티나,312461,USD,UN Comtrade 공개 API,2026-09-30
2021-08,수입시장,수입액,미국|3304|372|아일랜드,2122458,USD,UN Comtrade 공개 API,2026-09-30
2021-08,수입시장,수입액,미국|3304|710|남아공,3026689,USD,UN Comtrade 공개 API,2026-09-30
2021-08,수입시장,수입액,미국|3304|208|덴마크,29361,USD,UN Comtrade 공개 API,2026-09-30
2021-08,수입시장,수입액,미국|3304|643|러시아,856010,USD,UN Comtrade 공개 API,2026-09-30
2021-08,수입시장,수입액,미국|3304|170|콜롬비아,1838664,USD,UN Comtrade 공개 API,2026-09-30
2021-08,수입시장,수입액,미국|3304|203|체코,655501,USD,UN Comtrade 공개 API,2026-09-30
2021-08,수입시장,수입액,미국|3304|360|인도네시아,176415,USD,UN Comtrade 공개 API,2026-09-30
2021-08,수입시장,수입액,미국|3304|36|호주,1660024,USD,UN Comtrade 공개 API,2026-09-30
2021-08,수입시장,수입액,미국|3304|752|스웨덴,22578510,USD,UN Comtrade 공개 API,2026-09-30
2021-08,수입시장,수입액,미국|3304|458|말레이시아,498913,USD,UN Comtrade 공개 API,2026-09-30
2021-08,수입시장,수입액,미국|3304|376|이스라엘,4855519,USD,UN Comtrade 공개 API,2026-09-30
2021-08,수입시장,수입액,미국|3304|616|폴란드,3512435,USD,UN Comtrade 공개 API,2026-09-30
2021-08,수입시장,수입액,미국|3304|40|오스트리아,145348,USD,UN Comtrade 공개 API,2026-09-30
2021-08,수입시장,수입액,미국|3304|757|스위스,6736461,USD,UN Comtrade 공개 API,2026-09-30
2021-08,수입시장,수입액,미국|3304|704|베트남,197486,USD,UN Comtrade 공개 API,2026-09-30
2021-08,수입시장,수입액,미국|3304|792|튀르키예,2521686,USD,UN Comtrade 공개 API,2026-09-30
2021-08,수입시장,수입액,미국|3304|764|태국,2821542,USD,UN Comtrade 공개 API,2026-09-30
2021-08,수입시장,수입액,미국|3304|56|벨기에,5353812,USD,UN Comtrade 공개 API,2026-09-30
2021-08,수입시장,수입액,미국|3304|76|브라질,425786,USD,UN Comtrade 공개 API,2026-09-30
2021-08,수입시장,수입액,미국|3304|528|네덜란드,397331,USD,UN Comtrade 공개 API,2026-09-30
2021-08,수입시장,수입액,미국|3304|490|대만,11447632,USD,UN Comtrade 공개 API,2026-09-30
2021-08,수입시장,수입액,미국|3304|724|스페인,4562717,USD,UN Comtrade 공개 API,2026-09-30
2021-08,수입시장,수입액,미국|3304|410|한국,67878942,USD,UN Comtrade 공개 API,2026-09-30
2021-08,수입시장,수입액,미국|3304|392|일본,17519413,USD,UN Comtrade 공개 API,2026-09-30
2021-08,수입시장,수입액,미국|3304|380|이탈리아,43976620,USD,UN Comtrade 공개 API,2026-09-30
2021-08,수입시장,수입액,미국|3304|251|프랑스,84538295,USD,UN Comtrade 공개 API,2026-09-30
2021-08,수입시장,수입액,미국|3304|826|영국,20860295,USD,UN Comtrade 공개 API,2026-09-30
2021-08,수입시장,수입액,미국|3304|699|인도,4581786,USD,UN Comtrade 공개 API,2026-09-30
2021-08,수입시장,수입액,미국|3304|276|독일,17203945,USD,UN Comtrade 공개 API,2026-09-30
2021-08,수입시장,수입액,미국|3304|484|멕시코,13618743,USD,UN Comtrade 공개 API,2026-09-30
2021-08,수입시장,수입액,미국|3304|156|중국,57256986,USD,UN Comtrade 공개 API,2026-09-30
2021-08,수입시장,수입액,미국|3304|124|캐나다,71417605,USD,UN Comtrade 공개 API,2026-09-30
2021-08,수입시장,수입액,미국|3304|0|전체,491785551,USD,UN Comtrade 공개 API,2026-09-30
2021-09,수입시장,수입액,미국|3304|242|242,204826,USD,UN Comtrade 공개 API,2026-09-30
2021-09,수입시장,수입액,미국|3304|422|레바논,9434,USD,UN Comtrade 공개 API,2026-09-30
2021-09,수입시장,수입액,미국|3304|586|파키스탄,28885,USD,UN Comtrade 공개 API,2026-09-30
2021-09,수입시장,수입액,미국|3304|50|방글라데시,13871,USD,UN Comtrade 공개 API,2026-09-30
2021-09,수입시장,수입액,미국|3304|352|352,112465,USD,UN Comtrade 공개 API,2026-09-30
2021-09,수입시장,수입액,미국|3304|531|531,4906,USD,UN Comtrade 공개 API,2026-09-30
2021-09,수입시장,수입액,미국|3304|784|UAE,871850,USD,UN Comtrade 공개 API,2026-09-30
2021-09,수입시장,수입액,미국|3304|662|662,5890,USD,UN Comtrade 공개 API,2026-09-30
2021-09,수입시장,수입액,미국|3304|566|나이지리아,3450,USD,UN Comtrade 공개 API,2026-09-30
2021-09,수입시장,수입액,미국|3304|440|리투아니아,16459,USD,UN Comtrade 공개 API,2026-09-30
2021-09,수입시장,수입액,미국|3304|218|218,13407,USD,UN Comtrade 공개 API,2026-09-30
2021-09,수입시장,수입액,미국|3304|800|800,14526,USD,UN Comtrade 공개 API,2026-09-30
2021-09,수입시장,수입액,미국|3304|642|루마니아,12474,USD,UN Comtrade 공개 API,2026-09-30
2021-09,수입시장,수입액,미국|3304|112|벨라루스,2412,USD,UN Comtrade 공개 API,2026-09-30
2021-09,수입시장,수입액,미국|3304|504|504,27842,USD,UN Comtrade 공개 API,2026-09-30
2021-09,수입시장,수입액,미국|3304|100|불가리아,30202,USD,UN Comtrade 공개 API,2026-09-30
2021-09,수입시장,수입액,미국|3304|780|780,20564,USD,UN Comtrade 공개 API,2026-09-30
2021-09,수입시장,수입액,미국|3304|288|288,56650,USD,UN Comtrade 공개 API,2026-09-30
2021-09,수입시장,수입액,미국|3304|705|슬로베니아,4426,USD,UN Comtrade 공개 API,2026-09-30
2021-09,수입시장,수입액,미국|3304|258|258,42315,USD,UN Comtrade 공개 API,2026-09-30
2021-09,수입시장,수입액,미국|3304|51|아르메니아,7969,USD,UN Comtrade 공개 API,2026-09-30
2021-09,수입시장,수입액,미국|3304|144|스리랑카,292285,USD,UN Comtrade 공개 API,2026-09-30
2021-09,수입시장,수입액,미국|3304|428|라트비아,5790,USD,UN Comtrade 공개 API,2026-09-30
2021-09,수입시장,수입액,미국|3304|807|807,5082,USD,UN Comtrade 공개 API,2026-09-30
2021-09,수입시장,수입액,미국|3304|450|450,2838,USD,UN Comtrade 공개 API,2026-09-30
2021-09,수입시장,수입액,미국|3304|300|그리스,1328738,USD,UN Comtrade 공개 API,2026-09-30
2021-09,수입시장,수입액,미국|3304|384|384,340430,USD,UN Comtrade 공개 API,2026-09-30
2021-09,수입시장,수입액,미국|3304|388|388,15603,USD,UN Comtrade 공개 API,2026-09-30
2021-09,수입시장,수입액,미국|3304|703|슬로바키아,7793,USD,UN Comtrade 공개 API,2026-09-30
2021-09,수입시장,수입액,미국|3304|320|320,19163,USD,UN Comtrade 공개 API,2026-09-30
2021-09,수입시장,수입액,미국|3304|533|533,21112,USD,UN Comtrade 공개 API,2026-09-30
2021-09,수입시장,수입액,미국|3304|688|세르비아,9659,USD,UN Comtrade 공개 API,2026-09-30
2021-09,수입시장,수입액,미국|3304|442|룩셈부르크,704180,USD,UN Comtrade 공개 API,2026-09-30
2021-09,수입시장,수입액,미국|3304|804|우크라이나,7786,USD,UN Comtrade 공개 API,2026-09-30
2021-09,수입시장,수입액,미국|3304|554|뉴질랜드,694382,USD,UN Comtrade 공개 API,2026-09-30
2021-09,수입시장,수입액,미국|3304|246|핀란드,19531,USD,UN Comtrade 공개 API,2026-09-30
2021-09,수입시장,수입액,미국|3304|608|필리핀,56762,USD,UN Comtrade 공개 API,2026-09-30
2021-09,수입시장,수입액,미국|3304|32|아르헨티나,96142,USD,UN Comtrade 공개 API,2026-09-30
2021-09,수입시장,수입액,미국|3304|620|포르투갈,105571,USD,UN Comtrade 공개 API,2026-09-30
2021-09,수입시장,수입액,미국|3304|348|헝가리,6283723,USD,UN Comtrade 공개 API,2026-09-30
2021-09,수입시장,수입액,미국|3304|344|홍콩,497559,USD,UN Comtrade 공개 API,2026-09-30
2021-09,수입시장,수입액,미국|3304|214|214,73342,USD,UN Comtrade 공개 API,2026-09-30
2021-09,수입시장,수입액,미국|3304|702|싱가포르,395017,USD,UN Comtrade 공개 API,2026-09-30
2021-09,수입시장,수입액,미국|3304|604|페루,6428,USD,UN Comtrade 공개 API,2026-09-30
2021-09,수입시장,수입액,미국|3304|710|남아공,3448821,USD,UN Comtrade 공개 API,2026-09-30
2021-09,수입시장,수입액,미국|3304|372|아일랜드,2391530,USD,UN Comtrade 공개 API,2026-09-30
2021-09,수입시장,수입액,미국|3304|170|콜롬비아,1459113,USD,UN Comtrade 공개 API,2026-09-30
2021-09,수입시장,수입액,미국|3304|643|러시아,928821,USD,UN Comtrade 공개 API,2026-09-30
2021-09,수입시장,수입액,미국|3304|203|체코,598304,USD,UN Comtrade 공개 API,2026-09-30
2021-09,수입시장,수입액,미국|3304|458|말레이시아,633036,USD,UN Comtrade 공개 API,2026-09-30
2021-09,수입시장,수입액,미국|3304|208|덴마크,139844,USD,UN Comtrade 공개 API,2026-09-30
2021-09,수입시장,수입액,미국|3304|360|인도네시아,309668,USD,UN Comtrade 공개 API,2026-09-30
2021-09,수입시장,수입액,미국|3304|36|호주,3132278,USD,UN Comtrade 공개 API,2026-09-30
2021-09,수입시장,수입액,미국|3304|376|이스라엘,4669741,USD,UN Comtrade 공개 API,2026-09-30
2021-09,수입시장,수입액,미국|3304|752|스웨덴,32251981,USD,UN Comtrade 공개 API,2026-09-30
2021-09,수입시장,수입액,미국|3304|40|오스트리아,249844,USD,UN Comtrade 공개 API,2026-09-30
2021-09,수입시장,수입액,미국|3304|616|폴란드,2582267,USD,UN Comtrade 공개 API,2026-09-30
2021-09,수입시장,수입액,미국|3304|757|스위스,6750370,USD,UN Comtrade 공개 API,2026-09-30
2021-09,수입시장,수입액,미국|3304|704|베트남,236050,USD,UN Comtrade 공개 API,2026-09-30
2021-09,수입시장,수입액,미국|3304|764|태국,3476651,USD,UN Comtrade 공개 API,2026-09-30
2021-09,수입시장,수입액,미국|3304|792|튀르키예,1348664,USD,UN Comtrade 공개 API,2026-09-30
2021-09,수입시장,수입액,미국|3304|56|벨기에,6992555,USD,UN Comtrade 공개 API,2026-09-30
2021-09,수입시장,수입액,미국|3304|76|브라질,461282,USD,UN Comtrade 공개 API,2026-09-30
2021-09,수입시장,수입액,미국|3304|528|네덜란드,730802,USD,UN Comtrade 공개 API,2026-09-30
2021-09,수입시장,수입액,미국|3304|490|대만,10478667,USD,UN Comtrade 공개 API,2026-09-30
2021-09,수입시장,수입액,미국|3304|724|스페인,4096338,USD,UN Comtrade 공개 API,2026-09-30
2021-09,수입시장,수입액,미국|3304|410|한국,69758417,USD,UN Comtrade 공개 API,2026-09-30
2021-09,수입시장,수입액,미국|3304|251|프랑스,99901603,USD,UN Comtrade 공개 API,2026-09-30
2021-09,수입시장,수입액,미국|3304|380|이탈리아,51598976,USD,UN Comtrade 공개 API,2026-09-30
2021-09,수입시장,수입액,미국|3304|392|일본,17112931,USD,UN Comtrade 공개 API,2026-09-30
2021-09,수입시장,수입액,미국|3304|826|영국,21462679,USD,UN Comtrade 공개 API,2026-09-30
2021-09,수입시장,수입액,미국|3304|276|독일,16950812,USD,UN Comtrade 공개 API,2026-09-30
2021-09,수입시장,수입액,미국|3304|699|인도,3624757,USD,UN Comtrade 공개 API,2026-09-30
2021-09,수입시장,수입액,미국|3304|484|멕시코,15697822,USD,UN Comtrade 공개 API,2026-09-30
2021-09,수입시장,수입액,미국|3304|156|중국,71224227,USD,UN Comtrade 공개 API,2026-09-30
2021-09,수입시장,수입액,미국|3304|124|캐나다,71246417,USD,UN Comtrade 공개 API,2026-09-30
2021-09,수입시장,수입액,미국|3304|0|전체,538439007,USD,UN Comtrade 공개 API,2026-09-30
2021-10,수입시장,수입액,미국|3304|116|캄보디아,707974,USD,UN Comtrade 공개 API,2026-09-30
2021-10,수입시장,수입액,미국|3304|388|388,53313,USD,UN Comtrade 공개 API,2026-09-30
2021-10,수입시장,수입액,미국|3304|100|불가리아,114566,USD,UN Comtrade 공개 API,2026-09-30
2021-10,수입시장,수입액,미국|3304|218|218,22987,USD,UN Comtrade 공개 API,2026-09-30
2021-10,수입시장,수입액,미국|3304|804|우크라이나,166906,USD,UN Comtrade 공개 API,2026-09-30
2021-10,수입시장,수입액,미국|3304|242|242,155694,USD,UN Comtrade 공개 API,2026-09-30
2021-10,수입시장,수입액,미국|3304|233|에스토니아,11613,USD,UN Comtrade 공개 API,2026-09-30
2021-10,수입시장,수입액,미국|3304|152|칠레,40898,USD,UN Comtrade 공개 API,2026-09-30
2021-10,수입시장,수입액,미국|3304|512|오만,3049,USD,UN Comtrade 공개 API,2026-09-30
2021-10,수입시장,수입액,미국|3304|548|548,10100,USD,UN Comtrade 공개 API,2026-09-30
2021-10,수입시장,수입액,미국|3304|470|몰타,129217,USD,UN Comtrade 공개 API,2026-09-30
2021-10,수입시장,수입액,미국|3304|566|나이지리아,73700,USD,UN Comtrade 공개 API,2026-09-30
2021-10,수입시장,수입액,미국|3304|705|슬로베니아,102919,USD,UN Comtrade 공개 API,2026-09-30
2021-10,수입시장,수입액,미국|3304|586|파키스탄,93158,USD,UN Comtrade 공개 API,2026-09-30
2021-10,수입시장,수입액,미국|3304|504|504,17903,USD,UN Comtrade 공개 API,2026-09-30
2021-10,수입시장,수입액,미국|3304|800|800,14928,USD,UN Comtrade 공개 API,2026-09-30
2021-10,수입시장,수입액,미국|3304|807|807,3809,USD,UN Comtrade 공개 API,2026-09-30
2021-10,수입시장,수입액,미국|3304|328|328,6510,USD,UN Comtrade 공개 API,2026-09-30
2021-10,수입시장,수입액,미국|3304|288|288,132079,USD,UN Comtrade 공개 API,2026-09-30
2021-10,수입시장,수입액,미국|3304|428|라트비아,3043,USD,UN Comtrade 공개 API,2026-09-30
2021-10,수입시장,수입액,미국|3304|384|384,348427,USD,UN Comtrade 공개 API,2026-09-30
2021-10,수입시장,수입액,미국|3304|51|아르메니아,3086,USD,UN Comtrade 공개 API,2026-09-30
2021-10,수입시장,수입액,미국|3304|784|UAE,1478801,USD,UN Comtrade 공개 API,2026-09-30
2021-10,수입시장,수입액,미국|3304|104|미얀마,3114,USD,UN Comtrade 공개 API,2026-09-30
2021-10,수입시장,수입액,미국|3304|858|858,261433,USD,UN Comtrade 공개 API,2026-09-30
2021-10,수입시장,수입액,미국|3304|862|862,14392,USD,UN Comtrade 공개 API,2026-09-30
2021-10,수입시장,수입액,미국|3304|642|루마니아,6886,USD,UN Comtrade 공개 API,2026-09-30
2021-10,수입시장,수입액,미국|3304|688|세르비아,17975,USD,UN Comtrade 공개 API,2026-09-30
2021-10,수입시장,수입액,미국|3304|300|그리스,1254247,USD,UN Comtrade 공개 API,2026-09-30
2021-10,수입시장,수입액,미국|3304|780|780,7536,USD,UN Comtrade 공개 API,2026-09-30
2021-10,수입시장,수입액,미국|3304|352|352,182865,USD,UN Comtrade 공개 API,2026-09-30
2021-10,수입시장,수입액,미국|3304|533|533,63095,USD,UN Comtrade 공개 API,2026-09-30
2021-10,수입시장,수입액,미국|3304|442|룩셈부르크,1504345,USD,UN Comtrade 공개 API,2026-09-30
2021-10,수입시장,수입액,미국|3304|222|222,4087,USD,UN Comtrade 공개 API,2026-09-30
2021-10,수입시장,수입액,미국|3304|188|188,8575,USD,UN Comtrade 공개 API,2026-09-30
2021-10,수입시장,수입액,미국|3304|608|필리핀,92572,USD,UN Comtrade 공개 API,2026-09-30
2021-10,수입시장,수입액,미국|3304|554|뉴질랜드,1527291,USD,UN Comtrade 공개 API,2026-09-30
2021-10,수입시장,수입액,미국|3304|214|214,468230,USD,UN Comtrade 공개 API,2026-09-30
2021-10,수입시장,수입액,미국|3304|246|핀란드,20395,USD,UN Comtrade 공개 API,2026-09-30
2021-10,수입시장,수입액,미국|3304|32|아르헨티나,116076,USD,UN Comtrade 공개 API,2026-09-30
2021-10,수입시장,수입액,미국|3304|348|헝가리,6278475,USD,UN Comtrade 공개 API,2026-09-30
2021-10,수입시장,수입액,미국|3304|344|홍콩,934608,USD,UN Comtrade 공개 API,2026-09-30
2021-10,수입시장,수입액,미국|3304|702|싱가포르,390245,USD,UN Comtrade 공개 API,2026-09-30
2021-10,수입시장,수입액,미국|3304|620|포르투갈,175940,USD,UN Comtrade 공개 API,2026-09-30
2021-10,수입시장,수입액,미국|3304|604|페루,11591,USD,UN Comtrade 공개 API,2026-09-30
2021-10,수입시장,수입액,미국|3304|643|러시아,1123960,USD,UN Comtrade 공개 API,2026-09-30
2021-10,수입시장,수입액,미국|3304|372|아일랜드,3253997,USD,UN Comtrade 공개 API,2026-09-30
2021-10,수입시장,수입액,미국|3304|203|체코,1053234,USD,UN Comtrade 공개 API,2026-09-30
2021-10,수입시장,수입액,미국|3304|170|콜롬비아,1747777,USD,UN Comtrade 공개 API,2026-09-30
2021-10,수입시장,수입액,미국|3304|710|남아공,1281061,USD,UN Comtrade 공개 API,2026-09-30
2021-10,수입시장,수입액,미국|3304|458|말레이시아,977101,USD,UN Comtrade 공개 API,2026-09-30
2021-10,수입시장,수입액,미국|3304|208|덴마크,138406,USD,UN Comtrade 공개 API,2026-09-30
2021-10,수입시장,수입액,미국|3304|360|인도네시아,185231,USD,UN Comtrade 공개 API,2026-09-30
2021-10,수입시장,수입액,미국|3304|376|이스라엘,3158052,USD,UN Comtrade 공개 API,2026-09-30
2021-10,수입시장,수입액,미국|3304|752|스웨덴,26331863,USD,UN Comtrade 공개 API,2026-09-30
2021-10,수입시장,수입액,미국|3304|40|오스트리아,195760,USD,UN Comtrade 공개 API,2026-09-30
2021-10,수입시장,수입액,미국|3304|36|호주,3091626,USD,UN Comtrade 공개 API,2026-09-30
2021-10,수입시장,수입액,미국|3304|616|폴란드,2507375,USD,UN Comtrade 공개 API,2026-09-30
2021-10,수입시장,수입액,미국|3304|704|베트남,57965,USD,UN Comtrade 공개 API,2026-09-30
2021-10,수입시장,수입액,미국|3304|757|스위스,6447996,USD,UN Comtrade 공개 API,2026-09-30
2021-10,수입시장,수입액,미국|3304|764|태국,9337147,USD,UN Comtrade 공개 API,2026-09-30
2021-10,수입시장,수입액,미국|3304|792|튀르키예,3909279,USD,UN Comtrade 공개 API,2026-09-30
2021-10,수입시장,수입액,미국|3304|76|브라질,566148,USD,UN Comtrade 공개 API,2026-09-30
2021-10,수입시장,수입액,미국|3304|56|벨기에,7679055,USD,UN Comtrade 공개 API,2026-09-30
2021-10,수입시장,수입액,미국|3304|528|네덜란드,464260,USD,UN Comtrade 공개 API,2026-09-30
2021-10,수입시장,수입액,미국|3304|392|일본,18339589,USD,UN Comtrade 공개 API,2026-09-30
2021-10,수입시장,수입액,미국|3304|490|대만,11368504,USD,UN Comtrade 공개 API,2026-09-30
2021-10,수입시장,수입액,미국|3304|724|스페인,4620538,USD,UN Comtrade 공개 API,2026-09-30
2021-10,수입시장,수입액,미국|3304|380|이탈리아,49593469,USD,UN Comtrade 공개 API,2026-09-30
2021-10,수입시장,수입액,미국|3304|410|한국,62135471,USD,UN Comtrade 공개 API,2026-09-30
2021-10,수입시장,수입액,미국|3304|826|영국,22814063,USD,UN Comtrade 공개 API,2026-09-30
2021-10,수입시장,수입액,미국|3304|251|프랑스,92405533,USD,UN Comtrade 공개 API,2026-09-30
2021-10,수입시장,수입액,미국|3304|276|독일,19401404,USD,UN Comtrade 공개 API,2026-09-30
2021-10,수입시장,수입액,미국|3304|699|인도,5450434,USD,UN Comtrade 공개 API,2026-09-30
2021-10,수입시장,수입액,미국|3304|484|멕시코,17184046,USD,UN Comtrade 공개 API,2026-09-30
2021-10,수입시장,수입액,미국|3304|124|캐나다,67227532,USD,UN Comtrade 공개 API,2026-09-30
2021-10,수입시장,수입액,미국|3304|156|중국,74013973,USD,UN Comtrade 공개 API,2026-09-30
2021-10,수입시장,수입액,미국|3304|0|전체,535108632,USD,UN Comtrade 공개 API,2026-09-30
2021-10,수입시장,수입액,미국|3304|60|60,2235,USD,UN Comtrade 공개 API,2026-09-30
2021-10,수입시장,수입액,미국|3304|818|이집트,5895,USD,UN Comtrade 공개 API,2026-09-30
2021-11,수입시장,수입액,미국|3304|784|UAE,897568,USD,UN Comtrade 공개 API,2026-09-30
2021-11,수입시장,수입액,미국|3304|705|슬로베니아,285254,USD,UN Comtrade 공개 API,2026-09-30
2021-11,수입시장,수입액,미국|3304|100|불가리아,30716,USD,UN Comtrade 공개 API,2026-09-30
2021-11,수입시장,수입액,미국|3304|218|218,28271,USD,UN Comtrade 공개 API,2026-09-30
2021-11,수입시장,수입액,미국|3304|800|800,7130,USD,UN Comtrade 공개 API,2026-09-30
2021-11,수입시장,수입액,미국|3304|804|우크라이나,38065,USD,UN Comtrade 공개 API,2026-09-30
2021-11,수입시장,수입액,미국|3304|422|레바논,21830,USD,UN Comtrade 공개 API,2026-09-30
2021-11,수입시장,수입액,미국|3304|703|슬로바키아,3828,USD,UN Comtrade 공개 API,2026-09-30
2021-11,수입시장,수입액,미국|3304|788|788,2295,USD,UN Comtrade 공개 API,2026-09-30
2021-11,수입시장,수입액,미국|3304|807|807,4411,USD,UN Comtrade 공개 API,2026-09-30
2021-11,수입시장,수입액,미국|3304|352|352,124072,USD,UN Comtrade 공개 API,2026-09-30
2021-11,수입시장,수입액,미국|3304|320|320,17068,USD,UN Comtrade 공개 API,2026-09-30
2021-11,수입시장,수입액,미국|3304|428|라트비아,3284,USD,UN Comtrade 공개 API,2026-09-30
2021-11,수입시장,수입액,미국|3304|440|리투아니아,5955,USD,UN Comtrade 공개 API,2026-09-30
2021-11,수입시장,수입액,미국|3304|50|방글라데시,13691,USD,UN Comtrade 공개 API,2026-09-30
2021-11,수입시장,수입액,미국|3304|188|188,10783,USD,UN Comtrade 공개 API,2026-09-30
2021-11,수입시장,수입액,미국|3304|400|요르단,41276,USD,UN Comtrade 공개 API,2026-09-30
2021-11,수입시장,수입액,미국|3304|404|404,39015,USD,UN Comtrade 공개 API,2026-09-30
2021-11,수입시장,수입액,미국|3304|288|288,142601,USD,UN Comtrade 공개 API,2026-09-30
2021-11,수입시장,수입액,미국|3304|384|384,408728,USD,UN Comtrade 공개 API,2026-09-30
2021-11,수입시장,수입액,미국|3304|442|룩셈부르크,1394538,USD,UN Comtrade 공개 API,2026-09-30
2021-11,수입시장,수입액,미국|3304|504|504,10340,USD,UN Comtrade 공개 API,2026-09-30
2021-11,수입시장,수입액,미국|3304|531|531,3800,USD,UN Comtrade 공개 API,2026-09-30
2021-11,수입시장,수입액,미국|3304|548|548,3824,USD,UN Comtrade 공개 API,2026-09-30
2021-11,수입시장,수입액,미국|3304|586|파키스탄,54505,USD,UN Comtrade 공개 API,2026-09-30
2021-11,수입시장,수입액,미국|3304|642|루마니아,16390,USD,UN Comtrade 공개 API,2026-09-30
2021-11,수입시장,수입액,미국|3304|566|나이지리아,12493,USD,UN Comtrade 공개 API,2026-09-30
2021-11,수입시장,수입액,미국|3304|116|캄보디아,38418,USD,UN Comtrade 공개 API,2026-09-30
2021-11,수입시장,수입액,미국|3304|120|120,3468,USD,UN Comtrade 공개 API,2026-09-30
2021-11,수입시장,수입액,미국|3304|152|칠레,476864,USD,UN Comtrade 공개 API,2026-09-30
2021-11,수입시장,수입액,미국|3304|191|크로아티아,10011,USD,UN Comtrade 공개 API,2026-09-30
2021-11,수입시장,수입액,미국|3304|300|그리스,611810,USD,UN Comtrade 공개 API,2026-09-30
2021-11,수입시장,수입액,미국|3304|554|뉴질랜드,1042908,USD,UN Comtrade 공개 API,2026-09-30
2021-11,수입시장,수입액,미국|3304|214|214,23324,USD,UN Comtrade 공개 API,2026-09-30
2021-11,수입시장,수입액,미국|3304|702|싱가포르,379842,USD,UN Comtrade 공개 API,2026-09-30
2021-11,수입시장,수입액,미국|3304|246|핀란드,44986,USD,UN Comtrade 공개 API,2026-09-30
2021-11,수입시장,수입액,미국|3304|348|헝가리,7205269,USD,UN Comtrade 공개 API,2026-09-30
2021-11,수입시장,수입액,미국|3304|32|아르헨티나,113708,USD,UN Comtrade 공개 API,2026-09-30
2021-11,수입시장,수입액,미국|3304|344|홍콩,117831,USD,UN Comtrade 공개 API,2026-09-30
2021-11,수입시장,수입액,미국|3304|608|필리핀,39310,USD,UN Comtrade 공개 API,2026-09-30
2021-11,수입시장,수입액,미국|3304|620|포르투갈,62481,USD,UN Comtrade 공개 API,2026-09-30
2021-11,수입시장,수입액,미국|3304|372|아일랜드,4844254,USD,UN Comtrade 공개 API,2026-09-30
2021-11,수입시장,수입액,미국|3304|643|러시아,1486825,USD,UN Comtrade 공개 API,2026-09-30
2021-11,수입시장,수입액,미국|3304|203|체코,778710,USD,UN Comtrade 공개 API,2026-09-30
2021-11,수입시장,수입액,미국|3304|710|남아공,4132115,USD,UN Comtrade 공개 API,2026-09-30
2021-11,수입시장,수입액,미국|3304|170|콜롬비아,1942749,USD,UN Comtrade 공개 API,2026-09-30
2021-11,수입시장,수입액,미국|3304|376|이스라엘,4107556,USD,UN Comtrade 공개 API,2026-09-30
2021-11,수입시장,수입액,미국|3304|208|덴마크,100415,USD,UN Comtrade 공개 API,2026-09-30
2021-11,수입시장,수입액,미국|3304|360|인도네시아,143769,USD,UN Comtrade 공개 API,2026-09-30
2021-11,수입시장,수입액,미국|3304|458|말레이시아,743196,USD,UN Comtrade 공개 API,2026-09-30
2021-11,수입시장,수입액,미국|3304|36|호주,2611954,USD,UN Comtrade 공개 API,2026-09-30
2021-11,수입시장,수입액,미국|3304|752|스웨덴,21099169,USD,UN Comtrade 공개 API,2026-09-30
2021-11,수입시장,수입액,미국|3304|40|오스트리아,158990,USD,UN Comtrade 공개 API,2026-09-30
2021-11,수입시장,수입액,미국|3304|757|스위스,9678282,USD,UN Comtrade 공개 API,2026-09-30
2021-11,수입시장,수입액,미국|3304|616|폴란드,2633001,USD,UN Comtrade 공개 API,2026-09-30
2021-11,수입시장,수입액,미국|3304|704|베트남,207188,USD,UN Comtrade 공개 API,2026-09-30
2021-11,수입시장,수입액,미국|3304|792|튀르키예,1646252,USD,UN Comtrade 공개 API,2026-09-30
2021-11,수입시장,수입액,미국|3304|764|태국,5061718,USD,UN Comtrade 공개 API,2026-09-30
2021-11,수입시장,수입액,미국|3304|56|벨기에,4373655,USD,UN Comtrade 공개 API,2026-09-30
2021-11,수입시장,수입액,미국|3304|490|대만,8586921,USD,UN Comtrade 공개 API,2026-09-30
2021-11,수입시장,수입액,미국|3304|76|브라질,343653,USD,UN Comtrade 공개 API,2026-09-30
2021-11,수입시장,수입액,미국|3304|528|네덜란드,425267,USD,UN Comtrade 공개 API,2026-09-30
2021-11,수입시장,수입액,미국|3304|410|한국,49530875,USD,UN Comtrade 공개 API,2026-09-30
2021-11,수입시장,수입액,미국|3304|724|스페인,5540313,USD,UN Comtrade 공개 API,2026-09-30
2021-11,수입시장,수입액,미국|3304|826|영국,28512199,USD,UN Comtrade 공개 API,2026-09-30
2021-11,수입시장,수입액,미국|3304|251|프랑스,79507471,USD,UN Comtrade 공개 API,2026-09-30
2021-11,수입시장,수입액,미국|3304|392|일본,13194099,USD,UN Comtrade 공개 API,2026-09-30
2021-11,수입시장,수입액,미국|3304|380|이탈리아,48734694,USD,UN Comtrade 공개 API,2026-09-30
2021-11,수입시장,수입액,미국|3304|699|인도,3735593,USD,UN Comtrade 공개 API,2026-09-30
2021-11,수입시장,수입액,미국|3304|276|독일,16939954,USD,UN Comtrade 공개 API,2026-09-30
2021-11,수입시장,수입액,미국|3304|156|중국,64361181,USD,UN Comtrade 공개 API,2026-09-30
2021-11,수입시장,수입액,미국|3304|484|멕시코,17344504,USD,UN Comtrade 공개 API,2026-09-30
2021-11,수입시장,수입액,미국|3304|124|캐나다,75759208,USD,UN Comtrade 공개 API,2026-09-30
2021-11,수입시장,수입액,미국|3304|0|전체,492057691,USD,UN Comtrade 공개 API,2026-09-30
2021-12,수입시장,수입액,미국|3304|116|캄보디아,269133,USD,UN Comtrade 공개 API,2026-09-30
2021-12,수입시장,수입액,미국|3304|586|파키스탄,35216,USD,UN Comtrade 공개 API,2026-09-30
2021-12,수입시장,수입액,미국|3304|458|말레이시아,721087,USD,UN Comtrade 공개 API,2026-09-30
2021-12,수입시장,수입액,미국|3304|642|루마니아,5145,USD,UN Comtrade 공개 API,2026-09-30
2021-12,수입시장,수입액,미국|3304|203|체코,827178,USD,UN Comtrade 공개 API,2026-09-30
2021-12,수입시장,수입액,미국|3304|608|필리핀,41620,USD,UN Comtrade 공개 API,2026-09-30
2021-12,수입시장,수입액,미국|3304|156|중국,47922653,USD,UN Comtrade 공개 API,2026-09-30
2021-12,수입시장,수입액,미국|3304|792|튀르키예,1809056,USD,UN Comtrade 공개 API,2026-09-30
2021-12,수입시장,수입액,미국|3304|499|499,42824,USD,UN Comtrade 공개 API,2026-09-30
2021-12,수입시장,수입액,미국|3304|442|룩셈부르크,966946,USD,UN Comtrade 공개 API,2026-09-30
2021-12,수입시장,수입액,미국|3304|616|폴란드,1827510,USD,UN Comtrade 공개 API,2026-09-30
2021-12,수입시장,수입액,미국|3304|36|호주,4905682,USD,UN Comtrade 공개 API,2026-09-30
2021-12,수입시장,수입액,미국|3304|566|나이지리아,12870,USD,UN Comtrade 공개 API,2026-09-30
2021-12,수입시장,수입액,미국|3304|384|384,227387,USD,UN Comtrade 공개 API,2026-09-30
2021-12,수입시장,수입액,미국|3304|688|세르비아,3862,USD,UN Comtrade 공개 API,2026-09-30
2021-12,수입시장,수입액,미국|3304|218|218,34133,USD,UN Comtrade 공개 API,2026-09-30
2021-12,수입시장,수입액,미국|3304|76|브라질,429777,USD,UN Comtrade 공개 API,2026-09-30
2021-12,수입시장,수입액,미국|3304|554|뉴질랜드,2382735,USD,UN Comtrade 공개 API,2026-09-30
2021-12,수입시장,수입액,미국|3304|144|스리랑카,97255,USD,UN Comtrade 공개 API,2026-09-30
2021-12,수입시장,수입액,미국|3304|288|288,98498,USD,UN Comtrade 공개 API,2026-09-30
2021-12,수입시장,수입액,미국|3304|620|포르투갈,38140,USD,UN Comtrade 공개 API,2026-09-30
2021-12,수입시장,수입액,미국|3304|392|일본,20245651,USD,UN Comtrade 공개 API,2026-09-30
2021-12,수입시장,수입액,미국|3304|100|불가리아,133120,USD,UN Comtrade 공개 API,2026-09-30
2021-12,수입시장,수입액,미국|3304|450|450,2738,USD,UN Comtrade 공개 API,2026-09-30
2021-12,수입시장,수입액,미국|3304|376|이스라엘,4279150,USD,UN Comtrade 공개 API,2026-09-30
2021-12,수입시장,수입액,미국|3304|704|베트남,517844,USD,UN Comtrade 공개 API,2026-09-30
2021-12,수입시장,수입액,미국|3304|404|404,40853,USD,UN Comtrade 공개 API,2026-09-30
2021-12,수입시장,수입액,미국|3304|51|아르메니아,13119,USD,UN Comtrade 공개 API,2026-09-30
2021-12,수입시장,수입액,미국|3304|50|방글라데시,28521,USD,UN Comtrade 공개 API,2026-09-30
2021-12,수입시장,수입액,미국|3304|214|214,4324,USD,UN Comtrade 공개 API,2026-09-30
2021-12,수입시장,수입액,미국|3304|764|태국,3333876,USD,UN Comtrade 공개 API,2026-09-30
2021-12,수입시장,수입액,미국|3304|643|러시아,753911,USD,UN Comtrade 공개 API,2026-09-30
2021-12,수입시장,수입액,미국|3304|724|스페인,4454186,USD,UN Comtrade 공개 API,2026-09-30
2021-12,수입시장,수입액,미국|3304|804|우크라이나,34380,USD,UN Comtrade 공개 API,2026-09-30
2021-12,수입시장,수입액,미국|3304|710|남아공,4806458,USD,UN Comtrade 공개 API,2026-09-30
2021-12,수입시장,수입액,미국|3304|470|몰타,15746,USD,UN Comtrade 공개 API,2026-09-30
2021-12,수입시장,수입액,미국|3304|702|싱가포르,128489,USD,UN Comtrade 공개 API,2026-09-30
2021-12,수입시장,수입액,미국|3304|484|멕시코,16127760,USD,UN Comtrade 공개 API,2026-09-30
2021-12,수입시장,수입액,미국|3304|826|영국,22713618,USD,UN Comtrade 공개 API,2026-09-30
2021-12,수입시장,수입액,미국|3304|372|아일랜드,4276511,USD,UN Comtrade 공개 API,2026-09-30
2021-12,수입시장,수입액,미국|3304|344|홍콩,733351,USD,UN Comtrade 공개 API,2026-09-30
2021-12,수입시장,수입액,미국|3304|388|388,15317,USD,UN Comtrade 공개 API,2026-09-30
2021-12,수입시장,수입액,미국|3304|300|그리스,936001,USD,UN Comtrade 공개 API,2026-09-30
2021-12,수입시장,수입액,미국|3304|360|인도네시아,495099,USD,UN Comtrade 공개 API,2026-09-30
2021-12,수입시장,수입액,미국|3304|504|504,35030,USD,UN Comtrade 공개 API,2026-09-30
2021-12,수입시장,수입액,미국|3304|348|헝가리,7559494,USD,UN Comtrade 공개 API,2026-09-30
2021-12,수입시장,수입액,미국|3304|32|아르헨티나,113625,USD,UN Comtrade 공개 API,2026-09-30
2021-12,수입시장,수입액,미국|3304|276|독일,21987687,USD,UN Comtrade 공개 API,2026-09-30
2021-12,수입시장,수입액,미국|3304|528|네덜란드,444108,USD,UN Comtrade 공개 API,2026-09-30
2021-12,수입시장,수입액,미국|3304|788|788,2925,USD,UN Comtrade 공개 API,2026-09-30
2021-12,수입시장,수입액,미국|3304|604|페루,10418,USD,UN Comtrade 공개 API,2026-09-30
2021-12,수입시장,수입액,미국|3304|208|덴마크,84669,USD,UN Comtrade 공개 API,2026-09-30
2021-12,수입시장,수입액,미국|3304|858|858,26553,USD,UN Comtrade 공개 API,2026-09-30
2021-12,수입시장,수입액,미국|3304|124|캐나다,70375313,USD,UN Comtrade 공개 API,2026-09-30
2021-12,수입시장,수입액,미국|3304|380|이탈리아,58653272,USD,UN Comtrade 공개 API,2026-09-30
2021-12,수입시장,수입액,미국|3304|400|요르단,2779,USD,UN Comtrade 공개 API,2026-09-30
2021-12,수입시장,수입액,미국|3304|170|콜롬비아,1707580,USD,UN Comtrade 공개 API,2026-09-30
2021-12,수입시장,수입액,미국|3304|246|핀란드,47538,USD,UN Comtrade 공개 API,2026-09-30
2021-12,수입시장,수입액,미국|3304|780|780,3970,USD,UN Comtrade 공개 API,2026-09-30
2021-12,수입시장,수입액,미국|3304|410|한국,55600354,USD,UN Comtrade 공개 API,2026-09-30
2021-12,수입시장,수입액,미국|3304|233|에스토니아,4063,USD,UN Comtrade 공개 API,2026-09-30
2021-12,수입시장,수입액,미국|3304|784|UAE,1022071,USD,UN Comtrade 공개 API,2026-09-30
2021-12,수입시장,수입액,미국|3304|152|칠레,26295,USD,UN Comtrade 공개 API,2026-09-30
2021-12,수입시장,수입액,미국|3304|268|조지아,2500,USD,UN Comtrade 공개 API,2026-09-30
2021-12,수입시장,수입액,미국|3304|40|오스트리아,291706,USD,UN Comtrade 공개 API,2026-09-30
2021-12,수입시장,수입액,미국|3304|56|벨기에,6693079,USD,UN Comtrade 공개 API,2026-09-30
2021-12,수입시장,수입액,미국|3304|752|스웨덴,21165066,USD,UN Comtrade 공개 API,2026-09-30
2021-12,수입시장,수입액,미국|3304|352|352,66790,USD,UN Comtrade 공개 API,2026-09-30
2021-12,수입시장,수입액,미국|3304|251|프랑스,85784432,USD,UN Comtrade 공개 API,2026-09-30
2021-12,수입시장,수입액,미국|3304|757|스위스,9189128,USD,UN Comtrade 공개 API,2026-09-30
2021-12,수입시장,수입액,미국|3304|699|인도,5885644,USD,UN Comtrade 공개 API,2026-09-30
2021-12,수입시장,수입액,미국|3304|490|대만,12906840,USD,UN Comtrade 공개 API,2026-09-30
2021-12,수입시장,수입액,미국|3304|579|노르웨이,8411,USD,UN Comtrade 공개 API,2026-09-30
2021-12,수입시장,수입액,미국|3304|0|전체,506490070,USD,UN Comtrade 공개 API,2026-09-30
2022-01,수입시장,수입액,미국|300249|0|전체,581950,USD,UN Comtrade 공개 API,2026-09-30
2022-01,수입시장,수입액,미국|300249|124|캐나다,67800,USD,UN Comtrade 공개 API,2026-09-30
2022-01,수입시장,수입액,미국|300249|203|체코,2101,USD,UN Comtrade 공개 API,2026-09-30
2022-01,수입시장,수입액,미국|300249|699|인도,60250,USD,UN Comtrade 공개 API,2026-09-30
2022-01,수입시장,수입액,미국|300249|724|스페인,427187,USD,UN Comtrade 공개 API,2026-09-30
2022-01,수입시장,수입액,미국|300249|156|중국,15358,USD,UN Comtrade 공개 API,2026-09-30
2022-01,수입시장,수입액,미국|300249|372|아일랜드,9254,USD,UN Comtrade 공개 API,2026-09-30
2022-01,수입시장,수입액,미국|3304|340|340,6474,USD,UN Comtrade 공개 API,2026-09-30
2022-01,수입시장,수입액,미국|3304|246|핀란드,38289,USD,UN Comtrade 공개 API,2026-09-30
2022-01,수입시장,수입액,미국|3304|50|방글라데시,10560,USD,UN Comtrade 공개 API,2026-09-30
2022-01,수입시장,수입액,미국|3304|170|콜롬비아,982998,USD,UN Comtrade 공개 API,2026-09-30
2022-01,수입시장,수입액,미국|3304|428|라트비아,3198,USD,UN Comtrade 공개 API,2026-09-30
2022-01,수입시장,수입액,미국|3304|352|352,131706,USD,UN Comtrade 공개 API,2026-09-30
2022-01,수입시장,수입액,미국|3304|608|필리핀,41739,USD,UN Comtrade 공개 API,2026-09-30
2022-01,수입시장,수입액,미국|3304|826|영국,20083440,USD,UN Comtrade 공개 API,2026-09-30
2022-01,수입시장,수입액,미국|3304|76|브라질,620575,USD,UN Comtrade 공개 API,2026-09-30
2022-01,수입시장,수입액,미국|3304|120|120,11951,USD,UN Comtrade 공개 API,2026-09-30
2022-01,수입시장,수입액,미국|3304|276|독일,13322850,USD,UN Comtrade 공개 API,2026-09-30
2022-01,수입시장,수입액,미국|3304|404|404,45232,USD,UN Comtrade 공개 API,2026-09-30
2022-01,수입시장,수입액,미국|3304|528|네덜란드,637425,USD,UN Comtrade 공개 API,2026-09-30
2022-01,수입시장,수입액,미국|3304|422|레바논,4359,USD,UN Comtrade 공개 API,2026-09-30
2022-01,수입시장,수입액,미국|3304|0|전체,444600511,USD,UN Comtrade 공개 API,2026-09-30
2022-01,수입시장,수입액,미국|3304|792|튀르키예,3953150,USD,UN Comtrade 공개 API,2026-09-30
2022-01,수입시장,수입액,미국|3304|752|스웨덴,21321434,USD,UN Comtrade 공개 API,2026-09-30
2022-01,수입시장,수입액,미국|3304|324|324,2669,USD,UN Comtrade 공개 API,2026-09-30
2022-01,수입시장,수입액,미국|3304|348|헝가리,5454595,USD,UN Comtrade 공개 API,2026-09-30
2022-01,수입시장,수입액,미국|3304|702|싱가포르,189602,USD,UN Comtrade 공개 API,2026-09-30
2022-01,수입시장,수입액,미국|3304|392|일본,25790740,USD,UN Comtrade 공개 API,2026-09-30
2022-01,수입시장,수입액,미국|3304|191|크로아티아,99708,USD,UN Comtrade 공개 API,2026-09-30
2022-01,수입시장,수입액,미국|3304|620|포르투갈,62407,USD,UN Comtrade 공개 API,2026-09-30
2022-01,수입시장,수입액,미국|3304|724|스페인,4467440,USD,UN Comtrade 공개 API,2026-09-30
2022-01,수입시장,수입액,미국|3304|360|인도네시아,199882,USD,UN Comtrade 공개 API,2026-09-30
2022-01,수입시장,수입액,미국|3304|251|프랑스,54588391,USD,UN Comtrade 공개 API,2026-09-30
2022-01,수입시장,수입액,미국|3304|56|벨기에,5165201,USD,UN Comtrade 공개 API,2026-09-30
2022-01,수입시장,수입액,미국|3304|51|아르메니아,4209,USD,UN Comtrade 공개 API,2026-09-30
2022-01,수입시장,수입액,미국|3304|784|UAE,539173,USD,UN Comtrade 공개 API,2026-09-30
2022-01,수입시장,수입액,미국|3304|376|이스라엘,3393609,USD,UN Comtrade 공개 API,2026-09-30
2022-01,수입시장,수입액,미국|3304|800|800,4930,USD,UN Comtrade 공개 API,2026-09-30
2022-01,수입시장,수입액,미국|3304|616|폴란드,2457145,USD,UN Comtrade 공개 API,2026-09-30
2022-01,수입시장,수입액,미국|3304|384|384,186296,USD,UN Comtrade 공개 API,2026-09-30
2022-01,수입시장,수입액,미국|3304|380|이탈리아,49822683,USD,UN Comtrade 공개 API,2026-09-30
2022-01,수입시장,수입액,미국|3304|288|288,64426,USD,UN Comtrade 공개 API,2026-09-30
2022-01,수입시장,수입액,미국|3304|400|요르단,10092,USD,UN Comtrade 공개 API,2026-09-30
2022-01,수입시장,수입액,미국|3304|32|아르헨티나,226699,USD,UN Comtrade 공개 API,2026-09-30
2022-01,수입시장,수입액,미국|3304|116|캄보디아,348357,USD,UN Comtrade 공개 API,2026-09-30
2022-01,수입시장,수입액,미국|3304|268|조지아,76692,USD,UN Comtrade 공개 API,2026-09-30
2022-01,수입시장,수입액,미국|3304|699|인도,4982400,USD,UN Comtrade 공개 API,2026-09-30
2022-01,수입시장,수입액,미국|3304|484|멕시코,14526861,USD,UN Comtrade 공개 API,2026-09-30
2022-01,수입시장,수입액,미국|3304|757|스위스,4486468,USD,UN Comtrade 공개 API,2026-09-30
2022-01,수입시장,수입액,미국|3304|372|아일랜드,2799132,USD,UN Comtrade 공개 API,2026-09-30
2022-01,수입시장,수입액,미국|3304|100|불가리아,43081,USD,UN Comtrade 공개 API,2026-09-30
2022-01,수입시장,수입액,미국|3304|208|덴마크,36252,USD,UN Comtrade 공개 API,2026-09-30
2022-01,수입시장,수입액,미국|3304|470|몰타,19616,USD,UN Comtrade 공개 API,2026-09-30
2022-01,수입시장,수입액,미국|3304|480|480,3996,USD,UN Comtrade 공개 API,2026-09-30
2022-01,수입시장,수입액,미국|3304|40|오스트리아,73193,USD,UN Comtrade 공개 API,2026-09-30
2022-01,수입시장,수입액,미국|3304|203|체코,676494,USD,UN Comtrade 공개 API,2026-09-30
2022-01,수입시장,수입액,미국|3304|233|에스토니아,21674,USD,UN Comtrade 공개 API,2026-09-30
2022-01,수입시장,수입액,미국|3304|300|그리스,441682,USD,UN Comtrade 공개 API,2026-09-30
2022-01,수입시장,수입액,미국|3304|442|룩셈부르크,1024114,USD,UN Comtrade 공개 API,2026-09-30
2022-01,수입시장,수입액,미국|3304|704|베트남,653355,USD,UN Comtrade 공개 API,2026-09-30
2022-01,수입시장,수입액,미국|3304|36|호주,3188936,USD,UN Comtrade 공개 API,2026-09-30
2022-01,수입시장,수입액,미국|3304|490|대만,8704833,USD,UN Comtrade 공개 API,2026-09-30
2022-01,수입시장,수입액,미국|3304|218|218,14113,USD,UN Comtrade 공개 API,2026-09-30
2022-01,수입시장,수입액,미국|3304|764|태국,3370111,USD,UN Comtrade 공개 API,2026-09-30
2022-01,수입시장,수입액,미국|3304|410|한국,61414358,USD,UN Comtrade 공개 API,2026-09-30
2022-01,수입시장,수입액,미국|3304|586|파키스탄,2905,USD,UN Comtrade 공개 API,2026-09-30
2022-01,수입시장,수입액,미국|3304|604|페루,3769,USD,UN Comtrade 공개 API,2026-09-30
2022-01,수입시장,수입액,미국|3304|591|591,19877,USD,UN Comtrade 공개 API,2026-09-30
2022-01,수입시장,수입액,미국|3304|124|캐나다,67384099,USD,UN Comtrade 공개 API,2026-09-30
2022-01,수입시장,수입액,미국|3304|344|홍콩,398488,USD,UN Comtrade 공개 API,2026-09-30
2022-01,수입시장,수입액,미국|3304|643|러시아,1036098,USD,UN Comtrade 공개 API,2026-09-30
2022-01,수입시장,수입액,미국|3304|458|말레이시아,877693,USD,UN Comtrade 공개 API,2026-09-30
2022-01,수입시장,수입액,미국|3304|533|533,19652,USD,UN Comtrade 공개 API,2026-09-30
2022-01,수입시장,수입액,미국|3304|710|남아공,3719914,USD,UN Comtrade 공개 API,2026-09-30
2022-01,수입시장,수입액,미국|3304|804|우크라이나,29939,USD,UN Comtrade 공개 API,2026-09-30
2022-01,수입시장,수입액,미국|3304|554|뉴질랜드,3017600,USD,UN Comtrade 공개 API,2026-09-30
2022-01,수입시장,수입액,미국|3304|156|중국,47141146,USD,UN Comtrade 공개 API,2026-09-30
2022-01,수입시장,수입액,미국|3304|504|504,3124,USD,UN Comtrade 공개 API,2026-09-30
2022-01,수입시장,수입액,미국|3304|144|스리랑카,95212,USD,UN Comtrade 공개 API,2026-09-30
2022-02,수입시장,수입액,미국|3304|616|폴란드,1692324,USD,UN Comtrade 공개 API,2026-09-30
2022-02,수입시장,수입액,미국|3304|591|591,10519,USD,UN Comtrade 공개 API,2026-09-30
2022-02,수입시장,수입액,미국|3304|490|대만,9505439,USD,UN Comtrade 공개 API,2026-09-30
2022-02,수입시장,수입액,미국|3304|702|싱가포르,135480,USD,UN Comtrade 공개 API,2026-09-30
2022-02,수입시장,수입액,미국|3304|376|이스라엘,2903983,USD,UN Comtrade 공개 API,2026-09-30
2022-02,수입시장,수입액,미국|3304|380|이탈리아,51964361,USD,UN Comtrade 공개 API,2026-09-30
2022-02,수입시장,수입액,미국|3304|764|태국,2013638,USD,UN Comtrade 공개 API,2026-09-30
2022-02,수입시장,수입액,미국|3304|608|필리핀,57292,USD,UN Comtrade 공개 API,2026-09-30
2022-02,수입시장,수입액,미국|3304|208|덴마크,103559,USD,UN Comtrade 공개 API,2026-09-30
2022-02,수입시장,수입액,미국|3304|50|방글라데시,8723,USD,UN Comtrade 공개 API,2026-09-30
2022-02,수입시장,수입액,미국|3304|422|레바논,5092,USD,UN Comtrade 공개 API,2026-09-30
2022-02,수입시장,수입액,미국|3304|360|인도네시아,317829,USD,UN Comtrade 공개 API,2026-09-30
2022-02,수입시장,수입액,미국|3304|566|나이지리아,7198,USD,UN Comtrade 공개 API,2026-09-30
2022-02,수입시장,수입액,미국|3304|170|콜롬비아,860695,USD,UN Comtrade 공개 API,2026-09-30
2022-02,수입시장,수입액,미국|3304|320|320,175267,USD,UN Comtrade 공개 API,2026-09-30
2022-02,수입시장,수입액,미국|3304|428|라트비아,5956,USD,UN Comtrade 공개 API,2026-09-30
2022-02,수입시장,수입액,미국|3304|100|불가리아,49199,USD,UN Comtrade 공개 API,2026-09-30
2022-02,수입시장,수입액,미국|3304|344|홍콩,3021106,USD,UN Comtrade 공개 API,2026-09-30
2022-02,수입시장,수입액,미국|3304|410|한국,62976467,USD,UN Comtrade 공개 API,2026-09-30
2022-02,수입시장,수입액,미국|3304|788|788,2125,USD,UN Comtrade 공개 API,2026-09-30
2022-02,수입시장,수입액,미국|3304|214|214,39674,USD,UN Comtrade 공개 API,2026-09-30
2022-02,수입시장,수입액,미국|3304|124|캐나다,60074558,USD,UN Comtrade 공개 API,2026-09-30
2022-02,수입시장,수입액,미국|3304|300|그리스,888309,USD,UN Comtrade 공개 API,2026-09-30
2022-02,수입시장,수입액,미국|3304|554|뉴질랜드,933678,USD,UN Comtrade 공개 API,2026-09-30
2022-02,수입시장,수입액,미국|3304|36|호주,2382370,USD,UN Comtrade 공개 API,2026-09-30
2022-02,수입시장,수입액,미국|3304|705|슬로베니아,165174,USD,UN Comtrade 공개 API,2026-09-30
2022-02,수입시장,수입액,미국|3304|251|프랑스,73536334,USD,UN Comtrade 공개 API,2026-09-30
2022-02,수입시장,수입액,미국|3304|604|페루,3554,USD,UN Comtrade 공개 API,2026-09-30
2022-02,수입시장,수입액,미국|3304|724|스페인,5464264,USD,UN Comtrade 공개 API,2026-09-30
2022-02,수입시장,수입액,미국|3304|757|스위스,12329972,USD,UN Comtrade 공개 API,2026-09-30
2022-02,수입시장,수입액,미국|3304|834|834,5169,USD,UN Comtrade 공개 API,2026-09-30
2022-02,수입시장,수입액,미국|3304|704|베트남,473550,USD,UN Comtrade 공개 API,2026-09-30
2022-02,수입시장,수입액,미국|3304|56|벨기에,3988138,USD,UN Comtrade 공개 API,2026-09-30
2022-02,수입시장,수입액,미국|3304|826|영국,18701932,USD,UN Comtrade 공개 API,2026-09-30
2022-02,수입시장,수입액,미국|3304|620|포르투갈,81058,USD,UN Comtrade 공개 API,2026-09-30
2022-02,수입시장,수입액,미국|3304|643|러시아,786443,USD,UN Comtrade 공개 API,2026-09-30
2022-02,수입시장,수입액,미국|3304|792|튀르키예,1979029,USD,UN Comtrade 공개 API,2026-09-30
2022-02,수입시장,수입액,미국|3304|384|384,292011,USD,UN Comtrade 공개 API,2026-09-30
2022-02,수입시장,수입액,미국|3304|0|전체,437903240,USD,UN Comtrade 공개 API,2026-09-30
2022-02,수입시장,수입액,미국|3304|784|UAE,607673,USD,UN Comtrade 공개 API,2026-09-30
2022-02,수입시장,수입액,미국|3304|470|몰타,97019,USD,UN Comtrade 공개 API,2026-09-30
2022-02,수입시장,수입액,미국|3304|270|270,28794,USD,UN Comtrade 공개 API,2026-09-30
2022-02,수입시장,수입액,미국|3304|688|세르비아,3763,USD,UN Comtrade 공개 API,2026-09-30
2022-02,수입시장,수입액,미국|3304|752|스웨덴,16840259,USD,UN Comtrade 공개 API,2026-09-30
2022-02,수입시장,수입액,미국|3304|203|체코,565632,USD,UN Comtrade 공개 API,2026-09-30
2022-02,수입시장,수입액,미국|3304|40|오스트리아,191767,USD,UN Comtrade 공개 API,2026-09-30
2022-02,수입시장,수입액,미국|3304|699|인도,3025383,USD,UN Comtrade 공개 API,2026-09-30
2022-02,수입시장,수입액,미국|3304|586|파키스탄,22513,USD,UN Comtrade 공개 API,2026-09-30
2022-02,수입시장,수입액,미국|3304|442|룩셈부르크,334504,USD,UN Comtrade 공개 API,2026-09-30
2022-02,수입시장,수입액,미국|3304|276|독일,11828194,USD,UN Comtrade 공개 API,2026-09-30
2022-02,수입시장,수입액,미국|3304|496|몽골,2740,USD,UN Comtrade 공개 API,2026-09-30
2022-02,수입시장,수입액,미국|3304|268|조지아,66198,USD,UN Comtrade 공개 API,2026-09-30
2022-02,수입시장,수입액,미국|3304|120|120,2401,USD,UN Comtrade 공개 API,2026-09-30
2022-02,수입시장,수입액,미국|3304|288|288,44508,USD,UN Comtrade 공개 API,2026-09-30
2022-02,수입시장,수입액,미국|3304|858|858,197888,USD,UN Comtrade 공개 API,2026-09-30
2022-02,수입시장,수입액,미국|3304|191|크로아티아,39765,USD,UN Comtrade 공개 API,2026-09-30
2022-02,수입시장,수입액,미국|3304|76|브라질,417570,USD,UN Comtrade 공개 API,2026-09-30
2022-02,수입시장,수입액,미국|3304|484|멕시코,14209063,USD,UN Comtrade 공개 API,2026-09-30
2022-02,수입시장,수입액,미국|3304|404|404,17466,USD,UN Comtrade 공개 API,2026-09-30
2022-02,수입시장,수입액,미국|3304|528|네덜란드,324091,USD,UN Comtrade 공개 API,2026-09-30
2022-02,수입시장,수입액,미국|3304|332|332,4928,USD,UN Comtrade 공개 API,2026-09-30
2022-02,수입시장,수입액,미국|3304|32|아르헨티나,278115,USD,UN Comtrade 공개 API,2026-09-30
2022-02,수입시장,수입액,미국|3304|533|533,43996,USD,UN Comtrade 공개 API,2026-09-30
2022-02,수입시장,수입액,미국|3304|531|531,6712,USD,UN Comtrade 공개 API,2026-09-30
2022-02,수입시장,수입액,미국|3304|804|우크라이나,15128,USD,UN Comtrade 공개 API,2026-09-30
2022-02,수입시장,수입액,미국|3304|458|말레이시아,568080,USD,UN Comtrade 공개 API,2026-09-30
2022-02,수입시장,수입액,미국|3304|504|504,15548,USD,UN Comtrade 공개 API,2026-09-30
2022-02,수입시장,수입액,미국|3304|642|루마니아,6078,USD,UN Comtrade 공개 API,2026-09-30
2022-02,수입시장,수입액,미국|3304|807|807,3709,USD,UN Comtrade 공개 API,2026-09-30
2022-02,수입시장,수입액,미국|3304|218|218,11765,USD,UN Comtrade 공개 API,2026-09-30
2022-02,수입시장,수입액,미국|3304|400|요르단,4786,USD,UN Comtrade 공개 API,2026-09-30
2022-02,수입시장,수입액,미국|3304|800|800,12170,USD,UN Comtrade 공개 API,2026-09-30
2022-02,수입시장,수입액,미국|3304|372|아일랜드,1438459,USD,UN Comtrade 공개 API,2026-09-30
2022-02,수입시장,수입액,미국|3304|352|352,148122,USD,UN Comtrade 공개 API,2026-09-30
2022-02,수입시장,수입액,미국|3304|348|헝가리,6270392,USD,UN Comtrade 공개 API,2026-09-30
2022-02,수입시장,수입액,미국|3304|392|일본,18417300,USD,UN Comtrade 공개 API,2026-09-30
2022-02,수입시장,수입액,미국|3304|710|남아공,2649496,USD,UN Comtrade 공개 API,2026-09-30
2022-02,수입시장,수입액,미국|3304|156|중국,40966903,USD,UN Comtrade 공개 API,2026-09-30
2022-02,수입시장,수입액,미국|3304|246|핀란드,81243,USD,UN Comtrade 공개 API,2026-09-30
2022-02,수입시장,수입액,미국|3304|242|242,127430,USD,UN Comtrade 공개 API,2026-09-30
2022-02,수입시장,수입액,미국|3304|440|리투아니아,24220,USD,UN Comtrade 공개 API,2026-09-30
2022-02,수입시장,수입액,미국|300249|380|이탈리아,32652,USD,UN Comtrade 공개 API,2026-09-30
2022-02,수입시장,수입액,미국|300249|251|프랑스,924670,USD,UN Comtrade 공개 API,2026-09-30
2022-02,수입시장,수입액,미국|300249|376|이스라엘,3360,USD,UN Comtrade 공개 API,2026-09-30
2022-02,수입시장,수입액,미국|300249|36|호주,52271,USD,UN Comtrade 공개 API,2026-09-30
2022-02,수입시장,수입액,미국|300249|208|덴마크,3454,USD,UN Comtrade 공개 API,2026-09-30
2022-02,수입시장,수입액,미국|300249|528|네덜란드,10371,USD,UN Comtrade 공개 API,2026-09-30
2022-02,수입시장,수입액,미국|300249|392|일본,4000,USD,UN Comtrade 공개 API,2026-09-30
2022-02,수입시장,수입액,미국|300249|40|오스트리아,3294,USD,UN Comtrade 공개 API,2026-09-30
2022-02,수입시장,수입액,미국|300249|826|영국,12156,USD,UN Comtrade 공개 API,2026-09-30
2022-02,수입시장,수입액,미국|300249|372|아일랜드,9212,USD,UN Comtrade 공개 API,2026-09-30
2022-02,수입시장,수입액,미국|300249|752|스웨덴,75503,USD,UN Comtrade 공개 API,2026-09-30
2022-02,수입시장,수입액,미국|300249|699|인도,120098,USD,UN Comtrade 공개 API,2026-09-30
2022-02,수입시장,수입액,미국|300249|410|한국,2732176,USD,UN Comtrade 공개 API,2026-09-30
2022-02,수입시장,수입액,미국|300249|124|캐나다,879807,USD,UN Comtrade 공개 API,2026-09-30
2022-02,수입시장,수입액,미국|300249|0|전체,6995015,USD,UN Comtrade 공개 API,2026-09-30
2022-02,수입시장,수입액,미국|300249|484|멕시코,105000,USD,UN Comtrade 공개 API,2026-09-30
2022-02,수입시장,수입액,미국|300249|757|스위스,3971,USD,UN Comtrade 공개 API,2026-09-30
2022-02,수입시장,수입액,미국|300249|276|독일,1821469,USD,UN Comtrade 공개 API,2026-09-30
2022-02,수입시장,수입액,미국|300249|156|중국,201551,USD,UN Comtrade 공개 API,2026-09-30
2022-03,수입시장,수입액,미국|300249|858|858,131343,USD,UN Comtrade 공개 API,2026-09-30
2022-03,수입시장,수입액,미국|300249|380|이탈리아,67526,USD,UN Comtrade 공개 API,2026-09-30
2022-03,수입시장,수입액,미국|300249|156|중국,405207,USD,UN Comtrade 공개 API,2026-09-30
2022-03,수입시장,수입액,미국|300249|208|덴마크,133288,USD,UN Comtrade 공개 API,2026-09-30
2022-03,수입시장,수입액,미국|300249|251|프랑스,1037391,USD,UN Comtrade 공개 API,2026-09-30
2022-03,수입시장,수입액,미국|300249|56|벨기에,244499,USD,UN Comtrade 공개 API,2026-09-30
2022-03,수입시장,수입액,미국|300249|124|캐나다,1295558,USD,UN Comtrade 공개 API,2026-09-30
2022-03,수입시장,수입액,미국|300249|484|멕시코,157200,USD,UN Comtrade 공개 API,2026-09-30
2022-03,수입시장,수입액,미국|300249|528|네덜란드,45458,USD,UN Comtrade 공개 API,2026-09-30
2022-03,수입시장,수입액,미국|300249|0|전체,23653933,USD,UN Comtrade 공개 API,2026-09-30
2022-03,수입시장,수입액,미국|300249|757|스위스,204387,USD,UN Comtrade 공개 API,2026-09-30
2022-03,수입시장,수입액,미국|300249|699|인도,153103,USD,UN Comtrade 공개 API,2026-09-30
2022-03,수입시장,수입액,미국|300249|826|영국,2818755,USD,UN Comtrade 공개 API,2026-09-30
2022-03,수입시장,수입액,미국|300249|376|이스라엘,124340,USD,UN Comtrade 공개 API,2026-09-30
2022-03,수입시장,수입액,미국|300249|372|아일랜드,9439986,USD,UN Comtrade 공개 API,2026-09-30
2022-03,수입시장,수입액,미국|300249|724|스페인,11874,USD,UN Comtrade 공개 API,2026-09-30
2022-03,수입시장,수입액,미국|300249|752|스웨덴,1796631,USD,UN Comtrade 공개 API,2026-09-30
2022-03,수입시장,수입액,미국|300249|40|오스트리아,23187,USD,UN Comtrade 공개 API,2026-09-30
2022-03,수입시장,수입액,미국|300249|410|한국,4219419,USD,UN Comtrade 공개 API,2026-09-30
2022-03,수입시장,수입액,미국|300249|276|독일,1344781,USD,UN Comtrade 공개 API,2026-09-30
2022-03,수입시장,수입액,미국|3304|388|388,13791,USD,UN Comtrade 공개 API,2026-09-30
2022-03,수입시장,수입액,미국|3304|554|뉴질랜드,1543694,USD,UN Comtrade 공개 API,2026-09-30
2022-03,수입시장,수입액,미국|3304|144|스리랑카,94982,USD,UN Comtrade 공개 API,2026-09-30
2022-03,수입시장,수입액,미국|3304|40|오스트리아,240004,USD,UN Comtrade 공개 API,2026-09-30
2022-03,수입시장,수입액,미국|3304|682|사우디,5948,USD,UN Comtrade 공개 API,2026-09-30
2022-03,수입시장,수입액,미국|3304|702|싱가포르,445039,USD,UN Comtrade 공개 API,2026-09-30
2022-03,수입시장,수입액,미국|3304|344|홍콩,947142,USD,UN Comtrade 공개 API,2026-09-30
2022-03,수입시장,수입액,미국|3304|533|533,97082,USD,UN Comtrade 공개 API,2026-09-30
2022-03,수입시장,수입액,미국|3304|780|780,4456,USD,UN Comtrade 공개 API,2026-09-30
2022-03,수입시장,수입액,미국|3304|0|전체,541839173,USD,UN Comtrade 공개 API,2026-09-30
2022-03,수입시장,수입액,미국|3304|826|영국,26158920,USD,UN Comtrade 공개 API,2026-09-30
2022-03,수입시장,수입액,미국|3304|392|일본,19511231,USD,UN Comtrade 공개 API,2026-09-30
2022-03,수입시장,수입액,미국|3304|674|674,4285,USD,UN Comtrade 공개 API,2026-09-30
2022-03,수입시장,수입액,미국|3304|604|페루,9938,USD,UN Comtrade 공개 API,2026-09-30
2022-03,수입시장,수입액,미국|3304|372|아일랜드,2866145,USD,UN Comtrade 공개 API,2026-09-30
2022-03,수입시장,수입액,미국|3304|688|세르비아,11415,USD,UN Comtrade 공개 API,2026-09-30
2022-03,수입시장,수입액,미국|3304|360|인도네시아,237965,USD,UN Comtrade 공개 API,2026-09-30
2022-03,수입시장,수입액,미국|3304|36|호주,4375338,USD,UN Comtrade 공개 API,2026-09-30
2022-03,수입시장,수입액,미국|3304|699|인도,6067068,USD,UN Comtrade 공개 API,2026-09-30
2022-03,수입시장,수입액,미국|3304|348|헝가리,9087219,USD,UN Comtrade 공개 API,2026-09-30
2022-03,수입시장,수입액,미국|3304|757|스위스,10131656,USD,UN Comtrade 공개 API,2026-09-30
2022-03,수입시장,수입액,미국|3304|410|한국,71462115,USD,UN Comtrade 공개 API,2026-09-30
2022-03,수입시장,수입액,미국|3304|458|말레이시아,922809,USD,UN Comtrade 공개 API,2026-09-30
2022-03,수입시장,수입액,미국|3304|233|에스토니아,3111,USD,UN Comtrade 공개 API,2026-09-30
2022-03,수입시장,수입액,미국|3304|120|120,4176,USD,UN Comtrade 공개 API,2026-09-30
2022-03,수입시장,수입액,미국|3304|352|352,69355,USD,UN Comtrade 공개 API,2026-09-30
2022-03,수입시장,수입액,미국|3304|246|핀란드,36716,USD,UN Comtrade 공개 API,2026-09-30
2022-03,수입시장,수입액,미국|3304|76|브라질,404560,USD,UN Comtrade 공개 API,2026-09-30
2022-03,수입시장,수입액,미국|3304|428|라트비아,15244,USD,UN Comtrade 공개 API,2026-09-30
2022-03,수입시장,수입액,미국|3304|591|591,180278,USD,UN Comtrade 공개 API,2026-09-30
2022-03,수입시장,수입액,미국|3304|442|룩셈부르크,1352918,USD,UN Comtrade 공개 API,2026-09-30
2022-03,수입시장,수입액,미국|3304|792|튀르키예,1615683,USD,UN Comtrade 공개 API,2026-09-30
2022-03,수입시장,수입액,미국|3304|56|벨기에,6544031,USD,UN Comtrade 공개 API,2026-09-30
2022-03,수입시장,수입액,미국|3304|320|320,26664,USD,UN Comtrade 공개 API,2026-09-30
2022-03,수입시장,수입액,미국|3304|124|캐나다,85685946,USD,UN Comtrade 공개 API,2026-09-30
2022-03,수입시장,수입액,미국|3304|616|폴란드,3229567,USD,UN Comtrade 공개 API,2026-09-30
2022-03,수입시장,수입액,미국|3304|710|남아공,2737337,USD,UN Comtrade 공개 API,2026-09-30
2022-03,수입시장,수입액,미국|3304|208|덴마크,264411,USD,UN Comtrade 공개 API,2026-09-30
2022-03,수입시장,수입액,미국|3304|222|222,7590,USD,UN Comtrade 공개 API,2026-09-30
2022-03,수입시장,수입액,미국|3304|642|루마니아,19423,USD,UN Comtrade 공개 API,2026-09-30
2022-03,수입시장,수입액,미국|3304|214|214,1387666,USD,UN Comtrade 공개 API,2026-09-30
2022-03,수입시장,수입액,미국|3304|752|스웨덴,25845889,USD,UN Comtrade 공개 API,2026-09-30
2022-03,수입시장,수입액,미국|3304|156|중국,42754091,USD,UN Comtrade 공개 API,2026-09-30
2022-03,수입시장,수입액,미국|3304|724|스페인,8080235,USD,UN Comtrade 공개 API,2026-09-30
2022-03,수입시장,수입액,미국|3304|586|파키스탄,142405,USD,UN Comtrade 공개 API,2026-09-30
2022-03,수입시장,수입액,미국|3304|400|요르단,9457,USD,UN Comtrade 공개 API,2026-09-30
2022-03,수입시장,수입액,미국|3304|490|대만,9367279,USD,UN Comtrade 공개 API,2026-09-30
2022-03,수입시장,수입액,미국|3304|620|포르투갈,26394,USD,UN Comtrade 공개 API,2026-09-30
2022-03,수입시장,수입액,미국|3304|300|그리스,1297047,USD,UN Comtrade 공개 API,2026-09-30
2022-03,수입시장,수입액,미국|3304|32|아르헨티나,115021,USD,UN Comtrade 공개 API,2026-09-30
2022-03,수입시장,수입액,미국|3304|800|800,12592,USD,UN Comtrade 공개 API,2026-09-30
2022-03,수입시장,수입액,미국|3304|288|288,59806,USD,UN Comtrade 공개 API,2026-09-30
2022-03,수입시장,수입액,미국|3304|705|슬로베니아,831611,USD,UN Comtrade 공개 API,2026-09-30
2022-03,수입시장,수입액,미국|3304|784|UAE,795850,USD,UN Comtrade 공개 API,2026-09-30
2022-03,수입시장,수입액,미국|3304|268|조지아,18114,USD,UN Comtrade 공개 API,2026-09-30
2022-03,수입시장,수입액,미국|3304|643|러시아,708341,USD,UN Comtrade 공개 API,2026-09-30
2022-03,수입시장,수입액,미국|3304|608|필리핀,311437,USD,UN Comtrade 공개 API,2026-09-30
2022-03,수입시장,수입액,미국|3304|100|불가리아,117678,USD,UN Comtrade 공개 API,2026-09-30
2022-03,수입시장,수입액,미국|3304|50|방글라데시,26111,USD,UN Comtrade 공개 API,2026-09-30
2022-03,수입시장,수입액,미국|3304|196|키프로스,165034,USD,UN Comtrade 공개 API,2026-09-30
2022-03,수입시장,수입액,미국|3304|376|이스라엘,5056183,USD,UN Comtrade 공개 API,2026-09-30
2022-03,수입시장,수입액,미국|3304|484|멕시코,18772431,USD,UN Comtrade 공개 API,2026-09-30
2022-03,수입시장,수입액,미국|3304|384|384,249266,USD,UN Comtrade 공개 API,2026-09-30
2022-03,수입시장,수입액,미국|3304|203|체코,933600,USD,UN Comtrade 공개 API,2026-09-30
2022-03,수입시장,수입액,미국|3304|404|404,40385,USD,UN Comtrade 공개 API,2026-09-30
2022-03,수입시장,수입액,미국|3304|440|리투아니아,10113,USD,UN Comtrade 공개 API,2026-09-30
2022-03,수입시장,수입액,미국|3304|470|몰타,11474,USD,UN Comtrade 공개 API,2026-09-30
2022-03,수입시장,수입액,미국|3304|380|이탈리아,62415651,USD,UN Comtrade 공개 API,2026-09-30
2022-03,수입시장,수입액,미국|3304|704|베트남,224556,USD,UN Comtrade 공개 API,2026-09-30
2022-03,수입시장,수입액,미국|3304|251|프랑스,82824338,USD,UN Comtrade 공개 API,2026-09-30
2022-03,수입시장,수입액,미국|3304|566|나이지리아,18572,USD,UN Comtrade 공개 API,2026-09-30
2022-03,수입시장,수입액,미국|3304|276|독일,16887985,USD,UN Comtrade 공개 API,2026-09-30
2022-03,수입시장,수입액,미국|3304|764|태국,4173170,USD,UN Comtrade 공개 API,2026-09-30
2022-03,수입시장,수입액,미국|3304|528|네덜란드,755404,USD,UN Comtrade 공개 API,2026-09-30
2022-03,수입시장,수입액,미국|3304|218|218,6354,USD,UN Comtrade 공개 API,2026-09-30
2022-03,수입시장,수입액,미국|3304|170|콜롬비아,952381,USD,UN Comtrade 공개 API,2026-09-30
2022-04,수입시장,수입액,미국|3304|566|나이지리아,15275,USD,UN Comtrade 공개 API,2026-09-30
2022-04,수입시장,수입액,미국|3304|233|에스토니아,27146,USD,UN Comtrade 공개 API,2026-09-30
2022-04,수입시장,수입액,미국|3304|0|전체,516722627,USD,UN Comtrade 공개 API,2026-09-30
2022-04,수입시장,수입액,미국|3304|458|말레이시아,682803,USD,UN Comtrade 공개 API,2026-09-30
2022-04,수입시장,수입액,미국|3304|152|칠레,6830,USD,UN Comtrade 공개 API,2026-09-30
2022-04,수입시장,수입액,미국|3304|710|남아공,2756540,USD,UN Comtrade 공개 API,2026-09-30
2022-04,수입시장,수입액,미국|3304|643|러시아,121094,USD,UN Comtrade 공개 API,2026-09-30
2022-04,수입시장,수입액,미국|3304|112|벨라루스,4695,USD,UN Comtrade 공개 API,2026-09-30
2022-04,수입시장,수입액,미국|3304|100|불가리아,173138,USD,UN Comtrade 공개 API,2026-09-30
2022-04,수입시장,수입액,미국|3304|422|레바논,11223,USD,UN Comtrade 공개 API,2026-09-30
2022-04,수입시장,수입액,미국|3304|242|242,124108,USD,UN Comtrade 공개 API,2026-09-30
2022-04,수입시장,수입액,미국|3304|410|한국,77451416,USD,UN Comtrade 공개 API,2026-09-30
2022-04,수입시장,수입액,미국|3304|834|834,7667,USD,UN Comtrade 공개 API,2026-09-30
2022-04,수입시장,수입액,미국|3304|620|포르투갈,36942,USD,UN Comtrade 공개 API,2026-09-30
2022-04,수입시장,수입액,미국|3304|124|캐나다,78583489,USD,UN Comtrade 공개 API,2026-09-30
2022-04,수입시장,수입액,미국|3304|218|218,6367,USD,UN Comtrade 공개 API,2026-09-30
2022-04,수입시장,수입액,미국|3304|32|아르헨티나,119601,USD,UN Comtrade 공개 API,2026-09-30
2022-04,수입시장,수입액,미국|3304|404|404,108829,USD,UN Comtrade 공개 API,2026-09-30
2022-04,수입시장,수입액,미국|3304|702|싱가포르,234298,USD,UN Comtrade 공개 API,2026-09-30
2022-04,수입시장,수입액,미국|3304|586|파키스탄,49646,USD,UN Comtrade 공개 API,2026-09-30
2022-04,수입시장,수입액,미국|3304|704|베트남,988769,USD,UN Comtrade 공개 API,2026-09-30
2022-04,수입시장,수입액,미국|3304|320|320,21611,USD,UN Comtrade 공개 API,2026-09-30
2022-04,수입시장,수입액,미국|3304|352|352,266331,USD,UN Comtrade 공개 API,2026-09-30
2022-04,수입시장,수입액,미국|3304|528|네덜란드,893231,USD,UN Comtrade 공개 API,2026-09-30
2022-04,수입시장,수입액,미국|3304|258|258,18692,USD,UN Comtrade 공개 API,2026-09-30
2022-04,수입시장,수입액,미국|3304|191|크로아티아,4283,USD,UN Comtrade 공개 API,2026-09-30
2022-04,수입시장,수입액,미국|3304|251|프랑스,69285212,USD,UN Comtrade 공개 API,2026-09-30
2022-04,수입시장,수입액,미국|3304|36|호주,2062364,USD,UN Comtrade 공개 API,2026-09-30
2022-04,수입시장,수입액,미국|3304|170|콜롬비아,1229958,USD,UN Comtrade 공개 API,2026-09-30
2022-04,수입시장,수입액,미국|3304|490|대만,9516633,USD,UN Comtrade 공개 API,2026-09-30
2022-04,수입시장,수입액,미국|3304|752|스웨덴,31352221,USD,UN Comtrade 공개 API,2026-09-30
2022-04,수입시장,수입액,미국|3304|616|폴란드,1599938,USD,UN Comtrade 공개 API,2026-09-30
2022-04,수입시장,수입액,미국|3304|533|533,16223,USD,UN Comtrade 공개 API,2026-09-30
2022-04,수입시장,수입액,미국|3304|724|스페인,8639664,USD,UN Comtrade 공개 API,2026-09-30
2022-04,수입시장,수입액,미국|3304|116|캄보디아,144678,USD,UN Comtrade 공개 API,2026-09-30
2022-04,수입시장,수입액,미국|3304|504|504,40853,USD,UN Comtrade 공개 API,2026-09-30
2022-04,수입시장,수입액,미국|3304|50|방글라데시,13518,USD,UN Comtrade 공개 API,2026-09-30
2022-04,수입시장,수입액,미국|3304|144|스리랑카,94112,USD,UN Comtrade 공개 API,2026-09-30
2022-04,수입시장,수입액,미국|3304|512|오만,12535,USD,UN Comtrade 공개 API,2026-09-30
2022-04,수입시장,수입액,미국|3304|51|아르메니아,3284,USD,UN Comtrade 공개 API,2026-09-30
2022-04,수입시장,수입액,미국|3304|156|중국,38652811,USD,UN Comtrade 공개 API,2026-09-30
2022-04,수입시장,수입액,미국|3304|203|체코,917143,USD,UN Comtrade 공개 API,2026-09-30
2022-04,수입시장,수입액,미국|3304|348|헝가리,7685321,USD,UN Comtrade 공개 API,2026-09-30
2022-04,수입시장,수입액,미국|3304|288|288,38154,USD,UN Comtrade 공개 API,2026-09-30
2022-04,수입시장,수입액,미국|3304|604|페루,31436,USD,UN Comtrade 공개 API,2026-09-30
2022-04,수입시장,수입액,미국|3304|344|홍콩,356328,USD,UN Comtrade 공개 API,2026-09-30
2022-04,수입시장,수입액,미국|3304|300|그리스,800781,USD,UN Comtrade 공개 API,2026-09-30
2022-04,수입시장,수입액,미국|3304|360|인도네시아,74948,USD,UN Comtrade 공개 API,2026-09-30
2022-04,수입시장,수입액,미국|3304|642|루마니아,8570,USD,UN Comtrade 공개 API,2026-09-30
2022-04,수입시장,수입액,미국|3304|372|아일랜드,1430609,USD,UN Comtrade 공개 API,2026-09-30
2022-04,수입시장,수입액,미국|3304|76|브라질,635461,USD,UN Comtrade 공개 API,2026-09-30
2022-04,수입시장,수입액,미국|3304|757|스위스,9036233,USD,UN Comtrade 공개 API,2026-09-30
2022-04,수입시장,수입액,미국|3304|380|이탈리아,72821776,USD,UN Comtrade 공개 API,2026-09-30
2022-04,수입시장,수입액,미국|3304|40|오스트리아,156156,USD,UN Comtrade 공개 API,2026-09-30
2022-04,수입시장,수입액,미국|3304|214|214,168222,USD,UN Comtrade 공개 API,2026-09-30
2022-04,수입시장,수입액,미국|3304|276|독일,17960648,USD,UN Comtrade 공개 API,2026-09-30
2022-04,수입시장,수입액,미국|3304|792|튀르키예,3484061,USD,UN Comtrade 공개 API,2026-09-30
2022-04,수입시장,수입액,미국|3304|699|인도,5847077,USD,UN Comtrade 공개 API,2026-09-30
2022-04,수입시장,수입액,미국|3304|826|영국,20914461,USD,UN Comtrade 공개 API,2026-09-30
2022-04,수입시장,수입액,미국|3304|608|필리핀,444753,USD,UN Comtrade 공개 API,2026-09-30
2022-04,수입시장,수입액,미국|3304|705|슬로베니아,100883,USD,UN Comtrade 공개 API,2026-09-30
2022-04,수입시장,수입액,미국|3304|384|384,146152,USD,UN Comtrade 공개 API,2026-09-30
2022-04,수입시장,수입액,미국|3304|554|뉴질랜드,1579140,USD,UN Comtrade 공개 API,2026-09-30
2022-04,수입시장,수입액,미국|3304|392|일본,19823110,USD,UN Comtrade 공개 API,2026-09-30
2022-04,수입시장,수입액,미국|3304|484|멕시코,14846138,USD,UN Comtrade 공개 API,2026-09-30
2022-04,수입시장,수입액,미국|3304|208|덴마크,311659,USD,UN Comtrade 공개 API,2026-09-30
2022-04,수입시장,수입액,미국|3304|442|룩셈부르크,951360,USD,UN Comtrade 공개 API,2026-09-30
2022-04,수입시장,수입액,미국|3304|764|태국,2911844,USD,UN Comtrade 공개 API,2026-09-30
2022-04,수입시장,수입액,미국|3304|688|세르비아,3549,USD,UN Comtrade 공개 API,2026-09-30
2022-04,수입시장,수입액,미국|3304|784|UAE,344922,USD,UN Comtrade 공개 API,2026-09-30
2022-04,수입시장,수입액,미국|3304|470|몰타,16249,USD,UN Comtrade 공개 API,2026-09-30
2022-04,수입시장,수입액,미국|3304|56|벨기에,4569734,USD,UN Comtrade 공개 API,2026-09-30
2022-04,수입시장,수입액,미국|3304|120|120,8929,USD,UN Comtrade 공개 API,2026-09-30
2022-04,수입시장,수입액,미국|3304|246|핀란드,34513,USD,UN Comtrade 공개 API,2026-09-30
2022-04,수입시장,수입액,미국|3304|376|이스라엘,2884279,USD,UN Comtrade 공개 API,2026-09-30
2022-04,수입시장,수입액,미국|300249|410|한국,5493936,USD,UN Comtrade 공개 API,2026-09-30
2022-04,수입시장,수입액,미국|300249|858|858,68591,USD,UN Comtrade 공개 API,2026-09-30
2022-04,수입시장,수입액,미국|300249|699|인도,424980,USD,UN Comtrade 공개 API,2026-09-30
2022-04,수입시장,수입액,미국|300249|0|전체,24446881,USD,UN Comtrade 공개 API,2026-09-30
2022-04,수입시장,수입액,미국|300249|826|영국,458270,USD,UN Comtrade 공개 API,2026-09-30
2022-04,수입시장,수입액,미국|300249|380|이탈리아,956991,USD,UN Comtrade 공개 API,2026-09-30
2022-04,수입시장,수입액,미국|300249|36|호주,208843,USD,UN Comtrade 공개 API,2026-09-30
2022-04,수입시장,수입액,미국|300249|757|스위스,21680,USD,UN Comtrade 공개 API,2026-09-30
2022-04,수입시장,수입액,미국|300249|752|스웨덴,1828779,USD,UN Comtrade 공개 API,2026-09-30
2022-04,수입시장,수입액,미국|300249|124|캐나다,705559,USD,UN Comtrade 공개 API,2026-09-30
2022-04,수입시장,수입액,미국|300249|276|독일,1448995,USD,UN Comtrade 공개 API,2026-09-30
2022-04,수입시장,수입액,미국|300249|528|네덜란드,65414,USD,UN Comtrade 공개 API,2026-09-30
2022-04,수입시장,수입액,미국|300249|208|덴마크,1410313,USD,UN Comtrade 공개 API,2026-09-30
2022-04,수입시장,수입액,미국|300249|372|아일랜드,9455098,USD,UN Comtrade 공개 API,2026-09-30
2022-04,수입시장,수입액,미국|300249|156|중국,884177,USD,UN Comtrade 공개 API,2026-09-30
2022-04,수입시장,수입액,미국|300249|643|러시아,237346,USD,UN Comtrade 공개 API,2026-09-30
2022-04,수입시장,수입액,미국|300249|376|이스라엘,11248,USD,UN Comtrade 공개 API,2026-09-30
2022-04,수입시장,수입액,미국|300249|251|프랑스,766661,USD,UN Comtrade 공개 API,2026-09-30
2022-05,수입시장,수입액,미국|3304|804|우크라이나,7914,USD,UN Comtrade 공개 API,2026-09-30
2022-05,수입시장,수입액,미국|3304|268|조지아,4242,USD,UN Comtrade 공개 API,2026-09-30
2022-05,수입시장,수입액,미국|3304|620|포르투갈,48159,USD,UN Comtrade 공개 API,2026-09-30
2022-05,수입시장,수입액,미국|3304|124|캐나다,77611303,USD,UN Comtrade 공개 API,2026-09-30
2022-05,수입시장,수입액,미국|3304|288|288,17132,USD,UN Comtrade 공개 API,2026-09-30
2022-05,수입시장,수입액,미국|3304|32|아르헨티나,34920,USD,UN Comtrade 공개 API,2026-09-30
2022-05,수입시장,수입액,미국|3304|208|덴마크,219797,USD,UN Comtrade 공개 API,2026-09-30
2022-05,수입시장,수입액,미국|3304|752|스웨덴,10093860,USD,UN Comtrade 공개 API,2026-09-30
2022-05,수입시장,수입액,미국|3304|76|브라질,393139,USD,UN Comtrade 공개 API,2026-09-30
2022-05,수입시장,수입액,미국|3304|710|남아공,2846428,USD,UN Comtrade 공개 API,2026-09-30
2022-05,수입시장,수입액,미국|3304|144|스리랑카,95069,USD,UN Comtrade 공개 API,2026-09-30
2022-05,수입시장,수입액,미국|3304|702|싱가포르,248559,USD,UN Comtrade 공개 API,2026-09-30
2022-05,수입시장,수입액,미국|3304|384|384,207603,USD,UN Comtrade 공개 API,2026-09-30
2022-05,수입시장,수입액,미국|3304|440|리투아니아,20342,USD,UN Comtrade 공개 API,2026-09-30
2022-05,수입시장,수입액,미국|3304|246|핀란드,59818,USD,UN Comtrade 공개 API,2026-09-30
2022-05,수입시장,수입액,미국|3304|376|이스라엘,4336692,USD,UN Comtrade 공개 API,2026-09-30
2022-05,수입시장,수입액,미국|3304|218|218,33401,USD,UN Comtrade 공개 API,2026-09-30
2022-05,수입시장,수입액,미국|3304|372|아일랜드,2449371,USD,UN Comtrade 공개 API,2026-09-30
2022-05,수입시장,수입액,미국|3304|554|뉴질랜드,1160424,USD,UN Comtrade 공개 API,2026-09-30
2022-05,수입시장,수입액,미국|3304|528|네덜란드,1777138,USD,UN Comtrade 공개 API,2026-09-30
2022-05,수입시장,수입액,미국|3304|56|벨기에,5654647,USD,UN Comtrade 공개 API,2026-09-30
2022-05,수입시장,수입액,미국|3304|392|일본,20075319,USD,UN Comtrade 공개 API,2026-09-30
2022-05,수입시장,수입액,미국|3304|203|체코,1630848,USD,UN Comtrade 공개 API,2026-09-30
2022-05,수입시장,수입액,미국|3304|533|533,7937,USD,UN Comtrade 공개 API,2026-09-30
2022-05,수입시장,수입액,미국|3304|484|멕시코,16403161,USD,UN Comtrade 공개 API,2026-09-30
2022-05,수입시장,수입액,미국|3304|442|룩셈부르크,970947,USD,UN Comtrade 공개 API,2026-09-30
2022-05,수입시장,수입액,미국|3304|818|이집트,3075,USD,UN Comtrade 공개 API,2026-09-30
2022-05,수입시장,수입액,미국|3304|276|독일,20143834,USD,UN Comtrade 공개 API,2026-09-30
2022-05,수입시장,수입액,미국|3304|51|아르메니아,4477,USD,UN Comtrade 공개 API,2026-09-30
2022-05,수입시장,수입액,미국|3304|784|UAE,670407,USD,UN Comtrade 공개 API,2026-09-30
2022-05,수입시장,수입액,미국|3304|360|인도네시아,103262,USD,UN Comtrade 공개 API,2026-09-30
2022-05,수입시장,수입액,미국|3304|320|320,24037,USD,UN Comtrade 공개 API,2026-09-30
2022-05,수입시장,수입액,미국|3304|344|홍콩,639413,USD,UN Comtrade 공개 API,2026-09-30
2022-05,수입시장,수입액,미국|3304|704|베트남,476317,USD,UN Comtrade 공개 API,2026-09-30
2022-05,수입시장,수입액,미국|3304|36|호주,3849206,USD,UN Comtrade 공개 API,2026-09-30
2022-05,수입시장,수입액,미국|3304|764|태국,3930254,USD,UN Comtrade 공개 API,2026-09-30
2022-05,수입시장,수입액,미국|3304|100|불가리아,183951,USD,UN Comtrade 공개 API,2026-09-30
2022-05,수입시장,수입액,미국|3304|586|파키스탄,31349,USD,UN Comtrade 공개 API,2026-09-30
2022-05,수입시장,수입액,미국|3304|156|중국,41482109,USD,UN Comtrade 공개 API,2026-09-30
2022-05,수입시장,수입액,미국|3304|428|라트비아,2337,USD,UN Comtrade 공개 API,2026-09-30
2022-05,수입시장,수입액,미국|3304|40|오스트리아,195893,USD,UN Comtrade 공개 API,2026-09-30
2022-05,수입시장,수입액,미국|3304|757|스위스,4740264,USD,UN Comtrade 공개 API,2026-09-30
2022-05,수입시장,수입액,미국|3304|300|그리스,819502,USD,UN Comtrade 공개 API,2026-09-30
2022-05,수입시장,수입액,미국|3304|233|에스토니아,38549,USD,UN Comtrade 공개 API,2026-09-30
2022-05,수입시장,수입액,미국|3304|324|324,2670,USD,UN Comtrade 공개 API,2026-09-30
2022-05,수입시장,수입액,미국|3304|214|214,71870,USD,UN Comtrade 공개 API,2026-09-30
2022-05,수입시장,수입액,미국|3304|807|807,12856,USD,UN Comtrade 공개 API,2026-09-30
2022-05,수입시장,수입액,미국|3304|404|404,23040,USD,UN Comtrade 공개 API,2026-09-30
2022-05,수입시장,수입액,미국|3304|348|헝가리,8130952,USD,UN Comtrade 공개 API,2026-09-30
2022-05,수입시장,수입액,미국|3304|152|칠레,49525,USD,UN Comtrade 공개 API,2026-09-30
2022-05,수입시장,수입액,미국|3304|792|튀르키예,2529538,USD,UN Comtrade 공개 API,2026-09-30
2022-05,수입시장,수입액,미국|3304|231|231,3362,USD,UN Comtrade 공개 API,2026-09-30
2022-05,수입시장,수입액,미국|3304|616|폴란드,1442402,USD,UN Comtrade 공개 API,2026-09-30
2022-05,수입시장,수입액,미국|3304|170|콜롬비아,5354582,USD,UN Comtrade 공개 API,2026-09-30
2022-05,수입시장,수입액,미국|3304|724|스페인,7212097,USD,UN Comtrade 공개 API,2026-09-30
2022-05,수입시장,수입액,미국|3304|608|필리핀,262412,USD,UN Comtrade 공개 API,2026-09-30
2022-05,수입시장,수입액,미국|3304|458|말레이시아,1201909,USD,UN Comtrade 공개 API,2026-09-30
2022-05,수입시장,수입액,미국|3304|566|나이지리아,16531,USD,UN Comtrade 공개 API,2026-09-30
2022-05,수입시장,수입액,미국|3304|504|504,17052,USD,UN Comtrade 공개 API,2026-09-30
2022-05,수입시장,수입액,미국|3304|826|영국,21867105,USD,UN Comtrade 공개 API,2026-09-30
2022-05,수입시장,수입액,미국|3304|642|루마니아,3133,USD,UN Comtrade 공개 API,2026-09-30
2022-05,수입시장,수입액,미국|3304|352|352,47258,USD,UN Comtrade 공개 API,2026-09-30
2022-05,수입시장,수입액,미국|3304|380|이탈리아,54811080,USD,UN Comtrade 공개 API,2026-09-30
2022-05,수입시장,수입액,미국|3304|531|531,73599,USD,UN Comtrade 공개 API,2026-09-30
2022-05,수입시장,수입액,미국|3304|699|인도,7474607,USD,UN Comtrade 공개 API,2026-09-30
2022-05,수입시장,수입액,미국|3304|388|388,25999,USD,UN Comtrade 공개 API,2026-09-30
2022-05,수입시장,수입액,미국|3304|643|러시아,18857,USD,UN Comtrade 공개 API,2026-09-30
2022-05,수입시장,수입액,미국|3304|480|480,9024,USD,UN Comtrade 공개 API,2026-09-30
2022-05,수입시장,수입액,미국|3304|0|전체,502172803,USD,UN Comtrade 공개 API,2026-09-30
2022-05,수입시장,수입액,미국|3304|705|슬로베니아,305453,USD,UN Comtrade 공개 API,2026-09-30
2022-05,수입시장,수입액,미국|3304|780|780,19418,USD,UN Comtrade 공개 API,2026-09-30
2022-05,수입시장,수입액,미국|3304|410|한국,86339554,USD,UN Comtrade 공개 API,2026-09-30
2022-05,수입시장,수입액,미국|3304|251|프랑스,66840437,USD,UN Comtrade 공개 API,2026-09-30
2022-05,수입시장,수입액,미국|3304|242|242,192371,USD,UN Comtrade 공개 API,2026-09-30
2022-05,수입시장,수입액,미국|3304|490|대만,14025416,USD,UN Comtrade 공개 API,2026-09-30
2022-05,수입시장,수입액,미국|3304|50|방글라데시,31204,USD,UN Comtrade 공개 API,2026-09-30
2022-05,수입시장,수입액,미국|3304|579|노르웨이,11084,USD,UN Comtrade 공개 API,2026-09-30
2022-05,수입시장,수입액,미국|300249|0|전체,17443569,USD,UN Comtrade 공개 API,2026-09-30
2022-05,수입시장,수입액,미국|300249|490|대만,7950,USD,UN Comtrade 공개 API,2026-09-30
2022-05,수입시장,수입액,미국|300249|251|프랑스,925340,USD,UN Comtrade 공개 API,2026-09-30
2022-05,수입시장,수입액,미국|300249|124|캐나다,83987,USD,UN Comtrade 공개 API,2026-09-30
2022-05,수입시장,수입액,미국|300249|36|호주,26643,USD,UN Comtrade 공개 API,2026-09-30
2022-05,수입시장,수입액,미국|300249|376|이스라엘,4906,USD,UN Comtrade 공개 API,2026-09-30
2022-05,수입시장,수입액,미국|300249|528|네덜란드,9301,USD,UN Comtrade 공개 API,2026-09-30
2022-05,수입시장,수입액,미국|300249|410|한국,5533195,USD,UN Comtrade 공개 API,2026-09-30
2022-05,수입시장,수입액,미국|300249|276|독일,3002278,USD,UN Comtrade 공개 API,2026-09-30
2022-05,수입시장,수입액,미국|300249|752|스웨덴,1946208,USD,UN Comtrade 공개 API,2026-09-30
2022-05,수입시장,수입액,미국|300249|208|덴마크,1368256,USD,UN Comtrade 공개 API,2026-09-30
2022-05,수입시장,수입액,미국|300249|699|인도,352657,USD,UN Comtrade 공개 API,2026-09-30
2022-05,수입시장,수입액,미국|300249|826|영국,418150,USD,UN Comtrade 공개 API,2026-09-30
2022-05,수입시장,수입액,미국|300249|757|스위스,963759,USD,UN Comtrade 공개 API,2026-09-30
2022-05,수입시장,수입액,미국|300249|40|오스트리아,14414,USD,UN Comtrade 공개 API,2026-09-30
2022-05,수입시장,수입액,미국|300249|380|이탈리아,523636,USD,UN Comtrade 공개 API,2026-09-30
2022-05,수입시장,수입액,미국|300249|246|핀란드,8950,USD,UN Comtrade 공개 API,2026-09-30
2022-05,수입시장,수입액,미국|300249|156|중국,124767,USD,UN Comtrade 공개 API,2026-09-30
2022-05,수입시장,수입액,미국|300249|484|멕시코,418800,USD,UN Comtrade 공개 API,2026-09-30
2022-05,수입시장,수입액,미국|300249|372|아일랜드,1710372,USD,UN Comtrade 공개 API,2026-09-30
2022-06,수입시장,수입액,미국|3304|191|크로아티아,7478,USD,UN Comtrade 공개 API,2026-09-30
2022-06,수입시장,수입액,미국|3304|784|UAE,810107,USD,UN Comtrade 공개 API,2026-09-30
2022-06,수입시장,수입액,미국|3304|246|핀란드,82165,USD,UN Comtrade 공개 API,2026-09-30
2022-06,수입시장,수입액,미국|3304|170|콜롬비아,3391282,USD,UN Comtrade 공개 API,2026-09-30
2022-06,수입시장,수입액,미국|3304|400|요르단,4804,USD,UN Comtrade 공개 API,2026-09-30
2022-06,수입시장,수입액,미국|3304|705|슬로베니아,183804,USD,UN Comtrade 공개 API,2026-09-30
2022-06,수입시장,수입액,미국|3304|372|아일랜드,1935980,USD,UN Comtrade 공개 API,2026-09-30
2022-06,수입시장,수입액,미국|3304|36|호주,3590734,USD,UN Comtrade 공개 API,2026-09-30
2022-06,수입시장,수입액,미국|3304|404|404,50584,USD,UN Comtrade 공개 API,2026-09-30
2022-06,수입시장,수입액,미국|3304|620|포르투갈,29003,USD,UN Comtrade 공개 API,2026-09-30
2022-06,수입시장,수입액,미국|3304|533|533,111630,USD,UN Comtrade 공개 API,2026-09-30
2022-06,수입시장,수입액,미국|3304|203|체코,980828,USD,UN Comtrade 공개 API,2026-09-30
2022-06,수입시장,수입액,미국|3304|528|네덜란드,1570493,USD,UN Comtrade 공개 API,2026-09-30
2022-06,수입시장,수입액,미국|3304|504|504,9323,USD,UN Comtrade 공개 API,2026-09-30
2022-06,수입시장,수입액,미국|3304|320|320,122283,USD,UN Comtrade 공개 API,2026-09-30
2022-06,수입시장,수입액,미국|3304|442|룩셈부르크,398087,USD,UN Comtrade 공개 API,2026-09-30
2022-06,수입시장,수입액,미국|3304|616|폴란드,1174756,USD,UN Comtrade 공개 API,2026-09-30
2022-06,수입시장,수입액,미국|3304|56|벨기에,6742482,USD,UN Comtrade 공개 API,2026-09-30
2022-06,수입시장,수입액,미국|3304|8|8,69904,USD,UN Comtrade 공개 API,2026-09-30
2022-06,수입시장,수입액,미국|3304|752|스웨덴,25349583,USD,UN Comtrade 공개 API,2026-09-30
2022-06,수입시장,수입액,미국|3304|360|인도네시아,435144,USD,UN Comtrade 공개 API,2026-09-30
2022-06,수입시장,수입액,미국|3304|604|페루,53369,USD,UN Comtrade 공개 API,2026-09-30
2022-06,수입시장,수입액,미국|3304|764|태국,3257853,USD,UN Comtrade 공개 API,2026-09-30
2022-06,수입시장,수입액,미국|3304|702|싱가포르,95767,USD,UN Comtrade 공개 API,2026-09-30
2022-06,수입시장,수입액,미국|3304|214|214,149496,USD,UN Comtrade 공개 API,2026-09-30
2022-06,수입시장,수입액,미국|3304|218|218,17246,USD,UN Comtrade 공개 API,2026-09-30
2022-06,수입시장,수입액,미국|3304|300|그리스,669240,USD,UN Comtrade 공개 API,2026-09-30
2022-06,수입시장,수입액,미국|3304|0|전체,580697255,USD,UN Comtrade 공개 API,2026-09-30
2022-06,수입시장,수입액,미국|3304|251|프랑스,94559237,USD,UN Comtrade 공개 API,2026-09-30
2022-06,수입시장,수입액,미국|3304|826|영국,24610992,USD,UN Comtrade 공개 API,2026-09-30
2022-06,수입시장,수입액,미국|3304|344|홍콩,639264,USD,UN Comtrade 공개 API,2026-09-30
2022-06,수입시장,수입액,미국|3304|804|우크라이나,50007,USD,UN Comtrade 공개 API,2026-09-30
2022-06,수입시장,수입액,미국|3304|748|748,11488,USD,UN Comtrade 공개 API,2026-09-30
2022-06,수입시장,수입액,미국|3304|699|인도,4618410,USD,UN Comtrade 공개 API,2026-09-30
2022-06,수입시장,수입액,미국|3304|376|이스라엘,4013630,USD,UN Comtrade 공개 API,2026-09-30
2022-06,수입시장,수입액,미국|3304|348|헝가리,8919166,USD,UN Comtrade 공개 API,2026-09-30
2022-06,수입시장,수입액,미국|3304|50|방글라데시,29452,USD,UN Comtrade 공개 API,2026-09-30
2022-06,수입시장,수입액,미국|3304|490|대만,11263415,USD,UN Comtrade 공개 API,2026-09-30
2022-06,수입시장,수입액,미국|3304|51|아르메니아,5969,USD,UN Comtrade 공개 API,2026-09-30
2022-06,수입시장,수입액,미국|3304|458|말레이시아,868655,USD,UN Comtrade 공개 API,2026-09-30
2022-06,수입시장,수입액,미국|3304|380|이탈리아,60318453,USD,UN Comtrade 공개 API,2026-09-30
2022-06,수입시장,수입액,미국|3304|410|한국,80890827,USD,UN Comtrade 공개 API,2026-09-30
2022-06,수입시장,수입액,미국|3304|76|브라질,370406,USD,UN Comtrade 공개 API,2026-09-30
2022-06,수입시장,수입액,미국|3304|484|멕시코,18777218,USD,UN Comtrade 공개 API,2026-09-30
2022-06,수입시장,수입액,미국|3304|724|스페인,7280468,USD,UN Comtrade 공개 API,2026-09-30
2022-06,수입시장,수입액,미국|3304|792|튀르키예,2554669,USD,UN Comtrade 공개 API,2026-09-30
2022-06,수입시장,수입액,미국|3304|152|칠레,5378,USD,UN Comtrade 공개 API,2026-09-30
2022-06,수입시장,수입액,미국|3304|710|남아공,878655,USD,UN Comtrade 공개 API,2026-09-30
2022-06,수입시장,수입액,미국|3304|208|덴마크,311021,USD,UN Comtrade 공개 API,2026-09-30
2022-06,수입시장,수입액,미국|3304|757|스위스,16457444,USD,UN Comtrade 공개 API,2026-09-30
2022-06,수입시장,수입액,미국|3304|100|불가리아,191867,USD,UN Comtrade 공개 API,2026-09-30
2022-06,수입시장,수입액,미국|3304|703|슬로바키아,3264,USD,UN Comtrade 공개 API,2026-09-30
2022-06,수입시장,수입액,미국|3304|332|332,45331,USD,UN Comtrade 공개 API,2026-09-30
2022-06,수입시장,수입액,미국|3304|40|오스트리아,133229,USD,UN Comtrade 공개 API,2026-09-30
2022-06,수입시장,수입액,미국|3304|156|중국,53202672,USD,UN Comtrade 공개 API,2026-09-30
2022-06,수입시장,수입액,미국|3304|688|세르비아,17327,USD,UN Comtrade 공개 API,2026-09-30
2022-06,수입시장,수입액,미국|3304|566|나이지리아,19365,USD,UN Comtrade 공개 API,2026-09-30
2022-06,수입시장,수입액,미국|3304|276|독일,16342699,USD,UN Comtrade 공개 API,2026-09-30
2022-06,수입시장,수입액,미국|3304|643|러시아,9817,USD,UN Comtrade 공개 API,2026-09-30
2022-06,수입시장,수입액,미국|3304|704|베트남,983938,USD,UN Comtrade 공개 API,2026-09-30
2022-06,수입시장,수입액,미국|3304|470|몰타,60808,USD,UN Comtrade 공개 API,2026-09-30
2022-06,수입시장,수입액,미국|3304|120|120,12412,USD,UN Comtrade 공개 API,2026-09-30
2022-06,수입시장,수입액,미국|3304|124|캐나다,93307166,USD,UN Comtrade 공개 API,2026-09-30
2022-06,수입시장,수입액,미국|3304|288|288,91783,USD,UN Comtrade 공개 API,2026-09-30
2022-06,수입시장,수입액,미국|3304|554|뉴질랜드,1631078,USD,UN Comtrade 공개 API,2026-09-30
2022-06,수입시장,수입액,미국|3304|144|스리랑카,100709,USD,UN Comtrade 공개 API,2026-09-30
2022-06,수입시장,수입액,미국|3304|608|필리핀,392427,USD,UN Comtrade 공개 API,2026-09-30
2022-06,수입시장,수입액,미국|3304|586|파키스탄,25748,USD,UN Comtrade 공개 API,2026-09-30
2022-06,수입시장,수입액,미국|3304|392|일본,25011176,USD,UN Comtrade 공개 API,2026-09-30
2022-06,수입시장,수입액,미국|3304|384|384,223222,USD,UN Comtrade 공개 API,2026-09-30
2022-06,수입시장,수입액,미국|3304|233|에스토니아,8551,USD,UN Comtrade 공개 API,2026-09-30
2022-06,수입시장,수입액,미국|3304|352|352,155017,USD,UN Comtrade 공개 API,2026-09-30
2022-06,수입시장,수입액,미국|300249|348|헝가리,103961,USD,UN Comtrade 공개 API,2026-09-30
2022-06,수입시장,수입액,미국|300249|643|러시아,237346,USD,UN Comtrade 공개 API,2026-09-30
2022-06,수입시장,수입액,미국|300249|208|덴마크,668459,USD,UN Comtrade 공개 API,2026-09-30
2022-06,수입시장,수입액,미국|300249|372|아일랜드,663201,USD,UN Comtrade 공개 API,2026-09-30
2022-06,수입시장,수입액,미국|300249|699|인도,131253,USD,UN Comtrade 공개 API,2026-09-30
2022-06,수입시장,수입액,미국|300249|376|이스라엘,3683,USD,UN Comtrade 공개 API,2026-09-30
2022-06,수입시장,수입액,미국|300249|490|대만,10196,USD,UN Comtrade 공개 API,2026-09-30
2022-06,수입시장,수입액,미국|300249|124|캐나다,498987,USD,UN Comtrade 공개 API,2026-09-30
2022-06,수입시장,수입액,미국|300249|757|스위스,42738,USD,UN Comtrade 공개 API,2026-09-30
2022-06,수입시장,수입액,미국|300249|251|프랑스,1792805,USD,UN Comtrade 공개 API,2026-09-30
2022-06,수입시장,수입액,미국|300249|276|독일,1506644,USD,UN Comtrade 공개 API,2026-09-30
2022-06,수입시장,수입액,미국|300249|380|이탈리아,515427,USD,UN Comtrade 공개 API,2026-09-30
2022-06,수입시장,수입액,미국|300249|528|네덜란드,41710,USD,UN Comtrade 공개 API,2026-09-30
2022-06,수입시장,수입액,미국|300249|826|영국,539154,USD,UN Comtrade 공개 API,2026-09-30
2022-06,수입시장,수입액,미국|300249|410|한국,5523698,USD,UN Comtrade 공개 API,2026-09-30
2022-06,수입시장,수입액,미국|300249|392|일본,567719,USD,UN Comtrade 공개 API,2026-09-30
2022-06,수입시장,수입액,미국|300249|156|중국,220667,USD,UN Comtrade 공개 API,2026-09-30
2022-06,수입시장,수입액,미국|300249|484|멕시코,574800,USD,UN Comtrade 공개 API,2026-09-30
2022-06,수입시장,수입액,미국|300249|0|전체,15024398,USD,UN Comtrade 공개 API,2026-09-30
2022-06,수입시장,수입액,미국|300249|36|호주,32870,USD,UN Comtrade 공개 API,2026-09-30
2022-06,수입시장,수입액,미국|300249|752|스웨덴,1349080,USD,UN Comtrade 공개 API,2026-09-30
2022-07,수입시장,수입액,미국|300249|757|스위스,44556,USD,UN Comtrade 공개 API,2026-09-30
2022-07,수입시장,수입액,미국|300249|410|한국,5457590,USD,UN Comtrade 공개 API,2026-09-30
2022-07,수입시장,수입액,미국|300249|528|네덜란드,62795,USD,UN Comtrade 공개 API,2026-09-30
2022-07,수입시장,수입액,미국|300249|276|독일,2635896,USD,UN Comtrade 공개 API,2026-09-30
2022-07,수입시장,수입액,미국|300249|699|인도,286844,USD,UN Comtrade 공개 API,2026-09-30
2022-07,수입시장,수입액,미국|300249|124|캐나다,265125,USD,UN Comtrade 공개 API,2026-09-30
2022-07,수입시장,수입액,미국|300249|380|이탈리아,205810,USD,UN Comtrade 공개 API,2026-09-30
2022-07,수입시장,수입액,미국|300249|0|전체,15192986,USD,UN Comtrade 공개 API,2026-09-30
2022-07,수입시장,수입액,미국|300249|251|프랑스,1150750,USD,UN Comtrade 공개 API,2026-09-30
2022-07,수입시장,수입액,미국|300249|392|일본,548480,USD,UN Comtrade 공개 API,2026-09-30
2022-07,수입시장,수입액,미국|300249|372|아일랜드,5994,USD,UN Comtrade 공개 API,2026-09-30
2022-07,수입시장,수입액,미국|300249|156|중국,487030,USD,UN Comtrade 공개 API,2026-09-30
2022-07,수입시장,수입액,미국|300249|208|덴마크,2054136,USD,UN Comtrade 공개 API,2026-09-30
2022-07,수입시장,수입액,미국|300249|490|대만,29240,USD,UN Comtrade 공개 API,2026-09-30
2022-07,수입시장,수입액,미국|300249|752|스웨덴,1472738,USD,UN Comtrade 공개 API,2026-09-30
2022-07,수입시장,수입액,미국|300249|36|호주,52722,USD,UN Comtrade 공개 API,2026-09-30
2022-07,수입시장,수입액,미국|300249|826|영국,418536,USD,UN Comtrade 공개 API,2026-09-30
2022-07,수입시장,수입액,미국|300249|376|이스라엘,14744,USD,UN Comtrade 공개 API,2026-09-30
2022-07,수입시장,수입액,미국|3304|32|아르헨티나,225579,USD,UN Comtrade 공개 API,2026-09-30
2022-07,수입시장,수입액,미국|3304|528|네덜란드,523748,USD,UN Comtrade 공개 API,2026-09-30
2022-07,수입시장,수입액,미국|3304|620|포르투갈,81921,USD,UN Comtrade 공개 API,2026-09-30
2022-07,수입시장,수입액,미국|3304|218|218,9958,USD,UN Comtrade 공개 API,2026-09-30
2022-07,수입시장,수입액,미국|3304|348|헝가리,6491183,USD,UN Comtrade 공개 API,2026-09-30
2022-07,수입시장,수입액,미국|3304|688|세르비아,9578,USD,UN Comtrade 공개 API,2026-09-30
2022-07,수입시장,수입액,미국|3304|76|브라질,244267,USD,UN Comtrade 공개 API,2026-09-30
2022-07,수입시장,수입액,미국|3304|372|아일랜드,1958724,USD,UN Comtrade 공개 API,2026-09-30
2022-07,수입시장,수입액,미국|3304|484|멕시코,18764898,USD,UN Comtrade 공개 API,2026-09-30
2022-07,수입시장,수입액,미국|3304|586|파키스탄,125140,USD,UN Comtrade 공개 API,2026-09-30
2022-07,수입시장,수입액,미국|3304|40|오스트리아,273470,USD,UN Comtrade 공개 API,2026-09-30
2022-07,수입시장,수입액,미국|3304|144|스리랑카,204979,USD,UN Comtrade 공개 API,2026-09-30
2022-07,수입시장,수입액,미국|3304|422|레바논,2657,USD,UN Comtrade 공개 API,2026-09-30
2022-07,수입시장,수입액,미국|3304|764|태국,1703693,USD,UN Comtrade 공개 API,2026-09-30
2022-07,수입시장,수입액,미국|3304|442|룩셈부르크,1092584,USD,UN Comtrade 공개 API,2026-09-30
2022-07,수입시장,수입액,미국|3304|490|대만,10233383,USD,UN Comtrade 공개 API,2026-09-30
2022-07,수입시장,수입액,미국|3304|276|독일,18492524,USD,UN Comtrade 공개 API,2026-09-30
2022-07,수입시장,수입액,미국|3304|642|루마니아,8268,USD,UN Comtrade 공개 API,2026-09-30
2022-07,수입시장,수입액,미국|3304|792|튀르키예,1440139,USD,UN Comtrade 공개 API,2026-09-30
2022-07,수입시장,수입액,미국|3304|344|홍콩,496446,USD,UN Comtrade 공개 API,2026-09-30
2022-07,수입시장,수입액,미국|3304|188|188,119692,USD,UN Comtrade 공개 API,2026-09-30
2022-07,수입시장,수입액,미국|3304|300|그리스,717588,USD,UN Comtrade 공개 API,2026-09-30
2022-07,수입시장,수입액,미국|3304|807|807,3907,USD,UN Comtrade 공개 API,2026-09-30
2022-07,수입시장,수입액,미국|3304|214|214,48728,USD,UN Comtrade 공개 API,2026-09-30
2022-07,수입시장,수입액,미국|3304|748|748,6353,USD,UN Comtrade 공개 API,2026-09-30
2022-07,수입시장,수입액,미국|3304|710|남아공,3158944,USD,UN Comtrade 공개 API,2026-09-30
2022-07,수입시장,수입액,미국|3304|360|인도네시아,769420,USD,UN Comtrade 공개 API,2026-09-30
2022-07,수입시장,수입액,미국|3304|591|591,5282,USD,UN Comtrade 공개 API,2026-09-30
2022-07,수입시장,수입액,미국|3304|36|호주,3287656,USD,UN Comtrade 공개 API,2026-09-30
2022-07,수입시장,수입액,미국|3304|156|중국,69954811,USD,UN Comtrade 공개 API,2026-09-30
2022-07,수입시장,수입액,미국|3304|8|8,31300,USD,UN Comtrade 공개 API,2026-09-30
2022-07,수입시장,수입액,미국|3304|246|핀란드,32081,USD,UN Comtrade 공개 API,2026-09-30
2022-07,수입시장,수입액,미국|3304|784|UAE,1795692,USD,UN Comtrade 공개 API,2026-09-30
2022-07,수입시장,수입액,미국|3304|100|불가리아,84804,USD,UN Comtrade 공개 API,2026-09-30
2022-07,수입시장,수입액,미국|3304|699|인도,4371855,USD,UN Comtrade 공개 API,2026-09-30
2022-07,수입시장,수입액,미국|3304|400|요르단,12211,USD,UN Comtrade 공개 API,2026-09-30
2022-07,수입시장,수입액,미국|3304|600|600,3015,USD,UN Comtrade 공개 API,2026-09-30
2022-07,수입시장,수입액,미국|3304|604|페루,94177,USD,UN Comtrade 공개 API,2026-09-30
2022-07,수입시장,수입액,미국|3304|704|베트남,825759,USD,UN Comtrade 공개 API,2026-09-30
2022-07,수입시장,수입액,미국|3304|554|뉴질랜드,1021951,USD,UN Comtrade 공개 API,2026-09-30
2022-07,수입시장,수입액,미국|3304|376|이스라엘,3504206,USD,UN Comtrade 공개 API,2026-09-30
2022-07,수입시장,수입액,미국|3304|752|스웨덴,21563760,USD,UN Comtrade 공개 API,2026-09-30
2022-07,수입시장,수입액,미국|3304|51|아르메니아,3306,USD,UN Comtrade 공개 API,2026-09-30
2022-07,수입시장,수입액,미국|3304|705|슬로베니아,161129,USD,UN Comtrade 공개 API,2026-09-30
2022-07,수입시장,수입액,미국|3304|392|일본,13233605,USD,UN Comtrade 공개 API,2026-09-30
2022-07,수입시장,수입액,미국|3304|170|콜롬비아,858349,USD,UN Comtrade 공개 API,2026-09-30
2022-07,수입시장,수입액,미국|3304|0|전체,551612055,USD,UN Comtrade 공개 API,2026-09-30
2022-07,수입시장,수입액,미국|3304|268|조지아,11217,USD,UN Comtrade 공개 API,2026-09-30
2022-07,수입시장,수입액,미국|3304|533|533,7768,USD,UN Comtrade 공개 API,2026-09-30
2022-07,수입시장,수입액,미국|3304|757|스위스,8455715,USD,UN Comtrade 공개 API,2026-09-30
2022-07,수입시장,수입액,미국|3304|242|242,238241,USD,UN Comtrade 공개 API,2026-09-30
2022-07,수입시장,수입액,미국|3304|251|프랑스,107891851,USD,UN Comtrade 공개 API,2026-09-30
2022-07,수입시장,수입액,미국|3304|124|캐나다,69024441,USD,UN Comtrade 공개 API,2026-09-30
2022-07,수입시장,수입액,미국|3304|826|영국,17855636,USD,UN Comtrade 공개 API,2026-09-30
2022-07,수입시장,수입액,미국|3304|458|말레이시아,532570,USD,UN Comtrade 공개 API,2026-09-30
2022-07,수입시장,수입액,미국|3304|410|한국,75630023,USD,UN Comtrade 공개 API,2026-09-30
2022-07,수입시장,수입액,미국|3304|50|방글라데시,6901,USD,UN Comtrade 공개 API,2026-09-30
2022-07,수입시장,수입액,미국|3304|702|싱가포르,25955,USD,UN Comtrade 공개 API,2026-09-30
2022-07,수입시장,수입액,미국|3304|203|체코,1065008,USD,UN Comtrade 공개 API,2026-09-30
2022-07,수입시장,수입액,미국|3304|388|388,52503,USD,UN Comtrade 공개 API,2026-09-30
2022-07,수입시장,수입액,미국|3304|384|384,241721,USD,UN Comtrade 공개 API,2026-09-30
2022-07,수입시장,수입액,미국|3304|616|폴란드,2299919,USD,UN Comtrade 공개 API,2026-09-30
2022-07,수입시장,수입액,미국|3304|352|352,151510,USD,UN Comtrade 공개 API,2026-09-30
2022-07,수입시장,수입액,미국|3304|858|858,231904,USD,UN Comtrade 공개 API,2026-09-30
2022-07,수입시장,수입액,미국|3304|566|나이지리아,4757,USD,UN Comtrade 공개 API,2026-09-30
2022-07,수입시장,수입액,미국|3304|428|라트비아,17705,USD,UN Comtrade 공개 API,2026-09-30
2022-07,수입시장,수입액,미국|3304|804|우크라이나,22952,USD,UN Comtrade 공개 API,2026-09-30
2022-07,수입시장,수입액,미국|3304|208|덴마크,150238,USD,UN Comtrade 공개 API,2026-09-30
2022-07,수입시장,수입액,미국|3304|288|288,59078,USD,UN Comtrade 공개 API,2026-09-30
2022-07,수입시장,수입액,미국|3304|233|에스토니아,42811,USD,UN Comtrade 공개 API,2026-09-30
2022-07,수입시장,수입액,미국|3304|724|스페인,7814064,USD,UN Comtrade 공개 API,2026-09-30
2022-07,수입시장,수입액,미국|3304|56|벨기에,6704101,USD,UN Comtrade 공개 API,2026-09-30
2022-07,수입시장,수입액,미국|3304|608|필리핀,92412,USD,UN Comtrade 공개 API,2026-09-30
2022-07,수입시장,수입액,미국|3304|643|러시아,34616,USD,UN Comtrade 공개 API,2026-09-30
2022-07,수입시장,수입액,미국|3304|380|이탈리아,64893718,USD,UN Comtrade 공개 API,2026-09-30
2022-08,수입시장,수입액,미국|3304|757|스위스,7969927,USD,UN Comtrade 공개 API,2026-09-30
2022-08,수입시장,수입액,미국|3304|490|대만,13148430,USD,UN Comtrade 공개 API,2026-09-30
2022-08,수입시장,수입액,미국|3304|251|프랑스,108454083,USD,UN Comtrade 공개 API,2026-09-30
2022-08,수입시장,수입액,미국|3304|699|인도,3786814,USD,UN Comtrade 공개 API,2026-09-30
2022-08,수입시장,수입액,미국|3304|0|전체,575240665,USD,UN Comtrade 공개 API,2026-09-30
2022-08,수입시장,수입액,미국|3304|288|288,68030,USD,UN Comtrade 공개 API,2026-09-30
2022-08,수입시장,수입액,미국|3304|620|포르투갈,56209,USD,UN Comtrade 공개 API,2026-09-30
2022-08,수입시장,수입액,미국|3304|100|불가리아,167801,USD,UN Comtrade 공개 API,2026-09-30
2022-08,수입시장,수입액,미국|3304|682|사우디,16419,USD,UN Comtrade 공개 API,2026-09-30
2022-08,수입시장,수입액,미국|3304|800|800,7527,USD,UN Comtrade 공개 API,2026-09-30
2022-08,수입시장,수입액,미국|3304|360|인도네시아,595699,USD,UN Comtrade 공개 API,2026-09-30
2022-08,수입시장,수입액,미국|3304|608|필리핀,784368,USD,UN Comtrade 공개 API,2026-09-30
2022-08,수입시장,수입액,미국|3304|170|콜롬비아,1428761,USD,UN Comtrade 공개 API,2026-09-30
2022-08,수입시장,수입액,미국|3304|643|러시아,30807,USD,UN Comtrade 공개 API,2026-09-30
2022-08,수입시장,수입액,미국|3304|710|남아공,940987,USD,UN Comtrade 공개 API,2026-09-30
2022-08,수입시장,수입액,미국|3304|376|이스라엘,4824893,USD,UN Comtrade 공개 API,2026-09-30
2022-08,수입시장,수입액,미국|3304|662|662,4636,USD,UN Comtrade 공개 API,2026-09-30
2022-08,수입시장,수입액,미국|3304|586|파키스탄,23938,USD,UN Comtrade 공개 API,2026-09-30
2022-08,수입시장,수입액,미국|3304|76|브라질,818825,USD,UN Comtrade 공개 API,2026-09-30
2022-08,수입시장,수입액,미국|3304|854|854,14900,USD,UN Comtrade 공개 API,2026-09-30
2022-08,수입시장,수입액,미국|3304|440|리투아니아,2858,USD,UN Comtrade 공개 API,2026-09-30
2022-08,수입시장,수입액,미국|3304|36|호주,2058362,USD,UN Comtrade 공개 API,2026-09-30
2022-08,수입시장,수입액,미국|3304|348|헝가리,8217478,USD,UN Comtrade 공개 API,2026-09-30
2022-08,수입시장,수입액,미국|3304|616|폴란드,2060331,USD,UN Comtrade 공개 API,2026-09-30
2022-08,수입시장,수입액,미국|3304|214|214,37598,USD,UN Comtrade 공개 API,2026-09-30
2022-08,수입시장,수입액,미국|3304|528|네덜란드,689755,USD,UN Comtrade 공개 API,2026-09-30
2022-08,수입시장,수입액,미국|3304|231|231,5671,USD,UN Comtrade 공개 API,2026-09-30
2022-08,수입시장,수입액,미국|3304|242|242,3200,USD,UN Comtrade 공개 API,2026-09-30
2022-08,수입시장,수입액,미국|3304|702|싱가포르,11260,USD,UN Comtrade 공개 API,2026-09-30
2022-08,수입시장,수입액,미국|3304|50|방글라데시,5761,USD,UN Comtrade 공개 API,2026-09-30
2022-08,수입시장,수입액,미국|3304|246|핀란드,36806,USD,UN Comtrade 공개 API,2026-09-30
2022-08,수입시장,수입액,미국|3304|300|그리스,688012,USD,UN Comtrade 공개 API,2026-09-30
2022-08,수입시장,수입액,미국|3304|222|222,6585,USD,UN Comtrade 공개 API,2026-09-30
2022-08,수입시장,수입액,미국|3304|704|베트남,1675529,USD,UN Comtrade 공개 API,2026-09-30
2022-08,수입시장,수입액,미국|3304|384|384,300108,USD,UN Comtrade 공개 API,2026-09-30
2022-08,수입시장,수입액,미국|3304|208|덴마크,64746,USD,UN Comtrade 공개 API,2026-09-30
2022-08,수입시장,수입액,미국|3304|410|한국,68461547,USD,UN Comtrade 공개 API,2026-09-30
2022-08,수입시장,수입액,미국|3304|320|320,104458,USD,UN Comtrade 공개 API,2026-09-30
2022-08,수입시장,수입액,미국|3304|807|807,17464,USD,UN Comtrade 공개 API,2026-09-30
2022-08,수입시장,수입액,미국|3304|458|말레이시아,344294,USD,UN Comtrade 공개 API,2026-09-30
2022-08,수입시장,수입액,미국|3304|705|슬로베니아,31466,USD,UN Comtrade 공개 API,2026-09-30
2022-08,수입시장,수입액,미국|3304|372|아일랜드,3438976,USD,UN Comtrade 공개 API,2026-09-30
2022-08,수입시장,수입액,미국|3304|780|780,3386,USD,UN Comtrade 공개 API,2026-09-30
2022-08,수입시장,수입액,미국|3304|218|218,34433,USD,UN Comtrade 공개 API,2026-09-30
2022-08,수입시장,수입액,미국|3304|442|룩셈부르크,1234905,USD,UN Comtrade 공개 API,2026-09-30
2022-08,수입시장,수입액,미국|3304|804|우크라이나,23166,USD,UN Comtrade 공개 API,2026-09-30
2022-08,수입시장,수입액,미국|3304|604|페루,12088,USD,UN Comtrade 공개 API,2026-09-30
2022-08,수입시장,수입액,미국|3304|120|120,38199,USD,UN Comtrade 공개 API,2026-09-30
2022-08,수입시장,수입액,미국|3304|533|533,66659,USD,UN Comtrade 공개 API,2026-09-30
2022-08,수입시장,수입액,미국|3304|40|오스트리아,145444,USD,UN Comtrade 공개 API,2026-09-30
2022-08,수입시장,수입액,미국|3304|152|칠레,6326,USD,UN Comtrade 공개 API,2026-09-30
2022-08,수입시장,수입액,미국|3304|344|홍콩,425891,USD,UN Comtrade 공개 API,2026-09-30
2022-08,수입시장,수입액,미국|3304|764|태국,2682741,USD,UN Comtrade 공개 API,2026-09-30
2022-08,수입시장,수입액,미국|3304|203|체코,1314690,USD,UN Comtrade 공개 API,2026-09-30
2022-08,수입시장,수입액,미국|3304|32|아르헨티나,136476,USD,UN Comtrade 공개 API,2026-09-30
2022-08,수입시장,수입액,미국|3304|792|튀르키예,2696474,USD,UN Comtrade 공개 API,2026-09-30
2022-08,수입시장,수입액,미국|3304|233|에스토니아,7948,USD,UN Comtrade 공개 API,2026-09-30
2022-08,수입시장,수입액,미국|3304|352|352,304100,USD,UN Comtrade 공개 API,2026-09-30
2022-08,수입시장,수입액,미국|3304|784|UAE,1248066,USD,UN Comtrade 공개 API,2026-09-30
2022-08,수입시장,수입액,미국|3304|188|188,7150,USD,UN Comtrade 공개 API,2026-09-30
2022-08,수입시장,수입액,미국|3304|56|벨기에,6880553,USD,UN Comtrade 공개 API,2026-09-30
2022-08,수입시장,수입액,미국|3304|191|크로아티아,9143,USD,UN Comtrade 공개 API,2026-09-30
2022-08,수입시장,수입액,미국|3304|554|뉴질랜드,1284126,USD,UN Comtrade 공개 API,2026-09-30
2022-08,수입시장,수입액,미국|3304|504|504,43394,USD,UN Comtrade 공개 API,2026-09-30
2022-08,수입시장,수입액,미국|3304|752|스웨덴,22244354,USD,UN Comtrade 공개 API,2026-09-30
2022-08,수입시장,수입액,미국|3304|388|388,26743,USD,UN Comtrade 공개 API,2026-09-30
2022-08,수입시장,수입액,미국|3304|531|531,3810,USD,UN Comtrade 공개 API,2026-09-30
2022-08,수입시장,수입액,미국|3304|724|스페인,8653545,USD,UN Comtrade 공개 API,2026-09-30
2022-08,수입시장,수입액,미국|3304|380|이탈리아,56294483,USD,UN Comtrade 공개 API,2026-09-30
2022-08,수입시장,수입액,미국|3304|392|일본,20815129,USD,UN Comtrade 공개 API,2026-09-30
2022-08,수입시장,수입액,미국|3304|276|독일,19775208,USD,UN Comtrade 공개 API,2026-09-30
2022-08,수입시장,수입액,미국|3304|826|영국,21951265,USD,UN Comtrade 공개 API,2026-09-30
2022-08,수입시장,수입액,미국|3304|484|멕시코,19280986,USD,UN Comtrade 공개 API,2026-09-30
2022-08,수입시장,수입액,미국|3304|156|중국,81114599,USD,UN Comtrade 공개 API,2026-09-30
2022-08,수입시장,수입액,미국|3304|124|캐나다,75069866,USD,UN Comtrade 공개 API,2026-09-30
2022-08,수입시장,수입액,미국|300249|208|덴마크,1647467,USD,UN Comtrade 공개 API,2026-09-30
2022-08,수입시장,수입액,미국|300249|40|오스트리아,29329,USD,UN Comtrade 공개 API,2026-09-30
2022-08,수입시장,수입액,미국|300249|528|네덜란드,8711,USD,UN Comtrade 공개 API,2026-09-30
2022-08,수입시장,수입액,미국|300249|372|아일랜드,39277,USD,UN Comtrade 공개 API,2026-09-30
2022-08,수입시장,수입액,미국|300249|376|이스라엘,29750,USD,UN Comtrade 공개 API,2026-09-30
2022-08,수입시장,수입액,미국|300249|752|스웨덴,2608771,USD,UN Comtrade 공개 API,2026-09-30
2022-08,수입시장,수입액,미국|300249|56|벨기에,52043,USD,UN Comtrade 공개 API,2026-09-30
2022-08,수입시장,수입액,미국|300249|410|한국,2723876,USD,UN Comtrade 공개 API,2026-09-30
2022-08,수입시장,수입액,미국|300249|484|멕시코,627000,USD,UN Comtrade 공개 API,2026-09-30
2022-08,수입시장,수입액,미국|300249|380|이탈리아,465939,USD,UN Comtrade 공개 API,2026-09-30
2022-08,수입시장,수입액,미국|300249|826|영국,138834,USD,UN Comtrade 공개 API,2026-09-30
2022-08,수입시장,수입액,미국|300249|124|캐나다,545277,USD,UN Comtrade 공개 API,2026-09-30
2022-08,수입시장,수입액,미국|300249|276|독일,2006577,USD,UN Comtrade 공개 API,2026-09-30
2022-08,수입시장,수입액,미국|300249|156|중국,1073184,USD,UN Comtrade 공개 API,2026-09-30
2022-08,수입시장,수입액,미국|300249|0|전체,14771567,USD,UN Comtrade 공개 API,2026-09-30
2022-08,수입시장,수입액,미국|300249|699|인도,419997,USD,UN Comtrade 공개 API,2026-09-30
2022-08,수입시장,수입액,미국|300249|251|프랑스,2324505,USD,UN Comtrade 공개 API,2026-09-30
2022-08,수입시장,수입액,미국|300249|757|스위스,31030,USD,UN Comtrade 공개 API,2026-09-30
2022-09,수입시장,수입액,미국|3304|124|캐나다,77831714,USD,UN Comtrade 공개 API,2026-09-30
2022-09,수입시장,수입액,미국|3304|156|중국,71766448,USD,UN Comtrade 공개 API,2026-09-30
2022-09,수입시장,수입액,미국|3304|276|독일,23465420,USD,UN Comtrade 공개 API,2026-09-30
2022-09,수입시장,수입액,미국|3304|484|멕시코,21829206,USD,UN Comtrade 공개 API,2026-09-30
2022-09,수입시장,수입액,미국|3304|380|이탈리아,58500504,USD,UN Comtrade 공개 API,2026-09-30
2022-09,수입시장,수입액,미국|3304|826|영국,21435945,USD,UN Comtrade 공개 API,2026-09-30
2022-09,수입시장,수입액,미국|3304|392|일본,17245517,USD,UN Comtrade 공개 API,2026-09-30
2022-09,수입시장,수입액,미국|3304|410|한국,82020777,USD,UN Comtrade 공개 API,2026-09-30
2022-09,수입시장,수입액,미국|3304|724|스페인,5689265,USD,UN Comtrade 공개 API,2026-09-30
2022-09,수입시장,수입액,미국|3304|702|싱가포르,134054,USD,UN Comtrade 공개 API,2026-09-30
2022-09,수입시장,수입액,미국|3304|404|404,3028,USD,UN Comtrade 공개 API,2026-09-30
2022-09,수입시장,수입액,미국|3304|533|533,41752,USD,UN Comtrade 공개 API,2026-09-30
2022-09,수입시장,수입액,미국|3304|784|UAE,1438585,USD,UN Comtrade 공개 API,2026-09-30
2022-09,수입시장,수입액,미국|3304|144|스리랑카,101092,USD,UN Comtrade 공개 API,2026-09-30
2022-09,수입시장,수입액,미국|3304|780|780,4914,USD,UN Comtrade 공개 API,2026-09-30
2022-09,수입시장,수입액,미국|3304|705|슬로베니아,320197,USD,UN Comtrade 공개 API,2026-09-30
2022-09,수입시장,수입액,미국|3304|56|벨기에,5925233,USD,UN Comtrade 공개 API,2026-09-30
2022-09,수입시장,수입액,미국|3304|804|우크라이나,16993,USD,UN Comtrade 공개 API,2026-09-30
2022-09,수입시장,수입액,미국|3304|40|오스트리아,153921,USD,UN Comtrade 공개 API,2026-09-30
2022-09,수입시장,수입액,미국|3304|458|말레이시아,427841,USD,UN Comtrade 공개 API,2026-09-30
2022-09,수입시장,수입액,미국|3304|100|불가리아,95476,USD,UN Comtrade 공개 API,2026-09-30
2022-09,수입시장,수입액,미국|3304|300|그리스,891313,USD,UN Comtrade 공개 API,2026-09-30
2022-09,수입시장,수입액,미국|3304|643|러시아,19331,USD,UN Comtrade 공개 API,2026-09-30
2022-09,수입시장,수입액,미국|3304|344|홍콩,503690,USD,UN Comtrade 공개 API,2026-09-30
2022-09,수입시장,수입액,미국|3304|710|남아공,6020562,USD,UN Comtrade 공개 API,2026-09-30
2022-09,수입시장,수입액,미국|3304|554|뉴질랜드,1162874,USD,UN Comtrade 공개 API,2026-09-30
2022-09,수입시장,수입액,미국|3304|268|조지아,8335,USD,UN Comtrade 공개 API,2026-09-30
2022-09,수입시장,수입액,미국|3304|32|아르헨티나,228706,USD,UN Comtrade 공개 API,2026-09-30
2022-09,수입시장,수입액,미국|3304|748|748,6648,USD,UN Comtrade 공개 API,2026-09-30
2022-09,수입시장,수입액,미국|3304|440|리투아니아,20628,USD,UN Comtrade 공개 API,2026-09-30
2022-09,수입시장,수입액,미국|3304|764|태국,3979388,USD,UN Comtrade 공개 API,2026-09-30
2022-09,수입시장,수입액,미국|3304|214|214,56819,USD,UN Comtrade 공개 API,2026-09-30
2022-09,수입시장,수입액,미국|3304|372|아일랜드,3211056,USD,UN Comtrade 공개 API,2026-09-30
2022-09,수입시장,수입액,미국|3304|608|필리핀,122815,USD,UN Comtrade 공개 API,2026-09-30
2022-09,수입시장,수입액,미국|3304|208|덴마크,75476,USD,UN Comtrade 공개 API,2026-09-30
2022-09,수입시장,수입액,미국|3304|360|인도네시아,352913,USD,UN Comtrade 공개 API,2026-09-30
2022-09,수입시장,수입액,미국|3304|586|파키스탄,76292,USD,UN Comtrade 공개 API,2026-09-30
2022-09,수입시장,수입액,미국|3304|620|포르투갈,139214,USD,UN Comtrade 공개 API,2026-09-30
2022-09,수입시장,수입액,미국|3304|352|352,183376,USD,UN Comtrade 공개 API,2026-09-30
2022-09,수입시장,수입액,미국|3304|191|크로아티아,3473,USD,UN Comtrade 공개 API,2026-09-30
2022-09,수입시장,수입액,미국|3304|51|아르메니아,3351,USD,UN Comtrade 공개 API,2026-09-30
2022-09,수입시장,수입액,미국|3304|604|페루,12151,USD,UN Comtrade 공개 API,2026-09-30
2022-09,수입시장,수입액,미국|3304|152|칠레,32958,USD,UN Comtrade 공개 API,2026-09-30
2022-09,수입시장,수입액,미국|3304|818|이집트,3911,USD,UN Comtrade 공개 API,2026-09-30
2022-09,수입시장,수입액,미국|3304|320|320,5834,USD,UN Comtrade 공개 API,2026-09-30
2022-09,수입시장,수입액,미국|3304|36|호주,3533678,USD,UN Comtrade 공개 API,2026-09-30
2022-09,수입시장,수입액,미국|3304|376|이스라엘,4659747,USD,UN Comtrade 공개 API,2026-09-30
2022-09,수입시장,수입액,미국|3304|807|807,7343,USD,UN Comtrade 공개 API,2026-09-30
2022-09,수입시장,수입액,미국|3304|348|헝가리,8609684,USD,UN Comtrade 공개 API,2026-09-30
2022-09,수입시장,수입액,미국|3304|682|사우디,11445,USD,UN Comtrade 공개 API,2026-09-30
2022-09,수입시장,수입액,미국|3304|688|세르비아,11548,USD,UN Comtrade 공개 API,2026-09-30
2022-09,수입시장,수입액,미국|3304|233|에스토니아,5293,USD,UN Comtrade 공개 API,2026-09-30
2022-09,수입시장,수입액,미국|3304|76|브라질,426785,USD,UN Comtrade 공개 API,2026-09-30
2022-09,수입시장,수입액,미국|3304|288|288,24140,USD,UN Comtrade 공개 API,2026-09-30
2022-09,수입시장,수입액,미국|3304|50|방글라데시,20909,USD,UN Comtrade 공개 API,2026-09-30
2022-09,수입시장,수입액,미국|3304|218|218,5336,USD,UN Comtrade 공개 API,2026-09-30
2022-09,수입시장,수입액,미국|3304|422|레바논,6119,USD,UN Comtrade 공개 API,2026-09-30
2022-09,수입시장,수입액,미국|3304|792|튀르키예,2102055,USD,UN Comtrade 공개 API,2026-09-30
2022-09,수입시장,수입액,미국|3304|616|폴란드,2644611,USD,UN Comtrade 공개 API,2026-09-30
2022-09,수입시장,수입액,미국|3304|442|룩셈부르크,2068970,USD,UN Comtrade 공개 API,2026-09-30
2022-09,수입시장,수입액,미국|3304|504|504,23547,USD,UN Comtrade 공개 API,2026-09-30
2022-09,수입시장,수입액,미국|3304|384|384,372153,USD,UN Comtrade 공개 API,2026-09-30
2022-09,수입시장,수입액,미국|3304|242|242,601299,USD,UN Comtrade 공개 API,2026-09-30
2022-09,수입시장,수입액,미국|3304|170|콜롬비아,4461860,USD,UN Comtrade 공개 API,2026-09-30
2022-09,수입시장,수입액,미국|3304|428|라트비아,40633,USD,UN Comtrade 공개 API,2026-09-30
2022-09,수입시장,수입액,미국|3304|246|핀란드,68890,USD,UN Comtrade 공개 API,2026-09-30
2022-09,수입시장,수입액,미국|3304|196|키프로스,4061,USD,UN Comtrade 공개 API,2026-09-30
2022-09,수입시장,수입액,미국|3304|528|네덜란드,1105641,USD,UN Comtrade 공개 API,2026-09-30
2022-09,수입시장,수입액,미국|3304|752|스웨덴,17333167,USD,UN Comtrade 공개 API,2026-09-30
2022-09,수입시장,수입액,미국|3304|203|체코,1901487,USD,UN Comtrade 공개 API,2026-09-30
2022-09,수입시장,수입액,미국|3304|704|베트남,744050,USD,UN Comtrade 공개 API,2026-09-30
2022-09,수입시장,수입액,미국|3304|579|노르웨이,16719,USD,UN Comtrade 공개 API,2026-09-30
2022-09,수입시장,수입액,미국|3304|757|스위스,4506097,USD,UN Comtrade 공개 API,2026-09-30
2022-09,수입시장,수입액,미국|3304|490|대만,10627258,USD,UN Comtrade 공개 API,2026-09-30
2022-09,수입시장,수입액,미국|3304|251|프랑스,98121197,USD,UN Comtrade 공개 API,2026-09-30
2022-09,수입시장,수입액,미국|3304|699|인도,6041730,USD,UN Comtrade 공개 API,2026-09-30
2022-09,수입시장,수입액,미국|3304|0|전체,575676448,USD,UN Comtrade 공개 API,2026-09-30
2022-09,수입시장,수입액,미국|300249|528|네덜란드,27759,USD,UN Comtrade 공개 API,2026-09-30
2022-09,수입시장,수입액,미국|300249|764|태국,18831,USD,UN Comtrade 공개 API,2026-09-30
2022-09,수입시장,수입액,미국|300249|752|스웨덴,532647,USD,UN Comtrade 공개 API,2026-09-30
2022-09,수입시장,수입액,미국|300249|376|이스라엘,12277,USD,UN Comtrade 공개 API,2026-09-30
2022-09,수입시장,수입액,미국|300249|410|한국,5510127,USD,UN Comtrade 공개 API,2026-09-30
2022-09,수입시장,수입액,미국|300249|208|덴마크,2204625,USD,UN Comtrade 공개 API,2026-09-30
2022-09,수입시장,수입액,미국|300249|36|호주,52640,USD,UN Comtrade 공개 API,2026-09-30
2022-09,수입시장,수입액,미국|300249|372|아일랜드,9556,USD,UN Comtrade 공개 API,2026-09-30
2022-09,수입시장,수입액,미국|300249|702|싱가포르,4120564,USD,UN Comtrade 공개 API,2026-09-30
2022-09,수입시장,수입액,미국|300249|56|벨기에,76585,USD,UN Comtrade 공개 API,2026-09-30
2022-09,수입시장,수입액,미국|300249|858|858,125005,USD,UN Comtrade 공개 API,2026-09-30
2022-09,수입시장,수입액,미국|300249|484|멕시코,627000,USD,UN Comtrade 공개 API,2026-09-30
2022-09,수입시장,수입액,미국|300249|392|일본,414237,USD,UN Comtrade 공개 API,2026-09-30
2022-09,수입시장,수입액,미국|300249|826|영국,379780,USD,UN Comtrade 공개 API,2026-09-30
2022-09,수입시장,수입액,미국|300249|380|이탈리아,537786,USD,UN Comtrade 공개 API,2026-09-30
2022-09,수입시장,수입액,미국|300249|124|캐나다,667944,USD,UN Comtrade 공개 API,2026-09-30
2022-09,수입시장,수입액,미국|300249|276|독일,2381000,USD,UN Comtrade 공개 API,2026-09-30
2022-09,수입시장,수입액,미국|300249|156|중국,300216,USD,UN Comtrade 공개 API,2026-09-30
2022-09,수입시장,수입액,미국|300249|0|전체,19599054,USD,UN Comtrade 공개 API,2026-09-30
2022-09,수입시장,수입액,미국|300249|699|인도,410594,USD,UN Comtrade 공개 API,2026-09-30
2022-09,수입시장,수입액,미국|300249|251|프랑스,1164267,USD,UN Comtrade 공개 API,2026-09-30
2022-09,수입시장,수입액,미국|300249|757|스위스,25614,USD,UN Comtrade 공개 API,2026-09-30
2022-10,수입시장,수입액,미국|3304|124|캐나다,75542919,USD,UN Comtrade 공개 API,2026-09-30
2022-10,수입시장,수입액,미국|3304|156|중국,60252479,USD,UN Comtrade 공개 API,2026-09-30
2022-10,수입시장,수입액,미국|3304|484|멕시코,21435628,USD,UN Comtrade 공개 API,2026-09-30
2022-10,수입시장,수입액,미국|3304|276|독일,19098420,USD,UN Comtrade 공개 API,2026-09-30
2022-10,수입시장,수입액,미국|3304|380|이탈리아,68106696,USD,UN Comtrade 공개 API,2026-09-30
2022-10,수입시장,수입액,미국|3304|826|영국,19862004,USD,UN Comtrade 공개 API,2026-09-30
2022-10,수입시장,수입액,미국|3304|392|일본,17922691,USD,UN Comtrade 공개 API,2026-09-30
2022-10,수입시장,수입액,미국|3304|724|스페인,8259850,USD,UN Comtrade 공개 API,2026-09-30
2022-10,수입시장,수입액,미국|3304|458|말레이시아,579016,USD,UN Comtrade 공개 API,2026-09-30
2022-10,수입시장,수입액,미국|3304|643|러시아,10479,USD,UN Comtrade 공개 API,2026-09-30
2022-10,수입시장,수입액,미국|3304|188|188,55020,USD,UN Comtrade 공개 API,2026-09-30
2022-10,수입시장,수입액,미국|3304|218|218,18020,USD,UN Comtrade 공개 API,2026-09-30
2022-10,수입시장,수입액,미국|3304|702|싱가포르,331810,USD,UN Comtrade 공개 API,2026-09-30
2022-10,수입시장,수입액,미국|3304|50|방글라데시,27620,USD,UN Comtrade 공개 API,2026-09-30
2022-10,수입시장,수입액,미국|3304|214|214,51822,USD,UN Comtrade 공개 API,2026-09-30
2022-10,수입시장,수입액,미국|3304|144|스리랑카,498351,USD,UN Comtrade 공개 API,2026-09-30
2022-10,수입시장,수입액,미국|3304|616|폴란드,2347598,USD,UN Comtrade 공개 API,2026-09-30
2022-10,수입시장,수입액,미국|3304|533|533,112628,USD,UN Comtrade 공개 API,2026-09-30
2022-10,수입시장,수입액,미국|3304|388|388,14132,USD,UN Comtrade 공개 API,2026-09-30
2022-10,수입시장,수입액,미국|3304|608|필리핀,41845,USD,UN Comtrade 공개 API,2026-09-30
2022-10,수입시장,수입액,미국|3304|233|에스토니아,3074,USD,UN Comtrade 공개 API,2026-09-30
2022-10,수입시장,수입액,미국|3304|554|뉴질랜드,1828415,USD,UN Comtrade 공개 API,2026-09-30
2022-10,수입시장,수입액,미국|3304|752|스웨덴,23333326,USD,UN Comtrade 공개 API,2026-09-30
2022-10,수입시장,수입액,미국|3304|56|벨기에,6876256,USD,UN Comtrade 공개 API,2026-09-30
2022-10,수입시장,수입액,미국|3304|764|태국,4021626,USD,UN Comtrade 공개 API,2026-09-30
2022-10,수입시장,수입액,미국|3304|320|320,21456,USD,UN Comtrade 공개 API,2026-09-30
2022-10,수입시장,수입액,미국|3304|40|오스트리아,112183,USD,UN Comtrade 공개 API,2026-09-30
2022-10,수입시장,수입액,미국|3304|120|120,8710,USD,UN Comtrade 공개 API,2026-09-30
2022-10,수입시장,수입액,미국|3304|348|헝가리,7857322,USD,UN Comtrade 공개 API,2026-09-30
2022-10,수입시장,수입액,미국|3304|422|레바논,5572,USD,UN Comtrade 공개 API,2026-09-30
2022-10,수입시장,수입액,미국|3304|410|한국,71876826,USD,UN Comtrade 공개 API,2026-09-30
2022-10,수입시장,수입액,미국|3304|360|인도네시아,942665,USD,UN Comtrade 공개 API,2026-09-30
2022-10,수입시장,수입액,미국|3304|703|슬로바키아,4413,USD,UN Comtrade 공개 API,2026-09-30
2022-10,수입시장,수입액,미국|3304|788|788,7285,USD,UN Comtrade 공개 API,2026-09-30
2022-10,수입시장,수입액,미국|3304|36|호주,2034299,USD,UN Comtrade 공개 API,2026-09-30
2022-10,수입시장,수입액,미국|3304|688|세르비아,14283,USD,UN Comtrade 공개 API,2026-09-30
2022-10,수입시장,수입액,미국|3304|242|242,406647,USD,UN Comtrade 공개 API,2026-09-30
2022-10,수입시장,수입액,미국|3304|504|504,23564,USD,UN Comtrade 공개 API,2026-09-30
2022-10,수입시장,수입액,미국|3304|208|덴마크,58501,USD,UN Comtrade 공개 API,2026-09-30
2022-10,수입시장,수입액,미국|3304|384|384,319310,USD,UN Comtrade 공개 API,2026-09-30
2022-10,수입시장,수입액,미국|3304|246|핀란드,44810,USD,UN Comtrade 공개 API,2026-09-30
2022-10,수입시장,수입액,미국|3304|705|슬로베니아,33915,USD,UN Comtrade 공개 API,2026-09-30
2022-10,수입시장,수입액,미국|3304|440|리투아니아,20548,USD,UN Comtrade 공개 API,2026-09-30
2022-10,수입시장,수입액,미국|3304|31|아제르바이잔,6266,USD,UN Comtrade 공개 API,2026-09-30
2022-10,수입시장,수입액,미국|3304|804|우크라이나,68168,USD,UN Comtrade 공개 API,2026-09-30
2022-10,수입시장,수입액,미국|3304|344|홍콩,181074,USD,UN Comtrade 공개 API,2026-09-30
2022-10,수입시장,수입액,미국|3304|710|남아공,4347517,USD,UN Comtrade 공개 API,2026-09-30
2022-10,수입시장,수입액,미국|3304|442|룩셈부르크,1908128,USD,UN Comtrade 공개 API,2026-09-30
2022-10,수입시장,수입액,미국|3304|372|아일랜드,2814026,USD,UN Comtrade 공개 API,2026-09-30
2022-10,수입시장,수입액,미국|3304|586|파키스탄,26902,USD,UN Comtrade 공개 API,2026-09-30
2022-10,수입시장,수입액,미국|3304|792|튀르키예,1606398,USD,UN Comtrade 공개 API,2026-09-30
2022-10,수입시장,수입액,미국|3304|566|나이지리아,10107,USD,UN Comtrade 공개 API,2026-09-30
2022-10,수입시장,수입액,미국|3304|170|콜롬비아,2117032,USD,UN Comtrade 공개 API,2026-09-30
2022-10,수입시장,수입액,미국|3304|528|네덜란드,994280,USD,UN Comtrade 공개 API,2026-09-30
2022-10,수입시장,수입액,미국|3304|152|칠레,2160,USD,UN Comtrade 공개 API,2026-09-30
2022-10,수입시장,수입액,미국|3304|784|UAE,884754,USD,UN Comtrade 공개 API,2026-09-30
2022-10,수입시장,수입액,미국|3304|352|352,89205,USD,UN Comtrade 공개 API,2026-09-30
2022-10,수입시장,수입액,미국|3304|288|288,39574,USD,UN Comtrade 공개 API,2026-09-30
2022-10,수입시장,수입액,미국|3304|591|591,13042,USD,UN Comtrade 공개 API,2026-09-30
2022-10,수입시장,수입액,미국|3304|76|브라질,618341,USD,UN Comtrade 공개 API,2026-09-30
2022-10,수입시장,수입액,미국|3304|620|포르투갈,67947,USD,UN Comtrade 공개 API,2026-09-30
2022-10,수입시장,수입액,미국|3304|100|불가리아,116400,USD,UN Comtrade 공개 API,2026-09-30
2022-10,수입시장,수입액,미국|3304|258|258,49289,USD,UN Comtrade 공개 API,2026-09-30
2022-10,수입시장,수입액,미국|3304|376|이스라엘,6123635,USD,UN Comtrade 공개 API,2026-09-30
2022-10,수입시장,수입액,미국|3304|203|체코,1465709,USD,UN Comtrade 공개 API,2026-09-30
2022-10,수입시장,수입액,미국|3304|32|아르헨티나,43277,USD,UN Comtrade 공개 API,2026-09-30
2022-10,수입시장,수입액,미국|3304|300|그리스,1943405,USD,UN Comtrade 공개 API,2026-09-30
2022-10,수입시장,수입액,미국|3304|704|베트남,470984,USD,UN Comtrade 공개 API,2026-09-30
2022-10,수입시장,수입액,미국|3304|604|페루,8778,USD,UN Comtrade 공개 API,2026-09-30
2022-10,수입시장,수입액,미국|3304|470|몰타,40835,USD,UN Comtrade 공개 API,2026-09-30
2022-10,수입시장,수입액,미국|3304|579|노르웨이,28969,USD,UN Comtrade 공개 API,2026-09-30
2022-10,수입시장,수입액,미국|3304|757|스위스,13047672,USD,UN Comtrade 공개 API,2026-09-30
2022-10,수입시장,수입액,미국|3304|490|대만,10600874,USD,UN Comtrade 공개 API,2026-09-30
2022-10,수입시장,수입액,미국|3304|251|프랑스,107610765,USD,UN Comtrade 공개 API,2026-09-30
2022-10,수입시장,수입액,미국|3304|699|인도,3802194,USD,UN Comtrade 공개 API,2026-09-30
2022-10,수입시장,수입액,미국|3304|0|전체,575571741,USD,UN Comtrade 공개 API,2026-09-30
2022-10,수입시장,수입액,미국|300249|56|벨기에,133983,USD,UN Comtrade 공개 API,2026-09-30
2022-10,수입시장,수입액,미국|300249|752|스웨덴,3306684,USD,UN Comtrade 공개 API,2026-09-30
2022-10,수입시장,수입액,미국|300249|36|호주,100042,USD,UN Comtrade 공개 API,2026-09-30
2022-10,수입시장,수입액,미국|300249|40|오스트리아,184071,USD,UN Comtrade 공개 API,2026-09-30
2022-10,수입시장,수입액,미국|300249|410|한국,2661352,USD,UN Comtrade 공개 API,2026-09-30
2022-10,수입시장,수입액,미국|300249|208|덴마크,1168610,USD,UN Comtrade 공개 API,2026-09-30
2022-10,수입시장,수입액,미국|300249|528|네덜란드,39473,USD,UN Comtrade 공개 API,2026-09-30
2022-10,수입시장,수입액,미국|300249|372|아일랜드,6651625,USD,UN Comtrade 공개 API,2026-09-30
2022-10,수입시장,수입액,미국|300249|724|스페인,66476,USD,UN Comtrade 공개 API,2026-09-30
2022-10,수입시장,수입액,미국|300249|380|이탈리아,256964,USD,UN Comtrade 공개 API,2026-09-30
2022-10,수입시장,수입액,미국|300249|392|일본,672279,USD,UN Comtrade 공개 API,2026-09-30
2022-10,수입시장,수입액,미국|300249|124|캐나다,1132672,USD,UN Comtrade 공개 API,2026-09-30
2022-10,수입시장,수입액,미국|300249|826|영국,201755,USD,UN Comtrade 공개 API,2026-09-30
2022-10,수입시장,수입액,미국|300249|276|독일,1732048,USD,UN Comtrade 공개 API,2026-09-30
2022-10,수입시장,수입액,미국|300249|156|중국,1144578,USD,UN Comtrade 공개 API,2026-09-30
2022-10,수입시장,수입액,미국|300249|0|전체,21285579,USD,UN Comtrade 공개 API,2026-09-30
2022-10,수입시장,수입액,미국|300249|699|인도,642147,USD,UN Comtrade 공개 API,2026-09-30
2022-10,수입시장,수입액,미국|300249|251|프랑스,1148091,USD,UN Comtrade 공개 API,2026-09-30
2022-10,수입시장,수입액,미국|300249|757|스위스,42729,USD,UN Comtrade 공개 API,2026-09-30
2022-11,수입시장,수입액,미국|3304|203|체코,1021634,USD,UN Comtrade 공개 API,2026-09-30
2022-11,수입시장,수입액,미국|3304|410|한국,72331866,USD,UN Comtrade 공개 API,2026-09-30
2022-11,수입시장,수입액,미국|3304|616|폴란드,1695443,USD,UN Comtrade 공개 API,2026-09-30
2022-11,수입시장,수입액,미국|3304|384|384,306265,USD,UN Comtrade 공개 API,2026-09-30
2022-11,수입시장,수입액,미국|3304|246|핀란드,24673,USD,UN Comtrade 공개 API,2026-09-30
2022-11,수입시장,수입액,미국|3304|442|룩셈부르크,1100349,USD,UN Comtrade 공개 API,2026-09-30
2022-11,수입시장,수입액,미국|3304|208|덴마크,79373,USD,UN Comtrade 공개 API,2026-09-30
2022-11,수입시장,수입액,미국|3304|50|방글라데시,31018,USD,UN Comtrade 공개 API,2026-09-30
2022-11,수입시장,수입액,미국|3304|504|504,17794,USD,UN Comtrade 공개 API,2026-09-30
2022-11,수입시장,수입액,미국|3304|533|533,14873,USD,UN Comtrade 공개 API,2026-09-30
2022-11,수입시장,수입액,미국|3304|450|450,5594,USD,UN Comtrade 공개 API,2026-09-30
2022-11,수입시장,수입액,미국|3304|56|벨기에,4372689,USD,UN Comtrade 공개 API,2026-09-30
2022-11,수입시장,수입액,미국|3304|188|188,3747,USD,UN Comtrade 공개 API,2026-09-30
2022-11,수입시장,수입액,미국|3304|372|아일랜드,2208401,USD,UN Comtrade 공개 API,2026-09-30
2022-11,수입시장,수입액,미국|3304|780|780,14953,USD,UN Comtrade 공개 API,2026-09-30
2022-11,수입시장,수입액,미국|3304|604|페루,2344,USD,UN Comtrade 공개 API,2026-09-30
2022-11,수입시장,수입액,미국|3304|376|이스라엘,3975587,USD,UN Comtrade 공개 API,2026-09-30
2022-11,수입시장,수입액,미국|3304|470|몰타,17818,USD,UN Comtrade 공개 API,2026-09-30
2022-11,수입시장,수입액,미국|3304|388|388,12668,USD,UN Comtrade 공개 API,2026-09-30
2022-11,수입시장,수입액,미국|3304|51|아르메니아,13322,USD,UN Comtrade 공개 API,2026-09-30
2022-11,수입시장,수입액,미국|3304|704|베트남,919989,USD,UN Comtrade 공개 API,2026-09-30
2022-11,수입시장,수입액,미국|3304|32|아르헨티나,535290,USD,UN Comtrade 공개 API,2026-09-30
2022-11,수입시장,수입액,미국|3304|688|세르비아,8756,USD,UN Comtrade 공개 API,2026-09-30
2022-11,수입시장,수입액,미국|3304|100|불가리아,198374,USD,UN Comtrade 공개 API,2026-09-30
2022-11,수입시장,수입액,미국|3304|36|호주,1847069,USD,UN Comtrade 공개 API,2026-09-30
2022-11,수입시장,수입액,미국|3304|608|필리핀,139329,USD,UN Comtrade 공개 API,2026-09-30
2022-11,수입시장,수입액,미국|3304|152|칠레,84712,USD,UN Comtrade 공개 API,2026-09-30
2022-11,수입시장,수입액,미국|3304|705|슬로베니아,132578,USD,UN Comtrade 공개 API,2026-09-30
2022-11,수입시장,수입액,미국|3304|458|말레이시아,511768,USD,UN Comtrade 공개 API,2026-09-30
2022-11,수입시장,수입액,미국|3304|620|포르투갈,74973,USD,UN Comtrade 공개 API,2026-09-30
2022-11,수입시장,수입액,미국|3304|400|요르단,69826,USD,UN Comtrade 공개 API,2026-09-30
2022-11,수입시장,수입액,미국|3304|196|키프로스,70929,USD,UN Comtrade 공개 API,2026-09-30
2022-11,수입시장,수입액,미국|3304|792|튀르키예,2184713,USD,UN Comtrade 공개 API,2026-09-30
2022-11,수입시장,수입액,미국|3304|800|800,3001,USD,UN Comtrade 공개 API,2026-09-30
2022-11,수입시장,수입액,미국|3304|752|스웨덴,16645142,USD,UN Comtrade 공개 API,2026-09-30
2022-11,수입시장,수입액,미국|3304|784|UAE,318483,USD,UN Comtrade 공개 API,2026-09-30
2022-11,수입시장,수입액,미국|3304|686|686,20339,USD,UN Comtrade 공개 API,2026-09-30
2022-11,수입시장,수입액,미국|3304|428|라트비아,2079,USD,UN Comtrade 공개 API,2026-09-30
2022-11,수입시장,수입액,미국|3304|764|태국,2059965,USD,UN Comtrade 공개 API,2026-09-30
2022-11,수입시장,수입액,미국|3304|231|231,6200,USD,UN Comtrade 공개 API,2026-09-30
2022-11,수입시장,수입액,미국|3304|233|에스토니아,59217,USD,UN Comtrade 공개 API,2026-09-30
2022-11,수입시장,수입액,미국|3304|288|288,98319,USD,UN Comtrade 공개 API,2026-09-30
2022-11,수입시장,수입액,미국|3304|858|858,15563,USD,UN Comtrade 공개 API,2026-09-30
2022-11,수입시장,수입액,미국|3304|300|그리스,786592,USD,UN Comtrade 공개 API,2026-09-30
2022-11,수입시장,수입액,미국|3304|498|몰도바,2659,USD,UN Comtrade 공개 API,2026-09-30
2022-11,수입시장,수입액,미국|3304|643|러시아,10952,USD,UN Comtrade 공개 API,2026-09-30
2022-11,수입시장,수입액,미국|3304|703|슬로바키아,2828,USD,UN Comtrade 공개 API,2026-09-30
2022-11,수입시장,수입액,미국|3304|76|브라질,330957,USD,UN Comtrade 공개 API,2026-09-30
2022-11,수입시장,수입액,미국|3304|242|242,225862,USD,UN Comtrade 공개 API,2026-09-30
2022-11,수입시장,수입액,미국|3304|440|리투아니아,17285,USD,UN Comtrade 공개 API,2026-09-30
2022-11,수입시장,수입액,미국|3304|566|나이지리아,42199,USD,UN Comtrade 공개 API,2026-09-30
2022-11,수입시장,수입액,미국|3304|834|834,7866,USD,UN Comtrade 공개 API,2026-09-30
2022-11,수입시장,수입액,미국|3304|40|오스트리아,355972,USD,UN Comtrade 공개 API,2026-09-30
2022-11,수입시장,수입액,미국|3304|702|싱가포르,297591,USD,UN Comtrade 공개 API,2026-09-30
2022-11,수입시장,수입액,미국|3304|170|콜롬비아,3519522,USD,UN Comtrade 공개 API,2026-09-30
2022-11,수입시장,수입액,미국|3304|554|뉴질랜드,1043517,USD,UN Comtrade 공개 API,2026-09-30
2022-11,수입시장,수입액,미국|3304|344|홍콩,413502,USD,UN Comtrade 공개 API,2026-09-30
2022-11,수입시장,수입액,미국|3304|710|남아공,2470931,USD,UN Comtrade 공개 API,2026-09-30
2022-11,수입시장,수입액,미국|3304|862|862,29681,USD,UN Comtrade 공개 API,2026-09-30
2022-11,수입시장,수입액,미국|3304|348|헝가리,8324983,USD,UN Comtrade 공개 API,2026-09-30
2022-11,수입시장,수입액,미국|3304|682|사우디,5077,USD,UN Comtrade 공개 API,2026-09-30
2022-11,수입시장,수입액,미국|3304|352|352,91619,USD,UN Comtrade 공개 API,2026-09-30
2022-11,수입시장,수입액,미국|3304|586|파키스탄,106431,USD,UN Comtrade 공개 API,2026-09-30
2022-11,수입시장,수입액,미국|3304|660|660,5204,USD,UN Comtrade 공개 API,2026-09-30
2022-11,수입시장,수입액,미국|3304|531|531,3420,USD,UN Comtrade 공개 API,2026-09-30
2022-11,수입시장,수입액,미국|3304|144|스리랑카,196658,USD,UN Comtrade 공개 API,2026-09-30
2022-11,수입시장,수입액,미국|3304|528|네덜란드,1369995,USD,UN Comtrade 공개 API,2026-09-30
2022-11,수입시장,수입액,미국|3304|360|인도네시아,336946,USD,UN Comtrade 공개 API,2026-09-30
2022-11,수입시장,수입액,미국|3304|214|214,740065,USD,UN Comtrade 공개 API,2026-09-30
2022-11,수입시장,수입액,미국|3304|218|218,10351,USD,UN Comtrade 공개 API,2026-09-30
2022-11,수입시장,수입액,미국|3304|804|우크라이나,17904,USD,UN Comtrade 공개 API,2026-09-30
2022-11,수입시장,수입액,미국|3304|724|스페인,7729122,USD,UN Comtrade 공개 API,2026-09-30
2022-11,수입시장,수입액,미국|3304|392|일본,21484606,USD,UN Comtrade 공개 API,2026-09-30
2022-11,수입시장,수입액,미국|3304|826|영국,21546304,USD,UN Comtrade 공개 API,2026-09-30
2022-11,수입시장,수입액,미국|3304|380|이탈리아,68767673,USD,UN Comtrade 공개 API,2026-09-30
2022-11,수입시장,수입액,미국|3304|276|독일,17610123,USD,UN Comtrade 공개 API,2026-09-30
2022-11,수입시장,수입액,미국|3304|484|멕시코,19647782,USD,UN Comtrade 공개 API,2026-09-30
2022-11,수입시장,수입액,미국|3304|156|중국,45479854,USD,UN Comtrade 공개 API,2026-09-30
2022-11,수입시장,수입액,미국|3304|124|캐나다,76921716,USD,UN Comtrade 공개 API,2026-09-30
2022-11,수입시장,수입액,미국|3304|0|전체,528021128,USD,UN Comtrade 공개 API,2026-09-30
2022-11,수입시장,수입액,미국|3304|699|인도,4116878,USD,UN Comtrade 공개 API,2026-09-30
2022-11,수입시장,수입액,미국|3304|251|프랑스,95407745,USD,UN Comtrade 공개 API,2026-09-30
2022-11,수입시장,수입액,미국|3304|490|대만,7499832,USD,UN Comtrade 공개 API,2026-09-30
2022-11,수입시장,수입액,미국|3304|757|스위스,7785899,USD,UN Comtrade 공개 API,2026-09-30
2022-11,수입시장,수입액,미국|300249|208|덴마크,1197760,USD,UN Comtrade 공개 API,2026-09-30
2022-11,수입시장,수입액,미국|300249|376|이스라엘,9785,USD,UN Comtrade 공개 API,2026-09-30
2022-11,수입시장,수입액,미국|300249|372|아일랜드,6668201,USD,UN Comtrade 공개 API,2026-09-30
2022-11,수입시장,수입액,미국|300249|528|네덜란드,9158,USD,UN Comtrade 공개 API,2026-09-30
2022-11,수입시장,수입액,미국|300249|40|오스트리아,62971,USD,UN Comtrade 공개 API,2026-09-30
2022-11,수입시장,수입액,미국|300249|702|싱가포르,636753,USD,UN Comtrade 공개 API,2026-09-30
2022-11,수입시장,수입액,미국|300249|410|한국,2177558,USD,UN Comtrade 공개 API,2026-09-30
2022-11,수입시장,수입액,미국|300249|36|호주,57542,USD,UN Comtrade 공개 API,2026-09-30
2022-11,수입시장,수입액,미국|300249|32|아르헨티나,6600,USD,UN Comtrade 공개 API,2026-09-30
2022-11,수입시장,수입액,미국|300249|752|스웨덴,437790,USD,UN Comtrade 공개 API,2026-09-30
2022-11,수입시장,수입액,미국|300249|56|벨기에,72906,USD,UN Comtrade 공개 API,2026-09-30
2022-11,수입시장,수입액,미국|300249|392|일본,100150,USD,UN Comtrade 공개 API,2026-09-30
2022-11,수입시장,수입액,미국|300249|380|이탈리아,460494,USD,UN Comtrade 공개 API,2026-09-30
2022-11,수입시장,수입액,미국|300249|826|영국,180491,USD,UN Comtrade 공개 API,2026-09-30
2022-11,수입시장,수입액,미국|300249|124|캐나다,123729,USD,UN Comtrade 공개 API,2026-09-30
2022-11,수입시장,수입액,미국|300249|276|독일,1814908,USD,UN Comtrade 공개 API,2026-09-30
2022-11,수입시장,수입액,미국|300249|156|중국,679195,USD,UN Comtrade 공개 API,2026-09-30
2022-11,수입시장,수입액,미국|300249|0|전체,17340983,USD,UN Comtrade 공개 API,2026-09-30
2022-11,수입시장,수입액,미국|300249|699|인도,607576,USD,UN Comtrade 공개 API,2026-09-30
2022-11,수입시장,수입액,미국|300249|251|프랑스,1624656,USD,UN Comtrade 공개 API,2026-09-30
2022-11,수입시장,수입액,미국|300249|757|스위스,412760,USD,UN Comtrade 공개 API,2026-09-30
2022-12,수입시장,수입액,미국|3304|528|네덜란드,400569,USD,UN Comtrade 공개 API,2026-09-30
2022-12,수입시장,수입액,미국|3304|531|531,4554,USD,UN Comtrade 공개 API,2026-09-30
2022-12,수입시장,수입액,미국|3304|533|533,89789,USD,UN Comtrade 공개 API,2026-09-30
2022-12,수입시장,수입액,미국|3304|554|뉴질랜드,920015,USD,UN Comtrade 공개 API,2026-09-30
2022-12,수입시장,수입액,미국|3304|566|나이지리아,13513,USD,UN Comtrade 공개 API,2026-09-30
2022-12,수입시장,수입액,미국|3304|586|파키스탄,44466,USD,UN Comtrade 공개 API,2026-09-30
2022-12,수입시장,수입액,미국|3304|591|591,106724,USD,UN Comtrade 공개 API,2026-09-30
2022-12,수입시장,수입액,미국|3304|604|페루,5358,USD,UN Comtrade 공개 API,2026-09-30
2022-12,수입시장,수입액,미국|3304|608|필리핀,106002,USD,UN Comtrade 공개 API,2026-09-30
2022-12,수입시장,수입액,미국|3304|616|폴란드,3384792,USD,UN Comtrade 공개 API,2026-09-30
2022-12,수입시장,수입액,미국|3304|620|포르투갈,67083,USD,UN Comtrade 공개 API,2026-09-30
2022-12,수입시장,수입액,미국|3304|642|루마니아,9754,USD,UN Comtrade 공개 API,2026-09-30
2022-12,수입시장,수입액,미국|3304|400|요르단,16943,USD,UN Comtrade 공개 API,2026-09-30
2022-12,수입시장,수입액,미국|3304|428|라트비아,37164,USD,UN Comtrade 공개 API,2026-09-30
2022-12,수입시장,수입액,미국|3304|440|리투아니아,13204,USD,UN Comtrade 공개 API,2026-09-30
2022-12,수입시장,수입액,미국|3304|442|룩셈부르크,2319994,USD,UN Comtrade 공개 API,2026-09-30
2022-12,수입시장,수입액,미국|3304|458|말레이시아,620334,USD,UN Comtrade 공개 API,2026-09-30
2022-12,수입시장,수입액,미국|3304|498|몰도바,17043,USD,UN Comtrade 공개 API,2026-09-30
2022-12,수입시장,수입액,미국|3304|504|504,19672,USD,UN Comtrade 공개 API,2026-09-30
2022-12,수입시장,수입액,미국|3304|8|8,27690,USD,UN Comtrade 공개 API,2026-09-30
2022-12,수입시장,수입액,미국|3304|32|아르헨티나,529040,USD,UN Comtrade 공개 API,2026-09-30
2022-12,수입시장,수입액,미국|3304|36|호주,3757513,USD,UN Comtrade 공개 API,2026-09-30
2022-12,수입시장,수입액,미국|3304|40|오스트리아,479533,USD,UN Comtrade 공개 API,2026-09-30
2022-12,수입시장,수입액,미국|3304|50|방글라데시,20652,USD,UN Comtrade 공개 API,2026-09-30
2022-12,수입시장,수입액,미국|3304|56|벨기에,4747609,USD,UN Comtrade 공개 API,2026-09-30
2022-12,수입시장,수입액,미국|3304|76|브라질,548980,USD,UN Comtrade 공개 API,2026-09-30
2022-12,수입시장,수입액,미국|3304|100|불가리아,132105,USD,UN Comtrade 공개 API,2026-09-30
2022-12,수입시장,수입액,미국|3304|120|120,2498,USD,UN Comtrade 공개 API,2026-09-30
2022-12,수입시장,수입액,미국|3304|804|우크라이나,41538,USD,UN Comtrade 공개 API,2026-09-30
2022-12,수입시장,수입액,미국|3304|818|이집트,4500,USD,UN Comtrade 공개 API,2026-09-30
2022-12,수입시장,수입액,미국|3304|688|세르비아,25143,USD,UN Comtrade 공개 API,2026-09-30
2022-12,수입시장,수입액,미국|3304|694|694,3396,USD,UN Comtrade 공개 API,2026-09-30
2022-12,수입시장,수입액,미국|3304|702|싱가포르,160501,USD,UN Comtrade 공개 API,2026-09-30
2022-12,수입시장,수입액,미국|3304|704|베트남,295395,USD,UN Comtrade 공개 API,2026-09-30
2022-12,수입시장,수입액,미국|3304|710|남아공,2535604,USD,UN Comtrade 공개 API,2026-09-30
2022-12,수입시장,수입액,미국|3304|724|스페인,8165081,USD,UN Comtrade 공개 API,2026-09-30
2022-12,수입시장,수입액,미국|3304|752|스웨덴,3854173,USD,UN Comtrade 공개 API,2026-09-30
2022-12,수입시장,수입액,미국|3304|764|태국,3325433,USD,UN Comtrade 공개 API,2026-09-30
2022-12,수입시장,수입액,미국|3304|784|UAE,677675,USD,UN Comtrade 공개 API,2026-09-30
2022-12,수입시장,수입액,미국|3304|792|튀르키예,2580771,USD,UN Comtrade 공개 API,2026-09-30
2022-12,수입시장,수입액,미국|3304|268|조지아,49013,USD,UN Comtrade 공개 API,2026-09-30
2022-12,수입시장,수입액,미국|3304|288|288,83662,USD,UN Comtrade 공개 API,2026-09-30
2022-12,수입시장,수입액,미국|3304|300|그리스,516272,USD,UN Comtrade 공개 API,2026-09-30
2022-12,수입시장,수입액,미국|3304|344|홍콩,447251,USD,UN Comtrade 공개 API,2026-09-30
2022-12,수입시장,수입액,미국|3304|348|헝가리,9439284,USD,UN Comtrade 공개 API,2026-09-30
2022-12,수입시장,수입액,미국|3304|352|352,51230,USD,UN Comtrade 공개 API,2026-09-30
2022-12,수입시장,수입액,미국|3304|360|인도네시아,652911,USD,UN Comtrade 공개 API,2026-09-30
2022-12,수입시장,수입액,미국|3304|372|아일랜드,3028546,USD,UN Comtrade 공개 API,2026-09-30
2022-12,수입시장,수입액,미국|3304|376|이스라엘,3482120,USD,UN Comtrade 공개 API,2026-09-30
2022-12,수입시장,수입액,미국|3304|384|384,154466,USD,UN Comtrade 공개 API,2026-09-30
2022-12,수입시장,수입액,미국|3304|144|스리랑카,300223,USD,UN Comtrade 공개 API,2026-09-30
2022-12,수입시장,수입액,미국|3304|170|콜롬비아,4002761,USD,UN Comtrade 공개 API,2026-09-30
2022-12,수입시장,수입액,미국|3304|203|체코,793337,USD,UN Comtrade 공개 API,2026-09-30
2022-12,수입시장,수입액,미국|3304|208|덴마크,333006,USD,UN Comtrade 공개 API,2026-09-30
2022-12,수입시장,수입액,미국|3304|214|214,144118,USD,UN Comtrade 공개 API,2026-09-30
2022-12,수입시장,수입액,미국|3304|218|218,25254,USD,UN Comtrade 공개 API,2026-09-30
2022-12,수입시장,수입액,미국|3304|233|에스토니아,10443,USD,UN Comtrade 공개 API,2026-09-30
2022-12,수입시장,수입액,미국|3304|246|핀란드,13507,USD,UN Comtrade 공개 API,2026-09-30
2022-12,수입시장,수입액,미국|3304|410|한국,55071030,USD,UN Comtrade 공개 API,2026-09-30
2022-12,수입시장,수입액,미국|3304|392|일본,19205456,USD,UN Comtrade 공개 API,2026-09-30
2022-12,수입시장,수입액,미국|3304|826|영국,19459688,USD,UN Comtrade 공개 API,2026-09-30
2022-12,수입시장,수입액,미국|3304|380|이탈리아,65094151,USD,UN Comtrade 공개 API,2026-09-30
2022-12,수입시장,수입액,미국|3304|276|독일,16636603,USD,UN Comtrade 공개 API,2026-09-30
2022-12,수입시장,수입액,미국|3304|484|멕시코,26216513,USD,UN Comtrade 공개 API,2026-09-30
2022-12,수입시장,수입액,미국|3304|156|중국,40972847,USD,UN Comtrade 공개 API,2026-09-30
2022-12,수입시장,수입액,미국|3304|124|캐나다,75929234,USD,UN Comtrade 공개 API,2026-09-30
2022-12,수입시장,수입액,미국|3304|0|전체,521275879,USD,UN Comtrade 공개 API,2026-09-30
2022-12,수입시장,수입액,미국|3304|699|인도,2758155,USD,UN Comtrade 공개 API,2026-09-30
2022-12,수입시장,수입액,미국|3304|251|프랑스,122929327,USD,UN Comtrade 공개 API,2026-09-30
2022-12,수입시장,수입액,미국|3304|490|대만,6828535,USD,UN Comtrade 공개 API,2026-09-30
2022-12,수입시장,수입액,미국|3304|757|스위스,6535133,USD,UN Comtrade 공개 API,2026-09-30
2022-12,수입시장,수입액,미국|300249|528|네덜란드,38765,USD,UN Comtrade 공개 API,2026-09-30
2022-12,수입시장,수입액,미국|300249|410|한국,2761171,USD,UN Comtrade 공개 API,2026-09-30
2022-12,수입시장,수입액,미국|300249|36|호주,36606,USD,UN Comtrade 공개 API,2026-09-30
2022-12,수입시장,수입액,미국|300249|40|오스트리아,37661,USD,UN Comtrade 공개 API,2026-09-30
2022-12,수입시장,수입액,미국|300249|56|벨기에,26824,USD,UN Comtrade 공개 API,2026-09-30
2022-12,수입시장,수입액,미국|300249|752|스웨덴,5193,USD,UN Comtrade 공개 API,2026-09-30
2022-12,수입시장,수입액,미국|300249|372|아일랜드,391737,USD,UN Comtrade 공개 API,2026-09-30
2022-12,수입시장,수입액,미국|300249|376|이스라엘,15734,USD,UN Comtrade 공개 API,2026-09-30
2022-12,수입시장,수입액,미국|300249|208|덴마크,1592782,USD,UN Comtrade 공개 API,2026-09-30
2022-12,수입시장,수입액,미국|300249|484|멕시코,629883,USD,UN Comtrade 공개 API,2026-09-30
2022-12,수입시장,수입액,미국|300249|380|이탈리아,858035,USD,UN Comtrade 공개 API,2026-09-30
2022-12,수입시장,수입액,미국|300249|826|영국,70059,USD,UN Comtrade 공개 API,2026-09-30
2022-12,수입시장,수입액,미국|300249|392|일본,551851,USD,UN Comtrade 공개 API,2026-09-30
2022-12,수입시장,수입액,미국|300249|124|캐나다,635645,USD,UN Comtrade 공개 API,2026-09-30
2022-12,수입시장,수입액,미국|300249|276|독일,4446849,USD,UN Comtrade 공개 API,2026-09-30
2022-12,수입시장,수입액,미국|300249|156|중국,166410,USD,UN Comtrade 공개 API,2026-09-30
2022-12,수입시장,수입액,미국|300249|0|전체,14097036,USD,UN Comtrade 공개 API,2026-09-30
2022-12,수입시장,수입액,미국|300249|251|프랑스,967129,USD,UN Comtrade 공개 API,2026-09-30
2022-12,수입시장,수입액,미국|300249|699|인도,841265,USD,UN Comtrade 공개 API,2026-09-30
2022-12,수입시장,수입액,미국|300249|757|스위스,23437,USD,UN Comtrade 공개 API,2026-09-30
2023-01,수입시장,수입액,미국|300249|276|독일,4601498,USD,UN Comtrade 공개 API,2026-09-30
2023-01,수입시장,수입액,미국|300249|757|스위스,77973,USD,UN Comtrade 공개 API,2026-09-30
2023-01,수입시장,수입액,미국|300249|124|캐나다,1308735,USD,UN Comtrade 공개 API,2026-09-30
2023-01,수입시장,수입액,미국|300249|372|아일랜드,6652620,USD,UN Comtrade 공개 API,2026-09-30
2023-01,수입시장,수입액,미국|300249|826|영국,434042,USD,UN Comtrade 공개 API,2026-09-30
2023-01,수입시장,수입액,미국|300249|858|858,17463,USD,UN Comtrade 공개 API,2026-09-30
2023-01,수입시장,수입액,미국|300249|724|스페인,152837,USD,UN Comtrade 공개 API,2026-09-30
2023-01,수입시장,수입액,미국|300249|699|인도,797794,USD,UN Comtrade 공개 API,2026-09-30
2023-01,수입시장,수입액,미국|300249|40|오스트리아,58927,USD,UN Comtrade 공개 API,2026-09-30
2023-01,수입시장,수입액,미국|300249|752|스웨덴,34801954,USD,UN Comtrade 공개 API,2026-09-30
2023-01,수입시장,수입액,미국|300249|380|이탈리아,827868,USD,UN Comtrade 공개 API,2026-09-30
2023-01,수입시장,수입액,미국|300249|156|중국,689398,USD,UN Comtrade 공개 API,2026-09-30
2023-01,수입시장,수입액,미국|300249|208|덴마크,1955663,USD,UN Comtrade 공개 API,2026-09-30
2023-01,수입시장,수입액,미국|300249|376|이스라엘,105026,USD,UN Comtrade 공개 API,2026-09-30
2023-01,수입시장,수입액,미국|300249|0|전체,60423434,USD,UN Comtrade 공개 API,2026-09-30
2023-01,수입시장,수입액,미국|300249|410|한국,5459258,USD,UN Comtrade 공개 API,2026-09-30
2023-01,수입시장,수입액,미국|300249|56|벨기에,58793,USD,UN Comtrade 공개 API,2026-09-30
2023-01,수입시장,수입액,미국|300249|36|호주,64732,USD,UN Comtrade 공개 API,2026-09-30
2023-01,수입시장,수입액,미국|300249|251|프랑스,1126611,USD,UN Comtrade 공개 API,2026-09-30
2023-01,수입시장,수입액,미국|300249|702|싱가포르,1232242,USD,UN Comtrade 공개 API,2026-09-30
2023-01,수입시장,수입액,미국|3304|554|뉴질랜드,2036813,USD,UN Comtrade 공개 API,2026-09-30
2023-01,수입시장,수입액,미국|3304|704|베트남,311011,USD,UN Comtrade 공개 API,2026-09-30
2023-01,수입시장,수입액,미국|3304|422|레바논,10944,USD,UN Comtrade 공개 API,2026-09-30
2023-01,수입시장,수입액,미국|3304|40|오스트리아,485359,USD,UN Comtrade 공개 API,2026-09-30
2023-01,수입시장,수입액,미국|3304|410|한국,74081830,USD,UN Comtrade 공개 API,2026-09-30
2023-01,수입시장,수입액,미국|3304|705|슬로베니아,11009,USD,UN Comtrade 공개 API,2026-09-30
2023-01,수입시장,수입액,미국|3304|490|대만,7362754,USD,UN Comtrade 공개 API,2026-09-30
2023-01,수입시장,수입액,미국|3304|784|UAE,991444,USD,UN Comtrade 공개 API,2026-09-30
2023-01,수입시장,수입액,미국|3304|376|이스라엘,4091162,USD,UN Comtrade 공개 API,2026-09-30
2023-01,수입시장,수입액,미국|3304|360|인도네시아,349875,USD,UN Comtrade 공개 API,2026-09-30
2023-01,수입시장,수입액,미국|3304|586|파키스탄,67917,USD,UN Comtrade 공개 API,2026-09-30
2023-01,수입시장,수입액,미국|3304|388|388,10318,USD,UN Comtrade 공개 API,2026-09-30
2023-01,수입시장,수입액,미국|3304|288|288,100356,USD,UN Comtrade 공개 API,2026-09-30
2023-01,수입시장,수입액,미국|3304|152|칠레,177973,USD,UN Comtrade 공개 API,2026-09-30
2023-01,수입시장,수입액,미국|3304|591|591,48175,USD,UN Comtrade 공개 API,2026-09-30
2023-01,수입시장,수입액,미국|3304|218|218,25011,USD,UN Comtrade 공개 API,2026-09-30
2023-01,수입시장,수입액,미국|3304|710|남아공,1621287,USD,UN Comtrade 공개 API,2026-09-30
2023-01,수입시장,수입액,미국|3304|214|214,778379,USD,UN Comtrade 공개 API,2026-09-30
2023-01,수입시장,수입액,미국|3304|208|덴마크,109230,USD,UN Comtrade 공개 API,2026-09-30
2023-01,수입시장,수입액,미국|3304|124|캐나다,76713117,USD,UN Comtrade 공개 API,2026-09-30
2023-01,수입시장,수입액,미국|3304|616|폴란드,2647553,USD,UN Comtrade 공개 API,2026-09-30
2023-01,수입시장,수입액,미국|3304|442|룩셈부르크,1511994,USD,UN Comtrade 공개 API,2026-09-30
2023-01,수입시장,수입액,미국|3304|528|네덜란드,767825,USD,UN Comtrade 공개 API,2026-09-30
2023-01,수입시장,수입액,미국|3304|344|홍콩,512142,USD,UN Comtrade 공개 API,2026-09-30
2023-01,수입시장,수입액,미국|3304|348|헝가리,4087263,USD,UN Comtrade 공개 API,2026-09-30
2023-01,수입시장,수입액,미국|3304|392|일본,18245663,USD,UN Comtrade 공개 API,2026-09-30
2023-01,수입시장,수입액,미국|3304|796|796,5407,USD,UN Comtrade 공개 API,2026-09-30
2023-01,수입시장,수입액,미국|3304|246|핀란드,110381,USD,UN Comtrade 공개 API,2026-09-30
2023-01,수입시장,수입액,미국|3304|170|콜롬비아,971640,USD,UN Comtrade 공개 API,2026-09-30
2023-01,수입시장,수입액,미국|3304|764|태국,1627972,USD,UN Comtrade 공개 API,2026-09-30
2023-01,수입시장,수입액,미국|3304|643|러시아,35045,USD,UN Comtrade 공개 API,2026-09-30
2023-01,수입시장,수입액,미국|3304|251|프랑스,100002656,USD,UN Comtrade 공개 API,2026-09-30
2023-01,수입시장,수입액,미국|3304|276|독일,14965998,USD,UN Comtrade 공개 API,2026-09-30
2023-01,수입시장,수입액,미국|3304|100|불가리아,541368,USD,UN Comtrade 공개 API,2026-09-30
2023-01,수입시장,수입액,미국|3304|400|요르단,4060,USD,UN Comtrade 공개 API,2026-09-30
2023-01,수입시장,수입액,미국|3304|380|이탈리아,67634343,USD,UN Comtrade 공개 API,2026-09-30
2023-01,수입시장,수입액,미국|3304|699|인도,4590411,USD,UN Comtrade 공개 API,2026-09-30
2023-01,수입시장,수입액,미국|3304|50|방글라데시,64164,USD,UN Comtrade 공개 API,2026-09-30
2023-01,수입시장,수입액,미국|3304|144|스리랑카,231821,USD,UN Comtrade 공개 API,2026-09-30
2023-01,수입시장,수입액,미국|3304|792|튀르키예,1761942,USD,UN Comtrade 공개 API,2026-09-30
2023-01,수입시장,수입액,미국|3304|703|슬로바키아,32721,USD,UN Comtrade 공개 API,2026-09-30
2023-01,수입시장,수입액,미국|3304|116|캄보디아,21153,USD,UN Comtrade 공개 API,2026-09-30
2023-01,수입시장,수입액,미국|3304|579|노르웨이,2616,USD,UN Comtrade 공개 API,2026-09-30
2023-01,수입시장,수입액,미국|3304|352|352,133860,USD,UN Comtrade 공개 API,2026-09-30
2023-01,수입시장,수입액,미국|3304|300|그리스,378792,USD,UN Comtrade 공개 API,2026-09-30
2023-01,수입시장,수입액,미국|3304|752|스웨덴,10170426,USD,UN Comtrade 공개 API,2026-09-30
2023-01,수입시장,수입액,미국|3304|484|멕시코,20173746,USD,UN Comtrade 공개 API,2026-09-30
2023-01,수입시장,수입액,미국|3304|156|중국,46894404,USD,UN Comtrade 공개 API,2026-09-30
2023-01,수입시장,수입액,미국|3304|191|크로아티아,9991,USD,UN Comtrade 공개 API,2026-09-30
2023-01,수입시장,수입액,미국|3304|56|벨기에,4436124,USD,UN Comtrade 공개 API,2026-09-30
2023-01,수입시장,수입액,미국|3304|320|320,20288,USD,UN Comtrade 공개 API,2026-09-30
2023-01,수입시장,수입액,미국|3304|372|아일랜드,3174862,USD,UN Comtrade 공개 API,2026-09-30
2023-01,수입시장,수입액,미국|3304|826|영국,19728365,USD,UN Comtrade 공개 API,2026-09-30
2023-01,수입시장,수입액,미국|3304|702|싱가포르,39382,USD,UN Comtrade 공개 API,2026-09-30
2023-01,수입시장,수입액,미국|3304|0|전체,513310452,USD,UN Comtrade 공개 API,2026-09-30
2023-01,수입시장,수입액,미국|3304|384|384,138806,USD,UN Comtrade 공개 API,2026-09-30
2023-01,수입시장,수입액,미국|3304|807|807,6144,USD,UN Comtrade 공개 API,2026-09-30
2023-01,수입시장,수입액,미국|3304|566|나이지리아,8308,USD,UN Comtrade 공개 API,2026-09-30
2023-01,수입시장,수입액,미국|3304|233|에스토니아,5458,USD,UN Comtrade 공개 API,2026-09-30
2023-01,수입시장,수입액,미국|3304|203|체코,995145,USD,UN Comtrade 공개 API,2026-09-30
2023-01,수입시장,수입액,미국|3304|804|우크라이나,6037,USD,UN Comtrade 공개 API,2026-09-30
2023-01,수입시장,수입액,미국|3304|724|스페인,7348623,USD,UN Comtrade 공개 API,2026-09-30
2023-01,수입시장,수입액,미국|3304|458|말레이시아,523513,USD,UN Comtrade 공개 API,2026-09-30
2023-01,수입시장,수입액,미국|3304|504|504,4501,USD,UN Comtrade 공개 API,2026-09-30
2023-01,수입시장,수입액,미국|3304|32|아르헨티나,237684,USD,UN Comtrade 공개 API,2026-09-30
2023-01,수입시장,수입액,미국|3304|242|242,158803,USD,UN Comtrade 공개 API,2026-09-30
2023-01,수입시장,수입액,미국|3304|620|포르투갈,38142,USD,UN Comtrade 공개 API,2026-09-30
2023-01,수입시장,수입액,미국|3304|188|188,10795,USD,UN Comtrade 공개 API,2026-09-30
2023-01,수입시장,수입액,미국|3304|757|스위스,5083787,USD,UN Comtrade 공개 API,2026-09-30
2023-01,수입시장,수입액,미국|3304|428|라트비아,29265,USD,UN Comtrade 공개 API,2026-09-30
2023-01,수입시장,수입액,미국|3304|608|필리핀,7560,USD,UN Comtrade 공개 API,2026-09-30
2023-01,수입시장,수입액,미국|3304|36|호주,3544130,USD,UN Comtrade 공개 API,2026-09-30
2023-01,수입시장,수입액,미국|3304|76|브라질,172052,USD,UN Comtrade 공개 API,2026-09-30
2023-01,수입시장,수입액,미국|3304|688|세르비아,71357,USD,UN Comtrade 공개 API,2026-09-30
2023-02,수입시장,수입액,미국|3304|404|404,7116,USD,UN Comtrade 공개 API,2026-09-30
2023-02,수입시장,수입액,미국|3304|36|호주,2282254,USD,UN Comtrade 공개 API,2026-09-30
2023-02,수입시장,수입액,미국|3304|392|일본,13336295,USD,UN Comtrade 공개 API,2026-09-30
2023-02,수입시장,수입액,미국|3304|800|800,9286,USD,UN Comtrade 공개 API,2026-09-30
2023-02,수입시장,수입액,미국|3304|504|504,19036,USD,UN Comtrade 공개 API,2026-09-30
2023-02,수입시장,수입액,미국|3304|702|싱가포르,67843,USD,UN Comtrade 공개 API,2026-09-30
2023-02,수입시장,수입액,미국|3304|380|이탈리아,60661836,USD,UN Comtrade 공개 API,2026-09-30
2023-02,수입시장,수입액,미국|3304|705|슬로베니아,4384,USD,UN Comtrade 공개 API,2026-09-30
2023-02,수입시장,수입액,미국|3304|348|헝가리,4062991,USD,UN Comtrade 공개 API,2026-09-30
2023-02,수입시장,수입액,미국|3304|372|아일랜드,2440129,USD,UN Comtrade 공개 API,2026-09-30
2023-02,수입시장,수입액,미국|3304|320|320,25909,USD,UN Comtrade 공개 API,2026-09-30
2023-02,수입시장,수입액,미국|3304|218|218,3426,USD,UN Comtrade 공개 API,2026-09-30
2023-02,수입시장,수입액,미국|3304|116|캄보디아,22543,USD,UN Comtrade 공개 API,2026-09-30
2023-02,수입시장,수입액,미국|3304|752|스웨덴,2951264,USD,UN Comtrade 공개 API,2026-09-30
2023-02,수입시장,수입액,미국|3304|376|이스라엘,2778450,USD,UN Comtrade 공개 API,2026-09-30
2023-02,수입시장,수입액,미국|3304|300|그리스,138910,USD,UN Comtrade 공개 API,2026-09-30
2023-02,수입시장,수입액,미국|3304|51|아르메니아,8821,USD,UN Comtrade 공개 API,2026-09-30
2023-02,수입시장,수입액,미국|3304|764|태국,2024546,USD,UN Comtrade 공개 API,2026-09-30
2023-02,수입시장,수입액,미국|3304|442|룩셈부르크,798846,USD,UN Comtrade 공개 API,2026-09-30
2023-02,수입시장,수입액,미국|3304|288|288,49956,USD,UN Comtrade 공개 API,2026-09-30
2023-02,수입시장,수입액,미국|3304|233|에스토니아,5530,USD,UN Comtrade 공개 API,2026-09-30
2023-02,수입시장,수입액,미국|3304|826|영국,17457655,USD,UN Comtrade 공개 API,2026-09-30
2023-02,수입시장,수입액,미국|3304|40|오스트리아,77622,USD,UN Comtrade 공개 API,2026-09-30
2023-02,수입시장,수입액,미국|3304|170|콜롬비아,635731,USD,UN Comtrade 공개 API,2026-09-30
2023-02,수입시장,수입액,미국|3304|792|튀르키예,904813,USD,UN Comtrade 공개 API,2026-09-30
2023-02,수입시장,수입액,미국|3304|251|프랑스,76006519,USD,UN Comtrade 공개 API,2026-09-30
2023-02,수입시장,수입액,미국|3304|710|남아공,1268352,USD,UN Comtrade 공개 API,2026-09-30
2023-02,수입시장,수입액,미국|3304|8|8,3319,USD,UN Comtrade 공개 API,2026-09-30
2023-02,수입시장,수입액,미국|3304|276|독일,12834669,USD,UN Comtrade 공개 API,2026-09-30
2023-02,수입시장,수입액,미국|3304|586|파키스탄,42625,USD,UN Comtrade 공개 API,2026-09-30
2023-02,수입시장,수입액,미국|3304|528|네덜란드,756860,USD,UN Comtrade 공개 API,2026-09-30
2023-02,수입시장,수입액,미국|3304|76|브라질,159651,USD,UN Comtrade 공개 API,2026-09-30
2023-02,수입시장,수입액,미국|3304|784|UAE,293625,USD,UN Comtrade 공개 API,2026-09-30
2023-02,수입시장,수입액,미국|3304|152|칠레,33954,USD,UN Comtrade 공개 API,2026-09-30
2023-02,수입시장,수입액,미국|3304|156|중국,37698351,USD,UN Comtrade 공개 API,2026-09-30
2023-02,수입시장,수입액,미국|3304|699|인도,4401438,USD,UN Comtrade 공개 API,2026-09-30
2023-02,수입시장,수입액,미국|3304|203|체코,1063599,USD,UN Comtrade 공개 API,2026-09-30
2023-02,수입시장,수입액,미국|3304|0|전체,453539236,USD,UN Comtrade 공개 API,2026-09-30
2023-02,수입시장,수입액,미국|3304|642|루마니아,2514,USD,UN Comtrade 공개 API,2026-09-30
2023-02,수입시장,수입액,미국|3304|70|70,5404,USD,UN Comtrade 공개 API,2026-09-30
2023-02,수입시장,수입액,미국|3304|646|646,5282,USD,UN Comtrade 공개 API,2026-09-30
2023-02,수입시장,수입액,미국|3304|428|라트비아,16301,USD,UN Comtrade 공개 API,2026-09-30
2023-02,수입시장,수입액,미국|3304|246|핀란드,43749,USD,UN Comtrade 공개 API,2026-09-30
2023-02,수입시장,수입액,미국|3304|703|슬로바키아,7702,USD,UN Comtrade 공개 API,2026-09-30
2023-02,수입시장,수입액,미국|3304|32|아르헨티나,68519,USD,UN Comtrade 공개 API,2026-09-30
2023-02,수입시장,수입액,미국|3304|620|포르투갈,67686,USD,UN Comtrade 공개 API,2026-09-30
2023-02,수입시장,수입액,미국|3304|208|덴마크,20823,USD,UN Comtrade 공개 API,2026-09-30
2023-02,수입시장,수입액,미국|3304|100|불가리아,168299,USD,UN Comtrade 공개 API,2026-09-30
2023-02,수입시장,수입액,미국|3304|704|베트남,781114,USD,UN Comtrade 공개 API,2026-09-30
2023-02,수입시장,수입액,미국|3304|231|231,4600,USD,UN Comtrade 공개 API,2026-09-30
2023-02,수입시장,수입액,미국|3304|400|요르단,3989,USD,UN Comtrade 공개 API,2026-09-30
2023-02,수입시장,수입액,미국|3304|144|스리랑카,201622,USD,UN Comtrade 공개 API,2026-09-30
2023-02,수입시장,수입액,미국|3304|360|인도네시아,244643,USD,UN Comtrade 공개 API,2026-09-30
2023-02,수입시장,수입액,미국|3304|214|214,605745,USD,UN Comtrade 공개 API,2026-09-30
2023-02,수입시장,수입액,미국|3304|608|필리핀,56040,USD,UN Comtrade 공개 API,2026-09-30
2023-02,수입시장,수입액,미국|3304|352|352,120026,USD,UN Comtrade 공개 API,2026-09-30
2023-02,수입시장,수입액,미국|3304|818|이집트,4682,USD,UN Comtrade 공개 API,2026-09-30
2023-02,수입시장,수입액,미국|3304|410|한국,64715718,USD,UN Comtrade 공개 API,2026-09-30
2023-02,수입시장,수입액,미국|3304|384|384,262349,USD,UN Comtrade 공개 API,2026-09-30
2023-02,수입시장,수입액,미국|3304|804|우크라이나,13534,USD,UN Comtrade 공개 API,2026-09-30
2023-02,수입시장,수입액,미국|3304|604|페루,20464,USD,UN Comtrade 공개 API,2026-09-30
2023-02,수입시장,수입액,미국|3304|554|뉴질랜드,1060650,USD,UN Comtrade 공개 API,2026-09-30
2023-02,수입시장,수입액,미국|3304|490|대만,7379045,USD,UN Comtrade 공개 API,2026-09-30
2023-02,수입시장,수입액,미국|3304|757|스위스,12623392,USD,UN Comtrade 공개 API,2026-09-30
2023-02,수입시장,수입액,미국|3304|56|벨기에,5150904,USD,UN Comtrade 공개 API,2026-09-30
2023-02,수입시장,수입액,미국|3304|124|캐나다,82434879,USD,UN Comtrade 공개 API,2026-09-30
2023-02,수입시장,수입액,미국|3304|724|스페인,5326526,USD,UN Comtrade 공개 API,2026-09-30
2023-02,수입시장,수입액,미국|3304|616|폴란드,2523977,USD,UN Comtrade 공개 API,2026-09-30
2023-02,수입시장,수입액,미국|3304|50|방글라데시,23209,USD,UN Comtrade 공개 API,2026-09-30
2023-02,수입시장,수입액,미국|3304|484|멕시코,23891702,USD,UN Comtrade 공개 API,2026-09-30
2023-02,수입시장,수입액,미국|3304|344|홍콩,109807,USD,UN Comtrade 공개 API,2026-09-30
2023-02,수입시장,수입액,미국|3304|458|말레이시아,236186,USD,UN Comtrade 공개 API,2026-09-30
2023-02,수입시장,수입액,미국|300249|251|프랑스,889892,USD,UN Comtrade 공개 API,2026-09-30
2023-02,수입시장,수입액,미국|300249|246|핀란드,10780,USD,UN Comtrade 공개 API,2026-09-30
2023-02,수입시장,수입액,미국|300249|752|스웨덴,49747298,USD,UN Comtrade 공개 API,2026-09-30
2023-02,수입시장,수입액,미국|300249|724|스페인,110892,USD,UN Comtrade 공개 API,2026-09-30
2023-02,수입시장,수입액,미국|300249|757|스위스,34644,USD,UN Comtrade 공개 API,2026-09-30
2023-02,수입시장,수입액,미국|300249|392|일본,548480,USD,UN Comtrade 공개 API,2026-09-30
2023-02,수입시장,수입액,미국|300249|699|인도,546530,USD,UN Comtrade 공개 API,2026-09-30
2023-02,수입시장,수입액,미국|300249|410|한국,5493940,USD,UN Comtrade 공개 API,2026-09-30
2023-02,수입시장,수입액,미국|300249|376|이스라엘,13890,USD,UN Comtrade 공개 API,2026-09-30
2023-02,수입시장,수입액,미국|300249|380|이탈리아,2737755,USD,UN Comtrade 공개 API,2026-09-30
2023-02,수입시장,수입액,미국|300249|826|영국,303725,USD,UN Comtrade 공개 API,2026-09-30
2023-02,수입시장,수입액,미국|300249|124|캐나다,2687395,USD,UN Comtrade 공개 API,2026-09-30
2023-02,수입시장,수입액,미국|300249|372|아일랜드,48435686,USD,UN Comtrade 공개 API,2026-09-30
2023-02,수입시장,수입액,미국|300249|36|호주,6220,USD,UN Comtrade 공개 API,2026-09-30
2023-02,수입시장,수입액,미국|300249|40|오스트리아,7217,USD,UN Comtrade 공개 API,2026-09-30
2023-02,수입시장,수입액,미국|300249|208|덴마크,2252186,USD,UN Comtrade 공개 API,2026-09-30
2023-02,수입시장,수입액,미국|300249|32|아르헨티나,4552,USD,UN Comtrade 공개 API,2026-09-30
2023-02,수입시장,수입액,미국|300249|156|중국,267245,USD,UN Comtrade 공개 API,2026-09-30
2023-02,수입시장,수입액,미국|300249|0|전체,116068910,USD,UN Comtrade 공개 API,2026-09-30
2023-02,수입시장,수입액,미국|300249|276|독일,1970583,USD,UN Comtrade 공개 API,2026-09-30
2023-03,수입시장,수입액,미국|300249|410|한국,2758910,USD,UN Comtrade 공개 API,2026-09-30
2023-03,수입시장,수입액,미국|300249|699|인도,848672,USD,UN Comtrade 공개 API,2026-09-30
2023-03,수입시장,수입액,미국|300249|208|덴마크,1962408,USD,UN Comtrade 공개 API,2026-09-30
2023-03,수입시장,수입액,미국|300249|528|네덜란드,576928,USD,UN Comtrade 공개 API,2026-09-30
2023-03,수입시장,수입액,미국|300249|251|프랑스,1136673,USD,UN Comtrade 공개 API,2026-09-30
2023-03,수입시장,수입액,미국|300249|56|벨기에,47427,USD,UN Comtrade 공개 API,2026-09-30
2023-03,수입시장,수입액,미국|300249|392|일본,93550,USD,UN Comtrade 공개 API,2026-09-30
2023-03,수입시장,수입액,미국|300249|372|아일랜드,57922272,USD,UN Comtrade 공개 API,2026-09-30
2023-03,수입시장,수입액,미국|300249|826|영국,1799295,USD,UN Comtrade 공개 API,2026-09-30
2023-03,수입시장,수입액,미국|300249|380|이탈리아,1315903,USD,UN Comtrade 공개 API,2026-09-30
2023-03,수입시장,수입액,미국|300249|702|싱가포르,79472,USD,UN Comtrade 공개 API,2026-09-30
2023-03,수입시장,수입액,미국|300249|490|대만,2905,USD,UN Comtrade 공개 API,2026-09-30
2023-03,수입시장,수입액,미국|300249|757|스위스,331598,USD,UN Comtrade 공개 API,2026-09-30
2023-03,수입시장,수입액,미국|300249|40|오스트리아,37430,USD,UN Comtrade 공개 API,2026-09-30
2023-03,수입시장,수입액,미국|300249|124|캐나다,1647322,USD,UN Comtrade 공개 API,2026-09-30
2023-03,수입시장,수입액,미국|300249|276|독일,2441673,USD,UN Comtrade 공개 API,2026-09-30
2023-03,수입시장,수입액,미국|300249|246|핀란드,21915,USD,UN Comtrade 공개 API,2026-09-30
2023-03,수입시장,수입액,미국|300249|752|스웨덴,22082118,USD,UN Comtrade 공개 API,2026-09-30
2023-03,수입시장,수입액,미국|300249|376|이스라엘,2656,USD,UN Comtrade 공개 API,2026-09-30
2023-03,수입시장,수입액,미국|300249|156|중국,429154,USD,UN Comtrade 공개 API,2026-09-30
2023-03,수입시장,수입액,미국|300249|0|전체,95541520,USD,UN Comtrade 공개 API,2026-09-30
2023-03,수입시장,수입액,미국|300249|32|아르헨티나,3239,USD,UN Comtrade 공개 API,2026-09-30
2023-03,수입시장,수입액,미국|3304|554|뉴질랜드,1094825,USD,UN Comtrade 공개 API,2026-09-30
2023-03,수입시장,수입액,미국|3304|417|키르기스스탄,14027,USD,UN Comtrade 공개 API,2026-09-30
2023-03,수입시장,수입액,미국|3304|705|슬로베니아,20313,USD,UN Comtrade 공개 API,2026-09-30
2023-03,수입시장,수입액,미국|3304|208|덴마크,500479,USD,UN Comtrade 공개 API,2026-09-30
2023-03,수입시장,수입액,미국|3304|586|파키스탄,42179,USD,UN Comtrade 공개 API,2026-09-30
2023-03,수입시장,수입액,미국|3304|300|그리스,863165,USD,UN Comtrade 공개 API,2026-09-30
2023-03,수입시장,수입액,미국|3304|764|태국,3158295,USD,UN Comtrade 공개 API,2026-09-30
2023-03,수입시장,수입액,미국|3304|4|4,2603,USD,UN Comtrade 공개 API,2026-09-30
2023-03,수입시장,수입액,미국|3304|384|384,427699,USD,UN Comtrade 공개 API,2026-09-30
2023-03,수입시장,수입액,미국|3304|410|한국,73903517,USD,UN Comtrade 공개 API,2026-09-30
2023-03,수입시장,수입액,미국|3304|120|120,7515,USD,UN Comtrade 공개 API,2026-09-30
2023-03,수입시장,수입액,미국|3304|484|멕시코,26915525,USD,UN Comtrade 공개 API,2026-09-30
2023-03,수입시장,수입액,미국|3304|218|218,13624,USD,UN Comtrade 공개 API,2026-09-30
2023-03,수입시장,수입액,미국|3304|757|스위스,8921271,USD,UN Comtrade 공개 API,2026-09-30
2023-03,수입시장,수입액,미국|3304|533|533,161326,USD,UN Comtrade 공개 API,2026-09-30
2023-03,수입시장,수입액,미국|3304|792|튀르키예,1436661,USD,UN Comtrade 공개 API,2026-09-30
2023-03,수입시장,수입액,미국|3304|214|214,502020,USD,UN Comtrade 공개 API,2026-09-30
2023-03,수입시장,수입액,미국|3304|688|세르비아,92723,USD,UN Comtrade 공개 API,2026-09-30
2023-03,수입시장,수입액,미국|3304|0|전체,599710897,USD,UN Comtrade 공개 API,2026-09-30
2023-03,수입시장,수입액,미국|3304|566|나이지리아,7709,USD,UN Comtrade 공개 API,2026-09-30
2023-03,수입시장,수입액,미국|3304|320|320,32553,USD,UN Comtrade 공개 API,2026-09-30
2023-03,수입시장,수입액,미국|3304|392|일본,14998720,USD,UN Comtrade 공개 API,2026-09-30
2023-03,수입시장,수입액,미국|3304|784|UAE,532798,USD,UN Comtrade 공개 API,2026-09-30
2023-03,수입시장,수입액,미국|3304|490|대만,5908293,USD,UN Comtrade 공개 API,2026-09-30
2023-03,수입시장,수입액,미국|3304|76|브라질,378013,USD,UN Comtrade 공개 API,2026-09-30
2023-03,수입시장,수입액,미국|3304|348|헝가리,5128033,USD,UN Comtrade 공개 API,2026-09-30
2023-03,수입시장,수입액,미국|3304|40|오스트리아,327770,USD,UN Comtrade 공개 API,2026-09-30
2023-03,수입시장,수입액,미국|3304|616|폴란드,4101730,USD,UN Comtrade 공개 API,2026-09-30
2023-03,수입시장,수입액,미국|3304|702|싱가포르,655090,USD,UN Comtrade 공개 API,2026-09-30
2023-03,수입시장,수입액,미국|3304|428|라트비아,26365,USD,UN Comtrade 공개 API,2026-09-30
2023-03,수입시장,수입액,미국|3304|780|780,3069,USD,UN Comtrade 공개 API,2026-09-30
2023-03,수입시장,수입액,미국|3304|376|이스라엘,6740928,USD,UN Comtrade 공개 API,2026-09-30
2023-03,수입시장,수입액,미국|3304|104|미얀마,2374,USD,UN Comtrade 공개 API,2026-09-30
2023-03,수입시장,수입액,미국|3304|251|프랑스,108830331,USD,UN Comtrade 공개 API,2026-09-30
2023-03,수입시장,수입액,미국|3304|380|이탈리아,73757854,USD,UN Comtrade 공개 API,2026-09-30
2023-03,수입시장,수입액,미국|3304|724|스페인,6759211,USD,UN Comtrade 공개 API,2026-09-30
2023-03,수입시장,수입액,미국|3304|528|네덜란드,360493,USD,UN Comtrade 공개 API,2026-09-30
2023-03,수입시장,수입액,미국|3304|360|인도네시아,121780,USD,UN Comtrade 공개 API,2026-09-30
2023-03,수입시장,수입액,미국|3304|710|남아공,1334828,USD,UN Comtrade 공개 API,2026-09-30
2023-03,수입시장,수입액,미국|3304|704|베트남,239750,USD,UN Comtrade 공개 API,2026-09-30
2023-03,수입시장,수입액,미국|3304|752|스웨덴,26340789,USD,UN Comtrade 공개 API,2026-09-30
2023-03,수입시장,수입액,미국|3304|156|중국,36470105,USD,UN Comtrade 공개 API,2026-09-30
2023-03,수입시장,수입액,미국|3304|246|핀란드,18570,USD,UN Comtrade 공개 API,2026-09-30
2023-03,수입시장,수입액,미국|3304|242|242,243213,USD,UN Comtrade 공개 API,2026-09-30
2023-03,수입시장,수입액,미국|3304|804|우크라이나,27662,USD,UN Comtrade 공개 API,2026-09-30
2023-03,수입시장,수입액,미국|3304|643|러시아,31259,USD,UN Comtrade 공개 API,2026-09-30
2023-03,수입시장,수입액,미국|3304|116|캄보디아,27378,USD,UN Comtrade 공개 API,2026-09-30
2023-03,수입시장,수입액,미국|3304|124|캐나다,122493258,USD,UN Comtrade 공개 API,2026-09-30
2023-03,수입시장,수입액,미국|3304|36|호주,2572909,USD,UN Comtrade 공개 API,2026-09-30
2023-03,수입시장,수입액,미국|3304|662|662,2365,USD,UN Comtrade 공개 API,2026-09-30
2023-03,수입시장,수입액,미국|3304|642|루마니아,8840,USD,UN Comtrade 공개 API,2026-09-30
2023-03,수입시장,수입액,미국|3304|699|인도,4700405,USD,UN Comtrade 공개 API,2026-09-30
2023-03,수입시장,수입액,미국|3304|604|페루,4550,USD,UN Comtrade 공개 API,2026-09-30
2023-03,수입시장,수입액,미국|3304|620|포르투갈,143591,USD,UN Comtrade 공개 API,2026-09-30
2023-03,수입시장,수입액,미국|3304|388|388,18824,USD,UN Comtrade 공개 API,2026-09-30
2023-03,수입시장,수입액,미국|3304|504|504,44453,USD,UN Comtrade 공개 API,2026-09-30
2023-03,수입시장,수입액,미국|3304|498|몰도바,5589,USD,UN Comtrade 공개 API,2026-09-30
2023-03,수입시장,수입액,미국|3304|203|체코,1300930,USD,UN Comtrade 공개 API,2026-09-30
2023-03,수입시장,수입액,미국|3304|458|말레이시아,619784,USD,UN Comtrade 공개 API,2026-09-30
2023-03,수입시장,수입액,미국|3304|56|벨기에,8327837,USD,UN Comtrade 공개 API,2026-09-30
2023-03,수입시장,수입액,미국|3304|276|독일,16446218,USD,UN Comtrade 공개 API,2026-09-30
2023-03,수입시장,수입액,미국|3304|826|영국,23790197,USD,UN Comtrade 공개 API,2026-09-30
2023-03,수입시장,수입액,미국|3304|50|방글라데시,46817,USD,UN Comtrade 공개 API,2026-09-30
2023-03,수입시장,수입액,미국|3304|100|불가리아,349692,USD,UN Comtrade 공개 API,2026-09-30
2023-03,수입시장,수입액,미국|3304|400|요르단,4786,USD,UN Comtrade 공개 API,2026-09-30
2023-03,수입시장,수입액,미국|3304|800|800,13501,USD,UN Comtrade 공개 API,2026-09-30
2023-03,수입시장,수입액,미국|3304|446|마카오,3601,USD,UN Comtrade 공개 API,2026-09-30
2023-03,수입시장,수입액,미국|3304|372|아일랜드,2106815,USD,UN Comtrade 공개 API,2026-09-30
2023-03,수입시장,수입액,미국|3304|442|룩셈부르크,2020057,USD,UN Comtrade 공개 API,2026-09-30
2023-03,수입시장,수입액,미국|3304|288|288,44043,USD,UN Comtrade 공개 API,2026-09-30
2023-03,수입시장,수입액,미국|3304|32|아르헨티나,1237815,USD,UN Comtrade 공개 API,2026-09-30
2023-03,수입시장,수입액,미국|3304|170|콜롬비아,1391247,USD,UN Comtrade 공개 API,2026-09-30
2023-03,수입시장,수입액,미국|3304|608|필리핀,21801,USD,UN Comtrade 공개 API,2026-09-30
2023-03,수입시장,수입액,미국|3304|352|352,269960,USD,UN Comtrade 공개 API,2026-09-30
2023-03,수입시장,수입액,미국|3304|152|칠레,2288,USD,UN Comtrade 공개 API,2026-09-30
2023-03,수입시장,수입액,미국|3304|344|홍콩,234289,USD,UN Comtrade 공개 API,2026-09-30
2023-04,수입시장,수입액,미국|300249|440|리투아니아,8360,USD,UN Comtrade 공개 API,2026-09-30
2023-04,수입시장,수입액,미국|300249|208|덴마크,3655455,USD,UN Comtrade 공개 API,2026-09-30
2023-04,수입시장,수입액,미국|300249|826|영국,251673,USD,UN Comtrade 공개 API,2026-09-30
2023-04,수입시장,수입액,미국|300249|372|아일랜드,27421544,USD,UN Comtrade 공개 API,2026-09-30
2023-04,수입시장,수입액,미국|300249|724|스페인,3033,USD,UN Comtrade 공개 API,2026-09-30
2023-04,수입시장,수입액,미국|300249|392|일본,22150,USD,UN Comtrade 공개 API,2026-09-30
2023-04,수입시장,수입액,미국|300249|156|중국,182238,USD,UN Comtrade 공개 API,2026-09-30
2023-04,수입시장,수입액,미국|300249|124|캐나다,754710,USD,UN Comtrade 공개 API,2026-09-30
2023-04,수입시장,수입액,미국|300249|246|핀란드,21036,USD,UN Comtrade 공개 API,2026-09-30
2023-04,수입시장,수입액,미국|300249|376|이스라엘,2374,USD,UN Comtrade 공개 API,2026-09-30
2023-04,수입시장,수입액,미국|300249|40|오스트리아,7978,USD,UN Comtrade 공개 API,2026-09-30
2023-04,수입시장,수입액,미국|300249|702|싱가포르,1600984,USD,UN Comtrade 공개 API,2026-09-30
2023-04,수입시장,수입액,미국|300249|757|스위스,824605,USD,UN Comtrade 공개 API,2026-09-30
2023-04,수입시장,수입액,미국|300249|276|독일,3607732,USD,UN Comtrade 공개 API,2026-09-30
2023-04,수입시장,수입액,미국|300249|528|네덜란드,60828,USD,UN Comtrade 공개 API,2026-09-30
2023-04,수입시장,수입액,미국|300249|380|이탈리아,1457745,USD,UN Comtrade 공개 API,2026-09-30
2023-04,수입시장,수입액,미국|300249|251|프랑스,1543434,USD,UN Comtrade 공개 API,2026-09-30
2023-04,수입시장,수입액,미국|300249|410|한국,2758962,USD,UN Comtrade 공개 API,2026-09-30
2023-04,수입시장,수입액,미국|300249|0|전체,45496388,USD,UN Comtrade 공개 API,2026-09-30
2023-04,수입시장,수입액,미국|300249|710|남아공,43195,USD,UN Comtrade 공개 API,2026-09-30
2023-04,수입시장,수입액,미국|300249|484|멕시코,702600,USD,UN Comtrade 공개 API,2026-09-30
2023-04,수입시장,수입액,미국|300249|36|호주,80296,USD,UN Comtrade 공개 API,2026-09-30
2023-04,수입시장,수입액,미국|300249|56|벨기에,8725,USD,UN Comtrade 공개 API,2026-09-30
2023-04,수입시장,수입액,미국|300249|699|인도,476731,USD,UN Comtrade 공개 API,2026-09-30
2023-04,수입시장,수입액,미국|3304|40|오스트리아,123066,USD,UN Comtrade 공개 API,2026-09-30
2023-04,수입시장,수입액,미국|3304|116|캄보디아,18028,USD,UN Comtrade 공개 API,2026-09-30
2023-04,수입시장,수입액,미국|3304|586|파키스탄,11451,USD,UN Comtrade 공개 API,2026-09-30
2023-04,수입시장,수입액,미국|3304|218|218,32235,USD,UN Comtrade 공개 API,2026-09-30
2023-04,수입시장,수입액,미국|3304|826|영국,18087369,USD,UN Comtrade 공개 API,2026-09-30
2023-04,수입시장,수입액,미국|3304|748|748,3972,USD,UN Comtrade 공개 API,2026-09-30
2023-04,수입시장,수입액,미국|3304|288|288,7616,USD,UN Comtrade 공개 API,2026-09-30
2023-04,수입시장,수입액,미국|3304|705|슬로베니아,104605,USD,UN Comtrade 공개 API,2026-09-30
2023-04,수입시장,수입액,미국|3304|208|덴마크,99817,USD,UN Comtrade 공개 API,2026-09-30
2023-04,수입시장,수입액,미국|3304|120|120,3302,USD,UN Comtrade 공개 API,2026-09-30
2023-04,수입시장,수입액,미국|3304|533|533,51173,USD,UN Comtrade 공개 API,2026-09-30
2023-04,수입시장,수입액,미국|3304|804|우크라이나,31720,USD,UN Comtrade 공개 API,2026-09-30
2023-04,수입시장,수입액,미국|3304|152|칠레,469108,USD,UN Comtrade 공개 API,2026-09-30
2023-04,수입시장,수입액,미국|3304|156|중국,47623103,USD,UN Comtrade 공개 API,2026-09-30
2023-04,수입시장,수입액,미국|3304|566|나이지리아,40709,USD,UN Comtrade 공개 API,2026-09-30
2023-04,수입시장,수입액,미국|3304|352|352,195711,USD,UN Comtrade 공개 API,2026-09-30
2023-04,수입시장,수입액,미국|3304|32|아르헨티나,340288,USD,UN Comtrade 공개 API,2026-09-30
2023-04,수입시장,수입액,미국|3304|724|스페인,7862556,USD,UN Comtrade 공개 API,2026-09-30
2023-04,수입시장,수입액,미국|3304|458|말레이시아,749551,USD,UN Comtrade 공개 API,2026-09-30
2023-04,수입시장,수입액,미국|3304|591|591,7873,USD,UN Comtrade 공개 API,2026-09-30
2023-04,수입시장,수입액,미국|3304|699|인도,3176253,USD,UN Comtrade 공개 API,2026-09-30
2023-04,수입시장,수입액,미국|3304|642|루마니아,19246,USD,UN Comtrade 공개 API,2026-09-30
2023-04,수입시장,수입액,미국|3304|392|일본,15117644,USD,UN Comtrade 공개 API,2026-09-30
2023-04,수입시장,수입액,미국|3304|214|214,1238920,USD,UN Comtrade 공개 API,2026-09-30
2023-04,수입시장,수입액,미국|3304|442|룩셈부르크,1234605,USD,UN Comtrade 공개 API,2026-09-30
2023-04,수입시장,수입액,미국|3304|348|헝가리,4878066,USD,UN Comtrade 공개 API,2026-09-30
2023-04,수입시장,수입액,미국|3304|704|베트남,1113360,USD,UN Comtrade 공개 API,2026-09-30
2023-04,수입시장,수입액,미국|3304|428|라트비아,40633,USD,UN Comtrade 공개 API,2026-09-30
2023-04,수입시장,수입액,미국|3304|608|필리핀,105403,USD,UN Comtrade 공개 API,2026-09-30
2023-04,수입시장,수입액,미국|3304|300|그리스,972095,USD,UN Comtrade 공개 API,2026-09-30
2023-04,수입시장,수입액,미국|3304|616|폴란드,3952874,USD,UN Comtrade 공개 API,2026-09-30
2023-04,수입시장,수입액,미국|3304|710|남아공,838472,USD,UN Comtrade 공개 API,2026-09-30
2023-04,수입시장,수입액,미국|3304|36|호주,2422256,USD,UN Comtrade 공개 API,2026-09-30
2023-04,수입시장,수입액,미국|3304|360|인도네시아,149714,USD,UN Comtrade 공개 API,2026-09-30
2023-04,수입시장,수입액,미국|3304|376|이스라엘,2944543,USD,UN Comtrade 공개 API,2026-09-30
2023-04,수입시장,수입액,미국|3304|702|싱가포르,66076,USD,UN Comtrade 공개 API,2026-09-30
2023-04,수입시장,수입액,미국|3304|372|아일랜드,1847095,USD,UN Comtrade 공개 API,2026-09-30
2023-04,수입시장,수입액,미국|3304|170|콜롬비아,854181,USD,UN Comtrade 공개 API,2026-09-30
2023-04,수입시장,수입액,미국|3304|504|504,11319,USD,UN Comtrade 공개 API,2026-09-30
2023-04,수입시장,수입액,미국|3304|757|스위스,7947099,USD,UN Comtrade 공개 API,2026-09-30
2023-04,수입시장,수입액,미국|3304|792|튀르키예,1031635,USD,UN Comtrade 공개 API,2026-09-30
2023-04,수입시장,수입액,미국|3304|276|독일,14648891,USD,UN Comtrade 공개 API,2026-09-30
2023-04,수입시장,수입액,미국|3304|484|멕시코,22173868,USD,UN Comtrade 공개 API,2026-09-30
2023-04,수입시장,수입액,미국|3304|528|네덜란드,918953,USD,UN Comtrade 공개 API,2026-09-30
2023-04,수입시장,수입액,미국|3304|320|320,14928,USD,UN Comtrade 공개 API,2026-09-30
2023-04,수입시장,수입액,미국|3304|124|캐나다,83600879,USD,UN Comtrade 공개 API,2026-09-30
2023-04,수입시장,수입액,미국|3304|76|브라질,328450,USD,UN Comtrade 공개 API,2026-09-30
2023-04,수입시장,수입액,미국|3304|388|388,7741,USD,UN Comtrade 공개 API,2026-09-30
2023-04,수입시장,수입액,미국|3304|344|홍콩,268954,USD,UN Comtrade 공개 API,2026-09-30
2023-04,수입시장,수입액,미국|3304|384|384,173743,USD,UN Comtrade 공개 API,2026-09-30
2023-04,수입시장,수입액,미국|3304|410|한국,99040923,USD,UN Comtrade 공개 API,2026-09-30
2023-04,수입시장,수입액,미국|3304|50|방글라데시,18709,USD,UN Comtrade 공개 API,2026-09-30
2023-04,수입시장,수입액,미국|3304|414|쿠웨이트,3123,USD,UN Comtrade 공개 API,2026-09-30
2023-04,수입시장,수입액,미국|3304|620|포르투갈,430056,USD,UN Comtrade 공개 API,2026-09-30
2023-04,수입시장,수입액,미국|3304|203|체코,1273068,USD,UN Comtrade 공개 API,2026-09-30
2023-04,수입시장,수입액,미국|3304|818|이집트,4875,USD,UN Comtrade 공개 API,2026-09-30
2023-04,수입시장,수입액,미국|3304|784|UAE,998520,USD,UN Comtrade 공개 API,2026-09-30
2023-04,수입시장,수입액,미국|3304|191|크로아티아,6488,USD,UN Comtrade 공개 API,2026-09-30
2023-04,수입시장,수입액,미국|3304|251|프랑스,97512496,USD,UN Comtrade 공개 API,2026-09-30
2023-04,수입시장,수입액,미국|3304|703|슬로바키아,38091,USD,UN Comtrade 공개 API,2026-09-30
2023-04,수입시장,수입액,미국|3304|764|태국,2647718,USD,UN Comtrade 공개 API,2026-09-30
2023-04,수입시장,수입액,미국|3304|0|전체,549902673,USD,UN Comtrade 공개 API,2026-09-30
2023-04,수입시장,수입액,미국|3304|100|불가리아,164009,USD,UN Comtrade 공개 API,2026-09-30
2023-04,수입시장,수입액,미국|3304|554|뉴질랜드,1182178,USD,UN Comtrade 공개 API,2026-09-30
2023-04,수입시장,수입액,미국|3304|380|이탈리아,62684641,USD,UN Comtrade 공개 API,2026-09-30
2023-04,수입시장,수입액,미국|3304|233|에스토니아,25530,USD,UN Comtrade 공개 API,2026-09-30
2023-04,수입시장,수입액,미국|3304|490|대만,12121851,USD,UN Comtrade 공개 API,2026-09-30
2023-04,수입시장,수입액,미국|3304|752|스웨덴,19146222,USD,UN Comtrade 공개 API,2026-09-30
2023-04,수입시장,수입액,미국|3304|324|324,6801,USD,UN Comtrade 공개 API,2026-09-30
2023-04,수입시장,수입액,미국|3304|56|벨기에,4636225,USD,UN Comtrade 공개 API,2026-09-30
2023-05,수입시장,수입액,미국|3304|764|태국,1822934,USD,UN Comtrade 공개 API,2026-09-30
2023-05,수입시장,수입액,미국|3304|792|튀르키예,2547530,USD,UN Comtrade 공개 API,2026-09-30
2023-05,수입시장,수입액,미국|3304|784|UAE,1142596,USD,UN Comtrade 공개 API,2026-09-30
2023-05,수입시장,수입액,미국|3304|780|780,3200,USD,UN Comtrade 공개 API,2026-09-30
2023-05,수입시장,수입액,미국|3304|757|스위스,12124300,USD,UN Comtrade 공개 API,2026-09-30
2023-05,수입시장,수입액,미국|3304|276|독일,18559176,USD,UN Comtrade 공개 API,2026-09-30
2023-05,수입시장,수입액,미국|3304|288|288,33225,USD,UN Comtrade 공개 API,2026-09-30
2023-05,수입시장,수입액,미국|3304|268|조지아,6361,USD,UN Comtrade 공개 API,2026-09-30
2023-05,수입시장,수입액,미국|3304|251|프랑스,123411925,USD,UN Comtrade 공개 API,2026-09-30
2023-05,수입시장,수입액,미국|3304|56|벨기에,5995035,USD,UN Comtrade 공개 API,2026-09-30
2023-05,수입시장,수입액,미국|3304|32|아르헨티나,64573,USD,UN Comtrade 공개 API,2026-09-30
2023-05,수입시장,수입액,미국|3304|40|오스트리아,180426,USD,UN Comtrade 공개 API,2026-09-30
2023-05,수입시장,수입액,미국|3304|533|533,92298,USD,UN Comtrade 공개 API,2026-09-30
2023-05,수입시장,수입액,미국|3304|554|뉴질랜드,1039513,USD,UN Comtrade 공개 API,2026-09-30
2023-05,수입시장,수입액,미국|3304|528|네덜란드,394947,USD,UN Comtrade 공개 API,2026-09-30
2023-05,수입시장,수입액,미국|3304|504|504,14560,USD,UN Comtrade 공개 API,2026-09-30
2023-05,수입시장,수입액,미국|3304|768|768,4799,USD,UN Comtrade 공개 API,2026-09-30
2023-05,수입시장,수입액,미국|3304|0|전체,610851354,USD,UN Comtrade 공개 API,2026-09-30
2023-05,수입시장,수입액,미국|3304|422|레바논,88681,USD,UN Comtrade 공개 API,2026-09-30
2023-05,수입시장,수입액,미국|3304|442|룩셈부르크,2265052,USD,UN Comtrade 공개 API,2026-09-30
2023-05,수입시장,수입액,미국|3304|440|리투아니아,228715,USD,UN Comtrade 공개 API,2026-09-30
2023-05,수입시장,수입액,미국|3304|428|라트비아,7823,USD,UN Comtrade 공개 API,2026-09-30
2023-05,수입시장,수입액,미국|3304|50|방글라데시,49101,USD,UN Comtrade 공개 API,2026-09-30
2023-05,수입시장,수입액,미국|3304|51|아르메니아,32129,USD,UN Comtrade 공개 API,2026-09-30
2023-05,수입시장,수입액,미국|3304|458|말레이시아,703108,USD,UN Comtrade 공개 API,2026-09-30
2023-05,수입시장,수입액,미국|3304|344|홍콩,165972,USD,UN Comtrade 공개 API,2026-09-30
2023-05,수입시장,수입액,미국|3304|300|그리스,806027,USD,UN Comtrade 공개 API,2026-09-30
2023-05,수입시장,수입액,미국|3304|332|332,52219,USD,UN Comtrade 공개 API,2026-09-30
2023-05,수입시장,수입액,미국|3304|484|멕시코,24934269,USD,UN Comtrade 공개 API,2026-09-30
2023-05,수입시장,수입액,미국|3304|490|대만,10666960,USD,UN Comtrade 공개 API,2026-09-30
2023-05,수입시장,수입액,미국|3304|100|불가리아,229479,USD,UN Comtrade 공개 API,2026-09-30
2023-05,수입시장,수입액,미국|3304|116|캄보디아,149667,USD,UN Comtrade 공개 API,2026-09-30
2023-05,수입시장,수입액,미국|3304|124|캐나다,93987947,USD,UN Comtrade 공개 API,2026-09-30
2023-05,수입시장,수입액,미국|3304|203|체코,1510003,USD,UN Comtrade 공개 API,2026-09-30
2023-05,수입시장,수입액,미국|3304|178|178,3758,USD,UN Comtrade 공개 API,2026-09-30
2023-05,수입시장,수입액,미국|3304|156|중국,56639058,USD,UN Comtrade 공개 API,2026-09-30
2023-05,수입시장,수입액,미국|3304|68|68,25960,USD,UN Comtrade 공개 API,2026-09-30
2023-05,수입시장,수입액,미국|3304|170|콜롬비아,1353214,USD,UN Comtrade 공개 API,2026-09-30
2023-05,수입시장,수입액,미국|3304|76|브라질,371294,USD,UN Comtrade 공개 API,2026-09-30
2023-05,수입시장,수입액,미국|3304|616|폴란드,3616488,USD,UN Comtrade 공개 API,2026-09-30
2023-05,수입시장,수입액,미국|3304|682|사우디,130244,USD,UN Comtrade 공개 API,2026-09-30
2023-05,수입시장,수입액,미국|3304|662|662,2275,USD,UN Comtrade 공개 API,2026-09-30
2023-05,수입시장,수입액,미국|3304|620|포르투갈,169891,USD,UN Comtrade 공개 API,2026-09-30
2023-05,수입시장,수입액,미국|3304|214|214,188392,USD,UN Comtrade 공개 API,2026-09-30
2023-05,수입시장,수입액,미국|3304|231|231,4569,USD,UN Comtrade 공개 API,2026-09-30
2023-05,수입시장,수입액,미국|3304|233|에스토니아,10001,USD,UN Comtrade 공개 API,2026-09-30
2023-05,수입시장,수입액,미국|3304|208|덴마크,390330,USD,UN Comtrade 공개 API,2026-09-30
2023-05,수입시장,수입액,미국|3304|242|242,460899,USD,UN Comtrade 공개 API,2026-09-30
2023-05,수입시장,수입액,미국|3304|246|핀란드,44004,USD,UN Comtrade 공개 API,2026-09-30
2023-05,수입시장,수입액,미국|3304|218|218,6438,USD,UN Comtrade 공개 API,2026-09-30
2023-05,수입시장,수입액,미국|3304|826|영국,18394031,USD,UN Comtrade 공개 API,2026-09-30
2023-05,수입시장,수입액,미국|3304|804|우크라이나,60893,USD,UN Comtrade 공개 API,2026-09-30
2023-05,수입시장,수입액,미국|3304|818|이집트,7644,USD,UN Comtrade 공개 API,2026-09-30
2023-05,수입시장,수입액,미국|3304|410|한국,91550408,USD,UN Comtrade 공개 API,2026-09-30
2023-05,수입시장,수입액,미국|3304|388|388,20540,USD,UN Comtrade 공개 API,2026-09-30
2023-05,수입시장,수입액,미국|3304|404|404,12616,USD,UN Comtrade 공개 API,2026-09-30
2023-05,수입시장,수입액,미국|3304|643|러시아,30484,USD,UN Comtrade 공개 API,2026-09-30
2023-05,수입시장,수입액,미국|3304|392|일본,12841130,USD,UN Comtrade 공개 API,2026-09-30
2023-05,수입시장,수입액,미국|3304|384|384,54909,USD,UN Comtrade 공개 API,2026-09-30
2023-05,수입시장,수입액,미국|3304|702|싱가포르,1052046,USD,UN Comtrade 공개 API,2026-09-30
2023-05,수입시장,수입액,미국|3304|704|베트남,397048,USD,UN Comtrade 공개 API,2026-09-30
2023-05,수입시장,수입액,미국|3304|699|인도,5228336,USD,UN Comtrade 공개 API,2026-09-30
2023-05,수입시장,수입액,미국|3304|566|나이지리아,118612,USD,UN Comtrade 공개 API,2026-09-30
2023-05,수입시장,수입액,미국|3304|36|호주,2627839,USD,UN Comtrade 공개 API,2026-09-30
2023-05,수입시장,수입액,미국|3304|608|필리핀,59482,USD,UN Comtrade 공개 API,2026-09-30
2023-05,수입시장,수입액,미국|3304|604|페루,5857,USD,UN Comtrade 공개 API,2026-09-30
2023-05,수입시장,수입액,미국|3304|348|헝가리,4079508,USD,UN Comtrade 공개 API,2026-09-30
2023-05,수입시장,수입액,미국|3304|376|이스라엘,4879901,USD,UN Comtrade 공개 API,2026-09-30
2023-05,수입시장,수입액,미국|3304|360|인도네시아,1133888,USD,UN Comtrade 공개 API,2026-09-30
2023-05,수입시장,수입액,미국|3304|352|352,10676,USD,UN Comtrade 공개 API,2026-09-30
2023-05,수입시장,수입액,미국|3304|372|아일랜드,2882879,USD,UN Comtrade 공개 API,2026-09-30
2023-05,수입시장,수입액,미국|3304|380|이탈리아,72345298,USD,UN Comtrade 공개 API,2026-09-30
2023-05,수입시장,수입액,미국|3304|710|남아공,2209141,USD,UN Comtrade 공개 API,2026-09-30
2023-05,수입시장,수입액,미국|3304|724|스페인,6114618,USD,UN Comtrade 공개 API,2026-09-30
2023-05,수입시장,수입액,미국|3304|705|슬로베니아,114898,USD,UN Comtrade 공개 API,2026-09-30
2023-05,수입시장,수입액,미국|3304|752|스웨덴,17887307,USD,UN Comtrade 공개 API,2026-09-30
2023-05,수입시장,수입액,미국|300249|757|스위스,634800,USD,UN Comtrade 공개 API,2026-09-30
2023-05,수입시장,수입액,미국|300249|276|독일,2199370,USD,UN Comtrade 공개 API,2026-09-30
2023-05,수입시장,수입액,미국|300249|251|프랑스,850294,USD,UN Comtrade 공개 API,2026-09-30
2023-05,수입시장,수입액,미국|300249|56|벨기에,53501,USD,UN Comtrade 공개 API,2026-09-30
2023-05,수입시장,수입액,미국|300249|528|네덜란드,400537,USD,UN Comtrade 공개 API,2026-09-30
2023-05,수입시장,수입액,미국|300249|0|전체,26444015,USD,UN Comtrade 공개 API,2026-09-30
2023-05,수입시장,수입액,미국|300249|484|멕시코,702600,USD,UN Comtrade 공개 API,2026-09-30
2023-05,수입시장,수입액,미국|300249|124|캐나다,469423,USD,UN Comtrade 공개 API,2026-09-30
2023-05,수입시장,수입액,미국|300249|156|중국,216235,USD,UN Comtrade 공개 API,2026-09-30
2023-05,수입시장,수입액,미국|300249|233|에스토니아,21349,USD,UN Comtrade 공개 API,2026-09-30
2023-05,수입시장,수입액,미국|300249|208|덴마크,4074674,USD,UN Comtrade 공개 API,2026-09-30
2023-05,수입시장,수입액,미국|300249|246|핀란드,3496,USD,UN Comtrade 공개 API,2026-09-30
2023-05,수입시장,수입액,미국|300249|826|영국,430774,USD,UN Comtrade 공개 API,2026-09-30
2023-05,수입시장,수입액,미국|300249|410|한국,2754883,USD,UN Comtrade 공개 API,2026-09-30
2023-05,수입시장,수입액,미국|300249|392|일본,194584,USD,UN Comtrade 공개 API,2026-09-30
2023-05,수입시장,수입액,미국|300249|702|싱가포르,85180,USD,UN Comtrade 공개 API,2026-09-30
2023-05,수입시장,수입액,미국|300249|699|인도,224482,USD,UN Comtrade 공개 API,2026-09-30
2023-05,수입시장,수입액,미국|300249|36|호주,29226,USD,UN Comtrade 공개 API,2026-09-30
2023-05,수입시장,수입액,미국|300249|376|이스라엘,203233,USD,UN Comtrade 공개 API,2026-09-30
2023-05,수입시장,수입액,미국|300249|372|아일랜드,11761876,USD,UN Comtrade 공개 API,2026-09-30
2023-05,수입시장,수입액,미국|300249|380|이탈리아,978714,USD,UN Comtrade 공개 API,2026-09-30
2023-05,수입시장,수입액,미국|300249|724|스페인,28589,USD,UN Comtrade 공개 API,2026-09-30
2023-05,수입시장,수입액,미국|300249|752|스웨덴,126195,USD,UN Comtrade 공개 API,2026-09-30
2023-06,수입시장,수입액,미국|300249|156|중국,806743,USD,UN Comtrade 공개 API,2026-09-30
2023-06,수입시장,수입액,미국|300249|392|일본,343579,USD,UN Comtrade 공개 API,2026-09-30
2023-06,수입시장,수입액,미국|300249|826|영국,1495756,USD,UN Comtrade 공개 API,2026-09-30
2023-06,수입시장,수입액,미국|300249|246|핀란드,5600,USD,UN Comtrade 공개 API,2026-09-30
2023-06,수입시장,수입액,미국|300249|40|오스트리아,8178,USD,UN Comtrade 공개 API,2026-09-30
2023-06,수입시장,수입액,미국|300249|490|대만,6117670,USD,UN Comtrade 공개 API,2026-09-30
2023-06,수입시장,수입액,미국|300249|208|덴마크,3699304,USD,UN Comtrade 공개 API,2026-09-30
2023-06,수입시장,수입액,미국|300249|410|한국,2759645,USD,UN Comtrade 공개 API,2026-09-30
2023-06,수입시장,수입액,미국|300249|528|네덜란드,448417,USD,UN Comtrade 공개 API,2026-09-30
2023-06,수입시장,수입액,미국|300249|699|인도,478195,USD,UN Comtrade 공개 API,2026-09-30
2023-06,수입시장,수입액,미국|300249|56|벨기에,58642,USD,UN Comtrade 공개 API,2026-09-30
2023-06,수입시장,수입액,미국|300249|36|호주,52459,USD,UN Comtrade 공개 API,2026-09-30
2023-06,수입시장,수입액,미국|300249|702|싱가포르,2288558,USD,UN Comtrade 공개 API,2026-09-30
2023-06,수입시장,수입액,미국|300249|276|독일,6651797,USD,UN Comtrade 공개 API,2026-09-30
2023-06,수입시장,수입액,미국|300249|757|스위스,931105,USD,UN Comtrade 공개 API,2026-09-30
2023-06,수입시장,수입액,미국|300249|616|폴란드,6961,USD,UN Comtrade 공개 API,2026-09-30
2023-06,수입시장,수입액,미국|300249|484|멕시코,1405200,USD,UN Comtrade 공개 API,2026-09-30
2023-06,수입시장,수입액,미국|300249|0|전체,32491219,USD,UN Comtrade 공개 API,2026-09-30
2023-06,수입시장,수입액,미국|300249|372|아일랜드,1673366,USD,UN Comtrade 공개 API,2026-09-30
2023-06,수입시장,수입액,미국|300249|251|프랑스,1780976,USD,UN Comtrade 공개 API,2026-09-30
2023-06,수입시장,수입액,미국|300249|124|캐나다,386566,USD,UN Comtrade 공개 API,2026-09-30
2023-06,수입시장,수입액,미국|300249|710|남아공,53196,USD,UN Comtrade 공개 API,2026-09-30
2023-06,수입시장,수입액,미국|300249|380|이탈리아,1039306,USD,UN Comtrade 공개 API,2026-09-30
2023-06,수입시장,수입액,미국|3304|242|242,397453,USD,UN Comtrade 공개 API,2026-09-30
2023-06,수입시장,수입액,미국|3304|32|아르헨티나,88268,USD,UN Comtrade 공개 API,2026-09-30
2023-06,수입시장,수입액,미국|3304|344|홍콩,1159100,USD,UN Comtrade 공개 API,2026-09-30
2023-06,수입시장,수입액,미국|3304|116|캄보디아,264101,USD,UN Comtrade 공개 API,2026-09-30
2023-06,수입시장,수입액,미국|3304|36|호주,2694354,USD,UN Comtrade 공개 API,2026-09-30
2023-06,수입시장,수입액,미국|3304|784|UAE,542733,USD,UN Comtrade 공개 API,2026-09-30
2023-06,수입시장,수입액,미국|3304|251|프랑스,105621208,USD,UN Comtrade 공개 API,2026-09-30
2023-06,수입시장,수입액,미국|3304|384|384,401748,USD,UN Comtrade 공개 API,2026-09-30
2023-06,수입시장,수입액,미국|3304|490|대만,12828263,USD,UN Comtrade 공개 API,2026-09-30
2023-06,수입시장,수입액,미국|3304|203|체코,1357149,USD,UN Comtrade 공개 API,2026-09-30
2023-06,수입시장,수입액,미국|3304|258|258,44050,USD,UN Comtrade 공개 API,2026-09-30
2023-06,수입시장,수입액,미국|3304|360|인도네시아,653254,USD,UN Comtrade 공개 API,2026-09-30
2023-06,수입시장,수입액,미국|3304|0|전체,611238794,USD,UN Comtrade 공개 API,2026-09-30
2023-06,수입시장,수입액,미국|3304|702|싱가포르,139194,USD,UN Comtrade 공개 API,2026-09-30
2023-06,수입시장,수입액,미국|3304|76|브라질,239062,USD,UN Comtrade 공개 API,2026-09-30
2023-06,수입시장,수입액,미국|3304|752|스웨덴,15280777,USD,UN Comtrade 공개 API,2026-09-30
2023-06,수입시장,수입액,미국|3304|826|영국,28257455,USD,UN Comtrade 공개 API,2026-09-30
2023-06,수입시장,수입액,미국|3304|417|키르기스스탄,44446,USD,UN Comtrade 공개 API,2026-09-30
2023-06,수입시장,수입액,미국|3304|862|862,28634,USD,UN Comtrade 공개 API,2026-09-30
2023-06,수입시장,수입액,미국|3304|300|그리스,1107577,USD,UN Comtrade 공개 API,2026-09-30
2023-06,수입시장,수입액,미국|3304|699|인도,5516173,USD,UN Comtrade 공개 API,2026-09-30
2023-06,수입시장,수입액,미국|3304|566|나이지리아,20706,USD,UN Comtrade 공개 API,2026-09-30
2023-06,수입시장,수입액,미국|3304|757|스위스,8528871,USD,UN Comtrade 공개 API,2026-09-30
2023-06,수입시장,수입액,미국|3304|170|콜롬비아,1632460,USD,UN Comtrade 공개 API,2026-09-30
2023-06,수입시장,수입액,미국|3304|348|헝가리,5068326,USD,UN Comtrade 공개 API,2026-09-30
2023-06,수입시장,수입액,미국|3304|144|스리랑카,189822,USD,UN Comtrade 공개 API,2026-09-30
2023-06,수입시장,수입액,미국|3304|620|포르투갈,271162,USD,UN Comtrade 공개 API,2026-09-30
2023-06,수입시장,수입액,미국|3304|124|캐나다,87400627,USD,UN Comtrade 공개 API,2026-09-30
2023-06,수입시장,수입액,미국|3304|100|불가리아,389167,USD,UN Comtrade 공개 API,2026-09-30
2023-06,수입시장,수입액,미국|3304|376|이스라엘,4898786,USD,UN Comtrade 공개 API,2026-09-30
2023-06,수입시장,수입액,미국|3304|579|노르웨이,40678,USD,UN Comtrade 공개 API,2026-09-30
2023-06,수입시장,수입액,미국|3304|807|807,18291,USD,UN Comtrade 공개 API,2026-09-30
2023-06,수입시장,수입액,미국|3304|50|방글라데시,19670,USD,UN Comtrade 공개 API,2026-09-30
2023-06,수입시장,수입액,미국|3304|504|504,41161,USD,UN Comtrade 공개 API,2026-09-30
2023-06,수입시장,수입액,미국|3304|233|에스토니아,11584,USD,UN Comtrade 공개 API,2026-09-30
2023-06,수입시장,수입액,미국|3304|710|남아공,1553381,USD,UN Comtrade 공개 API,2026-09-30
2023-06,수입시장,수입액,미국|3304|688|세르비아,22491,USD,UN Comtrade 공개 API,2026-09-30
2023-06,수입시장,수입액,미국|3304|56|벨기에,9677840,USD,UN Comtrade 공개 API,2026-09-30
2023-06,수입시장,수입액,미국|3304|218|218,16713,USD,UN Comtrade 공개 API,2026-09-30
2023-06,수입시장,수입액,미국|3304|705|슬로베니아,102930,USD,UN Comtrade 공개 API,2026-09-30
2023-06,수입시장,수입액,미국|3304|288|288,13195,USD,UN Comtrade 공개 API,2026-09-30
2023-06,수입시장,수입액,미국|3304|600|600,60080,USD,UN Comtrade 공개 API,2026-09-30
2023-06,수입시장,수입액,미국|3304|422|레바논,29880,USD,UN Comtrade 공개 API,2026-09-30
2023-06,수입시장,수입액,미국|3304|380|이탈리아,83872449,USD,UN Comtrade 공개 API,2026-09-30
2023-06,수입시장,수입액,미국|3304|764|태국,742977,USD,UN Comtrade 공개 API,2026-09-30
2023-06,수입시장,수입액,미국|3304|554|뉴질랜드,1463182,USD,UN Comtrade 공개 API,2026-09-30
2023-06,수입시장,수입액,미국|3304|352|352,59991,USD,UN Comtrade 공개 API,2026-09-30
2023-06,수입시장,수입액,미국|3304|40|오스트리아,66594,USD,UN Comtrade 공개 API,2026-09-30
2023-06,수입시장,수입액,미국|3304|533|533,68942,USD,UN Comtrade 공개 API,2026-09-30
2023-06,수입시장,수입액,미국|3304|528|네덜란드,1348604,USD,UN Comtrade 공개 API,2026-09-30
2023-06,수입시장,수입액,미국|3304|804|우크라이나,16056,USD,UN Comtrade 공개 API,2026-09-30
2023-06,수입시장,수입액,미국|3304|792|튀르키예,2200510,USD,UN Comtrade 공개 API,2026-09-30
2023-06,수입시장,수입액,미국|3304|392|일본,17147249,USD,UN Comtrade 공개 API,2026-09-30
2023-06,수입시장,수입액,미국|3304|724|스페인,8008076,USD,UN Comtrade 공개 API,2026-09-30
2023-06,수입시장,수입액,미국|3304|400|요르단,4785,USD,UN Comtrade 공개 API,2026-09-30
2023-06,수입시장,수입액,미국|3304|208|덴마크,118970,USD,UN Comtrade 공개 API,2026-09-30
2023-06,수입시장,수입액,미국|3304|246|핀란드,65961,USD,UN Comtrade 공개 API,2026-09-30
2023-06,수입시장,수입액,미국|3304|616|폴란드,3612202,USD,UN Comtrade 공개 API,2026-09-30
2023-06,수입시장,수입액,미국|3304|276|독일,11821631,USD,UN Comtrade 공개 API,2026-09-30
2023-06,수입시장,수입액,미국|3304|51|아르메니아,6050,USD,UN Comtrade 공개 API,2026-09-30
2023-06,수입시장,수입액,미국|3304|586|파키스탄,25010,USD,UN Comtrade 공개 API,2026-09-30
2023-06,수입시장,수입액,미국|3304|410|한국,93017927,USD,UN Comtrade 공개 API,2026-09-30
2023-06,수입시장,수입액,미국|3304|780|780,3039,USD,UN Comtrade 공개 API,2026-09-30
2023-06,수입시장,수입액,미국|3304|442|룩셈부르크,1590671,USD,UN Comtrade 공개 API,2026-09-30
2023-06,수입시장,수입액,미국|3304|214|214,143972,USD,UN Comtrade 공개 API,2026-09-30
2023-06,수입시장,수입액,미국|3304|484|멕시코,22985900,USD,UN Comtrade 공개 API,2026-09-30
2023-06,수입시장,수입액,미국|3304|608|필리핀,34361,USD,UN Comtrade 공개 API,2026-09-30
2023-06,수입시장,수입액,미국|3304|156|중국,61163296,USD,UN Comtrade 공개 API,2026-09-30
2023-06,수입시장,수입액,미국|3304|643|러시아,3830,USD,UN Comtrade 공개 API,2026-09-30
2023-06,수입시장,수입액,미국|3304|458|말레이시아,730636,USD,UN Comtrade 공개 API,2026-09-30
2023-06,수입시장,수입액,미국|3304|428|라트비아,58018,USD,UN Comtrade 공개 API,2026-09-30
2023-06,수입시장,수입액,미국|3304|372|아일랜드,4000207,USD,UN Comtrade 공개 API,2026-09-30
2023-06,수입시장,수입액,미국|3304|818|이집트,3800,USD,UN Comtrade 공개 API,2026-09-30
2023-06,수입시장,수입액,미국|3304|531|531,67606,USD,UN Comtrade 공개 API,2026-09-30
2023-06,수입시장,수입액,미국|3304|704|베트남,113472,USD,UN Comtrade 공개 API,2026-09-30
2023-07,수입시장,수입액,미국|3304|642|루마니아,6208,USD,UN Comtrade 공개 API,2026-09-30
2023-07,수입시장,수입액,미국|3304|144|스리랑카,203908,USD,UN Comtrade 공개 API,2026-09-30
2023-07,수입시장,수입액,미국|3304|352|352,109004,USD,UN Comtrade 공개 API,2026-09-30
2023-07,수입시장,수입액,미국|3304|104|미얀마,3783,USD,UN Comtrade 공개 API,2026-09-30
2023-07,수입시장,수입액,미국|3304|688|세르비아,145350,USD,UN Comtrade 공개 API,2026-09-30
2023-07,수입시장,수입액,미국|3304|480|480,37684,USD,UN Comtrade 공개 API,2026-09-30
2023-07,수입시장,수입액,미국|3304|834|834,4683,USD,UN Comtrade 공개 API,2026-09-30
2023-07,수입시장,수입액,미국|3304|51|아르메니아,3483,USD,UN Comtrade 공개 API,2026-09-30
2023-07,수입시장,수입액,미국|3304|188|188,19205,USD,UN Comtrade 공개 API,2026-09-30
2023-07,수입시장,수입액,미국|3304|442|룩셈부르크,3862638,USD,UN Comtrade 공개 API,2026-09-30
2023-07,수입시장,수입액,미국|3304|659|659,6027,USD,UN Comtrade 공개 API,2026-09-30
2023-07,수입시장,수입액,미국|3304|242|242,317579,USD,UN Comtrade 공개 API,2026-09-30
2023-07,수입시장,수입액,미국|3304|807|807,5609,USD,UN Comtrade 공개 API,2026-09-30
2023-07,수입시장,수입액,미국|3304|533|533,45111,USD,UN Comtrade 공개 API,2026-09-30
2023-07,수입시장,수입액,미국|3304|586|파키스탄,75889,USD,UN Comtrade 공개 API,2026-09-30
2023-07,수입시장,수입액,미국|3304|332|332,2486,USD,UN Comtrade 공개 API,2026-09-30
2023-07,수입시장,수입액,미국|3304|222|222,6739,USD,UN Comtrade 공개 API,2026-09-30
2023-07,수입시장,수입액,미국|3304|818|이집트,5521,USD,UN Comtrade 공개 API,2026-09-30
2023-07,수입시장,수입액,미국|3304|116|캄보디아,318960,USD,UN Comtrade 공개 API,2026-09-30
2023-07,수입시장,수입액,미국|3304|400|요르단,17169,USD,UN Comtrade 공개 API,2026-09-30
2023-07,수입시장,수입액,미국|3304|705|슬로베니아,157771,USD,UN Comtrade 공개 API,2026-09-30
2023-07,수입시장,수입액,미국|3304|804|우크라이나,71796,USD,UN Comtrade 공개 API,2026-09-30
2023-07,수입시장,수입액,미국|3304|340|340,8280,USD,UN Comtrade 공개 API,2026-09-30
2023-07,수입시장,수입액,미국|3304|288|288,26627,USD,UN Comtrade 공개 API,2026-09-30
2023-07,수입시장,수입액,미국|3304|566|나이지리아,2487,USD,UN Comtrade 공개 API,2026-09-30
2023-07,수입시장,수입액,미국|3304|218|218,11697,USD,UN Comtrade 공개 API,2026-09-30
2023-07,수입시장,수입액,미국|3304|388|388,63617,USD,UN Comtrade 공개 API,2026-09-30
2023-07,수입시장,수입액,미국|3304|268|조지아,25167,USD,UN Comtrade 공개 API,2026-09-30
2023-07,수입시장,수입액,미국|3304|233|에스토니아,9923,USD,UN Comtrade 공개 API,2026-09-30
2023-07,수입시장,수입액,미국|3304|100|불가리아,122321,USD,UN Comtrade 공개 API,2026-09-30
2023-07,수입시장,수입액,미국|3304|50|방글라데시,15680,USD,UN Comtrade 공개 API,2026-09-30
2023-07,수입시장,수입액,미국|3304|583|583,36325,USD,UN Comtrade 공개 API,2026-09-30
2023-07,수입시장,수입액,미국|3304|784|UAE,336577,USD,UN Comtrade 공개 API,2026-09-30
2023-07,수입시장,수입액,미국|3304|428|라트비아,29349,USD,UN Comtrade 공개 API,2026-09-30
2023-07,수입시장,수입액,미국|3304|440|리투아니아,39797,USD,UN Comtrade 공개 API,2026-09-30
2023-07,수입시장,수입액,미국|3304|384|384,245485,USD,UN Comtrade 공개 API,2026-09-30
2023-07,수입시장,수입액,미국|3304|788|788,2629,USD,UN Comtrade 공개 API,2026-09-30
2023-07,수입시장,수입액,미국|3304|320|320,31085,USD,UN Comtrade 공개 API,2026-09-30
2023-07,수입시장,수입액,미국|3304|504|504,16713,USD,UN Comtrade 공개 API,2026-09-30
2023-07,수입시장,수입액,미국|3304|300|그리스,932808,USD,UN Comtrade 공개 API,2026-09-30
2023-07,수입시장,수입액,미국|3304|554|뉴질랜드,1533787,USD,UN Comtrade 공개 API,2026-09-30
2023-07,수입시장,수입액,미국|3304|246|핀란드,9650,USD,UN Comtrade 공개 API,2026-09-30
2023-07,수입시장,수입액,미국|3304|608|필리핀,56750,USD,UN Comtrade 공개 API,2026-09-30
2023-07,수입시장,수입액,미국|3304|214|214,371011,USD,UN Comtrade 공개 API,2026-09-30
2023-07,수입시장,수입액,미국|3304|32|아르헨티나,161325,USD,UN Comtrade 공개 API,2026-09-30
2023-07,수입시장,수입액,미국|3304|702|싱가포르,505238,USD,UN Comtrade 공개 API,2026-09-30
2023-07,수입시장,수입액,미국|3304|348|헝가리,4015496,USD,UN Comtrade 공개 API,2026-09-30
2023-07,수입시장,수입액,미국|3304|710|남아공,2123286,USD,UN Comtrade 공개 API,2026-09-30
2023-07,수입시장,수입액,미국|3304|620|포르투갈,153932,USD,UN Comtrade 공개 API,2026-09-30
2023-07,수입시장,수입액,미국|3304|344|홍콩,279149,USD,UN Comtrade 공개 API,2026-09-30
2023-07,수입시장,수입액,미국|3304|372|아일랜드,2623145,USD,UN Comtrade 공개 API,2026-09-30
2023-07,수입시장,수입액,미국|3304|203|체코,1547344,USD,UN Comtrade 공개 API,2026-09-30
2023-07,수입시장,수입액,미국|3304|208|덴마크,81200,USD,UN Comtrade 공개 API,2026-09-30
2023-07,수입시장,수입액,미국|3304|170|콜롬비아,1814527,USD,UN Comtrade 공개 API,2026-09-30
2023-07,수입시장,수입액,미국|3304|458|말레이시아,600719,USD,UN Comtrade 공개 API,2026-09-30
2023-07,수입시장,수입액,미국|3304|360|인도네시아,616228,USD,UN Comtrade 공개 API,2026-09-30
2023-07,수입시장,수입액,미국|3304|376|이스라엘,3767308,USD,UN Comtrade 공개 API,2026-09-30
2023-07,수입시장,수입액,미국|3304|752|스웨덴,18201185,USD,UN Comtrade 공개 API,2026-09-30
2023-07,수입시장,수입액,미국|3304|40|오스트리아,78048,USD,UN Comtrade 공개 API,2026-09-30
2023-07,수입시장,수입액,미국|3304|36|호주,3324212,USD,UN Comtrade 공개 API,2026-09-30
2023-07,수입시장,수입액,미국|3304|616|폴란드,3877613,USD,UN Comtrade 공개 API,2026-09-30
2023-07,수입시장,수입액,미국|3304|757|스위스,9133706,USD,UN Comtrade 공개 API,2026-09-30
2023-07,수입시장,수입액,미국|3304|704|베트남,1317235,USD,UN Comtrade 공개 API,2026-09-30
2023-07,수입시장,수입액,미국|3304|764|태국,1870783,USD,UN Comtrade 공개 API,2026-09-30
2023-07,수입시장,수입액,미국|3304|56|벨기에,5473268,USD,UN Comtrade 공개 API,2026-09-30
2023-07,수입시장,수입액,미국|3304|792|튀르키예,2414962,USD,UN Comtrade 공개 API,2026-09-30
2023-07,수입시장,수입액,미국|3304|76|브라질,247642,USD,UN Comtrade 공개 API,2026-09-30
2023-07,수입시장,수입액,미국|3304|490|대만,11642609,USD,UN Comtrade 공개 API,2026-09-30
2023-07,수입시장,수입액,미국|3304|528|네덜란드,546588,USD,UN Comtrade 공개 API,2026-09-30
2023-07,수입시장,수입액,미국|3304|826|영국,21822147,USD,UN Comtrade 공개 API,2026-09-30
2023-07,수입시장,수입액,미국|3304|410|한국,122959147,USD,UN Comtrade 공개 API,2026-09-30
2023-07,수입시장,수입액,미국|3304|392|일본,13362928,USD,UN Comtrade 공개 API,2026-09-30
2023-07,수입시장,수입액,미국|3304|724|스페인,10113411,USD,UN Comtrade 공개 API,2026-09-30
2023-07,수입시장,수입액,미국|3304|251|프랑스,103535009,USD,UN Comtrade 공개 API,2026-09-30
2023-07,수입시장,수입액,미국|3304|380|이탈리아,78807339,USD,UN Comtrade 공개 API,2026-09-30
2023-07,수입시장,수입액,미국|3304|699|인도,4216186,USD,UN Comtrade 공개 API,2026-09-30
2023-07,수입시장,수입액,미국|3304|276|독일,20194838,USD,UN Comtrade 공개 API,2026-09-30
2023-07,수입시장,수입액,미국|3304|484|멕시코,21683552,USD,UN Comtrade 공개 API,2026-09-30
2023-07,수입시장,수입액,미국|3304|156|중국,56086190,USD,UN Comtrade 공개 API,2026-09-30
2023-07,수입시장,수입액,미국|3304|124|캐나다,74379144,USD,UN Comtrade 공개 API,2026-09-30
2023-07,수입시장,수입액,미국|3304|0|전체,612931007,USD,UN Comtrade 공개 API,2026-09-30
2023-07,수입시장,수입액,미국|300249|0|전체,19800992,USD,UN Comtrade 공개 API,2026-09-30
2023-07,수입시장,수입액,미국|300249|56|벨기에,145217,USD,UN Comtrade 공개 API,2026-09-30
2023-07,수입시장,수입액,미국|300249|757|스위스,836529,USD,UN Comtrade 공개 API,2026-09-30
2023-07,수입시장,수입액,미국|300249|40|오스트리아,12291,USD,UN Comtrade 공개 API,2026-09-30
2023-07,수입시장,수입액,미국|300249|36|호주,229267,USD,UN Comtrade 공개 API,2026-09-30
2023-07,수입시장,수입액,미국|300249|208|덴마크,3728198,USD,UN Comtrade 공개 API,2026-09-30
2023-07,수입시장,수입액,미국|300249|372|아일랜드,1701445,USD,UN Comtrade 공개 API,2026-09-30
2023-07,수입시장,수입액,미국|300249|246|핀란드,14925,USD,UN Comtrade 공개 API,2026-09-30
2023-07,수입시장,수입액,미국|300249|702|싱가포르,313681,USD,UN Comtrade 공개 API,2026-09-30
2023-07,수입시장,수입액,미국|300249|858|858,36899,USD,UN Comtrade 공개 API,2026-09-30
2023-07,수입시장,수입액,미국|300249|490|대만,7601,USD,UN Comtrade 공개 API,2026-09-30
2023-07,수입시장,수입액,미국|300249|410|한국,2789115,USD,UN Comtrade 공개 API,2026-09-30
2023-07,수입시장,수입액,미국|300249|826|영국,758166,USD,UN Comtrade 공개 API,2026-09-30
2023-07,수입시장,수입액,미국|300249|251|프랑스,2290772,USD,UN Comtrade 공개 API,2026-09-30
2023-07,수입시장,수입액,미국|300249|380|이탈리아,895776,USD,UN Comtrade 공개 API,2026-09-30
2023-07,수입시장,수입액,미국|300249|392|일본,17134,USD,UN Comtrade 공개 API,2026-09-30
2023-07,수입시장,수입액,미국|300249|699|인도,199169,USD,UN Comtrade 공개 API,2026-09-30
2023-07,수입시장,수입액,미국|300249|276|독일,3535928,USD,UN Comtrade 공개 API,2026-09-30
2023-07,수입시장,수입액,미국|300249|528|네덜란드,36411,USD,UN Comtrade 공개 API,2026-09-30
2023-07,수입시장,수입액,미국|300249|124|캐나다,1100710,USD,UN Comtrade 공개 API,2026-09-30
2023-07,수입시장,수입액,미국|300249|156|중국,1151758,USD,UN Comtrade 공개 API,2026-09-30
2023-08,수입시장,수입액,미국|3304|800|800,10081,USD,UN Comtrade 공개 API,2026-09-30
2023-08,수입시장,수입액,미국|3304|804|우크라이나,88757,USD,UN Comtrade 공개 API,2026-09-30
2023-08,수입시장,수입액,미국|3304|780|780,3386,USD,UN Comtrade 공개 API,2026-09-30
2023-08,수입시장,수입액,미국|3304|784|UAE,497857,USD,UN Comtrade 공개 API,2026-09-30
2023-08,수입시장,수입액,미국|3304|422|레바논,23033,USD,UN Comtrade 공개 API,2026-09-30
2023-08,수입시장,수입액,미국|3304|428|라트비아,19683,USD,UN Comtrade 공개 API,2026-09-30
2023-08,수입시장,수입액,미국|3304|440|리투아니아,8062,USD,UN Comtrade 공개 API,2026-09-30
2023-08,수입시장,수입액,미국|3304|50|방글라데시,9014,USD,UN Comtrade 공개 API,2026-09-30
2023-08,수입시장,수입액,미국|3304|688|세르비아,3752,USD,UN Comtrade 공개 API,2026-09-30
2023-08,수입시장,수입액,미국|3304|566|나이지리아,10303,USD,UN Comtrade 공개 API,2026-09-30
2023-08,수입시장,수입액,미국|3304|583|583,2171,USD,UN Comtrade 공개 API,2026-09-30
2023-08,수입시장,수입액,미국|3304|533|533,75323,USD,UN Comtrade 공개 API,2026-09-30
2023-08,수입시장,수입액,미국|3304|662|662,2500,USD,UN Comtrade 공개 API,2026-09-30
2023-08,수입시장,수입액,미국|3304|384|384,334346,USD,UN Comtrade 공개 API,2026-09-30
2023-08,수입시장,수입액,미국|3304|144|스리랑카,201740,USD,UN Comtrade 공개 API,2026-09-30
2023-08,수입시장,수입액,미국|3304|858|858,17307,USD,UN Comtrade 공개 API,2026-09-30
2023-08,수입시장,수입액,미국|3304|504|504,36204,USD,UN Comtrade 공개 API,2026-09-30
2023-08,수입시장,수입액,미국|3304|470|몰타,12747,USD,UN Comtrade 공개 API,2026-09-30
2023-08,수입시장,수입액,미국|3304|818|이집트,2595,USD,UN Comtrade 공개 API,2026-09-30
2023-08,수입시장,수입액,미국|3304|442|룩셈부르크,2171107,USD,UN Comtrade 공개 API,2026-09-30
2023-08,수입시장,수입액,미국|3304|586|파키스탄,10320,USD,UN Comtrade 공개 API,2026-09-30
2023-08,수입시장,수입액,미국|3304|116|캄보디아,380991,USD,UN Comtrade 공개 API,2026-09-30
2023-08,수입시장,수입액,미국|3304|100|불가리아,213295,USD,UN Comtrade 공개 API,2026-09-30
2023-08,수입시장,수입액,미국|3304|352|352,35757,USD,UN Comtrade 공개 API,2026-09-30
2023-08,수입시장,수입액,미국|3304|300|그리스,1218649,USD,UN Comtrade 공개 API,2026-09-30
2023-08,수입시장,수입액,미국|3304|320|320,156032,USD,UN Comtrade 공개 API,2026-09-30
2023-08,수입시장,수입액,미국|3304|332|332,3346,USD,UN Comtrade 공개 API,2026-09-30
2023-08,수입시장,수입액,미국|3304|288|288,155270,USD,UN Comtrade 공개 API,2026-09-30
2023-08,수입시장,수입액,미국|3304|218|218,36215,USD,UN Comtrade 공개 API,2026-09-30
2023-08,수입시장,수입액,미국|3304|231|231,4564,USD,UN Comtrade 공개 API,2026-09-30
2023-08,수입시장,수입액,미국|3304|233|에스토니아,11590,USD,UN Comtrade 공개 API,2026-09-30
2023-08,수입시장,수입액,미국|3304|608|필리핀,18032,USD,UN Comtrade 공개 API,2026-09-30
2023-08,수입시장,수입액,미국|3304|702|싱가포르,490219,USD,UN Comtrade 공개 API,2026-09-30
2023-08,수입시장,수입액,미국|3304|214|214,1080575,USD,UN Comtrade 공개 API,2026-09-30
2023-08,수입시장,수입액,미국|3304|246|핀란드,69439,USD,UN Comtrade 공개 API,2026-09-30
2023-08,수입시장,수입액,미국|3304|32|아르헨티나,47240,USD,UN Comtrade 공개 API,2026-09-30
2023-08,수입시장,수입액,미국|3304|554|뉴질랜드,846115,USD,UN Comtrade 공개 API,2026-09-30
2023-08,수입시장,수입액,미국|3304|348|헝가리,3915344,USD,UN Comtrade 공개 API,2026-09-30
2023-08,수입시장,수입액,미국|3304|604|페루,17768,USD,UN Comtrade 공개 API,2026-09-30
2023-08,수입시장,수입액,미국|3304|344|홍콩,442826,USD,UN Comtrade 공개 API,2026-09-30
2023-08,수입시장,수입액,미국|3304|620|포르투갈,235558,USD,UN Comtrade 공개 API,2026-09-30
2023-08,수입시장,수입액,미국|3304|372|아일랜드,4150354,USD,UN Comtrade 공개 API,2026-09-30
2023-08,수입시장,수입액,미국|3304|710|남아공,1230581,USD,UN Comtrade 공개 API,2026-09-30
2023-08,수입시장,수입액,미국|3304|170|콜롬비아,2236750,USD,UN Comtrade 공개 API,2026-09-30
2023-08,수입시장,수입액,미국|3304|208|덴마크,77659,USD,UN Comtrade 공개 API,2026-09-30
2023-08,수입시장,수입액,미국|3304|203|체코,833224,USD,UN Comtrade 공개 API,2026-09-30
2023-08,수입시장,수입액,미국|3304|360|인도네시아,641791,USD,UN Comtrade 공개 API,2026-09-30
2023-08,수입시장,수입액,미국|3304|752|스웨덴,6100417,USD,UN Comtrade 공개 API,2026-09-30
2023-08,수입시장,수입액,미국|3304|458|말레이시아,493538,USD,UN Comtrade 공개 API,2026-09-30
2023-08,수입시장,수입액,미국|3304|36|호주,3513596,USD,UN Comtrade 공개 API,2026-09-30
2023-08,수입시장,수입액,미국|3304|376|이스라엘,4401855,USD,UN Comtrade 공개 API,2026-09-30
2023-08,수입시장,수입액,미국|3304|616|폴란드,4842530,USD,UN Comtrade 공개 API,2026-09-30
2023-08,수입시장,수입액,미국|3304|40|오스트리아,148917,USD,UN Comtrade 공개 API,2026-09-30
2023-08,수입시장,수입액,미국|3304|757|스위스,9886735,USD,UN Comtrade 공개 API,2026-09-30
2023-08,수입시장,수입액,미국|3304|704|베트남,827396,USD,UN Comtrade 공개 API,2026-09-30
2023-08,수입시장,수입액,미국|3304|792|튀르키예,2527103,USD,UN Comtrade 공개 API,2026-09-30
2023-08,수입시장,수입액,미국|3304|56|벨기에,8885470,USD,UN Comtrade 공개 API,2026-09-30
2023-08,수입시장,수입액,미국|3304|764|태국,2337071,USD,UN Comtrade 공개 API,2026-09-30
2023-08,수입시장,수입액,미국|3304|76|브라질,146841,USD,UN Comtrade 공개 API,2026-09-30
2023-08,수입시장,수입액,미국|3304|490|대만,10237848,USD,UN Comtrade 공개 API,2026-09-30
2023-08,수입시장,수입액,미국|3304|528|네덜란드,1247228,USD,UN Comtrade 공개 API,2026-09-30
2023-08,수입시장,수입액,미국|3304|724|스페인,7972076,USD,UN Comtrade 공개 API,2026-09-30
2023-08,수입시장,수입액,미국|3304|410|한국,89705500,USD,UN Comtrade 공개 API,2026-09-30
2023-08,수입시장,수입액,미국|3304|392|일본,14875340,USD,UN Comtrade 공개 API,2026-09-30
2023-08,수입시장,수입액,미국|3304|826|영국,25081440,USD,UN Comtrade 공개 API,2026-09-30
2023-08,수입시장,수입액,미국|3304|380|이탈리아,78641891,USD,UN Comtrade 공개 API,2026-09-30
2023-08,수입시장,수입액,미국|3304|251|프랑스,117798224,USD,UN Comtrade 공개 API,2026-09-30
2023-08,수입시장,수입액,미국|3304|276|독일,18328019,USD,UN Comtrade 공개 API,2026-09-30
2023-08,수입시장,수입액,미국|3304|699|인도,6949139,USD,UN Comtrade 공개 API,2026-09-30
2023-08,수입시장,수입액,미국|3304|156|중국,82964422,USD,UN Comtrade 공개 API,2026-09-30
2023-08,수입시장,수입액,미국|3304|484|멕시코,25440415,USD,UN Comtrade 공개 API,2026-09-30
2023-08,수입시장,수입액,미국|3304|124|캐나다,84045602,USD,UN Comtrade 공개 API,2026-09-30
2023-08,수입시장,수입액,미국|3304|400|요르단,9570,USD,UN Comtrade 공개 API,2026-09-30
2023-08,수입시장,수입액,미국|3304|705|슬로베니아,4162,USD,UN Comtrade 공개 API,2026-09-30
2023-08,수입시장,수입액,미국|3304|0|전체,629501817,USD,UN Comtrade 공개 API,2026-09-30
2023-08,수입시장,수입액,미국|300249|0|전체,34241109,USD,UN Comtrade 공개 API,2026-09-30
2023-08,수입시장,수입액,미국|300249|56|벨기에,4437,USD,UN Comtrade 공개 API,2026-09-30
2023-08,수입시장,수입액,미국|300249|757|스위스,1981337,USD,UN Comtrade 공개 API,2026-09-30
2023-08,수입시장,수입액,미국|300249|40|오스트리아,51432,USD,UN Comtrade 공개 API,2026-09-30
2023-08,수입시장,수입액,미국|300249|752|스웨덴,15350200,USD,UN Comtrade 공개 API,2026-09-30
2023-08,수입시장,수입액,미국|300249|36|호주,111502,USD,UN Comtrade 공개 API,2026-09-30
2023-08,수입시장,수입액,미국|300249|208|덴마크,2851455,USD,UN Comtrade 공개 API,2026-09-30
2023-08,수입시장,수입액,미국|300249|372|아일랜드,612073,USD,UN Comtrade 공개 API,2026-09-30
2023-08,수입시장,수입액,미국|300249|710|남아공,2241,USD,UN Comtrade 공개 API,2026-09-30
2023-08,수입시장,수입액,미국|300249|702|싱가포르,198756,USD,UN Comtrade 공개 API,2026-09-30
2023-08,수입시장,수입액,미국|300249|528|네덜란드,282695,USD,UN Comtrade 공개 API,2026-09-30
2023-08,수입시장,수입액,미국|300249|410|한국,5504281,USD,UN Comtrade 공개 API,2026-09-30
2023-08,수입시장,수입액,미국|300249|251|프랑스,1951454,USD,UN Comtrade 공개 API,2026-09-30
2023-08,수입시장,수입액,미국|300249|826|영국,130224,USD,UN Comtrade 공개 API,2026-09-30
2023-08,수입시장,수입액,미국|300249|380|이탈리아,456010,USD,UN Comtrade 공개 API,2026-09-30
2023-08,수입시장,수입액,미국|300249|392|일본,11677,USD,UN Comtrade 공개 API,2026-09-30
2023-08,수입시장,수입액,미국|300249|699|인도,179226,USD,UN Comtrade 공개 API,2026-09-30
2023-08,수입시장,수입액,미국|300249|276|독일,2952475,USD,UN Comtrade 공개 API,2026-09-30
2023-08,수입시장,수입액,미국|300249|484|멕시코,702600,USD,UN Comtrade 공개 API,2026-09-30
2023-08,수입시장,수입액,미국|300249|246|핀란드,18484,USD,UN Comtrade 공개 API,2026-09-30
2023-08,수입시장,수입액,미국|300249|124|캐나다,45065,USD,UN Comtrade 공개 API,2026-09-30
2023-08,수입시장,수입액,미국|300249|156|중국,843485,USD,UN Comtrade 공개 API,2026-09-30
2023-09,수입시장,수입액,미국|3304|804|우크라이나,41388,USD,UN Comtrade 공개 API,2026-09-30
2023-09,수입시장,수입액,미국|3304|352|352,9835,USD,UN Comtrade 공개 API,2026-09-30
2023-09,수입시장,수입액,미국|3304|288|288,21127,USD,UN Comtrade 공개 API,2026-09-30
2023-09,수입시장,수입액,미국|3304|218|218,32502,USD,UN Comtrade 공개 API,2026-09-30
2023-09,수입시장,수입액,미국|3304|533|533,22659,USD,UN Comtrade 공개 API,2026-09-30
2023-09,수입시장,수입액,미국|3304|242|242,521716,USD,UN Comtrade 공개 API,2026-09-30
2023-09,수입시장,수입액,미국|3304|504|504,4755,USD,UN Comtrade 공개 API,2026-09-30
2023-09,수입시장,수입액,미국|3304|807|807,6934,USD,UN Comtrade 공개 API,2026-09-30
2023-09,수입시장,수입액,미국|3304|417|키르기스스탄,164216,USD,UN Comtrade 공개 API,2026-09-30
2023-09,수입시장,수입액,미국|3304|100|불가리아,108041,USD,UN Comtrade 공개 API,2026-09-30
2023-09,수입시장,수입액,미국|3304|384|384,137248,USD,UN Comtrade 공개 API,2026-09-30
2023-09,수입시장,수입액,미국|3304|233|에스토니아,11064,USD,UN Comtrade 공개 API,2026-09-30
2023-09,수입시장,수입액,미국|3304|440|리투아니아,94275,USD,UN Comtrade 공개 API,2026-09-30
2023-09,수입시장,수입액,미국|3304|50|방글라데시,8794,USD,UN Comtrade 공개 API,2026-09-30
2023-09,수입시장,수입액,미국|3304|705|슬로베니아,2202,USD,UN Comtrade 공개 API,2026-09-30
2023-09,수입시장,수입액,미국|3304|442|룩셈부르크,1254220,USD,UN Comtrade 공개 API,2026-09-30
2023-09,수입시장,수입액,미국|3304|531|531,3976,USD,UN Comtrade 공개 API,2026-09-30
2023-09,수입시장,수입액,미국|3304|586|파키스탄,41922,USD,UN Comtrade 공개 API,2026-09-30
2023-09,수입시장,수입액,미국|3304|780|780,39005,USD,UN Comtrade 공개 API,2026-09-30
2023-09,수입시장,수입액,미국|3304|231|231,5730,USD,UN Comtrade 공개 API,2026-09-30
2023-09,수입시장,수입액,미국|3304|400|요르단,10049,USD,UN Comtrade 공개 API,2026-09-30
2023-09,수입시장,수입액,미국|3304|152|칠레,178464,USD,UN Comtrade 공개 API,2026-09-30
2023-09,수입시장,수입액,미국|3304|120|120,4719,USD,UN Comtrade 공개 API,2026-09-30
2023-09,수입시장,수입액,미국|3304|784|UAE,1505692,USD,UN Comtrade 공개 API,2026-09-30
2023-09,수입시장,수입액,미국|3304|643|러시아,19562,USD,UN Comtrade 공개 API,2026-09-30
2023-09,수입시장,수입액,미국|3304|116|캄보디아,153882,USD,UN Comtrade 공개 API,2026-09-30
2023-09,수입시장,수입액,미국|3304|428|라트비아,35111,USD,UN Comtrade 공개 API,2026-09-30
2023-09,수입시장,수입액,미국|3304|388|388,18660,USD,UN Comtrade 공개 API,2026-09-30
2023-09,수입시장,수입액,미국|3304|478|478,14047,USD,UN Comtrade 공개 API,2026-09-30
2023-09,수입시장,수입액,미국|3304|300|그리스,382895,USD,UN Comtrade 공개 API,2026-09-30
2023-09,수입시장,수입액,미국|3304|196|키프로스,41602,USD,UN Comtrade 공개 API,2026-09-30
2023-09,수입시장,수입액,미국|3304|554|뉴질랜드,1739351,USD,UN Comtrade 공개 API,2026-09-30
2023-09,수입시장,수입액,미국|3304|702|싱가포르,192603,USD,UN Comtrade 공개 API,2026-09-30
2023-09,수입시장,수입액,미국|3304|246|핀란드,18735,USD,UN Comtrade 공개 API,2026-09-30
2023-09,수입시장,수입액,미국|3304|608|필리핀,36892,USD,UN Comtrade 공개 API,2026-09-30
2023-09,수입시장,수입액,미국|3304|344|홍콩,839074,USD,UN Comtrade 공개 API,2026-09-30
2023-09,수입시장,수입액,미국|3304|32|아르헨티나,212186,USD,UN Comtrade 공개 API,2026-09-30
2023-09,수입시장,수입액,미국|3304|214|214,481506,USD,UN Comtrade 공개 API,2026-09-30
2023-09,수입시장,수입액,미국|3304|348|헝가리,4220633,USD,UN Comtrade 공개 API,2026-09-30
2023-09,수입시장,수입액,미국|3304|620|포르투갈,154660,USD,UN Comtrade 공개 API,2026-09-30
2023-09,수입시장,수입액,미국|3304|372|아일랜드,1734045,USD,UN Comtrade 공개 API,2026-09-30
2023-09,수입시장,수입액,미국|3304|710|남아공,1240506,USD,UN Comtrade 공개 API,2026-09-30
2023-09,수입시장,수입액,미국|3304|203|체코,1084565,USD,UN Comtrade 공개 API,2026-09-30
2023-09,수입시장,수입액,미국|3304|208|덴마크,54241,USD,UN Comtrade 공개 API,2026-09-30
2023-09,수입시장,수입액,미국|3304|360|인도네시아,454701,USD,UN Comtrade 공개 API,2026-09-30
2023-09,수입시장,수입액,미국|3304|170|콜롬비아,1979242,USD,UN Comtrade 공개 API,2026-09-30
2023-09,수입시장,수입액,미국|3304|458|말레이시아,166638,USD,UN Comtrade 공개 API,2026-09-30
2023-09,수입시장,수입액,미국|3304|376|이스라엘,3896107,USD,UN Comtrade 공개 API,2026-09-30
2023-09,수입시장,수입액,미국|3304|40|오스트리아,133211,USD,UN Comtrade 공개 API,2026-09-30
2023-09,수입시장,수입액,미국|3304|752|스웨덴,15044386,USD,UN Comtrade 공개 API,2026-09-30
2023-09,수입시장,수입액,미국|3304|36|호주,2323879,USD,UN Comtrade 공개 API,2026-09-30
2023-09,수입시장,수입액,미국|3304|616|폴란드,2873257,USD,UN Comtrade 공개 API,2026-09-30
2023-09,수입시장,수입액,미국|3304|757|스위스,8768966,USD,UN Comtrade 공개 API,2026-09-30
2023-09,수입시장,수입액,미국|3304|704|베트남,1028841,USD,UN Comtrade 공개 API,2026-09-30
2023-09,수입시장,수입액,미국|3304|764|태국,2620842,USD,UN Comtrade 공개 API,2026-09-30
2023-09,수입시장,수입액,미국|3304|56|벨기에,6064595,USD,UN Comtrade 공개 API,2026-09-30
2023-09,수입시장,수입액,미국|3304|792|튀르키예,2741359,USD,UN Comtrade 공개 API,2026-09-30
2023-09,수입시장,수입액,미국|3304|528|네덜란드,675739,USD,UN Comtrade 공개 API,2026-09-30
2023-09,수입시장,수입액,미국|3304|724|스페인,8726776,USD,UN Comtrade 공개 API,2026-09-30
2023-09,수입시장,수입액,미국|3304|410|한국,106143426,USD,UN Comtrade 공개 API,2026-09-30
2023-09,수입시장,수입액,미국|3304|76|브라질,848559,USD,UN Comtrade 공개 API,2026-09-30
2023-09,수입시장,수입액,미국|3304|490|대만,8050437,USD,UN Comtrade 공개 API,2026-09-30
2023-09,수입시장,수입액,미국|3304|826|영국,18626244,USD,UN Comtrade 공개 API,2026-09-30
2023-09,수입시장,수입액,미국|3304|392|일본,17853379,USD,UN Comtrade 공개 API,2026-09-30
2023-09,수입시장,수입액,미국|3304|251|프랑스,76433147,USD,UN Comtrade 공개 API,2026-09-30
2023-09,수입시장,수입액,미국|3304|380|이탈리아,58354849,USD,UN Comtrade 공개 API,2026-09-30
2023-09,수입시장,수입액,미국|3304|276|독일,11805103,USD,UN Comtrade 공개 API,2026-09-30
2023-09,수입시장,수입액,미국|3304|699|인도,4576166,USD,UN Comtrade 공개 API,2026-09-30
2023-09,수입시장,수입액,미국|3304|156|중국,68680198,USD,UN Comtrade 공개 API,2026-09-30
2023-09,수입시장,수입액,미국|3304|484|멕시코,20088269,USD,UN Comtrade 공개 API,2026-09-30
2023-09,수입시장,수입액,미국|3304|124|캐나다,72809378,USD,UN Comtrade 공개 API,2026-09-30
2023-09,수입시장,수입액,미국|3304|0|전체,538672983,USD,UN Comtrade 공개 API,2026-09-30
2023-09,수입시장,수입액,미국|300249|0|전체,33008952,USD,UN Comtrade 공개 API,2026-09-30
2023-09,수입시장,수입액,미국|300249|56|벨기에,4464,USD,UN Comtrade 공개 API,2026-09-30
2023-09,수입시장,수입액,미국|300249|757|스위스,117487,USD,UN Comtrade 공개 API,2026-09-30
2023-09,수입시장,수입액,미국|300249|752|스웨덴,14887150,USD,UN Comtrade 공개 API,2026-09-30
2023-09,수입시장,수입액,미국|300249|36|호주,206732,USD,UN Comtrade 공개 API,2026-09-30
2023-09,수입시장,수입액,미국|300249|376|이스라엘,20850,USD,UN Comtrade 공개 API,2026-09-30
2023-09,수입시장,수입액,미국|300249|208|덴마크,2060551,USD,UN Comtrade 공개 API,2026-09-30
2023-09,수입시장,수입액,미국|300249|203|체코,173115,USD,UN Comtrade 공개 API,2026-09-30
2023-09,수입시장,수입액,미국|300249|246|핀란드,214842,USD,UN Comtrade 공개 API,2026-09-30
2023-09,수입시장,수입액,미국|300249|702|싱가포르,466434,USD,UN Comtrade 공개 API,2026-09-30
2023-09,수입시장,수입액,미국|300249|554|뉴질랜드,3062,USD,UN Comtrade 공개 API,2026-09-30
2023-09,수입시장,수입액,미국|300249|348|헝가리,4554,USD,UN Comtrade 공개 API,2026-09-30
2023-09,수입시장,수입액,미국|300249|528|네덜란드,250630,USD,UN Comtrade 공개 API,2026-09-30
2023-09,수입시장,수입액,미국|300249|724|스페인,123801,USD,UN Comtrade 공개 API,2026-09-30
2023-09,수입시장,수입액,미국|300249|826|영국,413603,USD,UN Comtrade 공개 API,2026-09-30
2023-09,수입시장,수입액,미국|300249|251|프랑스,1079642,USD,UN Comtrade 공개 API,2026-09-30
2023-09,수입시장,수입액,미국|300249|380|이탈리아,1197316,USD,UN Comtrade 공개 API,2026-09-30
2023-09,수입시장,수입액,미국|300249|410|한국,2759021,USD,UN Comtrade 공개 API,2026-09-30
2023-09,수입시장,수입액,미국|300249|392|일본,269636,USD,UN Comtrade 공개 API,2026-09-30
2023-09,수입시장,수입액,미국|300249|484|멕시코,702600,USD,UN Comtrade 공개 API,2026-09-30
2023-09,수입시장,수입액,미국|300249|276|독일,6387657,USD,UN Comtrade 공개 API,2026-09-30
2023-09,수입시장,수입액,미국|300249|124|캐나다,552006,USD,UN Comtrade 공개 API,2026-09-30
2023-09,수입시장,수입액,미국|300249|156|중국,989052,USD,UN Comtrade 공개 API,2026-09-30
2023-09,수입시장,수입액,미국|300249|372|아일랜드,124747,USD,UN Comtrade 공개 API,2026-09-30
2023-10,수입시장,수입액,미국|3304|258|258,17370,USD,UN Comtrade 공개 API,2026-09-30
2023-10,수입시장,수입액,미국|3304|586|파키스탄,64237,USD,UN Comtrade 공개 API,2026-09-30
2023-10,수입시장,수입액,미국|3304|442|룩셈부르크,2546041,USD,UN Comtrade 공개 API,2026-09-30
2023-10,수입시장,수입액,미국|3304|834|834,4592,USD,UN Comtrade 공개 API,2026-09-30
2023-10,수입시장,수입액,미국|3304|417|키르기스스탄,20543,USD,UN Comtrade 공개 API,2026-09-30
2023-10,수입시장,수입액,미국|3304|218|218,11839,USD,UN Comtrade 공개 API,2026-09-30
2023-10,수입시장,수입액,미국|3304|662|662,5885,USD,UN Comtrade 공개 API,2026-09-30
2023-10,수입시장,수입액,미국|3304|144|스리랑카,96720,USD,UN Comtrade 공개 API,2026-09-30
2023-10,수입시장,수입액,미국|3304|682|사우디,8696,USD,UN Comtrade 공개 API,2026-09-30
2023-10,수입시장,수입액,미국|3304|428|라트비아,4811,USD,UN Comtrade 공개 API,2026-09-30
2023-10,수입시장,수입액,미국|3304|688|세르비아,9750,USD,UN Comtrade 공개 API,2026-09-30
2023-10,수입시장,수입액,미국|3304|694|694,78561,USD,UN Comtrade 공개 API,2026-09-30
2023-10,수입시장,수입액,미국|3304|352|352,48062,USD,UN Comtrade 공개 API,2026-09-30
2023-10,수입시장,수입액,미국|3304|320|320,14832,USD,UN Comtrade 공개 API,2026-09-30
2023-10,수입시장,수입액,미국|3304|646|646,2584,USD,UN Comtrade 공개 API,2026-09-30
2023-10,수입시장,수입액,미국|3304|116|캄보디아,280311,USD,UN Comtrade 공개 API,2026-09-30
2023-10,수입시장,수입액,미국|3304|120|120,5095,USD,UN Comtrade 공개 API,2026-09-30
2023-10,수입시장,수입액,미국|3304|703|슬로바키아,24471,USD,UN Comtrade 공개 API,2026-09-30
2023-10,수입시장,수입액,미국|3304|705|슬로베니아,29025,USD,UN Comtrade 공개 API,2026-09-30
2023-10,수입시장,수입액,미국|3304|51|아르메니아,3228,USD,UN Comtrade 공개 API,2026-09-30
2023-10,수입시장,수입액,미국|3304|804|우크라이나,39017,USD,UN Comtrade 공개 API,2026-09-30
2023-10,수입시장,수입액,미국|3304|231|231,5621,USD,UN Comtrade 공개 API,2026-09-30
2023-10,수입시장,수입액,미국|3304|233|에스토니아,19865,USD,UN Comtrade 공개 API,2026-09-30
2023-10,수입시장,수입액,미국|3304|288|288,222103,USD,UN Comtrade 공개 API,2026-09-30
2023-10,수입시장,수입액,미국|3304|504|504,30493,USD,UN Comtrade 공개 API,2026-09-30
2023-10,수입시장,수입액,미국|3304|807|807,6273,USD,UN Comtrade 공개 API,2026-09-30
2023-10,수입시장,수입액,미국|3304|440|리투아니아,5011,USD,UN Comtrade 공개 API,2026-09-30
2023-10,수입시장,수입액,미국|3304|100|불가리아,41256,USD,UN Comtrade 공개 API,2026-09-30
2023-10,수입시장,수입액,미국|3304|533|533,19844,USD,UN Comtrade 공개 API,2026-09-30
2023-10,수입시장,수입액,미국|3304|50|방글라데시,58706,USD,UN Comtrade 공개 API,2026-09-30
2023-10,수입시장,수입액,미국|3304|400|요르단,4154,USD,UN Comtrade 공개 API,2026-09-30
2023-10,수입시장,수입액,미국|3304|242|242,12461,USD,UN Comtrade 공개 API,2026-09-30
2023-10,수입시장,수입액,미국|3304|384|384,237676,USD,UN Comtrade 공개 API,2026-09-30
2023-10,수입시장,수입액,미국|3304|784|UAE,1450882,USD,UN Comtrade 공개 API,2026-09-30
2023-10,수입시장,수입액,미국|3304|300|그리스,723888,USD,UN Comtrade 공개 API,2026-09-30
2023-10,수입시장,수입액,미국|3304|554|뉴질랜드,1221189,USD,UN Comtrade 공개 API,2026-09-30
2023-10,수입시장,수입액,미국|3304|702|싱가포르,584373,USD,UN Comtrade 공개 API,2026-09-30
2023-10,수입시장,수입액,미국|3304|348|헝가리,4556737,USD,UN Comtrade 공개 API,2026-09-30
2023-10,수입시장,수입액,미국|3304|32|아르헨티나,19833,USD,UN Comtrade 공개 API,2026-09-30
2023-10,수입시장,수입액,미국|3304|344|홍콩,361564,USD,UN Comtrade 공개 API,2026-09-30
2023-10,수입시장,수입액,미국|3304|214|214,249209,USD,UN Comtrade 공개 API,2026-09-30
2023-10,수입시장,수입액,미국|3304|246|핀란드,100243,USD,UN Comtrade 공개 API,2026-09-30
2023-10,수입시장,수입액,미국|3304|608|필리핀,31917,USD,UN Comtrade 공개 API,2026-09-30
2023-10,수입시장,수입액,미국|3304|620|포르투갈,83059,USD,UN Comtrade 공개 API,2026-09-30
2023-10,수입시장,수입액,미국|3304|372|아일랜드,2134508,USD,UN Comtrade 공개 API,2026-09-30
2023-10,수입시장,수입액,미국|3304|710|남아공,2291510,USD,UN Comtrade 공개 API,2026-09-30
2023-10,수입시장,수입액,미국|3304|203|체코,1534387,USD,UN Comtrade 공개 API,2026-09-30
2023-10,수입시장,수입액,미국|3304|208|덴마크,241920,USD,UN Comtrade 공개 API,2026-09-30
2023-10,수입시장,수입액,미국|3304|170|콜롬비아,2378567,USD,UN Comtrade 공개 API,2026-09-30
2023-10,수입시장,수입액,미국|3304|458|말레이시아,282549,USD,UN Comtrade 공개 API,2026-09-30
2023-10,수입시장,수입액,미국|3304|376|이스라엘,2723653,USD,UN Comtrade 공개 API,2026-09-30
2023-10,수입시장,수입액,미국|3304|360|인도네시아,426371,USD,UN Comtrade 공개 API,2026-09-30
2023-10,수입시장,수입액,미국|3304|36|호주,2407397,USD,UN Comtrade 공개 API,2026-09-30
2023-10,수입시장,수입액,미국|3304|752|스웨덴,8754372,USD,UN Comtrade 공개 API,2026-09-30
2023-10,수입시장,수입액,미국|3304|40|오스트리아,168957,USD,UN Comtrade 공개 API,2026-09-30
2023-10,수입시장,수입액,미국|3304|757|스위스,9344969,USD,UN Comtrade 공개 API,2026-09-30
2023-10,수입시장,수입액,미국|3304|616|폴란드,2852295,USD,UN Comtrade 공개 API,2026-09-30
2023-10,수입시장,수입액,미국|3304|704|베트남,2631825,USD,UN Comtrade 공개 API,2026-09-30
2023-10,수입시장,수입액,미국|3304|764|태국,1860369,USD,UN Comtrade 공개 API,2026-09-30
2023-10,수입시장,수입액,미국|3304|792|튀르키예,2233990,USD,UN Comtrade 공개 API,2026-09-30
2023-10,수입시장,수입액,미국|3304|56|벨기에,5460729,USD,UN Comtrade 공개 API,2026-09-30
2023-10,수입시장,수입액,미국|3304|490|대만,11980385,USD,UN Comtrade 공개 API,2026-09-30
2023-10,수입시장,수입액,미국|3304|528|네덜란드,2240463,USD,UN Comtrade 공개 API,2026-09-30
2023-10,수입시장,수입액,미국|3304|410|한국,121842150,USD,UN Comtrade 공개 API,2026-09-30
2023-10,수입시장,수입액,미국|3304|76|브라질,1829141,USD,UN Comtrade 공개 API,2026-09-30
2023-10,수입시장,수입액,미국|3304|826|영국,19360620,USD,UN Comtrade 공개 API,2026-09-30
2023-10,수입시장,수입액,미국|3304|724|스페인,7425440,USD,UN Comtrade 공개 API,2026-09-30
2023-10,수입시장,수입액,미국|3304|251|프랑스,104253642,USD,UN Comtrade 공개 API,2026-09-30
2023-10,수입시장,수입액,미국|3304|380|이탈리아,76847387,USD,UN Comtrade 공개 API,2026-09-30
2023-10,수입시장,수입액,미국|3304|699|인도,6139164,USD,UN Comtrade 공개 API,2026-09-30
2023-10,수입시장,수입액,미국|3304|392|일본,15917615,USD,UN Comtrade 공개 API,2026-09-30
2023-10,수입시장,수입액,미국|3304|156|중국,76097136,USD,UN Comtrade 공개 API,2026-09-30
2023-10,수입시장,수입액,미국|3304|484|멕시코,24950853,USD,UN Comtrade 공개 API,2026-09-30
2023-10,수입시장,수입액,미국|3304|276|독일,13570231,USD,UN Comtrade 공개 API,2026-09-30
2023-10,수입시장,수입액,미국|3304|124|캐나다,99689684,USD,UN Comtrade 공개 API,2026-09-30
2023-10,수입시장,수입액,미국|3304|0|전체,643234306,USD,UN Comtrade 공개 API,2026-09-30
2023-10,수입시장,수입액,미국|300249|0|전체,38196253,USD,UN Comtrade 공개 API,2026-09-30
2023-10,수입시장,수입액,미국|300249|56|벨기에,212518,USD,UN Comtrade 공개 API,2026-09-30
2023-10,수입시장,수입액,미국|300249|757|스위스,2202563,USD,UN Comtrade 공개 API,2026-09-30
2023-10,수입시장,수입액,미국|300249|40|오스트리아,32458,USD,UN Comtrade 공개 API,2026-09-30
2023-10,수입시장,수입액,미국|300249|752|스웨덴,15537054,USD,UN Comtrade 공개 API,2026-09-30
2023-10,수입시장,수입액,미국|300249|208|덴마크,3747107,USD,UN Comtrade 공개 API,2026-09-30
2023-10,수입시장,수입액,미국|300249|36|호주,59369,USD,UN Comtrade 공개 API,2026-09-30
2023-10,수입시장,수입액,미국|300249|372|아일랜드,3391591,USD,UN Comtrade 공개 API,2026-09-30
2023-10,수입시장,수입액,미국|300249|246|핀란드,14980,USD,UN Comtrade 공개 API,2026-09-30
2023-10,수입시장,수입액,미국|300249|710|남아공,16079,USD,UN Comtrade 공개 API,2026-09-30
2023-10,수입시장,수입액,미국|300249|702|싱가포르,280209,USD,UN Comtrade 공개 API,2026-09-30
2023-10,수입시장,수입액,미국|300249|858|858,164796,USD,UN Comtrade 공개 API,2026-09-30
2023-10,수입시장,수입액,미국|300249|233|에스토니아,193639,USD,UN Comtrade 공개 API,2026-09-30
2023-10,수입시장,수입액,미국|300249|528|네덜란드,37169,USD,UN Comtrade 공개 API,2026-09-30
2023-10,수입시장,수입액,미국|300249|826|영국,330587,USD,UN Comtrade 공개 API,2026-09-30
2023-10,수입시장,수입액,미국|300249|251|프랑스,1354716,USD,UN Comtrade 공개 API,2026-09-30
2023-10,수입시장,수입액,미국|300249|380|이탈리아,2182149,USD,UN Comtrade 공개 API,2026-09-30
2023-10,수입시장,수입액,미국|300249|410|한국,2764384,USD,UN Comtrade 공개 API,2026-09-30
2023-10,수입시장,수입액,미국|300249|392|일본,248551,USD,UN Comtrade 공개 API,2026-09-30
2023-10,수입시장,수입액,미국|300249|699|인도,1098958,USD,UN Comtrade 공개 API,2026-09-30
2023-10,수입시장,수입액,미국|300249|276|독일,2929240,USD,UN Comtrade 공개 API,2026-09-30
2023-10,수입시장,수입액,미국|300249|156|중국,674527,USD,UN Comtrade 공개 API,2026-09-30
2023-10,수입시장,수입액,미국|300249|124|캐나다,674415,USD,UN Comtrade 공개 API,2026-09-30
2023-10,수입시장,수입액,미국|300249|724|스페인,49194,USD,UN Comtrade 공개 API,2026-09-30
2023-11,수입시장,수입액,미국|3304|862|862,28360,USD,UN Comtrade 공개 API,2026-09-30
2023-11,수입시장,수입액,미국|3304|800|800,4001,USD,UN Comtrade 공개 API,2026-09-30
2023-11,수입시장,수입액,미국|3304|804|우크라이나,31296,USD,UN Comtrade 공개 API,2026-09-30
2023-11,수입시장,수입액,미국|3304|788|788,12796,USD,UN Comtrade 공개 API,2026-09-30
2023-11,수입시장,수입액,미국|3304|780|780,3675,USD,UN Comtrade 공개 API,2026-09-30
2023-11,수입시장,수입액,미국|3304|760|760,43167,USD,UN Comtrade 공개 API,2026-09-30
2023-11,수입시장,수입액,미국|3304|705|슬로베니아,215215,USD,UN Comtrade 공개 API,2026-09-30
2023-11,수입시장,수입액,미국|3304|642|루마니아,5872,USD,UN Comtrade 공개 API,2026-09-30
2023-11,수입시장,수입액,미국|3304|643|러시아,9151,USD,UN Comtrade 공개 API,2026-09-30
2023-11,수입시장,수입액,미국|3304|688|세르비아,76518,USD,UN Comtrade 공개 API,2026-09-30
2023-11,수입시장,수입액,미국|3304|586|파키스탄,82988,USD,UN Comtrade 공개 API,2026-09-30
2023-11,수입시장,수입액,미국|3304|531|531,3864,USD,UN Comtrade 공개 API,2026-09-30
2023-11,수입시장,수입액,미국|3304|533|533,2208,USD,UN Comtrade 공개 API,2026-09-30
2023-11,수입시장,수입액,미국|3304|566|나이지리아,10710,USD,UN Comtrade 공개 API,2026-09-30
2023-11,수입시장,수입액,미국|3304|470|몰타,4019,USD,UN Comtrade 공개 API,2026-09-30
2023-11,수입시장,수입액,미국|3304|480|480,5846,USD,UN Comtrade 공개 API,2026-09-30
2023-11,수입시장,수입액,미국|3304|442|룩셈부르크,1481886,USD,UN Comtrade 공개 API,2026-09-30
2023-11,수입시장,수입액,미국|3304|428|라트비아,15032,USD,UN Comtrade 공개 API,2026-09-30
2023-11,수입시장,수입액,미국|3304|288|288,54436,USD,UN Comtrade 공개 API,2026-09-30
2023-11,수입시장,수입액,미국|3304|300|그리스,855487,USD,UN Comtrade 공개 API,2026-09-30
2023-11,수입시장,수입액,미국|3304|320|320,16772,USD,UN Comtrade 공개 API,2026-09-30
2023-11,수입시장,수입액,미국|3304|340|340,17836,USD,UN Comtrade 공개 API,2026-09-30
2023-11,수입시장,수입액,미국|3304|344|홍콩,303645,USD,UN Comtrade 공개 API,2026-09-30
2023-11,수입시장,수입액,미국|3304|231|231,4970,USD,UN Comtrade 공개 API,2026-09-30
2023-11,수입시장,수입액,미국|3304|233|에스토니아,12032,USD,UN Comtrade 공개 API,2026-09-30
2023-11,수입시장,수입액,미국|3304|242|242,473603,USD,UN Comtrade 공개 API,2026-09-30
2023-11,수입시장,수입액,미국|3304|218|218,130459,USD,UN Comtrade 공개 API,2026-09-30
2023-11,수입시장,수입액,미국|3304|191|크로아티아,18515,USD,UN Comtrade 공개 API,2026-09-30
2023-11,수입시장,수입액,미국|3304|196|키프로스,31661,USD,UN Comtrade 공개 API,2026-09-30
2023-11,수입시장,수입액,미국|3304|144|스리랑카,194359,USD,UN Comtrade 공개 API,2026-09-30
2023-11,수입시장,수입액,미국|3304|100|불가리아,220939,USD,UN Comtrade 공개 API,2026-09-30
2023-11,수입시장,수입액,미국|3304|116|캄보디아,133663,USD,UN Comtrade 공개 API,2026-09-30
2023-11,수입시장,수입액,미국|3304|50|방글라데시,3359,USD,UN Comtrade 공개 API,2026-09-30
2023-11,수입시장,수입액,미국|3304|51|아르메니아,6238,USD,UN Comtrade 공개 API,2026-09-30
2023-11,수입시장,수입액,미국|3304|384|384,190232,USD,UN Comtrade 공개 API,2026-09-30
2023-11,수입시장,수입액,미국|3304|388|388,4993,USD,UN Comtrade 공개 API,2026-09-30
2023-11,수입시장,수입액,미국|3304|352|352,70781,USD,UN Comtrade 공개 API,2026-09-30
2023-11,수입시장,수입액,미국|3304|554|뉴질랜드,637835,USD,UN Comtrade 공개 API,2026-09-30
2023-11,수입시장,수입액,미국|3304|246|핀란드,118390,USD,UN Comtrade 공개 API,2026-09-30
2023-11,수입시장,수입액,미국|3304|784|UAE,1479566,USD,UN Comtrade 공개 API,2026-09-30
2023-11,수입시장,수입액,미국|3304|608|필리핀,103783,USD,UN Comtrade 공개 API,2026-09-30
2023-11,수입시장,수입액,미국|3304|32|아르헨티나,282039,USD,UN Comtrade 공개 API,2026-09-30
2023-11,수입시장,수입액,미국|3304|348|헝가리,4619232,USD,UN Comtrade 공개 API,2026-09-30
2023-11,수입시장,수입액,미국|3304|214|214,967486,USD,UN Comtrade 공개 API,2026-09-30
2023-11,수입시장,수입액,미국|3304|702|싱가포르,823092,USD,UN Comtrade 공개 API,2026-09-30
2023-11,수입시장,수입액,미국|3304|372|아일랜드,1062697,USD,UN Comtrade 공개 API,2026-09-30
2023-11,수입시장,수입액,미국|3304|604|페루,3387,USD,UN Comtrade 공개 API,2026-09-30
2023-11,수입시장,수입액,미국|3304|620|포르투갈,158313,USD,UN Comtrade 공개 API,2026-09-30
2023-11,수입시장,수입액,미국|3304|710|남아공,1364127,USD,UN Comtrade 공개 API,2026-09-30
2023-11,수입시장,수입액,미국|3304|203|체코,927730,USD,UN Comtrade 공개 API,2026-09-30
2023-11,수입시장,수입액,미국|3304|208|덴마크,120612,USD,UN Comtrade 공개 API,2026-09-30
2023-11,수입시장,수입액,미국|3304|170|콜롬비아,2988073,USD,UN Comtrade 공개 API,2026-09-30
2023-11,수입시장,수입액,미국|3304|360|인도네시아,481254,USD,UN Comtrade 공개 API,2026-09-30
2023-11,수입시장,수입액,미국|3304|36|호주,2782366,USD,UN Comtrade 공개 API,2026-09-30
2023-11,수입시장,수입액,미국|3304|458|말레이시아,480979,USD,UN Comtrade 공개 API,2026-09-30
2023-11,수입시장,수입액,미국|3304|376|이스라엘,5263830,USD,UN Comtrade 공개 API,2026-09-30
2023-11,수입시장,수입액,미국|3304|752|스웨덴,115478,USD,UN Comtrade 공개 API,2026-09-30
2023-11,수입시장,수입액,미국|3304|40|오스트리아,181076,USD,UN Comtrade 공개 API,2026-09-30
2023-11,수입시장,수입액,미국|3304|757|스위스,8120977,USD,UN Comtrade 공개 API,2026-09-30
2023-11,수입시장,수입액,미국|3304|616|폴란드,2900712,USD,UN Comtrade 공개 API,2026-09-30
2023-11,수입시장,수입액,미국|3304|704|베트남,1466449,USD,UN Comtrade 공개 API,2026-09-30
2023-11,수입시장,수입액,미국|3304|764|태국,7497154,USD,UN Comtrade 공개 API,2026-09-30
2023-11,수입시장,수입액,미국|3304|792|튀르키예,2433288,USD,UN Comtrade 공개 API,2026-09-30
2023-11,수입시장,수입액,미국|3304|56|벨기에,5559225,USD,UN Comtrade 공개 API,2026-09-30
2023-11,수입시장,수입액,미국|3304|76|브라질,709574,USD,UN Comtrade 공개 API,2026-09-30
2023-11,수입시장,수입액,미국|3304|490|대만,7697638,USD,UN Comtrade 공개 API,2026-09-30
2023-11,수입시장,수입액,미국|3304|528|네덜란드,442365,USD,UN Comtrade 공개 API,2026-09-30
2023-11,수입시장,수입액,미국|3304|724|스페인,6013149,USD,UN Comtrade 공개 API,2026-09-30
2023-11,수입시장,수입액,미국|3304|826|영국,24654427,USD,UN Comtrade 공개 API,2026-09-30
2023-11,수입시장,수입액,미국|3304|410|한국,98369436,USD,UN Comtrade 공개 API,2026-09-30
2023-11,수입시장,수입액,미국|3304|251|프랑스,80895049,USD,UN Comtrade 공개 API,2026-09-30
2023-11,수입시장,수입액,미국|3304|380|이탈리아,59667307,USD,UN Comtrade 공개 API,2026-09-30
2023-11,수입시장,수입액,미국|3304|392|일본,15002019,USD,UN Comtrade 공개 API,2026-09-30
2023-11,수입시장,수입액,미국|3304|276|독일,13298561,USD,UN Comtrade 공개 API,2026-09-30
2023-11,수입시장,수입액,미국|3304|699|인도,4677336,USD,UN Comtrade 공개 API,2026-09-30
2023-11,수입시장,수입액,미국|3304|156|중국,52867681,USD,UN Comtrade 공개 API,2026-09-30
2023-11,수입시장,수입액,미국|3304|484|멕시코,22367347,USD,UN Comtrade 공개 API,2026-09-30
2023-11,수입시장,수입액,미국|3304|124|캐나다,84470772,USD,UN Comtrade 공개 API,2026-09-30
2023-11,수입시장,수입액,미국|3304|0|전체,528852395,USD,UN Comtrade 공개 API,2026-09-30
2023-11,수입시장,수입액,미국|300249|0|전체,32208614,USD,UN Comtrade 공개 API,2026-09-30
2023-11,수입시장,수입액,미국|300249|56|벨기에,254972,USD,UN Comtrade 공개 API,2026-09-30
2023-11,수입시장,수입액,미국|300249|757|스위스,1120936,USD,UN Comtrade 공개 API,2026-09-30
2023-11,수입시장,수입액,미국|300249|752|스웨덴,15623713,USD,UN Comtrade 공개 API,2026-09-30
2023-11,수입시장,수입액,미국|300249|376|이스라엘,31266,USD,UN Comtrade 공개 API,2026-09-30
2023-11,수입시장,수입액,미국|300249|36|호주,125897,USD,UN Comtrade 공개 API,2026-09-30
2023-11,수입시장,수입액,미국|300249|208|덴마크,3145197,USD,UN Comtrade 공개 API,2026-09-30
2023-11,수입시장,수입액,미국|300249|246|핀란드,22062,USD,UN Comtrade 공개 API,2026-09-30
2023-11,수입시장,수입액,미국|300249|702|싱가포르,64999,USD,UN Comtrade 공개 API,2026-09-30
2023-11,수입시장,수입액,미국|300249|554|뉴질랜드,4237,USD,UN Comtrade 공개 API,2026-09-30
2023-11,수입시장,수입액,미국|300249|32|아르헨티나,108247,USD,UN Comtrade 공개 API,2026-09-30
2023-11,수입시장,수입액,미국|300249|858|858,92137,USD,UN Comtrade 공개 API,2026-09-30
2023-11,수입시장,수입액,미국|300249|528|네덜란드,83501,USD,UN Comtrade 공개 API,2026-09-30
2023-11,수입시장,수입액,미국|300249|251|프랑스,1544259,USD,UN Comtrade 공개 API,2026-09-30
2023-11,수입시장,수입액,미국|300249|826|영국,536252,USD,UN Comtrade 공개 API,2026-09-30
2023-11,수입시장,수입액,미국|300249|410|한국,2744819,USD,UN Comtrade 공개 API,2026-09-30
2023-11,수입시장,수입액,미국|300249|380|이탈리아,1997877,USD,UN Comtrade 공개 API,2026-09-30
2023-11,수입시장,수입액,미국|300249|392|일본,19731,USD,UN Comtrade 공개 API,2026-09-30
2023-11,수입시장,수입액,미국|300249|699|인도,248733,USD,UN Comtrade 공개 API,2026-09-30
2023-11,수입시장,수입액,미국|300249|484|멕시코,745748,USD,UN Comtrade 공개 API,2026-09-30
2023-11,수입시장,수입액,미국|300249|276|독일,2620343,USD,UN Comtrade 공개 API,2026-09-30
2023-11,수입시장,수입액,미국|300249|124|캐나다,237392,USD,UN Comtrade 공개 API,2026-09-30
2023-11,수입시장,수입액,미국|300249|156|중국,823417,USD,UN Comtrade 공개 API,2026-09-30
2023-11,수입시장,수입액,미국|300249|372|아일랜드,12879,USD,UN Comtrade 공개 API,2026-09-30
2023-12,수입시장,수입액,미국|3304|694|694,37521,USD,UN Comtrade 공개 API,2026-09-30
2023-12,수입시장,수입액,미국|3304|586|파키스탄,44245,USD,UN Comtrade 공개 API,2026-09-30
2023-12,수입시장,수입액,미국|3304|591|591,6965,USD,UN Comtrade 공개 API,2026-09-30
2023-12,수입시장,수입액,미국|3304|566|나이지리아,45270,USD,UN Comtrade 공개 API,2026-09-30
2023-12,수입시장,수입액,미국|3304|533|533,204865,USD,UN Comtrade 공개 API,2026-09-30
2023-12,수입시장,수입액,미국|3304|480|480,2068,USD,UN Comtrade 공개 API,2026-09-30
2023-12,수입시장,수입액,미국|3304|440|리투아니아,450245,USD,UN Comtrade 공개 API,2026-09-30
2023-12,수입시장,수입액,미국|3304|442|룩셈부르크,1271888,USD,UN Comtrade 공개 API,2026-09-30
2023-12,수입시장,수입액,미국|3304|352|352,11349,USD,UN Comtrade 공개 API,2026-09-30
2023-12,수입시장,수입액,미국|3304|288|288,123323,USD,UN Comtrade 공개 API,2026-09-30
2023-12,수입시장,수입액,미국|3304|258|258,14448,USD,UN Comtrade 공개 API,2026-09-30
2023-12,수입시장,수입액,미국|3304|268|조지아,14185,USD,UN Comtrade 공개 API,2026-09-30
2023-12,수입시장,수입액,미국|3304|231|231,8120,USD,UN Comtrade 공개 API,2026-09-30
2023-12,수입시장,수입액,미국|3304|233|에스토니아,8005,USD,UN Comtrade 공개 API,2026-09-30
2023-12,수입시장,수입액,미국|3304|242|242,2318,USD,UN Comtrade 공개 API,2026-09-30
2023-12,수입시장,수입액,미국|3304|218|218,5314,USD,UN Comtrade 공개 API,2026-09-30
2023-12,수입시장,수입액,미국|3304|804|우크라이나,27218,USD,UN Comtrade 공개 API,2026-09-30
2023-12,수입시장,수입액,미국|3304|807|807,2503,USD,UN Comtrade 공개 API,2026-09-30
2023-12,수입시장,수입액,미국|3304|818|이집트,12601,USD,UN Comtrade 공개 API,2026-09-30
2023-12,수입시장,수입액,미국|3304|191|크로아티아,4511,USD,UN Comtrade 공개 API,2026-09-30
2023-12,수입시장,수입액,미국|3304|51|아르메니아,4847,USD,UN Comtrade 공개 API,2026-09-30
2023-12,수입시장,수입액,미국|3304|50|방글라데시,23338,USD,UN Comtrade 공개 API,2026-09-30
2023-12,수입시장,수입액,미국|3304|504|504,49594,USD,UN Comtrade 공개 API,2026-09-30
2023-12,수입시장,수입액,미국|3304|162|162,19950,USD,UN Comtrade 공개 API,2026-09-30
2023-12,수입시장,수입액,미국|3304|166|166,10710,USD,UN Comtrade 공개 API,2026-09-30
2023-12,수입시장,수입액,미국|3304|417|키르기스스탄,12563,USD,UN Comtrade 공개 API,2026-09-30
2023-12,수입시장,수입액,미국|3304|422|레바논,2901,USD,UN Comtrade 공개 API,2026-09-30
2023-12,수입시장,수입액,미국|3304|100|불가리아,128417,USD,UN Comtrade 공개 API,2026-09-30
2023-12,수입시장,수입액,미국|3304|384|384,292539,USD,UN Comtrade 공개 API,2026-09-30
2023-12,수입시장,수입액,미국|3304|388|388,34860,USD,UN Comtrade 공개 API,2026-09-30
2023-12,수입시장,수입액,미국|3304|320|320,14209,USD,UN Comtrade 공개 API,2026-09-30
2023-12,수입시장,수입액,미국|3304|688|세르비아,16995,USD,UN Comtrade 공개 API,2026-09-30
2023-12,수입시장,수입액,미국|3304|768|768,117026,USD,UN Comtrade 공개 API,2026-09-30
2023-12,수입시장,수입액,미국|3304|784|UAE,808197,USD,UN Comtrade 공개 API,2026-09-30
2023-12,수입시장,수입액,미국|3304|400|요르단,11314,USD,UN Comtrade 공개 API,2026-09-30
2023-12,수입시장,수입액,미국|3304|116|캄보디아,502612,USD,UN Comtrade 공개 API,2026-09-30
2023-12,수입시장,수입액,미국|3304|144|스리랑카,185316,USD,UN Comtrade 공개 API,2026-09-30
2023-12,수입시장,수입액,미국|3304|152|칠레,4150,USD,UN Comtrade 공개 API,2026-09-30
2023-12,수입시장,수입액,미국|3304|32|아르헨티나,434341,USD,UN Comtrade 공개 API,2026-09-30
2023-12,수입시장,수입액,미국|3304|344|홍콩,664111,USD,UN Comtrade 공개 API,2026-09-30
2023-12,수입시장,수입액,미국|3304|554|뉴질랜드,1199010,USD,UN Comtrade 공개 API,2026-09-30
2023-12,수입시장,수입액,미국|3304|300|그리스,604357,USD,UN Comtrade 공개 API,2026-09-30
2023-12,수입시장,수입액,미국|3304|702|싱가포르,50536,USD,UN Comtrade 공개 API,2026-09-30
2023-12,수입시장,수입액,미국|3304|214|214,45533,USD,UN Comtrade 공개 API,2026-09-30
2023-12,수입시장,수입액,미국|3304|608|필리핀,76932,USD,UN Comtrade 공개 API,2026-09-30
2023-12,수입시장,수입액,미국|3304|348|헝가리,3488215,USD,UN Comtrade 공개 API,2026-09-30
2023-12,수입시장,수입액,미국|3304|620|포르투갈,290821,USD,UN Comtrade 공개 API,2026-09-30
2023-12,수입시장,수입액,미국|3304|372|아일랜드,3186069,USD,UN Comtrade 공개 API,2026-09-30
2023-12,수입시장,수입액,미국|3304|710|남아공,2601579,USD,UN Comtrade 공개 API,2026-09-30
2023-12,수입시장,수입액,미국|3304|203|체코,1230133,USD,UN Comtrade 공개 API,2026-09-30
2023-12,수입시장,수입액,미국|3304|170|콜롬비아,1267027,USD,UN Comtrade 공개 API,2026-09-30
2023-12,수입시장,수입액,미국|3304|208|덴마크,387399,USD,UN Comtrade 공개 API,2026-09-30
2023-12,수입시장,수입액,미국|3304|752|스웨덴,12614053,USD,UN Comtrade 공개 API,2026-09-30
2023-12,수입시장,수입액,미국|3304|360|인도네시아,560727,USD,UN Comtrade 공개 API,2026-09-30
2023-12,수입시장,수입액,미국|3304|458|말레이시아,315342,USD,UN Comtrade 공개 API,2026-09-30
2023-12,수입시장,수입액,미국|3304|376|이스라엘,3238129,USD,UN Comtrade 공개 API,2026-09-30
2023-12,수입시장,수입액,미국|3304|36|호주,1880708,USD,UN Comtrade 공개 API,2026-09-30
2023-12,수입시장,수입액,미국|3304|40|오스트리아,45044,USD,UN Comtrade 공개 API,2026-09-30
2023-12,수입시장,수입액,미국|3304|757|스위스,4327256,USD,UN Comtrade 공개 API,2026-09-30
2023-12,수입시장,수입액,미국|3304|616|폴란드,3722899,USD,UN Comtrade 공개 API,2026-09-30
2023-12,수입시장,수입액,미국|3304|704|베트남,715742,USD,UN Comtrade 공개 API,2026-09-30
2023-12,수입시장,수입액,미국|3304|792|튀르키예,1538128,USD,UN Comtrade 공개 API,2026-09-30
2023-12,수입시장,수입액,미국|3304|764|태국,1658578,USD,UN Comtrade 공개 API,2026-09-30
2023-12,수입시장,수입액,미국|3304|56|벨기에,7838783,USD,UN Comtrade 공개 API,2026-09-30
2023-12,수입시장,수입액,미국|3304|76|브라질,348241,USD,UN Comtrade 공개 API,2026-09-30
2023-12,수입시장,수입액,미국|3304|528|네덜란드,619555,USD,UN Comtrade 공개 API,2026-09-30
2023-12,수입시장,수입액,미국|3304|490|대만,7691882,USD,UN Comtrade 공개 API,2026-09-30
2023-12,수입시장,수입액,미국|3304|410|한국,97802587,USD,UN Comtrade 공개 API,2026-09-30
2023-12,수입시장,수입액,미국|3304|724|스페인,6003310,USD,UN Comtrade 공개 API,2026-09-30
2023-12,수입시장,수입액,미국|3304|826|영국,24077022,USD,UN Comtrade 공개 API,2026-09-30
2023-12,수입시장,수입액,미국|3304|392|일본,13652276,USD,UN Comtrade 공개 API,2026-09-30
2023-12,수입시장,수입액,미국|3304|251|프랑스,90965080,USD,UN Comtrade 공개 API,2026-09-30
2023-12,수입시장,수입액,미국|3304|380|이탈리아,72774759,USD,UN Comtrade 공개 API,2026-09-30
2023-12,수입시장,수입액,미국|3304|276|독일,15145698,USD,UN Comtrade 공개 API,2026-09-30
2023-12,수입시장,수입액,미국|3304|699|인도,6703230,USD,UN Comtrade 공개 API,2026-09-30
2023-12,수입시장,수입액,미국|3304|156|중국,54482813,USD,UN Comtrade 공개 API,2026-09-30
2023-12,수입시장,수입액,미국|3304|484|멕시코,21304880,USD,UN Comtrade 공개 API,2026-09-30
2023-12,수입시장,수입액,미국|3304|124|캐나다,75671925,USD,UN Comtrade 공개 API,2026-09-30
2023-12,수입시장,수입액,미국|3304|0|전체,545761210,USD,UN Comtrade 공개 API,2026-09-30
2023-12,수입시장,수입액,미국|300249|0|전체,61398134,USD,UN Comtrade 공개 API,2026-09-30
2023-12,수입시장,수입액,미국|300249|56|벨기에,115909,USD,UN Comtrade 공개 API,2026-09-30
2023-12,수입시장,수입액,미국|300249|757|스위스,16895902,USD,UN Comtrade 공개 API,2026-09-30
2023-12,수입시장,수입액,미국|300249|752|스웨덴,28485000,USD,UN Comtrade 공개 API,2026-09-30
2023-12,수입시장,수입액,미국|300249|208|덴마크,1796212,USD,UN Comtrade 공개 API,2026-09-30
2023-12,수입시장,수입액,미국|300249|36|호주,166694,USD,UN Comtrade 공개 API,2026-09-30
2023-12,수입시장,수입액,미국|300249|372|아일랜드,956777,USD,UN Comtrade 공개 API,2026-09-30
2023-12,수입시장,수입액,미국|300249|554|뉴질랜드,23602,USD,UN Comtrade 공개 API,2026-09-30
2023-12,수입시장,수입액,미국|300249|32|아르헨티나,68967,USD,UN Comtrade 공개 API,2026-09-30
2023-12,수입시장,수입액,미국|300249|858|858,196498,USD,UN Comtrade 공개 API,2026-09-30
2023-12,수입시장,수입액,미국|300249|528|네덜란드,58388,USD,UN Comtrade 공개 API,2026-09-30
2023-12,수입시장,수입액,미국|300249|826|영국,299800,USD,UN Comtrade 공개 API,2026-09-30
2023-12,수입시장,수입액,미국|300249|410|한국,4036962,USD,UN Comtrade 공개 API,2026-09-30
2023-12,수입시장,수입액,미국|300249|251|프랑스,1126608,USD,UN Comtrade 공개 API,2026-09-30
2023-12,수입시장,수입액,미국|300249|380|이탈리아,1667172,USD,UN Comtrade 공개 API,2026-09-30
2023-12,수입시장,수입액,미국|300249|392|일본,6325,USD,UN Comtrade 공개 API,2026-09-30
2023-12,수입시장,수입액,미국|300249|699|인도,1205646,USD,UN Comtrade 공개 API,2026-09-30
2023-12,수입시장,수입액,미국|300249|484|멕시코,749126,USD,UN Comtrade 공개 API,2026-09-30
2023-12,수입시장,수입액,미국|300249|276|독일,2258036,USD,UN Comtrade 공개 API,2026-09-30
2023-12,수입시장,수입액,미국|300249|124|캐나다,1036378,USD,UN Comtrade 공개 API,2026-09-30
2023-12,수입시장,수입액,미국|300249|156|중국,224103,USD,UN Comtrade 공개 API,2026-09-30
2023-12,수입시장,수입액,미국|300249|40|오스트리아,4154,USD,UN Comtrade 공개 API,2026-09-30
2023-12,수입시장,수입액,미국|300249|246|핀란드,19875,USD,UN Comtrade 공개 API,2026-09-30
2024-01,수입시장,수입액,미국|3304|834|834,4820,USD,UN Comtrade 공개 API,2026-09-30
2024-01,수입시장,수입액,미국|3304|804|우크라이나,25917,USD,UN Comtrade 공개 API,2026-09-30
2024-01,수입시장,수입액,미국|3304|784|UAE,1147444,USD,UN Comtrade 공개 API,2026-09-30
2024-01,수입시장,수입액,미국|3304|674|674,4362,USD,UN Comtrade 공개 API,2026-09-30
2024-01,수입시장,수입액,미국|3304|686|686,2602,USD,UN Comtrade 공개 API,2026-09-30
2024-01,수입시장,수입액,미국|3304|688|세르비아,30651,USD,UN Comtrade 공개 API,2026-09-30
2024-01,수입시장,수입액,미국|3304|643|러시아,13208,USD,UN Comtrade 공개 API,2026-09-30
2024-01,수입시장,수입액,미국|3304|591|591,54135,USD,UN Comtrade 공개 API,2026-09-30
2024-01,수입시장,수입액,미국|3304|566|나이지리아,2310,USD,UN Comtrade 공개 API,2026-09-30
2024-01,수입시장,수입액,미국|3304|586|파키스탄,39443,USD,UN Comtrade 공개 API,2026-09-30
2024-01,수입시장,수입액,미국|3304|533|533,101124,USD,UN Comtrade 공개 API,2026-09-30
2024-01,수입시장,수입액,미국|3304|504|504,11145,USD,UN Comtrade 공개 API,2026-09-30
2024-01,수입시장,수입액,미국|3304|480|480,47169,USD,UN Comtrade 공개 API,2026-09-30
2024-01,수입시장,수입액,미국|3304|442|룩셈부르크,340723,USD,UN Comtrade 공개 API,2026-09-30
2024-01,수입시장,수입액,미국|3304|428|라트비아,16032,USD,UN Comtrade 공개 API,2026-09-30
2024-01,수입시장,수입액,미국|3304|440|리투아니아,385651,USD,UN Comtrade 공개 API,2026-09-30
2024-01,수입시장,수입액,미국|3304|400|요르단,3599,USD,UN Comtrade 공개 API,2026-09-30
2024-01,수입시장,수입액,미국|3304|384|384,271511,USD,UN Comtrade 공개 API,2026-09-30
2024-01,수입시장,수입액,미국|3304|352|352,69098,USD,UN Comtrade 공개 API,2026-09-30
2024-01,수입시장,수입액,미국|3304|288|288,138507,USD,UN Comtrade 공개 API,2026-09-30
2024-01,수입시장,수입액,미국|3304|258|258,62416,USD,UN Comtrade 공개 API,2026-09-30
2024-01,수입시장,수입액,미국|3304|268|조지아,4102,USD,UN Comtrade 공개 API,2026-09-30
2024-01,수입시장,수입액,미국|3304|218|218,7726,USD,UN Comtrade 공개 API,2026-09-30
2024-01,수입시장,수입액,미국|3304|144|스리랑카,96720,USD,UN Comtrade 공개 API,2026-09-30
2024-01,수입시장,수입액,미국|3304|100|불가리아,235234,USD,UN Comtrade 공개 API,2026-09-30
2024-01,수입시장,수입액,미국|3304|116|캄보디아,763728,USD,UN Comtrade 공개 API,2026-09-30
2024-01,수입시장,수입액,미국|3304|50|방글라데시,12144,USD,UN Comtrade 공개 API,2026-09-30
2024-01,수입시장,수입액,미국|3304|642|루마니아,6873,USD,UN Comtrade 공개 API,2026-09-30
2024-01,수입시장,수입액,미국|3304|214|214,442650,USD,UN Comtrade 공개 API,2026-09-30
2024-01,수입시장,수입액,미국|3304|702|싱가포르,745293,USD,UN Comtrade 공개 API,2026-09-30
2024-01,수입시장,수입액,미국|3304|300|그리스,346657,USD,UN Comtrade 공개 API,2026-09-30
2024-01,수입시장,수입액,미국|3304|344|홍콩,199863,USD,UN Comtrade 공개 API,2026-09-30
2024-01,수입시장,수입액,미국|3304|554|뉴질랜드,1282505,USD,UN Comtrade 공개 API,2026-09-30
2024-01,수입시장,수입액,미국|3304|608|필리핀,51645,USD,UN Comtrade 공개 API,2026-09-30
2024-01,수입시장,수입액,미국|3304|32|아르헨티나,419360,USD,UN Comtrade 공개 API,2026-09-30
2024-01,수입시장,수입액,미국|3304|246|핀란드,131720,USD,UN Comtrade 공개 API,2026-09-30
2024-01,수입시장,수입액,미국|3304|348|헝가리,2866129,USD,UN Comtrade 공개 API,2026-09-30
2024-01,수입시장,수입액,미국|3304|620|포르투갈,312831,USD,UN Comtrade 공개 API,2026-09-30
2024-01,수입시장,수입액,미국|3304|604|페루,2407,USD,UN Comtrade 공개 API,2026-09-30
2024-01,수입시장,수입액,미국|3304|710|남아공,2291691,USD,UN Comtrade 공개 API,2026-09-30
2024-01,수입시장,수입액,미국|3304|372|아일랜드,2478867,USD,UN Comtrade 공개 API,2026-09-30
2024-01,수입시장,수입액,미국|3304|170|콜롬비아,1549561,USD,UN Comtrade 공개 API,2026-09-30
2024-01,수입시장,수입액,미국|3304|208|덴마크,27516,USD,UN Comtrade 공개 API,2026-09-30
2024-01,수입시장,수입액,미국|3304|203|체코,1539097,USD,UN Comtrade 공개 API,2026-09-30
2024-01,수입시장,수입액,미국|3304|360|인도네시아,117653,USD,UN Comtrade 공개 API,2026-09-30
2024-01,수입시장,수입액,미국|3304|458|말레이시아,466128,USD,UN Comtrade 공개 API,2026-09-30
2024-01,수입시장,수입액,미국|3304|376|이스라엘,2794444,USD,UN Comtrade 공개 API,2026-09-30
2024-01,수입시장,수입액,미국|3304|752|스웨덴,8599190,USD,UN Comtrade 공개 API,2026-09-30
2024-01,수입시장,수입액,미국|3304|36|호주,3122650,USD,UN Comtrade 공개 API,2026-09-30
2024-01,수입시장,수입액,미국|3304|40|오스트리아,31312,USD,UN Comtrade 공개 API,2026-09-30
2024-01,수입시장,수입액,미국|3304|757|스위스,6394609,USD,UN Comtrade 공개 API,2026-09-30
2024-01,수입시장,수입액,미국|3304|616|폴란드,2318291,USD,UN Comtrade 공개 API,2026-09-30
2024-01,수입시장,수입액,미국|3304|764|태국,2987800,USD,UN Comtrade 공개 API,2026-09-30
2024-01,수입시장,수입액,미국|3304|704|베트남,1077323,USD,UN Comtrade 공개 API,2026-09-30
2024-01,수입시장,수입액,미국|3304|56|벨기에,3413882,USD,UN Comtrade 공개 API,2026-09-30
2024-01,수입시장,수입액,미국|3304|792|튀르키예,2320194,USD,UN Comtrade 공개 API,2026-09-30
2024-01,수입시장,수입액,미국|3304|76|브라질,2568625,USD,UN Comtrade 공개 API,2026-09-30
2024-01,수입시장,수입액,미국|3304|528|네덜란드,333416,USD,UN Comtrade 공개 API,2026-09-30
2024-01,수입시장,수입액,미국|3304|490|대만,11822522,USD,UN Comtrade 공개 API,2026-09-30
2024-01,수입시장,수입액,미국|3304|724|스페인,7818562,USD,UN Comtrade 공개 API,2026-09-30
2024-01,수입시장,수입액,미국|3304|826|영국,17025981,USD,UN Comtrade 공개 API,2026-09-30
2024-01,수입시장,수입액,미국|3304|410|한국,120052620,USD,UN Comtrade 공개 API,2026-09-30
2024-01,수입시장,수입액,미국|3304|251|프랑스,105625852,USD,UN Comtrade 공개 API,2026-09-30
2024-01,수입시장,수입액,미국|3304|392|일본,14952031,USD,UN Comtrade 공개 API,2026-09-30
2024-01,수입시장,수입액,미국|3304|380|이탈리아,66101815,USD,UN Comtrade 공개 API,2026-09-30
2024-01,수입시장,수입액,미국|3304|276|독일,12630080,USD,UN Comtrade 공개 API,2026-09-30
2024-01,수입시장,수입액,미국|3304|699|인도,11599257,USD,UN Comtrade 공개 API,2026-09-30
2024-01,수입시장,수입액,미국|3304|156|중국,54340093,USD,UN Comtrade 공개 API,2026-09-30
2024-01,수입시장,수입액,미국|3304|484|멕시코,22761931,USD,UN Comtrade 공개 API,2026-09-30
2024-01,수입시장,수입액,미국|3304|124|캐나다,74539679,USD,UN Comtrade 공개 API,2026-09-30
2024-01,수입시장,수입액,미국|3304|0|전체,574402126,USD,UN Comtrade 공개 API,2026-09-30
2024-01,수입시장,수입액,미국|300249|0|전체,100281952,USD,UN Comtrade 공개 API,2026-09-30
2024-01,수입시장,수입액,미국|300249|56|벨기에,56002,USD,UN Comtrade 공개 API,2026-09-30
2024-01,수입시장,수입액,미국|300249|757|스위스,360638,USD,UN Comtrade 공개 API,2026-09-30
2024-01,수입시장,수입액,미국|300249|752|스웨덴,80702983,USD,UN Comtrade 공개 API,2026-09-30
2024-01,수입시장,수입액,미국|300249|36|호주,66759,USD,UN Comtrade 공개 API,2026-09-30
2024-01,수입시장,수입액,미국|300249|376|이스라엘,16203,USD,UN Comtrade 공개 API,2026-09-30
2024-01,수입시장,수입액,미국|300249|208|덴마크,2081830,USD,UN Comtrade 공개 API,2026-09-30
2024-01,수입시장,수입액,미국|300249|372|아일랜드,2000971,USD,UN Comtrade 공개 API,2026-09-30
2024-01,수입시장,수입액,미국|300249|702|싱가포르,139604,USD,UN Comtrade 공개 API,2026-09-30
2024-01,수입시장,수입액,미국|300249|858|858,220491,USD,UN Comtrade 공개 API,2026-09-30
2024-01,수입시장,수입액,미국|300249|528|네덜란드,217856,USD,UN Comtrade 공개 API,2026-09-30
2024-01,수입시장,수입액,미국|300249|826|영국,1104840,USD,UN Comtrade 공개 API,2026-09-30
2024-01,수입시장,수입액,미국|300249|410|한국,2720002,USD,UN Comtrade 공개 API,2026-09-30
2024-01,수입시장,수입액,미국|300249|251|프랑스,1048891,USD,UN Comtrade 공개 API,2026-09-30
2024-01,수입시장,수입액,미국|300249|380|이탈리아,1401857,USD,UN Comtrade 공개 API,2026-09-30
2024-01,수입시장,수입액,미국|300249|392|일본,269180,USD,UN Comtrade 공개 API,2026-09-30
2024-01,수입시장,수입액,미국|300249|699|인도,655130,USD,UN Comtrade 공개 API,2026-09-30
2024-01,수입시장,수입액,미국|300249|276|독일,5498136,USD,UN Comtrade 공개 API,2026-09-30
2024-01,수입시장,수입액,미국|300249|484|멕시코,72995,USD,UN Comtrade 공개 API,2026-09-30
2024-01,수입시장,수입액,미국|300249|124|캐나다,934977,USD,UN Comtrade 공개 API,2026-09-30
2024-01,수입시장,수입액,미국|300249|156|중국,707463,USD,UN Comtrade 공개 API,2026-09-30
2024-01,수입시장,수입액,미국|300249|246|핀란드,2382,USD,UN Comtrade 공개 API,2026-09-30
2024-01,수입시장,수입액,미국|300249|40|오스트리아,2762,USD,UN Comtrade 공개 API,2026-09-30
2024-02,수입시장,수입액,미국|3304|144|스리랑카,166317,USD,UN Comtrade 공개 API,2026-09-30
2024-02,수입시장,수입액,미국|3304|120|120,5161,USD,UN Comtrade 공개 API,2026-09-30
2024-02,수입시장,수입액,미국|3304|116|캄보디아,618462,USD,UN Comtrade 공개 API,2026-09-30
2024-02,수입시장,수입액,미국|3304|50|방글라데시,37487,USD,UN Comtrade 공개 API,2026-09-30
2024-02,수입시장,수입액,미국|3304|784|UAE,676298,USD,UN Comtrade 공개 API,2026-09-30
2024-02,수입시장,수입액,미국|3304|643|러시아,7205,USD,UN Comtrade 공개 API,2026-09-30
2024-02,수입시장,수입액,미국|3304|400|요르단,10971,USD,UN Comtrade 공개 API,2026-09-30
2024-02,수입시장,수입액,미국|3304|404|404,66479,USD,UN Comtrade 공개 API,2026-09-30
2024-02,수입시장,수입액,미국|3304|384|384,42273,USD,UN Comtrade 공개 API,2026-09-30
2024-02,수입시장,수입액,미국|3304|320|320,20621,USD,UN Comtrade 공개 API,2026-09-30
2024-02,수입시장,수입액,미국|3304|807|807,8093,USD,UN Comtrade 공개 API,2026-09-30
2024-02,수입시장,수입액,미국|3304|608|필리핀,91072,USD,UN Comtrade 공개 API,2026-09-30
2024-02,수입시장,수입액,미국|3304|231|231,7039,USD,UN Comtrade 공개 API,2026-09-30
2024-02,수입시장,수입액,미국|3304|233|에스토니아,13596,USD,UN Comtrade 공개 API,2026-09-30
2024-02,수입시장,수입액,미국|3304|804|우크라이나,37253,USD,UN Comtrade 공개 API,2026-09-30
2024-02,수입시장,수입액,미국|3304|586|파키스탄,42090,USD,UN Comtrade 공개 API,2026-09-30
2024-02,수입시장,수입액,미국|3304|533|533,173973,USD,UN Comtrade 공개 API,2026-09-30
2024-02,수입시장,수입액,미국|3304|288|288,103130,USD,UN Comtrade 공개 API,2026-09-30
2024-02,수입시장,수입액,미국|3304|218|218,4254,USD,UN Comtrade 공개 API,2026-09-30
2024-02,수입시장,수입액,미국|3304|100|불가리아,88517,USD,UN Comtrade 공개 API,2026-09-30
2024-02,수입시장,수입액,미국|3304|566|나이지리아,5400,USD,UN Comtrade 공개 API,2026-09-30
2024-02,수입시장,수입액,미국|3304|705|슬로베니아,41872,USD,UN Comtrade 공개 API,2026-09-30
2024-02,수입시장,수입액,미국|3304|352|352,28223,USD,UN Comtrade 공개 API,2026-09-30
2024-02,수입시장,수입액,미국|3304|344|홍콩,205485,USD,UN Comtrade 공개 API,2026-09-30
2024-02,수입시장,수입액,미국|3304|442|룩셈부르크,2401586,USD,UN Comtrade 공개 API,2026-09-30
2024-02,수입시장,수입액,미국|3304|428|라트비아,13330,USD,UN Comtrade 공개 API,2026-09-30
2024-02,수입시장,수입액,미국|3304|504|504,22152,USD,UN Comtrade 공개 API,2026-09-30
2024-02,수입시장,수입액,미국|3304|440|리투아니아,171885,USD,UN Comtrade 공개 API,2026-09-30
2024-02,수입시장,수입액,미국|3304|642|루마니아,10631,USD,UN Comtrade 공개 API,2026-09-30
2024-02,수입시장,수입액,미국|3304|300|그리스,800535,USD,UN Comtrade 공개 API,2026-09-30
2024-02,수입시장,수입액,미국|3304|554|뉴질랜드,473178,USD,UN Comtrade 공개 API,2026-09-30
2024-02,수입시장,수입액,미국|3304|702|싱가포르,162511,USD,UN Comtrade 공개 API,2026-09-30
2024-02,수입시장,수입액,미국|3304|32|아르헨티나,49029,USD,UN Comtrade 공개 API,2026-09-30
2024-02,수입시장,수입액,미국|3304|604|페루,2329,USD,UN Comtrade 공개 API,2026-09-30
2024-02,수입시장,수입액,미국|3304|246|핀란드,3386,USD,UN Comtrade 공개 API,2026-09-30
2024-02,수입시장,수입액,미국|3304|214|214,238729,USD,UN Comtrade 공개 API,2026-09-30
2024-02,수입시장,수입액,미국|3304|348|헝가리,4407555,USD,UN Comtrade 공개 API,2026-09-30
2024-02,수입시장,수입액,미국|3304|620|포르투갈,223440,USD,UN Comtrade 공개 API,2026-09-30
2024-02,수입시장,수입액,미국|3304|203|체코,1073872,USD,UN Comtrade 공개 API,2026-09-30
2024-02,수입시장,수입액,미국|3304|372|아일랜드,2796748,USD,UN Comtrade 공개 API,2026-09-30
2024-02,수입시장,수입액,미국|3304|710|남아공,2035413,USD,UN Comtrade 공개 API,2026-09-30
2024-02,수입시장,수입액,미국|3304|170|콜롬비아,2474794,USD,UN Comtrade 공개 API,2026-09-30
2024-02,수입시장,수입액,미국|3304|360|인도네시아,225726,USD,UN Comtrade 공개 API,2026-09-30
2024-02,수입시장,수입액,미국|3304|208|덴마크,10538,USD,UN Comtrade 공개 API,2026-09-30
2024-02,수입시장,수입액,미국|3304|752|스웨덴,3107542,USD,UN Comtrade 공개 API,2026-09-30
2024-02,수입시장,수입액,미국|3304|458|말레이시아,411638,USD,UN Comtrade 공개 API,2026-09-30
2024-02,수입시장,수입액,미국|3304|36|호주,3494929,USD,UN Comtrade 공개 API,2026-09-30
2024-02,수입시장,수입액,미국|3304|376|이스라엘,2836827,USD,UN Comtrade 공개 API,2026-09-30
2024-02,수입시장,수입액,미국|3304|40|오스트리아,50840,USD,UN Comtrade 공개 API,2026-09-30
2024-02,수입시장,수입액,미국|3304|616|폴란드,2958084,USD,UN Comtrade 공개 API,2026-09-30
2024-02,수입시장,수입액,미국|3304|757|스위스,9049147,USD,UN Comtrade 공개 API,2026-09-30
2024-02,수입시장,수입액,미국|3304|704|베트남,880026,USD,UN Comtrade 공개 API,2026-09-30
2024-02,수입시장,수입액,미국|3304|764|태국,1386992,USD,UN Comtrade 공개 API,2026-09-30
2024-02,수입시장,수입액,미국|3304|56|벨기에,6572999,USD,UN Comtrade 공개 API,2026-09-30
2024-02,수입시장,수입액,미국|3304|792|튀르키예,1531445,USD,UN Comtrade 공개 API,2026-09-30
2024-02,수입시장,수입액,미국|3304|528|네덜란드,1115616,USD,UN Comtrade 공개 API,2026-09-30
2024-02,수입시장,수입액,미국|3304|76|브라질,807166,USD,UN Comtrade 공개 API,2026-09-30
2024-02,수입시장,수입액,미국|3304|490|대만,9977482,USD,UN Comtrade 공개 API,2026-09-30
2024-02,수입시장,수입액,미국|3304|410|한국,99469667,USD,UN Comtrade 공개 API,2026-09-30
2024-02,수입시장,수입액,미국|3304|724|스페인,7401304,USD,UN Comtrade 공개 API,2026-09-30
2024-02,수입시장,수입액,미국|3304|826|영국,20857866,USD,UN Comtrade 공개 API,2026-09-30
2024-02,수입시장,수입액,미국|3304|251|프랑스,114876515,USD,UN Comtrade 공개 API,2026-09-30
2024-02,수입시장,수입액,미국|3304|392|일본,11761008,USD,UN Comtrade 공개 API,2026-09-30
2024-02,수입시장,수입액,미국|3304|380|이탈리아,80159231,USD,UN Comtrade 공개 API,2026-09-30
2024-02,수입시장,수입액,미국|3304|276|독일,15355156,USD,UN Comtrade 공개 API,2026-09-30
2024-02,수입시장,수입액,미국|3304|699|인도,6251729,USD,UN Comtrade 공개 API,2026-09-30
2024-02,수입시장,수입액,미국|3304|156|중국,46041486,USD,UN Comtrade 공개 API,2026-09-30
2024-02,수입시장,수입액,미국|3304|484|멕시코,21572610,USD,UN Comtrade 공개 API,2026-09-30
2024-02,수입시장,수입액,미국|3304|124|캐나다,81803243,USD,UN Comtrade 공개 API,2026-09-30
2024-02,수입시장,수입액,미국|3304|0|전체,569829186,USD,UN Comtrade 공개 API,2026-09-30
2024-02,수입시장,수입액,미국|300249|0|전체,100485122,USD,UN Comtrade 공개 API,2026-09-30
2024-02,수입시장,수입액,미국|300249|757|스위스,3039852,USD,UN Comtrade 공개 API,2026-09-30
2024-02,수입시장,수입액,미국|300249|40|오스트리아,2651651,USD,UN Comtrade 공개 API,2026-09-30
2024-02,수입시장,수입액,미국|300249|752|스웨덴,78674030,USD,UN Comtrade 공개 API,2026-09-30
2024-02,수입시장,수입액,미국|300249|376|이스라엘,393928,USD,UN Comtrade 공개 API,2026-09-30
2024-02,수입시장,수입액,미국|300249|36|호주,134036,USD,UN Comtrade 공개 API,2026-09-30
2024-02,수입시장,수입액,미국|300249|208|덴마크,1930854,USD,UN Comtrade 공개 API,2026-09-30
2024-02,수입시장,수입액,미국|300249|246|핀란드,3259,USD,UN Comtrade 공개 API,2026-09-30
2024-02,수입시장,수입액,미국|300249|372|아일랜드,447918,USD,UN Comtrade 공개 API,2026-09-30
2024-02,수입시장,수입액,미국|300249|858|858,150728,USD,UN Comtrade 공개 API,2026-09-30
2024-02,수입시장,수입액,미국|300249|528|네덜란드,395615,USD,UN Comtrade 공개 API,2026-09-30
2024-02,수입시장,수입액,미국|300249|410|한국,2756343,USD,UN Comtrade 공개 API,2026-09-30
2024-02,수입시장,수입액,미국|300249|251|프랑스,1581027,USD,UN Comtrade 공개 API,2026-09-30
2024-02,수입시장,수입액,미국|300249|826|영국,1498748,USD,UN Comtrade 공개 API,2026-09-30
2024-02,수입시장,수입액,미국|300249|56|벨기에,4953,USD,UN Comtrade 공개 API,2026-09-30
2024-02,수입시장,수입액,미국|300249|380|이탈리아,968700,USD,UN Comtrade 공개 API,2026-09-30
2024-02,수입시장,수입액,미국|300249|392|일본,240810,USD,UN Comtrade 공개 API,2026-09-30
2024-02,수입시장,수입액,미국|300249|699|인도,409218,USD,UN Comtrade 공개 API,2026-09-30
2024-02,수입시장,수입액,미국|300249|276|독일,1842627,USD,UN Comtrade 공개 API,2026-09-30
2024-02,수입시장,수입액,미국|300249|484|멕시코,72081,USD,UN Comtrade 공개 API,2026-09-30
2024-02,수입시장,수입액,미국|300249|124|캐나다,2505397,USD,UN Comtrade 공개 API,2026-09-30
2024-02,수입시장,수입액,미국|300249|156|중국,742197,USD,UN Comtrade 공개 API,2026-09-30
2024-02,수입시장,수입액,미국|300249|705|슬로베니아,19625,USD,UN Comtrade 공개 API,2026-09-30
2024-02,수입시장,수입액,미국|300249|702|싱가포르,21525,USD,UN Comtrade 공개 API,2026-09-30
2024-03,수입시장,수입액,미국|3304|887|887,3601,USD,UN Comtrade 공개 API,2026-09-30
2024-03,수입시장,수입액,미국|3304|826|영국,21938827,USD,UN Comtrade 공개 API,2026-09-30
2024-03,수입시장,수입액,미국|3304|800|800,4501,USD,UN Comtrade 공개 API,2026-09-30
2024-03,수입시장,수입액,미국|3304|804|우크라이나,34174,USD,UN Comtrade 공개 API,2026-09-30
2024-03,수입시장,수입액,미국|3304|792|튀르키예,2532962,USD,UN Comtrade 공개 API,2026-09-30
2024-03,수입시장,수입액,미국|3304|780|780,49565,USD,UN Comtrade 공개 API,2026-09-30
2024-03,수입시장,수입액,미국|3304|784|UAE,407205,USD,UN Comtrade 공개 API,2026-09-30
2024-03,수입시장,수입액,미국|3304|764|태국,2831844,USD,UN Comtrade 공개 API,2026-09-30
2024-03,수입시장,수입액,미국|3304|757|스위스,12040942,USD,UN Comtrade 공개 API,2026-09-30
2024-03,수입시장,수입액,미국|3304|752|스웨덴,19129821,USD,UN Comtrade 공개 API,2026-09-30
2024-03,수입시장,수입액,미국|3304|705|슬로베니아,18325,USD,UN Comtrade 공개 API,2026-09-30
2024-03,수입시장,수입액,미국|3304|688|세르비아,22499,USD,UN Comtrade 공개 API,2026-09-30
2024-03,수입시장,수입액,미국|3304|642|루마니아,8752,USD,UN Comtrade 공개 API,2026-09-30
2024-03,수입시장,수입액,미국|3304|620|포르투갈,9675,USD,UN Comtrade 공개 API,2026-09-30
2024-03,수입시장,수입액,미국|3304|608|필리핀,46353,USD,UN Comtrade 공개 API,2026-09-30
2024-03,수입시장,수입액,미국|3304|616|폴란드,2318376,USD,UN Comtrade 공개 API,2026-09-30
2024-03,수입시장,수입액,미국|3304|591|591,10239,USD,UN Comtrade 공개 API,2026-09-30
2024-03,수입시장,수입액,미국|3304|566|나이지리아,4890,USD,UN Comtrade 공개 API,2026-09-30
2024-03,수입시장,수입액,미국|3304|586|파키스탄,86099,USD,UN Comtrade 공개 API,2026-09-30
2024-03,수입시장,수입액,미국|3304|533|533,19473,USD,UN Comtrade 공개 API,2026-09-30
2024-03,수입시장,수입액,미국|3304|554|뉴질랜드,1284430,USD,UN Comtrade 공개 API,2026-09-30
2024-03,수입시장,수입액,미국|3304|528|네덜란드,588180,USD,UN Comtrade 공개 API,2026-09-30
2024-03,수입시장,수입액,미국|3304|490|대만,11952264,USD,UN Comtrade 공개 API,2026-09-30
2024-03,수입시장,수입액,미국|3304|484|멕시코,26291738,USD,UN Comtrade 공개 API,2026-09-30
2024-03,수입시장,수입액,미국|3304|442|룩셈부르크,860787,USD,UN Comtrade 공개 API,2026-09-30
2024-03,수입시장,수입액,미국|3304|458|말레이시아,314448,USD,UN Comtrade 공개 API,2026-09-30
2024-03,수입시장,수입액,미국|3304|410|한국,130488830,USD,UN Comtrade 공개 API,2026-09-30
2024-03,수입시장,수입액,미국|3304|392|일본,20465982,USD,UN Comtrade 공개 API,2026-09-30
2024-03,수입시장,수입액,미국|3304|384|384,56254,USD,UN Comtrade 공개 API,2026-09-30
2024-03,수입시장,수입액,미국|3304|203|체코,1233760,USD,UN Comtrade 공개 API,2026-09-30
2024-03,수입시장,수입액,미국|3304|380|이탈리아,66285352,USD,UN Comtrade 공개 API,2026-09-30
2024-03,수입시장,수입액,미국|3304|376|이스라엘,2994662,USD,UN Comtrade 공개 API,2026-09-30
2024-03,수입시장,수입액,미국|3304|372|아일랜드,4533156,USD,UN Comtrade 공개 API,2026-09-30
2024-03,수입시장,수입액,미국|3304|352|352,90468,USD,UN Comtrade 공개 API,2026-09-30
2024-03,수입시장,수입액,미국|3304|360|인도네시아,143074,USD,UN Comtrade 공개 API,2026-09-30
2024-03,수입시장,수입액,미국|3304|344|홍콩,250182,USD,UN Comtrade 공개 API,2026-09-30
2024-03,수입시장,수입액,미국|3304|348|헝가리,4344544,USD,UN Comtrade 공개 API,2026-09-30
2024-03,수입시장,수입액,미국|3304|300|그리스,1585028,USD,UN Comtrade 공개 API,2026-09-30
2024-03,수입시장,수입액,미국|3304|320|320,25398,USD,UN Comtrade 공개 API,2026-09-30
2024-03,수입시장,수입액,미국|3304|288|288,153534,USD,UN Comtrade 공개 API,2026-09-30
2024-03,수입시장,수입액,미국|3304|276|독일,19392225,USD,UN Comtrade 공개 API,2026-09-30
2024-03,수입시장,수입액,미국|3304|258|258,18658,USD,UN Comtrade 공개 API,2026-09-30
2024-03,수입시장,수입액,미국|3304|251|프랑스,130989517,USD,UN Comtrade 공개 API,2026-09-30
2024-03,수입시장,수입액,미국|3304|242|242,143305,USD,UN Comtrade 공개 API,2026-09-30
2024-03,수입시장,수입액,미국|3304|246|핀란드,49032,USD,UN Comtrade 공개 API,2026-09-30
2024-03,수입시장,수입액,미국|3304|214|214,101368,USD,UN Comtrade 공개 API,2026-09-30
2024-03,수입시장,수입액,미국|3304|208|덴마크,56670,USD,UN Comtrade 공개 API,2026-09-30
2024-03,수입시장,수입액,미국|3304|170|콜롬비아,2493280,USD,UN Comtrade 공개 API,2026-09-30
2024-03,수입시장,수입액,미국|3304|156|중국,37662183,USD,UN Comtrade 공개 API,2026-09-30
2024-03,수입시장,수입액,미국|3304|144|스리랑카,92699,USD,UN Comtrade 공개 API,2026-09-30
2024-03,수입시장,수입액,미국|3304|124|캐나다,89530953,USD,UN Comtrade 공개 API,2026-09-30
2024-03,수입시장,수입액,미국|3304|116|캄보디아,600903,USD,UN Comtrade 공개 API,2026-09-30
2024-03,수입시장,수입액,미국|3304|120|120,3421,USD,UN Comtrade 공개 API,2026-09-30
2024-03,수입시장,수입액,미국|3304|100|불가리아,227401,USD,UN Comtrade 공개 API,2026-09-30
2024-03,수입시장,수입액,미국|3304|76|브라질,191930,USD,UN Comtrade 공개 API,2026-09-30
2024-03,수입시장,수입액,미국|3304|50|방글라데시,34134,USD,UN Comtrade 공개 API,2026-09-30
2024-03,수입시장,수입액,미국|3304|440|리투아니아,495800,USD,UN Comtrade 공개 API,2026-09-30
2024-03,수입시장,수입액,미국|3304|36|호주,2927082,USD,UN Comtrade 공개 API,2026-09-30
2024-03,수입시장,수입액,미국|3304|504|504,74453,USD,UN Comtrade 공개 API,2026-09-30
2024-03,수입시장,수입액,미국|3304|218|218,14417,USD,UN Comtrade 공개 API,2026-09-30
2024-03,수입시장,수입액,미국|3304|222|222,2546,USD,UN Comtrade 공개 API,2026-09-30
2024-03,수입시장,수입액,미국|3304|233|에스토니아,6409,USD,UN Comtrade 공개 API,2026-09-30
2024-03,수입시장,수입액,미국|3304|710|남아공,1901644,USD,UN Comtrade 공개 API,2026-09-30
2024-03,수입시장,수입액,미국|3304|724|스페인,6306477,USD,UN Comtrade 공개 API,2026-09-30
2024-03,수입시장,수입액,미국|3304|56|벨기에,6418081,USD,UN Comtrade 공개 API,2026-09-30
2024-03,수입시장,수입액,미국|3304|40|오스트리아,156840,USD,UN Comtrade 공개 API,2026-09-30
2024-03,수입시장,수입액,미국|3304|704|베트남,545478,USD,UN Comtrade 공개 API,2026-09-30
2024-03,수입시장,수입액,미국|3304|702|싱가포르,121546,USD,UN Comtrade 공개 API,2026-09-30
2024-03,수입시장,수입액,미국|3304|32|아르헨티나,410220,USD,UN Comtrade 공개 API,2026-09-30
2024-03,수입시장,수입액,미국|3304|699|인도,7355725,USD,UN Comtrade 공개 API,2026-09-30
2024-03,수입시장,수입액,미국|3304|51|아르메니아,3202,USD,UN Comtrade 공개 API,2026-09-30
2024-03,수입시장,수입액,미국|3304|0|전체,643787793,USD,UN Comtrade 공개 API,2026-09-30
2024-03,수입시장,수입액,미국|300249|0|전체,117009984,USD,UN Comtrade 공개 API,2026-09-30
2024-03,수입시장,수입액,미국|300249|56|벨기에,24268,USD,UN Comtrade 공개 API,2026-09-30
2024-03,수입시장,수입액,미국|300249|76|브라질,7468,USD,UN Comtrade 공개 API,2026-09-30
2024-03,수입시장,수입액,미국|300249|757|스위스,5568458,USD,UN Comtrade 공개 API,2026-09-30
2024-03,수입시장,수입액,미국|300249|40|오스트리아,797115,USD,UN Comtrade 공개 API,2026-09-30
2024-03,수입시장,수입액,미국|300249|752|스웨덴,83578455,USD,UN Comtrade 공개 API,2026-09-30
2024-03,수입시장,수입액,미국|300249|36|호주,24519,USD,UN Comtrade 공개 API,2026-09-30
2024-03,수입시장,수입액,미국|300249|208|덴마크,4037650,USD,UN Comtrade 공개 API,2026-09-30
2024-03,수입시장,수입액,미국|300249|372|아일랜드,5133,USD,UN Comtrade 공개 API,2026-09-30
2024-03,수입시장,수입액,미국|300249|246|핀란드,11850,USD,UN Comtrade 공개 API,2026-09-30
2024-03,수입시장,수입액,미국|300249|554|뉴질랜드,49146,USD,UN Comtrade 공개 API,2026-09-30
2024-03,수입시장,수입액,미국|300249|710|남아공,4928,USD,UN Comtrade 공개 API,2026-09-30
2024-03,수입시장,수입액,미국|300249|233|에스토니아,159324,USD,UN Comtrade 공개 API,2026-09-30
2024-03,수입시장,수입액,미국|300249|528|네덜란드,189022,USD,UN Comtrade 공개 API,2026-09-30
2024-03,수입시장,수입액,미국|300249|251|프랑스,1391592,USD,UN Comtrade 공개 API,2026-09-30
2024-03,수입시장,수입액,미국|300249|410|한국,10988976,USD,UN Comtrade 공개 API,2026-09-30
2024-03,수입시장,수입액,미국|300249|826|영국,1750555,USD,UN Comtrade 공개 API,2026-09-30
2024-03,수입시장,수입액,미국|300249|380|이탈리아,1898747,USD,UN Comtrade 공개 API,2026-09-30
2024-03,수입시장,수입액,미국|300249|392|일본,5465,USD,UN Comtrade 공개 API,2026-09-30
2024-03,수입시장,수입액,미국|300249|699|인도,1008539,USD,UN Comtrade 공개 API,2026-09-30
2024-03,수입시장,수입액,미국|300249|484|멕시코,72379,USD,UN Comtrade 공개 API,2026-09-30
2024-03,수입시장,수입액,미국|300249|276|독일,2830036,USD,UN Comtrade 공개 API,2026-09-30
2024-03,수입시장,수입액,미국|300249|124|캐나다,1761593,USD,UN Comtrade 공개 API,2026-09-30
2024-03,수입시장,수입액,미국|300249|156|중국,844766,USD,UN Comtrade 공개 API,2026-09-30
2024-04,수입시장,수입액,미국|3304|591|591,13992,USD,UN Comtrade 공개 API,2026-09-30
2024-04,수입시장,수입액,미국|3304|566|나이지리아,219756,USD,UN Comtrade 공개 API,2026-09-30
2024-04,수입시장,수입액,미국|3304|586|파키스탄,43375,USD,UN Comtrade 공개 API,2026-09-30
2024-04,수입시장,수입액,미국|3304|533|533,39043,USD,UN Comtrade 공개 API,2026-09-30
2024-04,수입시장,수입액,미국|3304|504|504,43305,USD,UN Comtrade 공개 API,2026-09-30
2024-04,수입시장,수입액,미국|3304|516|516,5554,USD,UN Comtrade 공개 API,2026-09-30
2024-04,수입시장,수입액,미국|3304|417|키르기스스탄,14135,USD,UN Comtrade 공개 API,2026-09-30
2024-04,수입시장,수입액,미국|3304|400|요르단,11312,USD,UN Comtrade 공개 API,2026-09-30
2024-04,수입시장,수입액,미국|3304|384|384,49352,USD,UN Comtrade 공개 API,2026-09-30
2024-04,수입시장,수입액,미국|3304|388|388,40570,USD,UN Comtrade 공개 API,2026-09-30
2024-04,수입시장,수입액,미국|3304|352|352,129642,USD,UN Comtrade 공개 API,2026-09-30
2024-04,수입시장,수입액,미국|3304|320|320,25219,USD,UN Comtrade 공개 API,2026-09-30
2024-04,수입시장,수입액,미국|3304|288|288,260601,USD,UN Comtrade 공개 API,2026-09-30
2024-04,수입시장,수입액,미국|3304|300|그리스,1884999,USD,UN Comtrade 공개 API,2026-09-30
2024-04,수입시장,수입액,미국|3304|258|258,3281,USD,UN Comtrade 공개 API,2026-09-30
2024-04,수입시장,수입액,미국|3304|268|조지아,5468,USD,UN Comtrade 공개 API,2026-09-30
2024-04,수입시장,수입액,미국|3304|270|270,17481,USD,UN Comtrade 공개 API,2026-09-30
2024-04,수입시장,수입액,미국|3304|218|218,15327,USD,UN Comtrade 공개 API,2026-09-30
2024-04,수입시장,수입액,미국|3304|144|스리랑카,115640,USD,UN Comtrade 공개 API,2026-09-30
2024-04,수입시장,수입액,미국|3304|100|불가리아,119636,USD,UN Comtrade 공개 API,2026-09-30
2024-04,수입시장,수입액,미국|3304|116|캄보디아,402173,USD,UN Comtrade 공개 API,2026-09-30
2024-04,수입시장,수입액,미국|3304|50|방글라데시,29296,USD,UN Comtrade 공개 API,2026-09-30
2024-04,수입시장,수입액,미국|3304|804|우크라이나,33043,USD,UN Comtrade 공개 API,2026-09-30
2024-04,수입시장,수입액,미국|3304|807|807,5041,USD,UN Comtrade 공개 API,2026-09-30
2024-04,수입시장,수입액,미국|3304|784|UAE,896865,USD,UN Comtrade 공개 API,2026-09-30
2024-04,수입시장,수입액,미국|3304|705|슬로베니아,372654,USD,UN Comtrade 공개 API,2026-09-30
2024-04,수입시장,수입액,미국|3304|643|러시아,16575,USD,UN Comtrade 공개 API,2026-09-30
2024-04,수입시장,수입액,미국|3304|688|세르비아,38537,USD,UN Comtrade 공개 API,2026-09-30
2024-04,수입시장,수입액,미국|3304|428|라트비아,4513,USD,UN Comtrade 공개 API,2026-09-30
2024-04,수입시장,수입액,미국|3304|440|리투아니아,389055,USD,UN Comtrade 공개 API,2026-09-30
2024-04,수입시장,수입액,미국|3304|442|룩셈부르크,749390,USD,UN Comtrade 공개 API,2026-09-30
2024-04,수입시장,수입액,미국|3304|152|칠레,187567,USD,UN Comtrade 공개 API,2026-09-30
2024-04,수입시장,수입액,미국|3304|702|싱가포르,444328,USD,UN Comtrade 공개 API,2026-09-30
2024-04,수입시장,수입액,미국|3304|554|뉴질랜드,1045064,USD,UN Comtrade 공개 API,2026-09-30
2024-04,수입시장,수입액,미국|3304|344|홍콩,214800,USD,UN Comtrade 공개 API,2026-09-30
2024-04,수입시장,수입액,미국|3304|608|필리핀,54266,USD,UN Comtrade 공개 API,2026-09-30
2024-04,수입시장,수입액,미국|3304|348|헝가리,4335226,USD,UN Comtrade 공개 API,2026-09-30
2024-04,수입시장,수입액,미국|3304|214|214,369616,USD,UN Comtrade 공개 API,2026-09-30
2024-04,수입시장,수입액,미국|3304|32|아르헨티나,272331,USD,UN Comtrade 공개 API,2026-09-30
2024-04,수입시장,수입액,미국|3304|246|핀란드,42940,USD,UN Comtrade 공개 API,2026-09-30
2024-04,수입시장,수입액,미국|3304|372|아일랜드,2819139,USD,UN Comtrade 공개 API,2026-09-30
2024-04,수입시장,수입액,미국|3304|620|포르투갈,166146,USD,UN Comtrade 공개 API,2026-09-30
2024-04,수입시장,수입액,미국|3304|170|콜롬비아,2458022,USD,UN Comtrade 공개 API,2026-09-30
2024-04,수입시장,수입액,미국|3304|710|남아공,3574364,USD,UN Comtrade 공개 API,2026-09-30
2024-04,수입시장,수입액,미국|3304|203|체코,1282735,USD,UN Comtrade 공개 API,2026-09-30
2024-04,수입시장,수입액,미국|3304|208|덴마크,79017,USD,UN Comtrade 공개 API,2026-09-30
2024-04,수입시장,수입액,미국|3304|360|인도네시아,376847,USD,UN Comtrade 공개 API,2026-09-30
2024-04,수입시장,수입액,미국|3304|752|스웨덴,12538437,USD,UN Comtrade 공개 API,2026-09-30
2024-04,수입시장,수입액,미국|3304|458|말레이시아,384492,USD,UN Comtrade 공개 API,2026-09-30
2024-04,수입시장,수입액,미국|3304|36|호주,3975038,USD,UN Comtrade 공개 API,2026-09-30
2024-04,수입시장,수입액,미국|3304|376|이스라엘,3934827,USD,UN Comtrade 공개 API,2026-09-30
2024-04,수입시장,수입액,미국|3304|40|오스트리아,426224,USD,UN Comtrade 공개 API,2026-09-30
2024-04,수입시장,수입액,미국|3304|757|스위스,9080039,USD,UN Comtrade 공개 API,2026-09-30
2024-04,수입시장,수입액,미국|3304|616|폴란드,2525655,USD,UN Comtrade 공개 API,2026-09-30
2024-04,수입시장,수입액,미국|3304|704|베트남,679698,USD,UN Comtrade 공개 API,2026-09-30
2024-04,수입시장,수입액,미국|3304|764|태국,1114914,USD,UN Comtrade 공개 API,2026-09-30
2024-04,수입시장,수입액,미국|3304|792|튀르키예,1708608,USD,UN Comtrade 공개 API,2026-09-30
2024-04,수입시장,수입액,미국|3304|56|벨기에,5524331,USD,UN Comtrade 공개 API,2026-09-30
2024-04,수입시장,수입액,미국|3304|76|브라질,297482,USD,UN Comtrade 공개 API,2026-09-30
2024-04,수입시장,수입액,미국|3304|490|대만,12182100,USD,UN Comtrade 공개 API,2026-09-30
2024-04,수입시장,수입액,미국|3304|528|네덜란드,1681267,USD,UN Comtrade 공개 API,2026-09-30
2024-04,수입시장,수입액,미국|3304|410|한국,143392584,USD,UN Comtrade 공개 API,2026-09-30
2024-04,수입시장,수입액,미국|3304|724|스페인,6506575,USD,UN Comtrade 공개 API,2026-09-30
2024-04,수입시장,수입액,미국|3304|826|영국,23968119,USD,UN Comtrade 공개 API,2026-09-30
2024-04,수입시장,수입액,미국|3304|380|이탈리아,80947641,USD,UN Comtrade 공개 API,2026-09-30
2024-04,수입시장,수입액,미국|3304|251|프랑스,116857954,USD,UN Comtrade 공개 API,2026-09-30
2024-04,수입시장,수입액,미국|3304|392|일본,17847283,USD,UN Comtrade 공개 API,2026-09-30
2024-04,수입시장,수입액,미국|3304|276|독일,20251801,USD,UN Comtrade 공개 API,2026-09-30
2024-04,수입시장,수입액,미국|3304|699|인도,10181316,USD,UN Comtrade 공개 API,2026-09-30
2024-04,수입시장,수입액,미국|3304|484|멕시코,24537745,USD,UN Comtrade 공개 API,2026-09-30
2024-04,수입시장,수입액,미국|3304|156|중국,39021803,USD,UN Comtrade 공개 API,2026-09-30
2024-04,수입시장,수입액,미국|3304|124|캐나다,82957835,USD,UN Comtrade 공개 API,2026-09-30
2024-04,수입시장,수입액,미국|3304|0|전체,646244389,USD,UN Comtrade 공개 API,2026-09-30
2024-04,수입시장,수입액,미국|3304|188|188,3383,USD,UN Comtrade 공개 API,2026-09-30
2024-04,수입시장,수입액,미국|300249|0|전체,127337996,USD,UN Comtrade 공개 API,2026-09-30
2024-04,수입시장,수입액,미국|300249|56|벨기에,2836085,USD,UN Comtrade 공개 API,2026-09-30
2024-04,수입시장,수입액,미국|300249|757|스위스,1205282,USD,UN Comtrade 공개 API,2026-09-30
2024-04,수입시장,수입액,미국|300249|40|오스트리아,213860,USD,UN Comtrade 공개 API,2026-09-30
2024-04,수입시장,수입액,미국|300249|752|스웨덴,103854945,USD,UN Comtrade 공개 API,2026-09-30
2024-04,수입시장,수입액,미국|300249|208|덴마크,2692799,USD,UN Comtrade 공개 API,2026-09-30
2024-04,수입시장,수입액,미국|300249|36|호주,87555,USD,UN Comtrade 공개 API,2026-09-30
2024-04,수입시장,수입액,미국|300249|372|아일랜드,732453,USD,UN Comtrade 공개 API,2026-09-30
2024-04,수입시장,수입액,미국|300249|246|핀란드,12461,USD,UN Comtrade 공개 API,2026-09-30
2024-04,수입시장,수입액,미국|300249|702|싱가포르,546267,USD,UN Comtrade 공개 API,2026-09-30
2024-04,수입시장,수입액,미국|300249|76|브라질,12905,USD,UN Comtrade 공개 API,2026-09-30
2024-04,수입시장,수입액,미국|300249|528|네덜란드,19107,USD,UN Comtrade 공개 API,2026-09-30
2024-04,수입시장,수입액,미국|300249|410|한국,5499608,USD,UN Comtrade 공개 API,2026-09-30
2024-04,수입시장,수입액,미국|300249|826|영국,590721,USD,UN Comtrade 공개 API,2026-09-30
2024-04,수입시장,수입액,미국|300249|251|프랑스,1272680,USD,UN Comtrade 공개 API,2026-09-30
2024-04,수입시장,수입액,미국|300249|380|이탈리아,724147,USD,UN Comtrade 공개 API,2026-09-30
2024-04,수입시장,수입액,미국|300249|392|일본,87508,USD,UN Comtrade 공개 API,2026-09-30
2024-04,수입시장,수입액,미국|300249|699|인도,1445309,USD,UN Comtrade 공개 API,2026-09-30
2024-04,수입시장,수입액,미국|300249|276|독일,2942446,USD,UN Comtrade 공개 API,2026-09-30
2024-04,수입시장,수입액,미국|300249|124|캐나다,2277310,USD,UN Comtrade 공개 API,2026-09-30
2024-04,수입시장,수입액,미국|300249|156|중국,284548,USD,UN Comtrade 공개 API,2026-09-30
2024-05,수입시장,수입액,미국|3304|218|218,19581,USD,UN Comtrade 공개 API,2026-09-30
2024-05,수입시장,수입액,미국|3304|222|222,3544,USD,UN Comtrade 공개 API,2026-09-30
2024-05,수입시장,수입액,미국|3304|188|188,7944,USD,UN Comtrade 공개 API,2026-09-30
2024-05,수입시장,수입액,미국|3304|196|키프로스,52401,USD,UN Comtrade 공개 API,2026-09-30
2024-05,수입시장,수입액,미국|3304|144|스리랑카,109744,USD,UN Comtrade 공개 API,2026-09-30
2024-05,수입시장,수입액,미국|3304|116|캄보디아,714561,USD,UN Comtrade 공개 API,2026-09-30
2024-05,수입시장,수입액,미국|3304|642|루마니아,4074,USD,UN Comtrade 공개 API,2026-09-30
2024-05,수입시장,수입액,미국|3304|566|나이지리아,60450,USD,UN Comtrade 공개 API,2026-09-30
2024-05,수입시장,수입액,미국|3304|496|몽골,2326,USD,UN Comtrade 공개 API,2026-09-30
2024-05,수입시장,수입액,미국|3304|499|499,4634,USD,UN Comtrade 공개 API,2026-09-30
2024-05,수입시장,수입액,미국|3304|504|504,28553,USD,UN Comtrade 공개 API,2026-09-30
2024-05,수입시장,수입액,미국|3304|352|352,143197,USD,UN Comtrade 공개 API,2026-09-30
2024-05,수입시장,수입액,미국|3304|300|그리스,1460353,USD,UN Comtrade 공개 API,2026-09-30
2024-05,수입시장,수입액,미국|3304|242|242,114150,USD,UN Comtrade 공개 API,2026-09-30
2024-05,수입시장,수입액,미국|3304|100|불가리아,240932,USD,UN Comtrade 공개 API,2026-09-30
2024-05,수입시장,수입액,미국|3304|50|방글라데시,38006,USD,UN Comtrade 공개 API,2026-09-30
2024-05,수입시장,수입액,미국|3304|51|아르메니아,107991,USD,UN Comtrade 공개 API,2026-09-30
2024-05,수입시장,수입액,미국|3304|768|768,9930,USD,UN Comtrade 공개 API,2026-09-30
2024-05,수입시장,수입액,미국|3304|780|780,2932,USD,UN Comtrade 공개 API,2026-09-30
2024-05,수입시장,수입액,미국|3304|705|슬로베니아,141113,USD,UN Comtrade 공개 API,2026-09-30
2024-05,수입시장,수입액,미국|3304|586|파키스탄,42263,USD,UN Comtrade 공개 API,2026-09-30
2024-05,수입시장,수입액,미국|3304|531|531,4087,USD,UN Comtrade 공개 API,2026-09-30
2024-05,수입시장,수입액,미국|3304|533|533,33624,USD,UN Comtrade 공개 API,2026-09-30
2024-05,수입시장,수입액,미국|3304|516|516,179320,USD,UN Comtrade 공개 API,2026-09-30
2024-05,수입시장,수입액,미국|3304|344|홍콩,104448,USD,UN Comtrade 공개 API,2026-09-30
2024-05,수입시장,수입액,미국|3304|834|834,3320,USD,UN Comtrade 공개 API,2026-09-30
2024-05,수입시장,수입액,미국|3304|858|858,342354,USD,UN Comtrade 공개 API,2026-09-30
2024-05,수입시장,수입액,미국|3304|422|레바논,2855,USD,UN Comtrade 공개 API,2026-09-30
2024-05,수입시장,수입액,미국|3304|440|리투아니아,559165,USD,UN Comtrade 공개 API,2026-09-30
2024-05,수입시장,수입액,미국|3304|398|카자흐스탄,8050,USD,UN Comtrade 공개 API,2026-09-30
2024-05,수입시장,수입액,미국|3304|804|우크라이나,51030,USD,UN Comtrade 공개 API,2026-09-30
2024-05,수입시장,수입액,미국|3304|384|384,23663,USD,UN Comtrade 공개 API,2026-09-30
2024-05,수입시장,수입액,미국|3304|682|사우디,35279,USD,UN Comtrade 공개 API,2026-09-30
2024-05,수입시장,수입액,미국|3304|688|세르비아,9992,USD,UN Comtrade 공개 API,2026-09-30
2024-05,수입시장,수입액,미국|3304|807|807,8120,USD,UN Comtrade 공개 API,2026-09-30
2024-05,수입시장,수입액,미국|3304|818|이집트,24094,USD,UN Comtrade 공개 API,2026-09-30
2024-05,수입시장,수입액,미국|3304|442|룩셈부르크,4096636,USD,UN Comtrade 공개 API,2026-09-30
2024-05,수입시장,수입액,미국|3304|320|320,25286,USD,UN Comtrade 공개 API,2026-09-30
2024-05,수입시장,수입액,미국|3304|288|288,112831,USD,UN Comtrade 공개 API,2026-09-30
2024-05,수입시장,수입액,미국|3304|152|칠레,3265,USD,UN Comtrade 공개 API,2026-09-30
2024-05,수입시장,수입액,미국|3304|784|UAE,1250634,USD,UN Comtrade 공개 API,2026-09-30
2024-05,수입시장,수입액,미국|3304|608|필리핀,75102,USD,UN Comtrade 공개 API,2026-09-30
2024-05,수입시장,수입액,미국|3304|702|싱가포르,869668,USD,UN Comtrade 공개 API,2026-09-30
2024-05,수입시장,수입액,미국|3304|554|뉴질랜드,992468,USD,UN Comtrade 공개 API,2026-09-30
2024-05,수입시장,수입액,미국|3304|246|핀란드,15826,USD,UN Comtrade 공개 API,2026-09-30
2024-05,수입시장,수입액,미국|3304|32|아르헨티나,233138,USD,UN Comtrade 공개 API,2026-09-30
2024-05,수입시장,수입액,미국|3304|214|214,112809,USD,UN Comtrade 공개 API,2026-09-30
2024-05,수입시장,수입액,미국|3304|348|헝가리,5003195,USD,UN Comtrade 공개 API,2026-09-30
2024-05,수입시장,수입액,미국|3304|620|포르투갈,71837,USD,UN Comtrade 공개 API,2026-09-30
2024-05,수입시장,수입액,미국|3304|604|페루,4145,USD,UN Comtrade 공개 API,2026-09-30
2024-05,수입시장,수입액,미국|3304|372|아일랜드,3582430,USD,UN Comtrade 공개 API,2026-09-30
2024-05,수입시장,수입액,미국|3304|203|체코,1342699,USD,UN Comtrade 공개 API,2026-09-30
2024-05,수입시장,수입액,미국|3304|170|콜롬비아,2718360,USD,UN Comtrade 공개 API,2026-09-30
2024-05,수입시장,수입액,미국|3304|208|덴마크,6993,USD,UN Comtrade 공개 API,2026-09-30
2024-05,수입시장,수입액,미국|3304|710|남아공,2686613,USD,UN Comtrade 공개 API,2026-09-30
2024-05,수입시장,수입액,미국|3304|376|이스라엘,3279088,USD,UN Comtrade 공개 API,2026-09-30
2024-05,수입시장,수입액,미국|3304|458|말레이시아,433524,USD,UN Comtrade 공개 API,2026-09-30
2024-05,수입시장,수입액,미국|3304|360|인도네시아,156007,USD,UN Comtrade 공개 API,2026-09-30
2024-05,수입시장,수입액,미국|3304|752|스웨덴,10767288,USD,UN Comtrade 공개 API,2026-09-30
2024-05,수입시장,수입액,미국|3304|36|호주,3279216,USD,UN Comtrade 공개 API,2026-09-30
2024-05,수입시장,수입액,미국|3304|40|오스트리아,81566,USD,UN Comtrade 공개 API,2026-09-30
2024-05,수입시장,수입액,미국|3304|757|스위스,8257490,USD,UN Comtrade 공개 API,2026-09-30
2024-05,수입시장,수입액,미국|3304|616|폴란드,2105079,USD,UN Comtrade 공개 API,2026-09-30
2024-05,수입시장,수입액,미국|3304|704|베트남,614373,USD,UN Comtrade 공개 API,2026-09-30
2024-05,수입시장,수입액,미국|3304|764|태국,2052661,USD,UN Comtrade 공개 API,2026-09-30
2024-05,수입시장,수입액,미국|3304|56|벨기에,7017215,USD,UN Comtrade 공개 API,2026-09-30
2024-05,수입시장,수입액,미국|3304|792|튀르키예,2608559,USD,UN Comtrade 공개 API,2026-09-30
2024-05,수입시장,수입액,미국|3304|528|네덜란드,698151,USD,UN Comtrade 공개 API,2026-09-30
2024-05,수입시장,수입액,미국|3304|76|브라질,357488,USD,UN Comtrade 공개 API,2026-09-30
2024-05,수입시장,수입액,미국|3304|490|대만,12470725,USD,UN Comtrade 공개 API,2026-09-30
2024-05,수입시장,수입액,미국|3304|410|한국,150430344,USD,UN Comtrade 공개 API,2026-09-30
2024-05,수입시장,수입액,미국|3304|724|스페인,5635716,USD,UN Comtrade 공개 API,2026-09-30
2024-05,수입시장,수입액,미국|3304|826|영국,22788593,USD,UN Comtrade 공개 API,2026-09-30
2024-05,수입시장,수입액,미국|3304|251|프랑스,104613689,USD,UN Comtrade 공개 API,2026-09-30
2024-05,수입시장,수입액,미국|3304|392|일본,12158913,USD,UN Comtrade 공개 API,2026-09-30
2024-05,수입시장,수입액,미국|3304|380|이탈리아,75555392,USD,UN Comtrade 공개 API,2026-09-30
2024-05,수입시장,수입액,미국|3304|276|독일,15874849,USD,UN Comtrade 공개 API,2026-09-30
2024-05,수입시장,수입액,미국|3304|699|인도,6572325,USD,UN Comtrade 공개 API,2026-09-30
2024-05,수입시장,수입액,미국|3304|484|멕시코,25100107,USD,UN Comtrade 공개 API,2026-09-30
2024-05,수입시장,수입액,미국|3304|156|중국,60054554,USD,UN Comtrade 공개 API,2026-09-30
2024-05,수입시장,수입액,미국|3304|124|캐나다,91634760,USD,UN Comtrade 공개 API,2026-09-30
2024-05,수입시장,수입액,미국|3304|0|전체,652499687,USD,UN Comtrade 공개 API,2026-09-30
2024-05,수입시장,수입액,미국|300249|0|전체,87409799,USD,UN Comtrade 공개 API,2026-09-30
2024-05,수입시장,수입액,미국|300249|56|벨기에,161402,USD,UN Comtrade 공개 API,2026-09-30
2024-05,수입시장,수입액,미국|300249|757|스위스,1880378,USD,UN Comtrade 공개 API,2026-09-30
2024-05,수입시장,수입액,미국|300249|40|오스트리아,696162,USD,UN Comtrade 공개 API,2026-09-30
2024-05,수입시장,수입액,미국|300249|752|스웨덴,66088909,USD,UN Comtrade 공개 API,2026-09-30
2024-05,수입시장,수입액,미국|300249|36|호주,38756,USD,UN Comtrade 공개 API,2026-09-30
2024-05,수입시장,수입액,미국|300249|208|덴마크,3908445,USD,UN Comtrade 공개 API,2026-09-30
2024-05,수입시장,수입액,미국|300249|372|아일랜드,64685,USD,UN Comtrade 공개 API,2026-09-30
2024-05,수입시장,수입액,미국|300249|246|핀란드,49554,USD,UN Comtrade 공개 API,2026-09-30
2024-05,수입시장,수입액,미국|300249|702|싱가포르,1175944,USD,UN Comtrade 공개 API,2026-09-30
2024-05,수입시장,수입액,미국|300249|858|858,113257,USD,UN Comtrade 공개 API,2026-09-30
2024-05,수입시장,수입액,미국|300249|528|네덜란드,196901,USD,UN Comtrade 공개 API,2026-09-30
2024-05,수입시장,수입액,미국|300249|251|프랑스,1248996,USD,UN Comtrade 공개 API,2026-09-30
2024-05,수입시장,수입액,미국|300249|410|한국,5470453,USD,UN Comtrade 공개 API,2026-09-30
2024-05,수입시장,수입액,미국|300249|826|영국,874544,USD,UN Comtrade 공개 API,2026-09-30
2024-05,수입시장,수입액,미국|300249|380|이탈리아,476667,USD,UN Comtrade 공개 API,2026-09-30
2024-05,수입시장,수입액,미국|300249|392|일본,442444,USD,UN Comtrade 공개 API,2026-09-30
2024-05,수입시장,수입액,미국|300249|699|인도,563290,USD,UN Comtrade 공개 API,2026-09-30
2024-05,수입시장,수입액,미국|300249|484|멕시코,104926,USD,UN Comtrade 공개 API,2026-09-30
2024-05,수입시장,수입액,미국|300249|276|독일,2064615,USD,UN Comtrade 공개 API,2026-09-30
2024-05,수입시장,수입액,미국|300249|124|캐나다,1282673,USD,UN Comtrade 공개 API,2026-09-30
2024-05,수입시장,수입액,미국|300249|724|스페인,2317,USD,UN Comtrade 공개 API,2026-09-30
2024-05,수입시장,수입액,미국|300249|156|중국,495888,USD,UN Comtrade 공개 API,2026-09-30
2024-05,수입시장,수입액,미국|300249|348|헝가리,8593,USD,UN Comtrade 공개 API,2026-09-30
2024-06,수입시장,수입액,미국|3304|270|270,17481,USD,UN Comtrade 공개 API,2026-09-30
2024-06,수입시장,수입액,미국|3304|116|캄보디아,240209,USD,UN Comtrade 공개 API,2026-09-30
2024-06,수입시장,수입액,미국|3304|788|788,90107,USD,UN Comtrade 공개 API,2026-09-30
2024-06,수입시장,수입액,미국|3304|705|슬로베니아,89531,USD,UN Comtrade 공개 API,2026-09-30
2024-06,수입시장,수입액,미국|3304|533|533,10968,USD,UN Comtrade 공개 API,2026-09-30
2024-06,수입시장,수입액,미국|3304|442|룩셈부르크,3141523,USD,UN Comtrade 공개 API,2026-09-30
2024-06,수입시장,수입액,미국|3304|144|스리랑카,284606,USD,UN Comtrade 공개 API,2026-09-30
2024-06,수입시장,수입액,미국|3304|51|아르메니아,29082,USD,UN Comtrade 공개 API,2026-09-30
2024-06,수입시장,수입액,미국|3304|50|방글라데시,7642,USD,UN Comtrade 공개 API,2026-09-30
2024-06,수입시장,수입액,미국|3304|422|레바논,31430,USD,UN Comtrade 공개 API,2026-09-30
2024-06,수입시장,수입액,미국|3304|586|파키스탄,40863,USD,UN Comtrade 공개 API,2026-09-30
2024-06,수입시장,수입액,미국|3304|242|242,7685,USD,UN Comtrade 공개 API,2026-09-30
2024-06,수입시장,수입액,미국|3304|100|불가리아,756467,USD,UN Comtrade 공개 API,2026-09-30
2024-06,수입시장,수입액,미국|3304|504|504,88366,USD,UN Comtrade 공개 API,2026-09-30
2024-06,수입시장,수입액,미국|3304|428|라트비아,40274,USD,UN Comtrade 공개 API,2026-09-30
2024-06,수입시장,수입액,미국|3304|440|리투아니아,188241,USD,UN Comtrade 공개 API,2026-09-30
2024-06,수입시장,수입액,미국|3304|384|384,38287,USD,UN Comtrade 공개 API,2026-09-30
2024-06,수입시장,수입액,미국|3304|388|388,21888,USD,UN Comtrade 공개 API,2026-09-30
2024-06,수입시장,수입액,미국|3304|268|조지아,12752,USD,UN Comtrade 공개 API,2026-09-30
2024-06,수입시장,수입액,미국|3304|818|이집트,3605,USD,UN Comtrade 공개 API,2026-09-30
2024-06,수입시장,수입액,미국|3304|566|나이지리아,3196,USD,UN Comtrade 공개 API,2026-09-30
2024-06,수입시장,수입액,미국|3304|218|218,40897,USD,UN Comtrade 공개 API,2026-09-30
2024-06,수입시장,수입액,미국|3304|352|352,38753,USD,UN Comtrade 공개 API,2026-09-30
2024-06,수입시장,수입액,미국|3304|531|531,2640,USD,UN Comtrade 공개 API,2026-09-30
2024-06,수입시장,수입액,미국|3304|584|584,14819,USD,UN Comtrade 공개 API,2026-09-30
2024-06,수입시장,수입액,미국|3304|320|320,141443,USD,UN Comtrade 공개 API,2026-09-30
2024-06,수입시장,수입액,미국|3304|288|288,119099,USD,UN Comtrade 공개 API,2026-09-30
2024-06,수입시장,수입액,미국|3304|400|요르단,4102,USD,UN Comtrade 공개 API,2026-09-30
2024-06,수입시장,수입액,미국|3304|887|887,3601,USD,UN Comtrade 공개 API,2026-09-30
2024-06,수입시장,수입액,미국|3304|784|UAE,188921,USD,UN Comtrade 공개 API,2026-09-30
2024-06,수입시장,수입액,미국|3304|804|우크라이나,34274,USD,UN Comtrade 공개 API,2026-09-30
2024-06,수입시장,수입액,미국|3304|499|499,4046,USD,UN Comtrade 공개 API,2026-09-30
2024-06,수입시장,수입액,미국|3304|768|768,3341,USD,UN Comtrade 공개 API,2026-09-30
2024-06,수입시장,수입액,미국|3304|332|332,411193,USD,UN Comtrade 공개 API,2026-09-30
2024-06,수입시장,수입액,미국|3304|233|에스토니아,8246,USD,UN Comtrade 공개 API,2026-09-30
2024-06,수입시장,수입액,미국|3304|524|524,2875,USD,UN Comtrade 공개 API,2026-09-30
2024-06,수입시장,수입액,미국|3304|608|필리핀,9215,USD,UN Comtrade 공개 API,2026-09-30
2024-06,수입시장,수입액,미국|3304|300|그리스,1244973,USD,UN Comtrade 공개 API,2026-09-30
2024-06,수입시장,수입액,미국|3304|214|214,166551,USD,UN Comtrade 공개 API,2026-09-30
2024-06,수입시장,수입액,미국|3304|702|싱가포르,737214,USD,UN Comtrade 공개 API,2026-09-30
2024-06,수입시장,수입액,미국|3304|344|홍콩,758574,USD,UN Comtrade 공개 API,2026-09-30
2024-06,수입시장,수입액,미국|3304|554|뉴질랜드,724768,USD,UN Comtrade 공개 API,2026-09-30
2024-06,수입시장,수입액,미국|3304|246|핀란드,9746,USD,UN Comtrade 공개 API,2026-09-30
2024-06,수입시장,수입액,미국|3304|32|아르헨티나,210409,USD,UN Comtrade 공개 API,2026-09-30
2024-06,수입시장,수입액,미국|3304|348|헝가리,4041163,USD,UN Comtrade 공개 API,2026-09-30
2024-06,수입시장,수입액,미국|3304|372|아일랜드,3428729,USD,UN Comtrade 공개 API,2026-09-30
2024-06,수입시장,수입액,미국|3304|620|포르투갈,55150,USD,UN Comtrade 공개 API,2026-09-30
2024-06,수입시장,수입액,미국|3304|710|남아공,3124930,USD,UN Comtrade 공개 API,2026-09-30
2024-06,수입시장,수입액,미국|3304|203|체코,1497322,USD,UN Comtrade 공개 API,2026-09-30
2024-06,수입시장,수입액,미국|3304|208|덴마크,32711,USD,UN Comtrade 공개 API,2026-09-30
2024-06,수입시장,수입액,미국|3304|170|콜롬비아,3315326,USD,UN Comtrade 공개 API,2026-09-30
2024-06,수입시장,수입액,미국|3304|360|인도네시아,366601,USD,UN Comtrade 공개 API,2026-09-30
2024-06,수입시장,수입액,미국|3304|458|말레이시아,245449,USD,UN Comtrade 공개 API,2026-09-30
2024-06,수입시장,수입액,미국|3304|376|이스라엘,3927668,USD,UN Comtrade 공개 API,2026-09-30
2024-06,수입시장,수입액,미국|3304|752|스웨덴,15437864,USD,UN Comtrade 공개 API,2026-09-30
2024-06,수입시장,수입액,미국|3304|36|호주,2879374,USD,UN Comtrade 공개 API,2026-09-30
2024-06,수입시장,수입액,미국|3304|40|오스트리아,103333,USD,UN Comtrade 공개 API,2026-09-30
2024-06,수입시장,수입액,미국|3304|616|폴란드,3561443,USD,UN Comtrade 공개 API,2026-09-30
2024-06,수입시장,수입액,미국|3304|757|스위스,9746948,USD,UN Comtrade 공개 API,2026-09-30
2024-06,수입시장,수입액,미국|3304|704|베트남,1783310,USD,UN Comtrade 공개 API,2026-09-30
2024-06,수입시장,수입액,미국|3304|764|태국,2065412,USD,UN Comtrade 공개 API,2026-09-30
2024-06,수입시장,수입액,미국|3304|56|벨기에,5917013,USD,UN Comtrade 공개 API,2026-09-30
2024-06,수입시장,수입액,미국|3304|792|튀르키예,1233915,USD,UN Comtrade 공개 API,2026-09-30
2024-06,수입시장,수입액,미국|3304|76|브라질,226681,USD,UN Comtrade 공개 API,2026-09-30
2024-06,수입시장,수입액,미국|3304|490|대만,15754053,USD,UN Comtrade 공개 API,2026-09-30
2024-06,수입시장,수입액,미국|3304|528|네덜란드,1101522,USD,UN Comtrade 공개 API,2026-09-30
2024-06,수입시장,수입액,미국|3304|826|영국,20641843,USD,UN Comtrade 공개 API,2026-09-30
2024-06,수입시장,수입액,미국|3304|251|프랑스,89450707,USD,UN Comtrade 공개 API,2026-09-30
2024-06,수입시장,수입액,미국|3304|410|한국,158045186,USD,UN Comtrade 공개 API,2026-09-30
2024-06,수입시장,수입액,미국|3304|724|스페인,5423040,USD,UN Comtrade 공개 API,2026-09-30
2024-06,수입시장,수입액,미국|3304|392|일본,28536655,USD,UN Comtrade 공개 API,2026-09-30
2024-06,수입시장,수입액,미국|3304|276|독일,19011300,USD,UN Comtrade 공개 API,2026-09-30
2024-06,수입시장,수입액,미국|3304|380|이탈리아,79316396,USD,UN Comtrade 공개 API,2026-09-30
2024-06,수입시장,수입액,미국|3304|699|인도,8270127,USD,UN Comtrade 공개 API,2026-09-30
2024-06,수입시장,수입액,미국|3304|484|멕시코,21892214,USD,UN Comtrade 공개 API,2026-09-30
2024-06,수입시장,수입액,미국|3304|156|중국,61359464,USD,UN Comtrade 공개 API,2026-09-30
2024-06,수입시장,수입액,미국|3304|124|캐나다,82815798,USD,UN Comtrade 공개 API,2026-09-30
2024-06,수입시장,수입액,미국|3304|0|전체,664632550,USD,UN Comtrade 공개 API,2026-09-30
2024-06,수입시장,수입액,미국|300249|0|전체,75251682,USD,UN Comtrade 공개 API,2026-09-30
2024-06,수입시장,수입액,미국|300249|56|벨기에,1142600,USD,UN Comtrade 공개 API,2026-09-30
2024-06,수입시장,수입액,미국|300249|757|스위스,2626434,USD,UN Comtrade 공개 API,2026-09-30
2024-06,수입시장,수입액,미국|300249|40|오스트리아,15641,USD,UN Comtrade 공개 API,2026-09-30
2024-06,수입시장,수입액,미국|300249|752|스웨덴,36943261,USD,UN Comtrade 공개 API,2026-09-30
2024-06,수입시장,수입액,미국|300249|208|덴마크,3118653,USD,UN Comtrade 공개 API,2026-09-30
2024-06,수입시장,수입액,미국|300249|36|호주,103858,USD,UN Comtrade 공개 API,2026-09-30
2024-06,수입시장,수입액,미국|300249|372|아일랜드,12607008,USD,UN Comtrade 공개 API,2026-09-30
2024-06,수입시장,수입액,미국|300249|246|핀란드,57988,USD,UN Comtrade 공개 API,2026-09-30
2024-06,수입시장,수입액,미국|300249|528|네덜란드,1983291,USD,UN Comtrade 공개 API,2026-09-30
2024-06,수입시장,수입액,미국|300249|724|스페인,170662,USD,UN Comtrade 공개 API,2026-09-30
2024-06,수입시장,수입액,미국|300249|826|영국,593660,USD,UN Comtrade 공개 API,2026-09-30
2024-06,수입시장,수입액,미국|300249|251|프랑스,2970650,USD,UN Comtrade 공개 API,2026-09-30
2024-06,수입시장,수입액,미국|300249|410|한국,7298416,USD,UN Comtrade 공개 API,2026-09-30
2024-06,수입시장,수입액,미국|300249|380|이탈리아,816906,USD,UN Comtrade 공개 API,2026-09-30
2024-06,수입시장,수입액,미국|300249|392|일본,188835,USD,UN Comtrade 공개 API,2026-09-30
2024-06,수입시장,수입액,미국|300249|276|독일,3192943,USD,UN Comtrade 공개 API,2026-09-30
2024-06,수입시장,수입액,미국|300249|699|인도,969497,USD,UN Comtrade 공개 API,2026-09-30
2024-06,수입시장,수입액,미국|300249|376|이스라엘,4996,USD,UN Comtrade 공개 API,2026-09-30
2024-06,수입시장,수입액,미국|300249|124|캐나다,314012,USD,UN Comtrade 공개 API,2026-09-30
2024-06,수입시장,수입액,미국|300249|156|중국,132371,USD,UN Comtrade 공개 API,2026-09-30
2024-07,수입시장,수입액,미국|3304|404|404,10706,USD,UN Comtrade 공개 API,2026-09-30
2024-07,수입시장,수입액,미국|3304|384|384,45922,USD,UN Comtrade 공개 API,2026-09-30
2024-07,수입시장,수입액,미국|3304|352|352,53006,USD,UN Comtrade 공개 API,2026-09-30
2024-07,수입시장,수입액,미국|3304|320|320,31341,USD,UN Comtrade 공개 API,2026-09-30
2024-07,수입시장,수입액,미국|3304|258|258,107524,USD,UN Comtrade 공개 API,2026-09-30
2024-07,수입시장,수입액,미국|3304|242|242,179405,USD,UN Comtrade 공개 API,2026-09-30
2024-07,수입시장,수입액,미국|3304|218|218,5322,USD,UN Comtrade 공개 API,2026-09-30
2024-07,수입시장,수입액,미국|3304|231|231,6489,USD,UN Comtrade 공개 API,2026-09-30
2024-07,수입시장,수입액,미국|3304|233|에스토니아,5423,USD,UN Comtrade 공개 API,2026-09-30
2024-07,수입시장,수입액,미국|3304|188|188,77382,USD,UN Comtrade 공개 API,2026-09-30
2024-07,수입시장,수입액,미국|3304|116|캄보디아,276479,USD,UN Comtrade 공개 API,2026-09-30
2024-07,수입시장,수입액,미국|3304|144|스리랑카,3601,USD,UN Comtrade 공개 API,2026-09-30
2024-07,수입시장,수입액,미국|3304|100|불가리아,1202691,USD,UN Comtrade 공개 API,2026-09-30
2024-07,수입시장,수입액,미국|3304|50|방글라데시,32735,USD,UN Comtrade 공개 API,2026-09-30
2024-07,수입시장,수입액,미국|3304|51|아르메니아,9936,USD,UN Comtrade 공개 API,2026-09-30
2024-07,수입시장,수입액,미국|3304|768|768,12080,USD,UN Comtrade 공개 API,2026-09-30
2024-07,수입시장,수입액,미국|3304|705|슬로베니아,126515,USD,UN Comtrade 공개 API,2026-09-30
2024-07,수입시장,수입액,미국|3304|688|세르비아,8966,USD,UN Comtrade 공개 API,2026-09-30
2024-07,수입시장,수입액,미국|3304|642|루마니아,6532,USD,UN Comtrade 공개 API,2026-09-30
2024-07,수입시장,수입액,미국|3304|600|600,79656,USD,UN Comtrade 공개 API,2026-09-30
2024-07,수입시장,수입액,미국|3304|586|파키스탄,105662,USD,UN Comtrade 공개 API,2026-09-30
2024-07,수입시장,수입액,미국|3304|591|591,23203,USD,UN Comtrade 공개 API,2026-09-30
2024-07,수입시장,수입액,미국|3304|566|나이지리아,4320,USD,UN Comtrade 공개 API,2026-09-30
2024-07,수입시장,수입액,미국|3304|533|533,21770,USD,UN Comtrade 공개 API,2026-09-30
2024-07,수입시장,수입액,미국|3304|504|504,58610,USD,UN Comtrade 공개 API,2026-09-30
2024-07,수입시장,수입액,미국|3304|516|516,79521,USD,UN Comtrade 공개 API,2026-09-30
2024-07,수입시장,수입액,미국|3304|442|룩셈부르크,728628,USD,UN Comtrade 공개 API,2026-09-30
2024-07,수입시장,수입액,미국|3304|344|홍콩,386699,USD,UN Comtrade 공개 API,2026-09-30
2024-07,수입시장,수입액,미국|3304|288|288,225386,USD,UN Comtrade 공개 API,2026-09-30
2024-07,수입시장,수입액,미국|3304|300|그리스,1413350,USD,UN Comtrade 공개 API,2026-09-30
2024-07,수입시장,수입액,미국|3304|804|우크라이나,53559,USD,UN Comtrade 공개 API,2026-09-30
2024-07,수입시장,수입액,미국|3304|646|646,5201,USD,UN Comtrade 공개 API,2026-09-30
2024-07,수입시장,수입액,미국|3304|499|499,8128,USD,UN Comtrade 공개 API,2026-09-30
2024-07,수입시장,수입액,미국|3304|784|UAE,520680,USD,UN Comtrade 공개 API,2026-09-30
2024-07,수입시장,수입액,미국|3304|554|뉴질랜드,1619620,USD,UN Comtrade 공개 API,2026-09-30
2024-07,수입시장,수입액,미국|3304|608|필리핀,34345,USD,UN Comtrade 공개 API,2026-09-30
2024-07,수입시장,수입액,미국|3304|702|싱가포르,341451,USD,UN Comtrade 공개 API,2026-09-30
2024-07,수입시장,수입액,미국|3304|32|아르헨티나,331472,USD,UN Comtrade 공개 API,2026-09-30
2024-07,수입시장,수입액,미국|3304|604|페루,46318,USD,UN Comtrade 공개 API,2026-09-30
2024-07,수입시장,수입액,미국|3304|372|아일랜드,2690994,USD,UN Comtrade 공개 API,2026-09-30
2024-07,수입시장,수입액,미국|3304|214|214,83000,USD,UN Comtrade 공개 API,2026-09-30
2024-07,수입시장,수입액,미국|3304|246|핀란드,10458,USD,UN Comtrade 공개 API,2026-09-30
2024-07,수입시장,수입액,미국|3304|348|헝가리,3386927,USD,UN Comtrade 공개 API,2026-09-30
2024-07,수입시장,수입액,미국|3304|620|포르투갈,38245,USD,UN Comtrade 공개 API,2026-09-30
2024-07,수입시장,수입액,미국|3304|710|남아공,1470797,USD,UN Comtrade 공개 API,2026-09-30
2024-07,수입시장,수입액,미국|3304|203|체코,1688670,USD,UN Comtrade 공개 API,2026-09-30
2024-07,수입시장,수입액,미국|3304|170|콜롬비아,2074561,USD,UN Comtrade 공개 API,2026-09-30
2024-07,수입시장,수입액,미국|3304|208|덴마크,38454,USD,UN Comtrade 공개 API,2026-09-30
2024-07,수입시장,수입액,미국|3304|360|인도네시아,167931,USD,UN Comtrade 공개 API,2026-09-30
2024-07,수입시장,수입액,미국|3304|376|이스라엘,4815071,USD,UN Comtrade 공개 API,2026-09-30
2024-07,수입시장,수입액,미국|3304|458|말레이시아,264741,USD,UN Comtrade 공개 API,2026-09-30
2024-07,수입시장,수입액,미국|3304|752|스웨덴,6250646,USD,UN Comtrade 공개 API,2026-09-30
2024-07,수입시장,수입액,미국|3304|36|호주,2219394,USD,UN Comtrade 공개 API,2026-09-30
2024-07,수입시장,수입액,미국|3304|40|오스트리아,147251,USD,UN Comtrade 공개 API,2026-09-30
2024-07,수입시장,수입액,미국|3304|757|스위스,4192757,USD,UN Comtrade 공개 API,2026-09-30
2024-07,수입시장,수입액,미국|3304|616|폴란드,3041971,USD,UN Comtrade 공개 API,2026-09-30
2024-07,수입시장,수입액,미국|3304|704|베트남,1812510,USD,UN Comtrade 공개 API,2026-09-30
2024-07,수입시장,수입액,미국|3304|764|태국,2189431,USD,UN Comtrade 공개 API,2026-09-30
2024-07,수입시장,수입액,미국|3304|792|튀르키예,2210669,USD,UN Comtrade 공개 API,2026-09-30
2024-07,수입시장,수입액,미국|3304|56|벨기에,7740190,USD,UN Comtrade 공개 API,2026-09-30
2024-07,수입시장,수입액,미국|3304|76|브라질,256544,USD,UN Comtrade 공개 API,2026-09-30
2024-07,수입시장,수입액,미국|3304|528|네덜란드,584582,USD,UN Comtrade 공개 API,2026-09-30
2024-07,수입시장,수입액,미국|3304|490|대만,14536741,USD,UN Comtrade 공개 API,2026-09-30
2024-07,수입시장,수입액,미국|3304|724|스페인,7087418,USD,UN Comtrade 공개 API,2026-09-30
2024-07,수입시장,수입액,미국|3304|410|한국,146521974,USD,UN Comtrade 공개 API,2026-09-30
2024-07,수입시장,수입액,미국|3304|826|영국,23390618,USD,UN Comtrade 공개 API,2026-09-30
2024-07,수입시장,수입액,미국|3304|251|프랑스,121575969,USD,UN Comtrade 공개 API,2026-09-30
2024-07,수입시장,수입액,미국|3304|392|일본,21835540,USD,UN Comtrade 공개 API,2026-09-30
2024-07,수입시장,수입액,미국|3304|380|이탈리아,87325219,USD,UN Comtrade 공개 API,2026-09-30
2024-07,수입시장,수입액,미국|3304|276|독일,19828230,USD,UN Comtrade 공개 API,2026-09-30
2024-07,수입시장,수입액,미국|3304|699|인도,9184626,USD,UN Comtrade 공개 API,2026-09-30
2024-07,수입시장,수입액,미국|3304|484|멕시코,26456875,USD,UN Comtrade 공개 API,2026-09-30
2024-07,수입시장,수입액,미국|3304|156|중국,79311560,USD,UN Comtrade 공개 API,2026-09-30
2024-07,수입시장,수입액,미국|3304|124|캐나다,84794576,USD,UN Comtrade 공개 API,2026-09-30
2024-07,수입시장,수입액,미국|3304|0|전체,697518978,USD,UN Comtrade 공개 API,2026-09-30
2024-07,수입시장,수입액,미국|3304|196|키프로스,4204,USD,UN Comtrade 공개 API,2026-09-30
2024-07,수입시장,수입액,미국|300249|0|전체,43379863,USD,UN Comtrade 공개 API,2026-09-30
2024-07,수입시장,수입액,미국|300249|56|벨기에,221665,USD,UN Comtrade 공개 API,2026-09-30
2024-07,수입시장,수입액,미국|300249|757|스위스,4961500,USD,UN Comtrade 공개 API,2026-09-30
2024-07,수입시장,수입액,미국|300249|40|오스트리아,2809128,USD,UN Comtrade 공개 API,2026-09-30
2024-07,수입시장,수입액,미국|300249|752|스웨덴,12267503,USD,UN Comtrade 공개 API,2026-09-30
2024-07,수입시장,수입액,미국|300249|376|이스라엘,239716,USD,UN Comtrade 공개 API,2026-09-30
2024-07,수입시장,수입액,미국|300249|36|호주,166622,USD,UN Comtrade 공개 API,2026-09-30
2024-07,수입시장,수입액,미국|300249|208|덴마크,2313305,USD,UN Comtrade 공개 API,2026-09-30
2024-07,수입시장,수입액,미국|300249|246|핀란드,6469,USD,UN Comtrade 공개 API,2026-09-30
2024-07,수입시장,수입액,미국|300249|372|아일랜드,72643,USD,UN Comtrade 공개 API,2026-09-30
2024-07,수입시장,수입액,미국|300249|32|아르헨티나,59350,USD,UN Comtrade 공개 API,2026-09-30
2024-07,수입시장,수입액,미국|300249|858|858,382131,USD,UN Comtrade 공개 API,2026-09-30
2024-07,수입시장,수입액,미국|300249|528|네덜란드,2329882,USD,UN Comtrade 공개 API,2026-09-30
2024-07,수입시장,수입액,미국|300249|410|한국,5505080,USD,UN Comtrade 공개 API,2026-09-30
2024-07,수입시장,수입액,미국|300249|826|영국,1798482,USD,UN Comtrade 공개 API,2026-09-30
2024-07,수입시장,수입액,미국|300249|251|프랑스,2430926,USD,UN Comtrade 공개 API,2026-09-30
2024-07,수입시장,수입액,미국|300249|380|이탈리아,1740397,USD,UN Comtrade 공개 API,2026-09-30
2024-07,수입시장,수입액,미국|300249|392|일본,418825,USD,UN Comtrade 공개 API,2026-09-30
2024-07,수입시장,수입액,미국|300249|699|인도,467039,USD,UN Comtrade 공개 API,2026-09-30
2024-07,수입시장,수입액,미국|300249|484|멕시코,75001,USD,UN Comtrade 공개 API,2026-09-30
2024-07,수입시장,수입액,미국|300249|276|독일,4155608,USD,UN Comtrade 공개 API,2026-09-30
2024-07,수입시장,수입액,미국|300249|124|캐나다,122780,USD,UN Comtrade 공개 API,2026-09-30
2024-07,수입시장,수입액,미국|300249|156|중국,835811,USD,UN Comtrade 공개 API,2026-09-30
2024-08,수입시장,수입액,미국|300249|156|중국,277351,USD,UN Comtrade 공개 API,2026-09-30
2024-08,수입시장,수입액,미국|300249|124|캐나다,68427,USD,UN Comtrade 공개 API,2026-09-30
2024-08,수입시장,수입액,미국|300249|276|독일,4146590,USD,UN Comtrade 공개 API,2026-09-30
2024-08,수입시장,수입액,미국|300249|699|인도,517501,USD,UN Comtrade 공개 API,2026-09-30
2024-08,수입시장,수입액,미국|300249|380|이탈리아,1329220,USD,UN Comtrade 공개 API,2026-09-30
2024-08,수입시장,수입액,미국|300249|251|프랑스,1731360,USD,UN Comtrade 공개 API,2026-09-30
2024-08,수입시장,수입액,미국|300249|826|영국,353976,USD,UN Comtrade 공개 API,2026-09-30
2024-08,수입시장,수입액,미국|300249|410|한국,2736779,USD,UN Comtrade 공개 API,2026-09-30
2024-08,수입시장,수입액,미국|300249|528|네덜란드,633576,USD,UN Comtrade 공개 API,2026-09-30
2024-08,수입시장,수입액,미국|300249|757|스위스,5979839,USD,UN Comtrade 공개 API,2026-09-30
2024-08,수입시장,수입액,미국|300249|40|오스트리아,11553605,USD,UN Comtrade 공개 API,2026-09-30
2024-08,수입시장,수입액,미국|300249|752|스웨덴,55111030,USD,UN Comtrade 공개 API,2026-09-30
2024-08,수입시장,수입액,미국|300249|36|호주,195487,USD,UN Comtrade 공개 API,2026-09-30
2024-08,수입시장,수입액,미국|300249|208|덴마크,3823599,USD,UN Comtrade 공개 API,2026-09-30
2024-08,수입시장,수입액,미국|300249|203|체코,11130,USD,UN Comtrade 공개 API,2026-09-30
2024-08,수입시장,수입액,미국|300249|246|핀란드,34520,USD,UN Comtrade 공개 API,2026-09-30
2024-08,수입시장,수입액,미국|300249|372|아일랜드,7531,USD,UN Comtrade 공개 API,2026-09-30
2024-08,수입시장,수입액,미국|300249|703|슬로바키아,8347,USD,UN Comtrade 공개 API,2026-09-30
2024-08,수입시장,수입액,미국|300249|392|일본,171000,USD,UN Comtrade 공개 API,2026-09-30
2024-08,수입시장,수입액,미국|300249|0|전체,88690868,USD,UN Comtrade 공개 API,2026-09-30
2024-08,수입시장,수입액,미국|3304|218|218,4401,USD,UN Comtrade 공개 API,2026-09-30
2024-08,수입시장,수입액,미국|3304|233|에스토니아,4177,USD,UN Comtrade 공개 API,2026-09-30
2024-08,수입시장,수입액,미국|3304|144|스리랑카,464421,USD,UN Comtrade 공개 API,2026-09-30
2024-08,수입시장,수입액,미국|3304|100|불가리아,438439,USD,UN Comtrade 공개 API,2026-09-30
2024-08,수입시장,수입액,미국|3304|116|캄보디아,473583,USD,UN Comtrade 공개 API,2026-09-30
2024-08,수입시장,수입액,미국|3304|818|이집트,21850,USD,UN Comtrade 공개 API,2026-09-30
2024-08,수입시장,수입액,미국|3304|533|533,62050,USD,UN Comtrade 공개 API,2026-09-30
2024-08,수입시장,수입액,미국|3304|440|리투아니아,51076,USD,UN Comtrade 공개 API,2026-09-30
2024-08,수입시장,수입액,미국|3304|688|세르비아,21961,USD,UN Comtrade 공개 API,2026-09-30
2024-08,수입시장,수입액,미국|3304|512|오만,6506,USD,UN Comtrade 공개 API,2026-09-30
2024-08,수입시장,수입액,미국|3304|470|몰타,250877,USD,UN Comtrade 공개 API,2026-09-30
2024-08,수입시장,수입액,미국|3304|400|요르단,6677,USD,UN Comtrade 공개 API,2026-09-30
2024-08,수입시장,수입액,미국|3304|320|320,14073,USD,UN Comtrade 공개 API,2026-09-30
2024-08,수입시장,수입액,미국|3304|288|288,201397,USD,UN Comtrade 공개 API,2026-09-30
2024-08,수입시장,수입액,미국|3304|51|아르메니아,17608,USD,UN Comtrade 공개 API,2026-09-30
2024-08,수입시장,수입액,미국|3304|800|800,4501,USD,UN Comtrade 공개 API,2026-09-30
2024-08,수입시장,수입액,미국|3304|804|우크라이나,78491,USD,UN Comtrade 공개 API,2026-09-30
2024-08,수입시장,수입액,미국|3304|834|834,7230,USD,UN Comtrade 공개 API,2026-09-30
2024-08,수입시장,수입액,미국|3304|784|UAE,1548866,USD,UN Comtrade 공개 API,2026-09-30
2024-08,수입시장,수입액,미국|3304|705|슬로베니아,21478,USD,UN Comtrade 공개 API,2026-09-30
2024-08,수입시장,수입액,미국|3304|642|루마니아,4416,USD,UN Comtrade 공개 API,2026-09-30
2024-08,수입시장,수입액,미국|3304|586|파키스탄,20708,USD,UN Comtrade 공개 API,2026-09-30
2024-08,수입시장,수입액,미국|3304|504|504,34185,USD,UN Comtrade 공개 API,2026-09-30
2024-08,수입시장,수입액,미국|3304|442|룩셈부르크,2442390,USD,UN Comtrade 공개 API,2026-09-30
2024-08,수입시장,수입액,미국|3304|422|레바논,4335,USD,UN Comtrade 공개 API,2026-09-30
2024-08,수입시장,수입액,미국|3304|428|라트비아,7305,USD,UN Comtrade 공개 API,2026-09-30
2024-08,수입시장,수입액,미국|3304|384|384,106425,USD,UN Comtrade 공개 API,2026-09-30
2024-08,수입시장,수입액,미국|3304|388|388,32607,USD,UN Comtrade 공개 API,2026-09-30
2024-08,수입시장,수입액,미국|3304|352|352,178921,USD,UN Comtrade 공개 API,2026-09-30
2024-08,수입시장,수입액,미국|3304|242|242,419597,USD,UN Comtrade 공개 API,2026-09-30
2024-08,수입시장,수입액,미국|3304|554|뉴질랜드,959217,USD,UN Comtrade 공개 API,2026-09-30
2024-08,수입시장,수입액,미국|3304|300|그리스,2106103,USD,UN Comtrade 공개 API,2026-09-30
2024-08,수입시장,수입액,미국|3304|344|홍콩,194384,USD,UN Comtrade 공개 API,2026-09-30
2024-08,수입시장,수입액,미국|3304|702|싱가포르,344850,USD,UN Comtrade 공개 API,2026-09-30
2024-08,수입시장,수입액,미국|3304|246|핀란드,33514,USD,UN Comtrade 공개 API,2026-09-30
2024-08,수입시장,수입액,미국|3304|348|헝가리,4955332,USD,UN Comtrade 공개 API,2026-09-30
2024-08,수입시장,수입액,미국|3304|214|214,58582,USD,UN Comtrade 공개 API,2026-09-30
2024-08,수입시장,수입액,미국|3304|32|아르헨티나,333767,USD,UN Comtrade 공개 API,2026-09-30
2024-08,수입시장,수입액,미국|3304|608|필리핀,76916,USD,UN Comtrade 공개 API,2026-09-30
2024-08,수입시장,수입액,미국|3304|620|포르투갈,137990,USD,UN Comtrade 공개 API,2026-09-30
2024-08,수입시장,수입액,미국|3304|372|아일랜드,3974623,USD,UN Comtrade 공개 API,2026-09-30
2024-08,수입시장,수입액,미국|3304|203|체코,1354074,USD,UN Comtrade 공개 API,2026-09-30
2024-08,수입시장,수입액,미국|3304|710|남아공,3721633,USD,UN Comtrade 공개 API,2026-09-30
2024-08,수입시장,수입액,미국|3304|208|덴마크,193910,USD,UN Comtrade 공개 API,2026-09-30
2024-08,수입시장,수입액,미국|3304|170|콜롬비아,2778046,USD,UN Comtrade 공개 API,2026-09-30
2024-08,수입시장,수입액,미국|3304|360|인도네시아,203734,USD,UN Comtrade 공개 API,2026-09-30
2024-08,수입시장,수입액,미국|3304|376|이스라엘,2947284,USD,UN Comtrade 공개 API,2026-09-30
2024-08,수입시장,수입액,미국|3304|36|호주,3235451,USD,UN Comtrade 공개 API,2026-09-30
2024-08,수입시장,수입액,미국|3304|752|스웨덴,18263271,USD,UN Comtrade 공개 API,2026-09-30
2024-08,수입시장,수입액,미국|3304|757|스위스,15406720,USD,UN Comtrade 공개 API,2026-09-30
2024-08,수입시장,수입액,미국|3304|458|말레이시아,511563,USD,UN Comtrade 공개 API,2026-09-30
2024-08,수입시장,수입액,미국|3304|40|오스트리아,51666,USD,UN Comtrade 공개 API,2026-09-30
2024-08,수입시장,수입액,미국|3304|616|폴란드,4121492,USD,UN Comtrade 공개 API,2026-09-30
2024-08,수입시장,수입액,미국|3304|764|태국,2217981,USD,UN Comtrade 공개 API,2026-09-30
2024-08,수입시장,수입액,미국|3304|704|베트남,1867946,USD,UN Comtrade 공개 API,2026-09-30
2024-08,수입시장,수입액,미국|3304|792|튀르키예,2156913,USD,UN Comtrade 공개 API,2026-09-30
2024-08,수입시장,수입액,미국|3304|56|벨기에,6355486,USD,UN Comtrade 공개 API,2026-09-30
2024-08,수입시장,수입액,미국|3304|76|브라질,303653,USD,UN Comtrade 공개 API,2026-09-30
2024-08,수입시장,수입액,미국|3304|490|대만,12975708,USD,UN Comtrade 공개 API,2026-09-30
2024-08,수입시장,수입액,미국|3304|528|네덜란드,201845,USD,UN Comtrade 공개 API,2026-09-30
2024-08,수입시장,수입액,미국|3304|410|한국,142576021,USD,UN Comtrade 공개 API,2026-09-30
2024-08,수입시장,수입액,미국|3304|724|스페인,5047405,USD,UN Comtrade 공개 API,2026-09-30
2024-08,수입시장,수입액,미국|3304|826|영국,22169339,USD,UN Comtrade 공개 API,2026-09-30
2024-08,수입시장,수입액,미국|3304|251|프랑스,109632616,USD,UN Comtrade 공개 API,2026-09-30
2024-08,수입시장,수입액,미국|3304|392|일본,13244145,USD,UN Comtrade 공개 API,2026-09-30
2024-08,수입시장,수입액,미국|3304|380|이탈리아,83180013,USD,UN Comtrade 공개 API,2026-09-30
2024-08,수입시장,수입액,미국|3304|276|독일,22000549,USD,UN Comtrade 공개 API,2026-09-30
2024-08,수입시장,수입액,미국|3304|699|인도,4744940,USD,UN Comtrade 공개 API,2026-09-30
2024-08,수입시장,수입액,미국|3304|156|중국,67371553,USD,UN Comtrade 공개 API,2026-09-30
2024-08,수입시장,수입액,미국|3304|484|멕시코,23604649,USD,UN Comtrade 공개 API,2026-09-30
2024-08,수입시장,수입액,미국|3304|124|캐나다,81234086,USD,UN Comtrade 공개 API,2026-09-30
2024-08,수입시장,수입액,미국|3304|0|전체,673799521,USD,UN Comtrade 공개 API,2026-09-30
2024-09,수입시장,수입액,미국|3304|804|우크라이나,31154,USD,UN Comtrade 공개 API,2026-09-30
2024-09,수입시장,수입액,미국|3304|688|세르비아,2268,USD,UN Comtrade 공개 API,2026-09-30
2024-09,수입시장,수입액,미국|3304|690|690,2193,USD,UN Comtrade 공개 API,2026-09-30
2024-09,수입시장,수입액,미국|3304|586|파키스탄,216140,USD,UN Comtrade 공개 API,2026-09-30
2024-09,수입시장,수입액,미국|3304|566|나이지리아,129506,USD,UN Comtrade 공개 API,2026-09-30
2024-09,수입시장,수입액,미국|3304|642|루마니아,43474,USD,UN Comtrade 공개 API,2026-09-30
2024-09,수입시장,수입액,미국|3304|533|533,79058,USD,UN Comtrade 공개 API,2026-09-30
2024-09,수입시장,수입액,미국|3304|499|499,3388,USD,UN Comtrade 공개 API,2026-09-30
2024-09,수입시장,수입액,미국|3304|504|504,52793,USD,UN Comtrade 공개 API,2026-09-30
2024-09,수입시장,수입액,미국|3304|516|516,182320,USD,UN Comtrade 공개 API,2026-09-30
2024-09,수입시장,수입액,미국|3304|422|레바논,8735,USD,UN Comtrade 공개 API,2026-09-30
2024-09,수입시장,수입액,미국|3304|440|리투아니아,625697,USD,UN Comtrade 공개 API,2026-09-30
2024-09,수입시장,수입액,미국|3304|442|룩셈부르크,914959,USD,UN Comtrade 공개 API,2026-09-30
2024-09,수입시장,수입액,미국|3304|384|384,177170,USD,UN Comtrade 공개 API,2026-09-30
2024-09,수입시장,수입액,미국|3304|388|388,57185,USD,UN Comtrade 공개 API,2026-09-30
2024-09,수입시장,수입액,미국|3304|398|카자흐스탄,3902,USD,UN Comtrade 공개 API,2026-09-30
2024-09,수입시장,수입액,미국|3304|400|요르단,13661,USD,UN Comtrade 공개 API,2026-09-30
2024-09,수입시장,수입액,미국|3304|320|320,32196,USD,UN Comtrade 공개 API,2026-09-30
2024-09,수입시장,수입액,미국|3304|288|288,302214,USD,UN Comtrade 공개 API,2026-09-30
2024-09,수입시장,수입액,미국|3304|218|218,6414,USD,UN Comtrade 공개 API,2026-09-30
2024-09,수입시장,수입액,미국|3304|191|크로아티아,4046,USD,UN Comtrade 공개 API,2026-09-30
2024-09,수입시장,수입액,미국|3304|144|스리랑카,192857,USD,UN Comtrade 공개 API,2026-09-30
2024-09,수입시장,수입액,미국|3304|84|84,2710,USD,UN Comtrade 공개 API,2026-09-30
2024-09,수입시장,수입액,미국|3304|100|불가리아,135412,USD,UN Comtrade 공개 API,2026-09-30
2024-09,수입시장,수입액,미국|3304|116|캄보디아,417207,USD,UN Comtrade 공개 API,2026-09-30
2024-09,수입시장,수입액,미국|3304|352|352,103785,USD,UN Comtrade 공개 API,2026-09-30
2024-09,수입시장,수입액,미국|3304|344|홍콩,831938,USD,UN Comtrade 공개 API,2026-09-30
2024-09,수입시장,수입액,미국|3304|50|방글라데시,20503,USD,UN Comtrade 공개 API,2026-09-30
2024-09,수입시장,수입액,미국|3304|51|아르메니아,32410,USD,UN Comtrade 공개 API,2026-09-30
2024-09,수입시장,수입액,미국|3304|300|그리스,1264845,USD,UN Comtrade 공개 API,2026-09-30
2024-09,수입시장,수입액,미국|3304|784|UAE,1214810,USD,UN Comtrade 공개 API,2026-09-30
2024-09,수입시장,수입액,미국|3304|214|214,131578,USD,UN Comtrade 공개 API,2026-09-30
2024-09,수입시장,수입액,미국|3304|554|뉴질랜드,1261281,USD,UN Comtrade 공개 API,2026-09-30
2024-09,수입시장,수입액,미국|3304|246|핀란드,23348,USD,UN Comtrade 공개 API,2026-09-30
2024-09,수입시장,수입액,미국|3304|32|아르헨티나,295003,USD,UN Comtrade 공개 API,2026-09-30
2024-09,수입시장,수입액,미국|3304|608|필리핀,87875,USD,UN Comtrade 공개 API,2026-09-30
2024-09,수입시장,수입액,미국|3304|702|싱가포르,1057331,USD,UN Comtrade 공개 API,2026-09-30
2024-09,수입시장,수입액,미국|3304|348|헝가리,3189776,USD,UN Comtrade 공개 API,2026-09-30
2024-09,수입시장,수입액,미국|3304|620|포르투갈,86358,USD,UN Comtrade 공개 API,2026-09-30
2024-09,수입시장,수입액,미국|3304|372|아일랜드,2854038,USD,UN Comtrade 공개 API,2026-09-30
2024-09,수입시장,수입액,미국|3304|604|페루,9377,USD,UN Comtrade 공개 API,2026-09-30
2024-09,수입시장,수입액,미국|3304|203|체코,1577990,USD,UN Comtrade 공개 API,2026-09-30
2024-09,수입시장,수입액,미국|3304|710|남아공,2830709,USD,UN Comtrade 공개 API,2026-09-30
2024-09,수입시장,수입액,미국|3304|170|콜롬비아,2387943,USD,UN Comtrade 공개 API,2026-09-30
2024-09,수입시장,수입액,미국|3304|208|덴마크,62180,USD,UN Comtrade 공개 API,2026-09-30
2024-09,수입시장,수입액,미국|3304|458|말레이시아,401755,USD,UN Comtrade 공개 API,2026-09-30
2024-09,수입시장,수입액,미국|3304|360|인도네시아,467268,USD,UN Comtrade 공개 API,2026-09-30
2024-09,수입시장,수입액,미국|3304|752|스웨덴,14176895,USD,UN Comtrade 공개 API,2026-09-30
2024-09,수입시장,수입액,미국|3304|376|이스라엘,6949146,USD,UN Comtrade 공개 API,2026-09-30
2024-09,수입시장,수입액,미국|3304|40|오스트리아,180576,USD,UN Comtrade 공개 API,2026-09-30
2024-09,수입시장,수입액,미국|3304|36|호주,2480474,USD,UN Comtrade 공개 API,2026-09-30
2024-09,수입시장,수입액,미국|3304|616|폴란드,4260893,USD,UN Comtrade 공개 API,2026-09-30
2024-09,수입시장,수입액,미국|3304|757|스위스,9193084,USD,UN Comtrade 공개 API,2026-09-30
2024-09,수입시장,수입액,미국|3304|764|태국,1972717,USD,UN Comtrade 공개 API,2026-09-30
2024-09,수입시장,수입액,미국|3304|704|베트남,1488678,USD,UN Comtrade 공개 API,2026-09-30
2024-09,수입시장,수입액,미국|3304|56|벨기에,5014025,USD,UN Comtrade 공개 API,2026-09-30
2024-09,수입시장,수입액,미국|3304|792|튀르키예,2185972,USD,UN Comtrade 공개 API,2026-09-30
2024-09,수입시장,수입액,미국|3304|76|브라질,699894,USD,UN Comtrade 공개 API,2026-09-30
2024-09,수입시장,수입액,미국|3304|528|네덜란드,463989,USD,UN Comtrade 공개 API,2026-09-30
2024-09,수입시장,수입액,미국|3304|490|대만,10633530,USD,UN Comtrade 공개 API,2026-09-30
2024-09,수입시장,수입액,미국|3304|410|한국,194331815,USD,UN Comtrade 공개 API,2026-09-30
2024-09,수입시장,수입액,미국|3304|724|스페인,6736521,USD,UN Comtrade 공개 API,2026-09-30
2024-09,수입시장,수입액,미국|3304|826|영국,22612527,USD,UN Comtrade 공개 API,2026-09-30
2024-09,수입시장,수입액,미국|3304|380|이탈리아,66406741,USD,UN Comtrade 공개 API,2026-09-30
2024-09,수입시장,수입액,미국|3304|251|프랑스,80469340,USD,UN Comtrade 공개 API,2026-09-30
2024-09,수입시장,수입액,미국|3304|392|일본,17597960,USD,UN Comtrade 공개 API,2026-09-30
2024-09,수입시장,수입액,미국|3304|276|독일,18067009,USD,UN Comtrade 공개 API,2026-09-30
2024-09,수입시장,수입액,미국|3304|699|인도,7688722,USD,UN Comtrade 공개 API,2026-09-30
2024-09,수입시장,수입액,미국|3304|484|멕시코,19734482,USD,UN Comtrade 공개 API,2026-09-30
2024-09,수입시장,수입액,미국|3304|156|중국,73977223,USD,UN Comtrade 공개 API,2026-09-30
2024-09,수입시장,수입액,미국|3304|124|캐나다,87182400,USD,UN Comtrade 공개 API,2026-09-30
2024-09,수입시장,수입액,미국|3304|0|전체,678333373,USD,UN Comtrade 공개 API,2026-09-30
2024-09,수입시장,수입액,미국|300249|0|전체,58251728,USD,UN Comtrade 공개 API,2026-09-30
2024-09,수입시장,수입액,미국|300249|56|벨기에,505654,USD,UN Comtrade 공개 API,2026-09-30
2024-09,수입시장,수입액,미국|300249|757|스위스,2383737,USD,UN Comtrade 공개 API,2026-09-30
2024-09,수입시장,수입액,미국|300249|40|오스트리아,9240087,USD,UN Comtrade 공개 API,2026-09-30
2024-09,수입시장,수입액,미국|300249|752|스웨덴,20439523,USD,UN Comtrade 공개 API,2026-09-30
2024-09,수입시장,수입액,미국|300249|376|이스라엘,9146,USD,UN Comtrade 공개 API,2026-09-30
2024-09,수입시장,수입액,미국|300249|36|호주,201662,USD,UN Comtrade 공개 API,2026-09-30
2024-09,수입시장,수입액,미국|300249|208|덴마크,3972993,USD,UN Comtrade 공개 API,2026-09-30
2024-09,수입시장,수입액,미국|300249|372|아일랜드,3264279,USD,UN Comtrade 공개 API,2026-09-30
2024-09,수입시장,수입액,미국|300249|246|핀란드,73226,USD,UN Comtrade 공개 API,2026-09-30
2024-09,수입시장,수입액,미국|300249|702|싱가포르,325431,USD,UN Comtrade 공개 API,2026-09-30
2024-09,수입시장,수입액,미국|300249|528|네덜란드,752040,USD,UN Comtrade 공개 API,2026-09-30
2024-09,수입시장,수입액,미국|300249|724|스페인,42558,USD,UN Comtrade 공개 API,2026-09-30
2024-09,수입시장,수입액,미국|300249|251|프랑스,1298038,USD,UN Comtrade 공개 API,2026-09-30
2024-09,수입시장,수입액,미국|300249|410|한국,8153058,USD,UN Comtrade 공개 API,2026-09-30
2024-09,수입시장,수입액,미국|300249|380|이탈리아,391494,USD,UN Comtrade 공개 API,2026-09-30
2024-09,수입시장,수입액,미국|300249|826|영국,656359,USD,UN Comtrade 공개 API,2026-09-30
2024-09,수입시장,수입액,미국|300249|392|일본,216581,USD,UN Comtrade 공개 API,2026-09-30
2024-09,수입시장,수입액,미국|300249|699|인도,1171860,USD,UN Comtrade 공개 API,2026-09-30
2024-09,수입시장,수입액,미국|300249|484|멕시코,394862,USD,UN Comtrade 공개 API,2026-09-30
2024-09,수입시장,수입액,미국|300249|276|독일,3566063,USD,UN Comtrade 공개 API,2026-09-30
2024-09,수입시장,수입액,미국|300249|124|캐나다,272963,USD,UN Comtrade 공개 API,2026-09-30
2024-09,수입시장,수입액,미국|300249|156|중국,920114,USD,UN Comtrade 공개 API,2026-09-30
2024-10,수입시장,수입액,미국|300249|156|중국,2149802,USD,UN Comtrade 공개 API,2026-09-30
2024-10,수입시장,수입액,미국|300249|124|캐나다,222824,USD,UN Comtrade 공개 API,2026-09-30
2024-10,수입시장,수입액,미국|300249|699|인도,1474812,USD,UN Comtrade 공개 API,2026-09-30
2024-10,수입시장,수입액,미국|300249|276|독일,2775690,USD,UN Comtrade 공개 API,2026-09-30
2024-10,수입시장,수입액,미국|300249|392|일본,172048,USD,UN Comtrade 공개 API,2026-09-30
2024-10,수입시장,수입액,미국|300249|380|이탈리아,313914,USD,UN Comtrade 공개 API,2026-09-30
2024-10,수입시장,수입액,미국|300249|251|프랑스,2292532,USD,UN Comtrade 공개 API,2026-09-30
2024-10,수입시장,수입액,미국|300249|410|한국,5464796,USD,UN Comtrade 공개 API,2026-09-30
2024-10,수입시장,수입액,미국|300249|826|영국,910829,USD,UN Comtrade 공개 API,2026-09-30
2024-10,수입시장,수입액,미국|300249|724|스페인,59572,USD,UN Comtrade 공개 API,2026-09-30
2024-10,수입시장,수입액,미국|300249|528|네덜란드,45542,USD,UN Comtrade 공개 API,2026-09-30
2024-10,수입시장,수입액,미국|300249|56|벨기에,246222,USD,UN Comtrade 공개 API,2026-09-30
2024-10,수입시장,수입액,미국|300249|757|스위스,8279154,USD,UN Comtrade 공개 API,2026-09-30
2024-10,수입시장,수입액,미국|300249|40|오스트리아,23450799,USD,UN Comtrade 공개 API,2026-09-30
2024-10,수입시장,수입액,미국|300249|752|스웨덴,54877350,USD,UN Comtrade 공개 API,2026-09-30
2024-10,수입시장,수입액,미국|300249|36|호주,262108,USD,UN Comtrade 공개 API,2026-09-30
2024-10,수입시장,수입액,미국|300249|376|이스라엘,33042,USD,UN Comtrade 공개 API,2026-09-30
2024-10,수입시장,수입액,미국|300249|208|덴마크,3339090,USD,UN Comtrade 공개 API,2026-09-30
2024-10,수입시장,수입액,미국|300249|246|핀란드,54274,USD,UN Comtrade 공개 API,2026-09-30
2024-10,수입시장,수입액,미국|300249|32|아르헨티나,65085,USD,UN Comtrade 공개 API,2026-09-30
2024-10,수입시장,수입액,미국|300249|203|체코,5962,USD,UN Comtrade 공개 API,2026-09-30
2024-10,수입시장,수입액,미국|300249|0|전체,106502307,USD,UN Comtrade 공개 API,2026-09-30
2024-10,수입시장,수입액,미국|300249|702|싱가포르,3480,USD,UN Comtrade 공개 API,2026-09-30
2024-10,수입시장,수입액,미국|300249|372|아일랜드,3380,USD,UN Comtrade 공개 API,2026-09-30
2024-10,수입시장,수입액,미국|3304|50|방글라데시,30047,USD,UN Comtrade 공개 API,2026-09-30
2024-10,수입시장,수입액,미국|3304|51|아르메니아,8177,USD,UN Comtrade 공개 API,2026-09-30
2024-10,수입시장,수입액,미국|3304|642|루마니아,5396,USD,UN Comtrade 공개 API,2026-09-30
2024-10,수입시장,수입액,미국|3304|643|러시아,9382,USD,UN Comtrade 공개 API,2026-09-30
2024-10,수입시장,수입액,미국|3304|499|499,4194,USD,UN Comtrade 공개 API,2026-09-30
2024-10,수입시장,수입액,미국|3304|504|504,82637,USD,UN Comtrade 공개 API,2026-09-30
2024-10,수입시장,수입액,미국|3304|428|라트비아,288060,USD,UN Comtrade 공개 API,2026-09-30
2024-10,수입시장,수입액,미국|3304|320|320,26814,USD,UN Comtrade 공개 API,2026-09-30
2024-10,수입시장,수입액,미국|3304|344|홍콩,99018,USD,UN Comtrade 공개 API,2026-09-30
2024-10,수입시장,수입액,미국|3304|180|180,7376,USD,UN Comtrade 공개 API,2026-09-30
2024-10,수입시장,수입액,미국|3304|116|캄보디아,844871,USD,UN Comtrade 공개 API,2026-09-30
2024-10,수입시장,수입액,미국|3304|48|바레인,5203,USD,UN Comtrade 공개 API,2026-09-30
2024-10,수입시장,수입액,미국|3304|854|854,3125,USD,UN Comtrade 공개 API,2026-09-30
2024-10,수입시장,수입액,미국|3304|887|887,7201,USD,UN Comtrade 공개 API,2026-09-30
2024-10,수입시장,수입액,미국|3304|688|세르비아,10916,USD,UN Comtrade 공개 API,2026-09-30
2024-10,수입시장,수입액,미국|3304|533|533,75780,USD,UN Comtrade 공개 API,2026-09-30
2024-10,수입시장,수입액,미국|3304|218|218,49621,USD,UN Comtrade 공개 API,2026-09-30
2024-10,수입시장,수입액,미국|3304|233|에스토니아,15853,USD,UN Comtrade 공개 API,2026-09-30
2024-10,수입시장,수입액,미국|3304|140|140,3345,USD,UN Comtrade 공개 API,2026-09-30
2024-10,수입시장,수입액,미국|3304|144|스리랑카,560234,USD,UN Comtrade 공개 API,2026-09-30
2024-10,수입시장,수입액,미국|3304|705|슬로베니아,16888,USD,UN Comtrade 공개 API,2026-09-30
2024-10,수입시장,수입액,미국|3304|352|352,59894,USD,UN Comtrade 공개 API,2026-09-30
2024-10,수입시장,수입액,미국|3304|288|288,285018,USD,UN Comtrade 공개 API,2026-09-30
2024-10,수입시장,수입액,미국|3304|100|불가리아,265299,USD,UN Comtrade 공개 API,2026-09-30
2024-10,수입시장,수입액,미국|3304|384|384,36331,USD,UN Comtrade 공개 API,2026-09-30
2024-10,수입시장,수입액,미국|3304|388|388,12757,USD,UN Comtrade 공개 API,2026-09-30
2024-10,수입시장,수입액,미국|3304|800|800,9037,USD,UN Comtrade 공개 API,2026-09-30
2024-10,수입시장,수입액,미국|3304|804|우크라이나,59308,USD,UN Comtrade 공개 API,2026-09-30
2024-10,수입시장,수입액,미국|3304|566|나이지리아,105749,USD,UN Comtrade 공개 API,2026-09-30
2024-10,수입시장,수입액,미국|3304|586|파키스탄,140030,USD,UN Comtrade 공개 API,2026-09-30
2024-10,수입시장,수입액,미국|3304|440|리투아니아,6955,USD,UN Comtrade 공개 API,2026-09-30
2024-10,수입시장,수입액,미국|3304|442|룩셈부르크,1896550,USD,UN Comtrade 공개 API,2026-09-30
2024-10,수입시장,수입액,미국|3304|268|조지아,53266,USD,UN Comtrade 공개 API,2026-09-30
2024-10,수입시장,수입액,미국|3304|270|270,17481,USD,UN Comtrade 공개 API,2026-09-30
2024-10,수입시장,수입액,미국|3304|242|242,327985,USD,UN Comtrade 공개 API,2026-09-30
2024-10,수입시장,수입액,미국|3304|400|요르단,19546,USD,UN Comtrade 공개 API,2026-09-30
2024-10,수입시장,수입액,미국|3304|152|칠레,23050,USD,UN Comtrade 공개 API,2026-09-30
2024-10,수입시장,수입액,미국|3304|300|그리스,915041,USD,UN Comtrade 공개 API,2026-09-30
2024-10,수입시장,수입액,미국|3304|784|UAE,1481314,USD,UN Comtrade 공개 API,2026-09-30
2024-10,수입시장,수입액,미국|3304|554|뉴질랜드,1192112,USD,UN Comtrade 공개 API,2026-09-30
2024-10,수입시장,수입액,미국|3304|32|아르헨티나,84501,USD,UN Comtrade 공개 API,2026-09-30
2024-10,수입시장,수입액,미국|3304|348|헝가리,5129627,USD,UN Comtrade 공개 API,2026-09-30
2024-10,수입시장,수입액,미국|3304|702|싱가포르,621492,USD,UN Comtrade 공개 API,2026-09-30
2024-10,수입시장,수입액,미국|3304|214|214,40419,USD,UN Comtrade 공개 API,2026-09-30
2024-10,수입시장,수입액,미국|3304|608|필리핀,111102,USD,UN Comtrade 공개 API,2026-09-30
2024-10,수입시장,수입액,미국|3304|246|핀란드,2957,USD,UN Comtrade 공개 API,2026-09-30
2024-10,수입시장,수입액,미국|3304|372|아일랜드,2478924,USD,UN Comtrade 공개 API,2026-09-30
2024-10,수입시장,수입액,미국|3304|604|페루,3352,USD,UN Comtrade 공개 API,2026-09-30
2024-10,수입시장,수입액,미국|3304|620|포르투갈,151629,USD,UN Comtrade 공개 API,2026-09-30
2024-10,수입시장,수입액,미국|3304|203|체코,994806,USD,UN Comtrade 공개 API,2026-09-30
2024-10,수입시장,수입액,미국|3304|710|남아공,2720694,USD,UN Comtrade 공개 API,2026-09-30
2024-10,수입시장,수입액,미국|3304|208|덴마크,61783,USD,UN Comtrade 공개 API,2026-09-30
2024-10,수입시장,수입액,미국|3304|170|콜롬비아,1901572,USD,UN Comtrade 공개 API,2026-09-30
2024-10,수입시장,수입액,미국|3304|376|이스라엘,3143760,USD,UN Comtrade 공개 API,2026-09-30
2024-10,수입시장,수입액,미국|3304|360|인도네시아,333871,USD,UN Comtrade 공개 API,2026-09-30
2024-10,수입시장,수입액,미국|3304|458|말레이시아,352421,USD,UN Comtrade 공개 API,2026-09-30
2024-10,수입시장,수입액,미국|3304|752|스웨덴,15183170,USD,UN Comtrade 공개 API,2026-09-30
2024-10,수입시장,수입액,미국|3304|36|호주,3686753,USD,UN Comtrade 공개 API,2026-09-30
2024-10,수입시장,수입액,미국|3304|757|스위스,8316398,USD,UN Comtrade 공개 API,2026-09-30
2024-10,수입시장,수입액,미국|3304|40|오스트리아,38239,USD,UN Comtrade 공개 API,2026-09-30
2024-10,수입시장,수입액,미국|3304|616|폴란드,4478276,USD,UN Comtrade 공개 API,2026-09-30
2024-10,수입시장,수입액,미국|3304|704|베트남,4294111,USD,UN Comtrade 공개 API,2026-09-30
2024-10,수입시장,수입액,미국|3304|764|태국,3015776,USD,UN Comtrade 공개 API,2026-09-30
2024-10,수입시장,수입액,미국|3304|56|벨기에,4525809,USD,UN Comtrade 공개 API,2026-09-30
2024-10,수입시장,수입액,미국|3304|792|튀르키예,1593396,USD,UN Comtrade 공개 API,2026-09-30
2024-10,수입시장,수입액,미국|3304|76|브라질,630960,USD,UN Comtrade 공개 API,2026-09-30
2024-10,수입시장,수입액,미국|3304|490|대만,10094735,USD,UN Comtrade 공개 API,2026-09-30
2024-10,수입시장,수입액,미국|3304|528|네덜란드,697062,USD,UN Comtrade 공개 API,2026-09-30
2024-10,수입시장,수입액,미국|3304|724|스페인,5941116,USD,UN Comtrade 공개 API,2026-09-30
2024-10,수입시장,수입액,미국|3304|410|한국,164956413,USD,UN Comtrade 공개 API,2026-09-30
2024-10,수입시장,수입액,미국|3304|251|프랑스,83820913,USD,UN Comtrade 공개 API,2026-09-30
2024-10,수입시장,수입액,미국|3304|826|영국,16168636,USD,UN Comtrade 공개 API,2026-09-30
2024-10,수입시장,수입액,미국|3304|380|이탈리아,67430014,USD,UN Comtrade 공개 API,2026-09-30
2024-10,수입시장,수입액,미국|3304|392|일본,23012401,USD,UN Comtrade 공개 API,2026-09-30
2024-10,수입시장,수입액,미국|3304|276|독일,17291291,USD,UN Comtrade 공개 API,2026-09-30
2024-10,수입시장,수입액,미국|3304|699|인도,6344508,USD,UN Comtrade 공개 API,2026-09-30
2024-10,수입시장,수입액,미국|3304|484|멕시코,22456672,USD,UN Comtrade 공개 API,2026-09-30
2024-10,수입시장,수입액,미국|3304|156|중국,84582959,USD,UN Comtrade 공개 API,2026-09-30
2024-10,수입시장,수입액,미국|3304|124|캐나다,102704685,USD,UN Comtrade 공개 API,2026-09-30
2024-10,수입시장,수입액,미국|3304|0|전체,678458064,USD,UN Comtrade 공개 API,2026-09-30
2024-11,수입시장,수입액,미국|300249|156|중국,417506,USD,UN Comtrade 공개 API,2026-09-30
2024-11,수입시장,수입액,미국|300249|124|캐나다,401677,USD,UN Comtrade 공개 API,2026-09-30
2024-11,수입시장,수입액,미국|300249|699|인도,397398,USD,UN Comtrade 공개 API,2026-09-30
2024-11,수입시장,수입액,미국|300249|276|독일,3810536,USD,UN Comtrade 공개 API,2026-09-30
2024-11,수입시장,수입액,미국|300249|484|멕시코,48807,USD,UN Comtrade 공개 API,2026-09-30
2024-11,수입시장,수입액,미국|300249|392|일본,242848,USD,UN Comtrade 공개 API,2026-09-30
2024-11,수입시장,수입액,미국|300249|380|이탈리아,267331,USD,UN Comtrade 공개 API,2026-09-30
2024-11,수입시장,수입액,미국|300249|251|프랑스,1038012,USD,UN Comtrade 공개 API,2026-09-30
2024-11,수입시장,수입액,미국|300249|826|영국,9689656,USD,UN Comtrade 공개 API,2026-09-30
2024-11,수입시장,수입액,미국|300249|410|한국,5379533,USD,UN Comtrade 공개 API,2026-09-30
2024-11,수입시장,수입액,미국|300249|724|스페인,84498,USD,UN Comtrade 공개 API,2026-09-30
2024-11,수입시장,수입액,미국|300249|528|네덜란드,48874,USD,UN Comtrade 공개 API,2026-09-30
2024-11,수입시장,수입액,미국|300249|56|벨기에,397423,USD,UN Comtrade 공개 API,2026-09-30
2024-11,수입시장,수입액,미국|300249|757|스위스,4397621,USD,UN Comtrade 공개 API,2026-09-30
2024-11,수입시장,수입액,미국|300249|752|스웨덴,71256485,USD,UN Comtrade 공개 API,2026-09-30
2024-11,수입시장,수입액,미국|300249|36|호주,198398,USD,UN Comtrade 공개 API,2026-09-30
2024-11,수입시장,수입액,미국|300249|208|덴마크,2905178,USD,UN Comtrade 공개 API,2026-09-30
2024-11,수입시장,수입액,미국|300249|372|아일랜드,122281,USD,UN Comtrade 공개 API,2026-09-30
2024-11,수입시장,수입액,미국|300249|246|핀란드,26742,USD,UN Comtrade 공개 API,2026-09-30
2024-11,수입시장,수입액,미국|300249|702|싱가포르,218316,USD,UN Comtrade 공개 API,2026-09-30
2024-11,수입시장,수입액,미국|300249|858|858,174180,USD,UN Comtrade 공개 API,2026-09-30
2024-11,수입시장,수입액,미국|300249|233|에스토니아,28486,USD,UN Comtrade 공개 API,2026-09-30
2024-11,수입시장,수입액,미국|300249|490|대만,2010,USD,UN Comtrade 공개 API,2026-09-30
2024-11,수입시장,수입액,미국|300249|0|전체,101553796,USD,UN Comtrade 공개 API,2026-09-30
2024-11,수입시장,수입액,미국|3304|288|288,127874,USD,UN Comtrade 공개 API,2026-09-30
2024-11,수입시장,수입액,미국|3304|768|768,13536,USD,UN Comtrade 공개 API,2026-09-30
2024-11,수입시장,수입액,미국|3304|780|780,2839,USD,UN Comtrade 공개 API,2026-09-30
2024-11,수입시장,수입액,미국|3304|788|788,25290,USD,UN Comtrade 공개 API,2026-09-30
2024-11,수입시장,수입액,미국|3304|642|루마니아,8504,USD,UN Comtrade 공개 API,2026-09-30
2024-11,수입시장,수입액,미국|3304|586|파키스탄,150460,USD,UN Comtrade 공개 API,2026-09-30
2024-11,수입시장,수입액,미국|3304|442|룩셈부르크,1755086,USD,UN Comtrade 공개 API,2026-09-30
2024-11,수입시장,수입액,미국|3304|404|404,9470,USD,UN Comtrade 공개 API,2026-09-30
2024-11,수입시장,수입액,미국|3304|384|384,119208,USD,UN Comtrade 공개 API,2026-09-30
2024-11,수입시장,수입액,미국|3304|388|388,51817,USD,UN Comtrade 공개 API,2026-09-30
2024-11,수입시장,수입액,미국|3304|344|홍콩,113850,USD,UN Comtrade 공개 API,2026-09-30
2024-11,수입시장,수입액,미국|3304|320|320,13588,USD,UN Comtrade 공개 API,2026-09-30
2024-11,수입시장,수입액,미국|3304|222|222,3167,USD,UN Comtrade 공개 API,2026-09-30
2024-11,수입시장,수입액,미국|3304|144|스리랑카,190224,USD,UN Comtrade 공개 API,2026-09-30
2024-11,수입시장,수입액,미국|3304|804|우크라이나,46707,USD,UN Comtrade 공개 API,2026-09-30
2024-11,수입시장,수입액,미국|3304|807|807,2182,USD,UN Comtrade 공개 API,2026-09-30
2024-11,수입시장,수입액,미국|3304|818|이집트,8655,USD,UN Comtrade 공개 API,2026-09-30
2024-11,수입시장,수입액,미국|3304|643|러시아,16328,USD,UN Comtrade 공개 API,2026-09-30
2024-11,수입시장,수입액,미국|3304|422|레바논,8147,USD,UN Comtrade 공개 API,2026-09-30
2024-11,수입시장,수입액,미국|3304|428|라트비아,4339,USD,UN Comtrade 공개 API,2026-09-30
2024-11,수입시장,수입액,미국|3304|440|리투아니아,181199,USD,UN Comtrade 공개 API,2026-09-30
2024-11,수입시장,수입액,미국|3304|352|352,39364,USD,UN Comtrade 공개 API,2026-09-30
2024-11,수입시장,수입액,미국|3304|268|조지아,2387,USD,UN Comtrade 공개 API,2026-09-30
2024-11,수입시장,수입액,미국|3304|116|캄보디아,601874,USD,UN Comtrade 공개 API,2026-09-30
2024-11,수입시장,수입액,미국|3304|499|499,7859,USD,UN Comtrade 공개 API,2026-09-30
2024-11,수입시장,수입액,미국|3304|504|504,119625,USD,UN Comtrade 공개 API,2026-09-30
2024-11,수입시장,수입액,미국|3304|218|218,27481,USD,UN Comtrade 공개 API,2026-09-30
2024-11,수입시장,수입액,미국|3304|100|불가리아,261483,USD,UN Comtrade 공개 API,2026-09-30
2024-11,수입시장,수입액,미국|3304|50|방글라데시,34589,USD,UN Comtrade 공개 API,2026-09-30
2024-11,수입시장,수입액,미국|3304|300|그리스,911267,USD,UN Comtrade 공개 API,2026-09-30
2024-11,수입시장,수입액,미국|3304|784|UAE,1531794,USD,UN Comtrade 공개 API,2026-09-30
2024-11,수입시장,수입액,미국|3304|554|뉴질랜드,1212969,USD,UN Comtrade 공개 API,2026-09-30
2024-11,수입시장,수입액,미국|3304|348|헝가리,5117351,USD,UN Comtrade 공개 API,2026-09-30
2024-11,수입시장,수입액,미국|3304|608|필리핀,49177,USD,UN Comtrade 공개 API,2026-09-30
2024-11,수입시장,수입액,미국|3304|246|핀란드,54726,USD,UN Comtrade 공개 API,2026-09-30
2024-11,수입시장,수입액,미국|3304|702|싱가포르,1117775,USD,UN Comtrade 공개 API,2026-09-30
2024-11,수입시장,수입액,미국|3304|214|214,232573,USD,UN Comtrade 공개 API,2026-09-30
2024-11,수입시장,수입액,미국|3304|604|페루,3460,USD,UN Comtrade 공개 API,2026-09-30
2024-11,수입시장,수입액,미국|3304|32|아르헨티나,85499,USD,UN Comtrade 공개 API,2026-09-30
2024-11,수입시장,수입액,미국|3304|372|아일랜드,4058215,USD,UN Comtrade 공개 API,2026-09-30
2024-11,수입시장,수입액,미국|3304|710|남아공,3985898,USD,UN Comtrade 공개 API,2026-09-30
2024-11,수입시장,수입액,미국|3304|620|포르투갈,96002,USD,UN Comtrade 공개 API,2026-09-30
2024-11,수입시장,수입액,미국|3304|203|체코,1389765,USD,UN Comtrade 공개 API,2026-09-30
2024-11,수입시장,수입액,미국|3304|208|덴마크,43589,USD,UN Comtrade 공개 API,2026-09-30
2024-11,수입시장,수입액,미국|3304|170|콜롬비아,1523527,USD,UN Comtrade 공개 API,2026-09-30
2024-11,수입시장,수입액,미국|3304|376|이스라엘,4590637,USD,UN Comtrade 공개 API,2026-09-30
2024-11,수입시장,수입액,미국|3304|752|스웨덴,236626,USD,UN Comtrade 공개 API,2026-09-30
2024-11,수입시장,수입액,미국|3304|360|인도네시아,189983,USD,UN Comtrade 공개 API,2026-09-30
2024-11,수입시장,수입액,미국|3304|36|호주,2423760,USD,UN Comtrade 공개 API,2026-09-30
2024-11,수입시장,수입액,미국|3304|458|말레이시아,482380,USD,UN Comtrade 공개 API,2026-09-30
2024-11,수입시장,수입액,미국|3304|757|스위스,11282711,USD,UN Comtrade 공개 API,2026-09-30
2024-11,수입시장,수입액,미국|3304|40|오스트리아,200696,USD,UN Comtrade 공개 API,2026-09-30
2024-11,수입시장,수입액,미국|3304|616|폴란드,3651006,USD,UN Comtrade 공개 API,2026-09-30
2024-11,수입시장,수입액,미국|3304|764|태국,3049926,USD,UN Comtrade 공개 API,2026-09-30
2024-11,수입시장,수입액,미국|3304|704|베트남,1862393,USD,UN Comtrade 공개 API,2026-09-30
2024-11,수입시장,수입액,미국|3304|56|벨기에,5339571,USD,UN Comtrade 공개 API,2026-09-30
2024-11,수입시장,수입액,미국|3304|792|튀르키예,2801030,USD,UN Comtrade 공개 API,2026-09-30
2024-11,수입시장,수입액,미국|3304|76|브라질,204869,USD,UN Comtrade 공개 API,2026-09-30
2024-11,수입시장,수입액,미국|3304|528|네덜란드,493358,USD,UN Comtrade 공개 API,2026-09-30
2024-11,수입시장,수입액,미국|3304|490|대만,8530333,USD,UN Comtrade 공개 API,2026-09-30
2024-11,수입시장,수입액,미국|3304|724|스페인,4123666,USD,UN Comtrade 공개 API,2026-09-30
2024-11,수입시장,수입액,미국|3304|410|한국,150759774,USD,UN Comtrade 공개 API,2026-09-30
2024-11,수입시장,수입액,미국|3304|826|영국,24481247,USD,UN Comtrade 공개 API,2026-09-30
2024-11,수입시장,수입액,미국|3304|251|프랑스,103224577,USD,UN Comtrade 공개 API,2026-09-30
2024-11,수입시장,수입액,미국|3304|380|이탈리아,70964107,USD,UN Comtrade 공개 API,2026-09-30
2024-11,수입시장,수입액,미국|3304|392|일본,28770724,USD,UN Comtrade 공개 API,2026-09-30
2024-11,수입시장,수입액,미국|3304|276|독일,17307828,USD,UN Comtrade 공개 API,2026-09-30
2024-11,수입시장,수입액,미국|3304|699|인도,6308435,USD,UN Comtrade 공개 API,2026-09-30
2024-11,수입시장,수입액,미국|3304|156|중국,53784550,USD,UN Comtrade 공개 API,2026-09-30
2024-11,수입시장,수입액,미국|3304|484|멕시코,21320324,USD,UN Comtrade 공개 API,2026-09-30
2024-11,수입시장,수입액,미국|3304|124|캐나다,89426533,USD,UN Comtrade 공개 API,2026-09-30
2024-11,수입시장,수입액,미국|3304|0|전체,641171763,USD,UN Comtrade 공개 API,2026-09-30
2024-12,수입시장,수입액,미국|3304|784|UAE,735855,USD,UN Comtrade 공개 API,2026-09-30
2024-12,수입시장,수입액,미국|3304|533|533,112200,USD,UN Comtrade 공개 API,2026-09-30
2024-12,수입시장,수입액,미국|3304|400|요르단,16029,USD,UN Comtrade 공개 API,2026-09-30
2024-12,수입시장,수입액,미국|3304|288|288,362583,USD,UN Comtrade 공개 API,2026-09-30
2024-12,수입시장,수입액,미국|3304|100|불가리아,110306,USD,UN Comtrade 공개 API,2026-09-30
2024-12,수입시장,수입액,미국|3304|800|800,4501,USD,UN Comtrade 공개 API,2026-09-30
2024-12,수입시장,수입액,미국|3304|804|우크라이나,40158,USD,UN Comtrade 공개 API,2026-09-30
2024-12,수입시장,수입액,미국|3304|807|807,7821,USD,UN Comtrade 공개 API,2026-09-30
2024-12,수입시장,수입액,미국|3304|748|748,77423,USD,UN Comtrade 공개 API,2026-09-30
2024-12,수입시장,수입액,미국|3304|591|591,7794,USD,UN Comtrade 공개 API,2026-09-30
2024-12,수입시장,수입액,미국|3304|566|나이지리아,153543,USD,UN Comtrade 공개 API,2026-09-30
2024-12,수입시장,수입액,미국|3304|586|파키스탄,34901,USD,UN Comtrade 공개 API,2026-09-30
2024-12,수입시장,수입액,미국|3304|524|524,4418,USD,UN Comtrade 공개 API,2026-09-30
2024-12,수입시장,수입액,미국|3304|442|룩셈부르크,2326631,USD,UN Comtrade 공개 API,2026-09-30
2024-12,수입시장,수입액,미국|3304|417|키르기스스탄,5824,USD,UN Comtrade 공개 API,2026-09-30
2024-12,수입시장,수입액,미국|3304|422|레바논,19769,USD,UN Comtrade 공개 API,2026-09-30
2024-12,수입시장,수입액,미국|3304|428|라트비아,46052,USD,UN Comtrade 공개 API,2026-09-30
2024-12,수입시장,수입액,미국|3304|440|리투아니아,124258,USD,UN Comtrade 공개 API,2026-09-30
2024-12,수입시장,수입액,미국|3304|320|320,144152,USD,UN Comtrade 공개 API,2026-09-30
2024-12,수입시장,수입액,미국|3304|332|332,5130,USD,UN Comtrade 공개 API,2026-09-30
2024-12,수입시장,수입액,미국|3304|258|258,14569,USD,UN Comtrade 공개 API,2026-09-30
2024-12,수입시장,수입액,미국|3304|268|조지아,44814,USD,UN Comtrade 공개 API,2026-09-30
2024-12,수입시장,수입액,미국|3304|270|270,17481,USD,UN Comtrade 공개 API,2026-09-30
2024-12,수입시장,수입액,미국|3304|218|218,9597,USD,UN Comtrade 공개 API,2026-09-30
2024-12,수입시장,수입액,미국|3304|233|에스토니아,2032,USD,UN Comtrade 공개 API,2026-09-30
2024-12,수입시장,수입액,미국|3304|242|242,83486,USD,UN Comtrade 공개 API,2026-09-30
2024-12,수입시장,수입액,미국|3304|144|스리랑카,285561,USD,UN Comtrade 공개 API,2026-09-30
2024-12,수입시장,수입액,미국|3304|116|캄보디아,562323,USD,UN Comtrade 공개 API,2026-09-30
2024-12,수입시장,수입액,미국|3304|31|아제르바이잔,4096,USD,UN Comtrade 공개 API,2026-09-30
2024-12,수입시장,수입액,미국|3304|862|862,20008,USD,UN Comtrade 공개 API,2026-09-30
2024-12,수입시장,수입액,미국|3304|642|루마니아,17070,USD,UN Comtrade 공개 API,2026-09-30
2024-12,수입시장,수입액,미국|3304|499|499,3136,USD,UN Comtrade 공개 API,2026-09-30
2024-12,수입시장,수입액,미국|3304|504|504,44727,USD,UN Comtrade 공개 API,2026-09-30
2024-12,수입시장,수입액,미국|3304|516|516,182320,USD,UN Comtrade 공개 API,2026-09-30
2024-12,수입시장,수입액,미국|3304|384|384,116106,USD,UN Comtrade 공개 API,2026-09-30
2024-12,수입시장,수입액,미국|3304|388|388,9829,USD,UN Comtrade 공개 API,2026-09-30
2024-12,수입시장,수입액,미국|3304|352|352,85857,USD,UN Comtrade 공개 API,2026-09-30
2024-12,수입시장,수입액,미국|3304|152|칠레,2360,USD,UN Comtrade 공개 API,2026-09-30
2024-12,수입시장,수입액,미국|3304|643|러시아,3477,USD,UN Comtrade 공개 API,2026-09-30
2024-12,수입시장,수입액,미국|3304|682|사우디,5543,USD,UN Comtrade 공개 API,2026-09-30
2024-12,수입시장,수입액,미국|3304|688|세르비아,6246,USD,UN Comtrade 공개 API,2026-09-30
2024-12,수입시장,수입액,미국|3304|398|카자흐스탄,117060,USD,UN Comtrade 공개 API,2026-09-30
2024-12,수입시장,수입액,미국|3304|191|크로아티아,3103,USD,UN Comtrade 공개 API,2026-09-30
2024-12,수입시장,수입액,미국|3304|196|키프로스,6540,USD,UN Comtrade 공개 API,2026-09-30
2024-12,수입시장,수입액,미국|3304|300|그리스,2134745,USD,UN Comtrade 공개 API,2026-09-30
2024-12,수입시장,수입액,미국|3304|344|홍콩,228547,USD,UN Comtrade 공개 API,2026-09-30
2024-12,수입시장,수입액,미국|3304|554|뉴질랜드,1551881,USD,UN Comtrade 공개 API,2026-09-30
2024-12,수입시장,수입액,미국|3304|608|필리핀,22310,USD,UN Comtrade 공개 API,2026-09-30
2024-12,수입시장,수입액,미국|3304|246|핀란드,59497,USD,UN Comtrade 공개 API,2026-09-30
2024-12,수입시장,수입액,미국|3304|348|헝가리,4732526,USD,UN Comtrade 공개 API,2026-09-30
2024-12,수입시장,수입액,미국|3304|32|아르헨티나,72070,USD,UN Comtrade 공개 API,2026-09-30
2024-12,수입시장,수입액,미국|3304|214|214,143517,USD,UN Comtrade 공개 API,2026-09-30
2024-12,수입시장,수입액,미국|3304|702|싱가포르,244141,USD,UN Comtrade 공개 API,2026-09-30
2024-12,수입시장,수입액,미국|3304|372|아일랜드,2766570,USD,UN Comtrade 공개 API,2026-09-30
2024-12,수입시장,수입액,미국|3304|620|포르투갈,401703,USD,UN Comtrade 공개 API,2026-09-30
2024-12,수입시장,수입액,미국|3304|710|남아공,3825962,USD,UN Comtrade 공개 API,2026-09-30
2024-12,수입시장,수입액,미국|3304|203|체코,1688178,USD,UN Comtrade 공개 API,2026-09-30
2024-12,수입시장,수입액,미국|3304|208|덴마크,187158,USD,UN Comtrade 공개 API,2026-09-30
2024-12,수입시장,수입액,미국|3304|170|콜롬비아,2482783,USD,UN Comtrade 공개 API,2026-09-30
2024-12,수입시장,수입액,미국|3304|360|인도네시아,143435,USD,UN Comtrade 공개 API,2026-09-30
2024-12,수입시장,수입액,미국|3304|458|말레이시아,112314,USD,UN Comtrade 공개 API,2026-09-30
2024-12,수입시장,수입액,미국|3304|376|이스라엘,4531870,USD,UN Comtrade 공개 API,2026-09-30
2024-12,수입시장,수입액,미국|3304|36|호주,3407626,USD,UN Comtrade 공개 API,2026-09-30
2024-12,수입시장,수입액,미국|3304|752|스웨덴,22764972,USD,UN Comtrade 공개 API,2026-09-30
2024-12,수입시장,수입액,미국|3304|40|오스트리아,56900,USD,UN Comtrade 공개 API,2026-09-30
2024-12,수입시장,수입액,미국|3304|757|스위스,4802658,USD,UN Comtrade 공개 API,2026-09-30
2024-12,수입시장,수입액,미국|3304|616|폴란드,2511012,USD,UN Comtrade 공개 API,2026-09-30
2024-12,수입시장,수입액,미국|3304|764|태국,1021901,USD,UN Comtrade 공개 API,2026-09-30
2024-12,수입시장,수입액,미국|3304|704|베트남,1788333,USD,UN Comtrade 공개 API,2026-09-30
2024-12,수입시장,수입액,미국|3304|792|튀르키예,1610557,USD,UN Comtrade 공개 API,2026-09-30
2024-12,수입시장,수입액,미국|3304|56|벨기에,2873134,USD,UN Comtrade 공개 API,2026-09-30
2024-12,수입시장,수입액,미국|3304|76|브라질,263883,USD,UN Comtrade 공개 API,2026-09-30
2024-12,수입시장,수입액,미국|3304|528|네덜란드,267689,USD,UN Comtrade 공개 API,2026-09-30
2024-12,수입시장,수입액,미국|3304|490|대만,7413382,USD,UN Comtrade 공개 API,2026-09-30
2024-12,수입시장,수입액,미국|3304|724|스페인,3498477,USD,UN Comtrade 공개 API,2026-09-30
2024-12,수입시장,수입액,미국|3304|410|한국,155032542,USD,UN Comtrade 공개 API,2026-09-30
2024-12,수입시장,수입액,미국|3304|826|영국,21149397,USD,UN Comtrade 공개 API,2026-09-30
2024-12,수입시장,수입액,미국|3304|392|일본,15901502,USD,UN Comtrade 공개 API,2026-09-30
2024-12,수입시장,수입액,미국|3304|251|프랑스,138304958,USD,UN Comtrade 공개 API,2026-09-30
2024-12,수입시장,수입액,미국|3304|380|이탈리아,77912507,USD,UN Comtrade 공개 API,2026-09-30
2024-12,수입시장,수입액,미국|3304|276|독일,22469178,USD,UN Comtrade 공개 API,2026-09-30
2024-12,수입시장,수입액,미국|3304|699|인도,7495512,USD,UN Comtrade 공개 API,2026-09-30
2024-12,수입시장,수입액,미국|3304|484|멕시코,21283662,USD,UN Comtrade 공개 API,2026-09-30
2024-12,수입시장,수입액,미국|3304|156|중국,50874858,USD,UN Comtrade 공개 API,2026-09-30
2024-12,수입시장,수입액,미국|3304|124|캐나다,77703098,USD,UN Comtrade 공개 API,2026-09-30
2024-12,수입시장,수입액,미국|3304|0|전체,671723634,USD,UN Comtrade 공개 API,2026-09-30
2024-12,수입시장,수입액,미국|300249|0|전체,190355067,USD,UN Comtrade 공개 API,2026-09-30
2024-12,수입시장,수입액,미국|300249|56|벨기에,112189069,USD,UN Comtrade 공개 API,2026-09-30
2024-12,수입시장,수입액,미국|300249|757|스위스,8063096,USD,UN Comtrade 공개 API,2026-09-30
2024-12,수입시장,수입액,미국|300249|40|오스트리아,3155774,USD,UN Comtrade 공개 API,2026-09-30
2024-12,수입시장,수입액,미국|300249|752|스웨덴,11341416,USD,UN Comtrade 공개 API,2026-09-30
2024-12,수입시장,수입액,미국|300249|36|호주,55986,USD,UN Comtrade 공개 API,2026-09-30
2024-12,수입시장,수입액,미국|300249|208|덴마크,3818389,USD,UN Comtrade 공개 API,2026-09-30
2024-12,수입시장,수입액,미국|300249|372|아일랜드,18018759,USD,UN Comtrade 공개 API,2026-09-30
2024-12,수입시장,수입액,미국|300249|246|핀란드,50814,USD,UN Comtrade 공개 API,2026-09-30
2024-12,수입시장,수입액,미국|300249|554|뉴질랜드,2800,USD,UN Comtrade 공개 API,2026-09-30
2024-12,수입시장,수입액,미국|300249|32|아르헨티나,251665,USD,UN Comtrade 공개 API,2026-09-30
2024-12,수입시장,수입액,미국|300249|858|858,200259,USD,UN Comtrade 공개 API,2026-09-30
2024-12,수입시장,수입액,미국|300249|233|에스토니아,92551,USD,UN Comtrade 공개 API,2026-09-30
2024-12,수입시장,수입액,미국|300249|528|네덜란드,301011,USD,UN Comtrade 공개 API,2026-09-30
2024-12,수입시장,수입액,미국|300249|724|스페인,113364,USD,UN Comtrade 공개 API,2026-09-30
2024-12,수입시장,수입액,미국|300249|826|영국,11713663,USD,UN Comtrade 공개 API,2026-09-30
2024-12,수입시장,수입액,미국|300249|410|한국,5435921,USD,UN Comtrade 공개 API,2026-09-30
2024-12,수입시장,수입액,미국|300249|251|프랑스,1794792,USD,UN Comtrade 공개 API,2026-09-30
2024-12,수입시장,수입액,미국|300249|380|이탈리아,460426,USD,UN Comtrade 공개 API,2026-09-30
2024-12,수입시장,수입액,미국|300249|699|인도,2223766,USD,UN Comtrade 공개 API,2026-09-30
2024-12,수입시장,수입액,미국|300249|276|독일,9936800,USD,UN Comtrade 공개 API,2026-09-30
2024-12,수입시장,수입액,미국|300249|124|캐나다,765640,USD,UN Comtrade 공개 API,2026-09-30
2024-12,수입시장,수입액,미국|300249|156|중국,369106,USD,UN Comtrade 공개 API,2026-09-30
2025-01,수입시장,수입액,미국|300249|156|중국,1520467,USD,UN Comtrade 공개 API,2026-09-30
2025-01,수입시장,수입액,미국|300249|124|캐나다,1031875,USD,UN Comtrade 공개 API,2026-09-30
2025-01,수입시장,수입액,미국|300249|699|인도,2619350,USD,UN Comtrade 공개 API,2026-09-30
2025-01,수입시장,수입액,미국|300249|484|멕시코,40002,USD,UN Comtrade 공개 API,2026-09-30
2025-01,수입시장,수입액,미국|300249|276|독일,6062220,USD,UN Comtrade 공개 API,2026-09-30
2025-01,수입시장,수입액,미국|300249|380|이탈리아,2178567,USD,UN Comtrade 공개 API,2026-09-30
2025-01,수입시장,수입액,미국|300249|410|한국,8064020,USD,UN Comtrade 공개 API,2026-09-30
2025-01,수입시장,수입액,미국|300249|251|프랑스,1461009,USD,UN Comtrade 공개 API,2026-09-30
2025-01,수입시장,수입액,미국|300249|826|영국,2382134,USD,UN Comtrade 공개 API,2026-09-30
2025-01,수입시장,수입액,미국|300249|724|스페인,59020,USD,UN Comtrade 공개 API,2026-09-30
2025-01,수입시장,수입액,미국|300249|528|네덜란드,829163,USD,UN Comtrade 공개 API,2026-09-30
2025-01,수입시장,수입액,미국|300249|56|벨기에,61983382,USD,UN Comtrade 공개 API,2026-09-30
2025-01,수입시장,수입액,미국|300249|757|스위스,4024887,USD,UN Comtrade 공개 API,2026-09-30
2025-01,수입시장,수입액,미국|300249|40|오스트리아,9652,USD,UN Comtrade 공개 API,2026-09-30
2025-01,수입시장,수입액,미국|300249|752|스웨덴,52861454,USD,UN Comtrade 공개 API,2026-09-30
2025-01,수입시장,수입액,미국|300249|376|이스라엘,75261,USD,UN Comtrade 공개 API,2026-09-30
2025-01,수입시장,수입액,미국|300249|36|호주,182276,USD,UN Comtrade 공개 API,2026-09-30
2025-01,수입시장,수입액,미국|300249|208|덴마크,2788550,USD,UN Comtrade 공개 API,2026-09-30
2025-01,수입시장,수입액,미국|300249|203|체코,678212,USD,UN Comtrade 공개 API,2026-09-30
2025-01,수입시장,수입액,미국|300249|246|핀란드,561388,USD,UN Comtrade 공개 API,2026-09-30
2025-01,수입시장,수입액,미국|300249|702|싱가포르,677228,USD,UN Comtrade 공개 API,2026-09-30
2025-01,수입시장,수입액,미국|300249|372|아일랜드,120510,USD,UN Comtrade 공개 API,2026-09-30
2025-01,수입시장,수입액,미국|300249|233|에스토니아,125207,USD,UN Comtrade 공개 API,2026-09-30
2025-01,수입시장,수입액,미국|300249|858|858,96623,USD,UN Comtrade 공개 API,2026-09-30
2025-01,수입시장,수입액,미국|300249|705|슬로베니아,7590,USD,UN Comtrade 공개 API,2026-09-30
2025-01,수입시장,수입액,미국|300249|0|전체,150440047,USD,UN Comtrade 공개 API,2026-09-30
2025-01,수입시장,수입액,미국|3304|703|슬로바키아,9266,USD,UN Comtrade 공개 API,2026-09-30
2025-01,수입시장,수입액,미국|3304|643|러시아,4606,USD,UN Comtrade 공개 API,2026-09-30
2025-01,수입시장,수입액,미국|3304|591|591,11826,USD,UN Comtrade 공개 API,2026-09-30
2025-01,수입시장,수입액,미국|3304|600|600,7600,USD,UN Comtrade 공개 API,2026-09-30
2025-01,수입시장,수입액,미국|3304|566|나이지리아,18204,USD,UN Comtrade 공개 API,2026-09-30
2025-01,수입시장,수입액,미국|3304|586|파키스탄,12717,USD,UN Comtrade 공개 API,2026-09-30
2025-01,수입시장,수입액,미국|3304|531|531,11385,USD,UN Comtrade 공개 API,2026-09-30
2025-01,수입시장,수입액,미국|3304|480|480,19405,USD,UN Comtrade 공개 API,2026-09-30
2025-01,수입시장,수입액,미국|3304|440|리투아니아,119340,USD,UN Comtrade 공개 API,2026-09-30
2025-01,수입시장,수입액,미국|3304|442|룩셈부르크,3413281,USD,UN Comtrade 공개 API,2026-09-30
2025-01,수입시장,수입액,미국|3304|422|레바논,12593,USD,UN Comtrade 공개 API,2026-09-30
2025-01,수입시장,수입액,미국|3304|428|라트비아,74707,USD,UN Comtrade 공개 API,2026-09-30
2025-01,수입시장,수입액,미국|3304|400|요르단,7511,USD,UN Comtrade 공개 API,2026-09-30
2025-01,수입시장,수입액,미국|3304|404|404,3100,USD,UN Comtrade 공개 API,2026-09-30
2025-01,수입시장,수입액,미국|3304|384|384,158206,USD,UN Comtrade 공개 API,2026-09-30
2025-01,수입시장,수입액,미국|3304|352|352,172291,USD,UN Comtrade 공개 API,2026-09-30
2025-01,수입시장,수입액,미국|3304|288|288,205165,USD,UN Comtrade 공개 API,2026-09-30
2025-01,수입시장,수입액,미국|3304|242|242,207066,USD,UN Comtrade 공개 API,2026-09-30
2025-01,수입시장,수입액,미국|3304|218|218,21062,USD,UN Comtrade 공개 API,2026-09-30
2025-01,수입시장,수입액,미국|3304|100|불가리아,541282,USD,UN Comtrade 공개 API,2026-09-30
2025-01,수입시장,수입액,미국|3304|116|캄보디아,361289,USD,UN Comtrade 공개 API,2026-09-30
2025-01,수입시장,수입액,미국|3304|834|834,6970,USD,UN Comtrade 공개 API,2026-09-30
2025-01,수입시장,수입액,미국|3304|642|루마니아,18290,USD,UN Comtrade 공개 API,2026-09-30
2025-01,수입시장,수입액,미국|3304|504|504,12107,USD,UN Comtrade 공개 API,2026-09-30
2025-01,수입시장,수입액,미국|3304|320|320,7314,USD,UN Comtrade 공개 API,2026-09-30
2025-01,수입시장,수입액,미국|3304|60|60,5151,USD,UN Comtrade 공개 API,2026-09-30
2025-01,수입시장,수입액,미국|3304|804|우크라이나,25518,USD,UN Comtrade 공개 API,2026-09-30
2025-01,수입시장,수입액,미국|3304|807|807,2665,USD,UN Comtrade 공개 API,2026-09-30
2025-01,수입시장,수입액,미국|3304|705|슬로베니아,26148,USD,UN Comtrade 공개 API,2026-09-30
2025-01,수입시장,수입액,미국|3304|50|방글라데시,70920,USD,UN Comtrade 공개 API,2026-09-30
2025-01,수입시장,수입액,미국|3304|554|뉴질랜드,1261057,USD,UN Comtrade 공개 API,2026-09-30
2025-01,수입시장,수입액,미국|3304|344|홍콩,12037,USD,UN Comtrade 공개 API,2026-09-30
2025-01,수입시장,수입액,미국|3304|32|아르헨티나,192655,USD,UN Comtrade 공개 API,2026-09-30
2025-01,수입시장,수입액,미국|3304|784|UAE,1154657,USD,UN Comtrade 공개 API,2026-09-30
2025-01,수입시장,수입액,미국|3304|214|214,45769,USD,UN Comtrade 공개 API,2026-09-30
2025-01,수입시장,수입액,미국|3304|348|헝가리,5222972,USD,UN Comtrade 공개 API,2026-09-30
2025-01,수입시장,수입액,미국|3304|300|그리스,756373,USD,UN Comtrade 공개 API,2026-09-30
2025-01,수입시장,수입액,미국|3304|246|핀란드,51232,USD,UN Comtrade 공개 API,2026-09-30
2025-01,수입시장,수입액,미국|3304|372|아일랜드,2365745,USD,UN Comtrade 공개 API,2026-09-30
2025-01,수입시장,수입액,미국|3304|608|필리핀,642502,USD,UN Comtrade 공개 API,2026-09-30
2025-01,수입시장,수입액,미국|3304|702|싱가포르,866962,USD,UN Comtrade 공개 API,2026-09-30
2025-01,수입시장,수입액,미국|3304|620|포르투갈,26940,USD,UN Comtrade 공개 API,2026-09-30
2025-01,수입시장,수입액,미국|3304|203|체코,1704593,USD,UN Comtrade 공개 API,2026-09-30
2025-01,수입시장,수입액,미국|3304|710|남아공,2968195,USD,UN Comtrade 공개 API,2026-09-30
2025-01,수입시장,수입액,미국|3304|208|덴마크,245559,USD,UN Comtrade 공개 API,2026-09-30
2025-01,수입시장,수입액,미국|3304|170|콜롬비아,1041671,USD,UN Comtrade 공개 API,2026-09-30
2025-01,수입시장,수입액,미국|3304|752|스웨덴,34341551,USD,UN Comtrade 공개 API,2026-09-30
2025-01,수입시장,수입액,미국|3304|36|호주,4061291,USD,UN Comtrade 공개 API,2026-09-30
2025-01,수입시장,수입액,미국|3304|458|말레이시아,397451,USD,UN Comtrade 공개 API,2026-09-30
2025-01,수입시장,수입액,미국|3304|360|인도네시아,510691,USD,UN Comtrade 공개 API,2026-09-30
2025-01,수입시장,수입액,미국|3304|376|이스라엘,2795543,USD,UN Comtrade 공개 API,2026-09-30
2025-01,수입시장,수입액,미국|3304|40|오스트리아,68313,USD,UN Comtrade 공개 API,2026-09-30
2025-01,수입시장,수입액,미국|3304|616|폴란드,2384222,USD,UN Comtrade 공개 API,2026-09-30
2025-01,수입시장,수입액,미국|3304|757|스위스,6845508,USD,UN Comtrade 공개 API,2026-09-30
2025-01,수입시장,수입액,미국|3304|764|태국,1519247,USD,UN Comtrade 공개 API,2026-09-30
2025-01,수입시장,수입액,미국|3304|704|베트남,2625691,USD,UN Comtrade 공개 API,2026-09-30
2025-01,수입시장,수입액,미국|3304|792|튀르키예,2459876,USD,UN Comtrade 공개 API,2026-09-30
2025-01,수입시장,수입액,미국|3304|56|벨기에,7096358,USD,UN Comtrade 공개 API,2026-09-30
2025-01,수입시장,수입액,미국|3304|528|네덜란드,397312,USD,UN Comtrade 공개 API,2026-09-30
2025-01,수입시장,수입액,미국|3304|76|브라질,302327,USD,UN Comtrade 공개 API,2026-09-30
2025-01,수입시장,수입액,미국|3304|724|스페인,3773478,USD,UN Comtrade 공개 API,2026-09-30
2025-01,수입시장,수입액,미국|3304|490|대만,9233378,USD,UN Comtrade 공개 API,2026-09-30
2025-01,수입시장,수입액,미국|3304|410|한국,134790871,USD,UN Comtrade 공개 API,2026-09-30
2025-01,수입시장,수입액,미국|3304|380|이탈리아,90421286,USD,UN Comtrade 공개 API,2026-09-30
2025-01,수입시장,수입액,미국|3304|826|영국,20540746,USD,UN Comtrade 공개 API,2026-09-30
2025-01,수입시장,수입액,미국|3304|251|프랑스,92619673,USD,UN Comtrade 공개 API,2026-09-30
2025-01,수입시장,수입액,미국|3304|392|일본,14399056,USD,UN Comtrade 공개 API,2026-09-30
2025-01,수입시장,수입액,미국|3304|276|독일,14398339,USD,UN Comtrade 공개 API,2026-09-30
2025-01,수입시장,수입액,미국|3304|699|인도,6055757,USD,UN Comtrade 공개 API,2026-09-30
2025-01,수입시장,수입액,미국|3304|484|멕시코,19754636,USD,UN Comtrade 공개 API,2026-09-30
2025-01,수입시장,수입액,미국|3304|156|중국,58979701,USD,UN Comtrade 공개 API,2026-09-30
2025-01,수입시장,수입액,미국|3304|124|캐나다,102306508,USD,UN Comtrade 공개 API,2026-09-30
2025-01,수입시장,수입액,미국|3304|0|전체,657204714,USD,UN Comtrade 공개 API,2026-09-30
2025-02,수입시장,수입액,미국|3304|862|862,4142,USD,UN Comtrade 공개 API,2026-09-30
2025-02,수입시장,수입액,미국|3304|804|우크라이나,72978,USD,UN Comtrade 공개 API,2026-09-30
2025-02,수입시장,수입액,미국|3304|784|UAE,571129,USD,UN Comtrade 공개 API,2026-09-30
2025-02,수입시장,수입액,미국|3304|642|루마니아,15651,USD,UN Comtrade 공개 API,2026-09-30
2025-02,수입시장,수입액,미국|3304|643|러시아,2028,USD,UN Comtrade 공개 API,2026-09-30
2025-02,수입시장,수입액,미국|3304|688|세르비아,14701,USD,UN Comtrade 공개 API,2026-09-30
2025-02,수입시장,수입액,미국|3304|586|파키스탄,51917,USD,UN Comtrade 공개 API,2026-09-30
2025-02,수입시장,수입액,미국|3304|591|591,4321,USD,UN Comtrade 공개 API,2026-09-30
2025-02,수입시장,수입액,미국|3304|566|나이지리아,176064,USD,UN Comtrade 공개 API,2026-09-30
2025-02,수입시장,수입액,미국|3304|504|504,110868,USD,UN Comtrade 공개 API,2026-09-30
2025-02,수입시장,수입액,미국|3304|440|리투아니아,79045,USD,UN Comtrade 공개 API,2026-09-30
2025-02,수입시장,수입액,미국|3304|442|룩셈부르크,1135868,USD,UN Comtrade 공개 API,2026-09-30
2025-02,수입시장,수입액,미국|3304|422|레바논,14937,USD,UN Comtrade 공개 API,2026-09-30
2025-02,수입시장,수입액,미국|3304|400|요르단,36181,USD,UN Comtrade 공개 API,2026-09-30
2025-02,수입시장,수입액,미국|3304|384|384,183329,USD,UN Comtrade 공개 API,2026-09-30
2025-02,수입시장,수입액,미국|3304|288|288,209283,USD,UN Comtrade 공개 API,2026-09-30
2025-02,수입시장,수입액,미국|3304|352|352,16610,USD,UN Comtrade 공개 API,2026-09-30
2025-02,수입시장,수입액,미국|3304|332|332,7729,USD,UN Comtrade 공개 API,2026-09-30
2025-02,수입시장,수입액,미국|3304|344|홍콩,163042,USD,UN Comtrade 공개 API,2026-09-30
2025-02,수입시장,수입액,미국|3304|268|조지아,16274,USD,UN Comtrade 공개 API,2026-09-30
2025-02,수입시장,수입액,미국|3304|218|218,15135,USD,UN Comtrade 공개 API,2026-09-30
2025-02,수입시장,수입액,미국|3304|84|84,2385,USD,UN Comtrade 공개 API,2026-09-30
2025-02,수입시장,수입액,미국|3304|100|불가리아,137533,USD,UN Comtrade 공개 API,2026-09-30
2025-02,수입시장,수입액,미국|3304|116|캄보디아,529823,USD,UN Comtrade 공개 API,2026-09-30
2025-02,수입시장,수입액,미국|3304|50|방글라데시,25060,USD,UN Comtrade 공개 API,2026-09-30
2025-02,수입시장,수입액,미국|3304|44|44,2548,USD,UN Comtrade 공개 API,2026-09-30
2025-02,수입시장,수입액,미국|3304|31|아제르바이잔,132375,USD,UN Comtrade 공개 API,2026-09-30
2025-02,수입시장,수입액,미국|3304|428|라트비아,43091,USD,UN Comtrade 공개 API,2026-09-30
2025-02,수입시장,수입액,미국|3304|231|231,3393,USD,UN Comtrade 공개 API,2026-09-30
2025-02,수입시장,수입액,미국|3304|233|에스토니아,13765,USD,UN Comtrade 공개 API,2026-09-30
2025-02,수입시장,수입액,미국|3304|533|533,150694,USD,UN Comtrade 공개 API,2026-09-30
2025-02,수입시장,수입액,미국|3304|188|188,16185,USD,UN Comtrade 공개 API,2026-09-30
2025-02,수입시장,수입액,미국|3304|348|헝가리,3983873,USD,UN Comtrade 공개 API,2026-09-30
2025-02,수입시장,수입액,미국|3304|300|그리스,1117313,USD,UN Comtrade 공개 API,2026-09-30
2025-02,수입시장,수입액,미국|3304|608|필리핀,74593,USD,UN Comtrade 공개 API,2026-09-30
2025-02,수입시장,수입액,미국|3304|214|214,29235,USD,UN Comtrade 공개 API,2026-09-30
2025-02,수입시장,수입액,미국|3304|554|뉴질랜드,1206944,USD,UN Comtrade 공개 API,2026-09-30
2025-02,수입시장,수입액,미국|3304|702|싱가포르,1156261,USD,UN Comtrade 공개 API,2026-09-30
2025-02,수입시장,수입액,미국|3304|32|아르헨티나,288115,USD,UN Comtrade 공개 API,2026-09-30
2025-02,수입시장,수입액,미국|3304|710|남아공,3290803,USD,UN Comtrade 공개 API,2026-09-30
2025-02,수입시장,수입액,미국|3304|372|아일랜드,2802665,USD,UN Comtrade 공개 API,2026-09-30
2025-02,수입시장,수입액,미국|3304|246|핀란드,57416,USD,UN Comtrade 공개 API,2026-09-30
2025-02,수입시장,수입액,미국|3304|620|포르투갈,37181,USD,UN Comtrade 공개 API,2026-09-30
2025-02,수입시장,수입액,미국|3304|170|콜롬비아,3957464,USD,UN Comtrade 공개 API,2026-09-30
2025-02,수입시장,수입액,미국|3304|203|체코,667233,USD,UN Comtrade 공개 API,2026-09-30
2025-02,수입시장,수입액,미국|3304|208|덴마크,20020,USD,UN Comtrade 공개 API,2026-09-30
2025-02,수입시장,수입액,미국|3304|360|인도네시아,291866,USD,UN Comtrade 공개 API,2026-09-30
2025-02,수입시장,수입액,미국|3304|376|이스라엘,4167949,USD,UN Comtrade 공개 API,2026-09-30
2025-02,수입시장,수입액,미국|3304|752|스웨덴,9314445,USD,UN Comtrade 공개 API,2026-09-30
2025-02,수입시장,수입액,미국|3304|36|호주,4578683,USD,UN Comtrade 공개 API,2026-09-30
2025-02,수입시장,수입액,미국|3304|458|말레이시아,315261,USD,UN Comtrade 공개 API,2026-09-30
2025-02,수입시장,수입액,미국|3304|40|오스트리아,132406,USD,UN Comtrade 공개 API,2026-09-30
2025-02,수입시장,수입액,미국|3304|757|스위스,4868988,USD,UN Comtrade 공개 API,2026-09-30
2025-02,수입시장,수입액,미국|3304|616|폴란드,4305186,USD,UN Comtrade 공개 API,2026-09-30
2025-02,수입시장,수입액,미국|3304|56|벨기에,5413812,USD,UN Comtrade 공개 API,2026-09-30
2025-02,수입시장,수입액,미국|3304|764|태국,2296868,USD,UN Comtrade 공개 API,2026-09-30
2025-02,수입시장,수입액,미국|3304|704|베트남,2004908,USD,UN Comtrade 공개 API,2026-09-30
2025-02,수입시장,수입액,미국|3304|792|튀르키예,1892437,USD,UN Comtrade 공개 API,2026-09-30
2025-02,수입시장,수입액,미국|3304|76|브라질,182103,USD,UN Comtrade 공개 API,2026-09-30
2025-02,수입시장,수입액,미국|3304|490|대만,9479143,USD,UN Comtrade 공개 API,2026-09-30
2025-02,수입시장,수입액,미국|3304|528|네덜란드,600139,USD,UN Comtrade 공개 API,2026-09-30
2025-02,수입시장,수입액,미국|3304|410|한국,113529158,USD,UN Comtrade 공개 API,2026-09-30
2025-02,수입시장,수입액,미국|3304|724|스페인,5388081,USD,UN Comtrade 공개 API,2026-09-30
2025-02,수입시장,수입액,미국|3304|251|프랑스,97505060,USD,UN Comtrade 공개 API,2026-09-30
2025-02,수입시장,수입액,미국|3304|826|영국,17565637,USD,UN Comtrade 공개 API,2026-09-30
2025-02,수입시장,수입액,미국|3304|380|이탈리아,65545618,USD,UN Comtrade 공개 API,2026-09-30
2025-02,수입시장,수입액,미국|3304|392|일본,14646410,USD,UN Comtrade 공개 API,2026-09-30
2025-02,수입시장,수입액,미국|3304|276|독일,14015719,USD,UN Comtrade 공개 API,2026-09-30
2025-02,수입시장,수입액,미국|3304|699|인도,5256494,USD,UN Comtrade 공개 API,2026-09-30
2025-02,수입시장,수입액,미국|3304|156|중국,44007914,USD,UN Comtrade 공개 API,2026-09-30
2025-02,수입시장,수입액,미국|3304|484|멕시코,23130168,USD,UN Comtrade 공개 API,2026-09-30
2025-02,수입시장,수입액,미국|3304|124|캐나다,83293394,USD,UN Comtrade 공개 API,2026-09-30
2025-02,수입시장,수입액,미국|3304|0|전체,556375047,USD,UN Comtrade 공개 API,2026-09-30
2025-02,수입시장,수입액,미국|300249|0|전체,82934075,USD,UN Comtrade 공개 API,2026-09-30
2025-02,수입시장,수입액,미국|300249|76|브라질,55722,USD,UN Comtrade 공개 API,2026-09-30
2025-02,수입시장,수입액,미국|300249|56|벨기에,562106,USD,UN Comtrade 공개 API,2026-09-30
2025-02,수입시장,수입액,미국|300249|757|스위스,8677071,USD,UN Comtrade 공개 API,2026-09-30
2025-02,수입시장,수입액,미국|300249|40|오스트리아,14345,USD,UN Comtrade 공개 API,2026-09-30
2025-02,수입시장,수입액,미국|300249|752|스웨덴,39371026,USD,UN Comtrade 공개 API,2026-09-30
2025-02,수입시장,수입액,미국|300249|376|이스라엘,26013,USD,UN Comtrade 공개 API,2026-09-30
2025-02,수입시장,수입액,미국|300249|36|호주,44279,USD,UN Comtrade 공개 API,2026-09-30
2025-02,수입시장,수입액,미국|300249|203|체코,468404,USD,UN Comtrade 공개 API,2026-09-30
2025-02,수입시장,수입액,미국|300249|208|덴마크,3797174,USD,UN Comtrade 공개 API,2026-09-30
2025-02,수입시장,수입액,미국|300249|246|핀란드,522984,USD,UN Comtrade 공개 API,2026-09-30
2025-02,수입시장,수입액,미국|300249|372|아일랜드,202984,USD,UN Comtrade 공개 API,2026-09-30
2025-02,수입시장,수입액,미국|300249|32|아르헨티나,118690,USD,UN Comtrade 공개 API,2026-09-30
2025-02,수입시장,수입액,미국|300249|858|858,269760,USD,UN Comtrade 공개 API,2026-09-30
2025-02,수입시장,수입액,미국|300249|528|네덜란드,2650473,USD,UN Comtrade 공개 API,2026-09-30
2025-02,수입시장,수입액,미국|300249|724|스페인,469754,USD,UN Comtrade 공개 API,2026-09-30
2025-02,수입시장,수입액,미국|300249|410|한국,2749378,USD,UN Comtrade 공개 API,2026-09-30
2025-02,수입시장,수입액,미국|300249|251|프랑스,1286805,USD,UN Comtrade 공개 API,2026-09-30
2025-02,수입시장,수입액,미국|300249|826|영국,2856996,USD,UN Comtrade 공개 API,2026-09-30
2025-02,수입시장,수입액,미국|300249|380|이탈리아,189296,USD,UN Comtrade 공개 API,2026-09-30
2025-02,수입시장,수입액,미국|300249|392|일본,235310,USD,UN Comtrade 공개 API,2026-09-30
2025-02,수입시장,수입액,미국|300249|276|독일,13501792,USD,UN Comtrade 공개 API,2026-09-30
2025-02,수입시장,수입액,미국|300249|699|인도,600826,USD,UN Comtrade 공개 API,2026-09-30
2025-02,수입시장,수입액,미국|300249|124|캐나다,2961811,USD,UN Comtrade 공개 API,2026-09-30
2025-02,수입시장,수입액,미국|300249|156|중국,1301076,USD,UN Comtrade 공개 API,2026-09-30
2025-03,수입시장,수입액,미국|3304|116|캄보디아,652006,USD,UN Comtrade 공개 API,2026-09-30
2025-03,수입시장,수입액,미국|3304|50|방글라데시,22773,USD,UN Comtrade 공개 API,2026-09-30
2025-03,수입시장,수입액,미국|3304|858|858,174183,USD,UN Comtrade 공개 API,2026-09-30
2025-03,수입시장,수입액,미국|3304|807|807,4534,USD,UN Comtrade 공개 API,2026-09-30
2025-03,수입시장,수입액,미국|3304|818|이집트,3950,USD,UN Comtrade 공개 API,2026-09-30
2025-03,수입시장,수입액,미국|3304|768|768,288554,USD,UN Comtrade 공개 API,2026-09-30
2025-03,수입시장,수입액,미국|3304|705|슬로베니아,134145,USD,UN Comtrade 공개 API,2026-09-30
2025-03,수입시장,수입액,미국|3304|703|슬로바키아,8199,USD,UN Comtrade 공개 API,2026-09-30
2025-03,수입시장,수입액,미국|3304|586|파키스탄,84051,USD,UN Comtrade 공개 API,2026-09-30
2025-03,수입시장,수입액,미국|3304|548|548,8600,USD,UN Comtrade 공개 API,2026-09-30
2025-03,수입시장,수입액,미국|3304|496|몽골,3265,USD,UN Comtrade 공개 API,2026-09-30
2025-03,수입시장,수입액,미국|3304|499|499,3758,USD,UN Comtrade 공개 API,2026-09-30
2025-03,수입시장,수입액,미국|3304|504|504,24937,USD,UN Comtrade 공개 API,2026-09-30
2025-03,수입시장,수입액,미국|3304|440|리투아니아,278571,USD,UN Comtrade 공개 API,2026-09-30
2025-03,수입시장,수입액,미국|3304|442|룩셈부르크,1455506,USD,UN Comtrade 공개 API,2026-09-30
2025-03,수입시장,수입액,미국|3304|400|요르단,9728,USD,UN Comtrade 공개 API,2026-09-30
2025-03,수입시장,수입액,미국|3304|404|404,33131,USD,UN Comtrade 공개 API,2026-09-30
2025-03,수입시장,수입액,미국|3304|384|384,245011,USD,UN Comtrade 공개 API,2026-09-30
2025-03,수입시장,수입액,미국|3304|388|388,33767,USD,UN Comtrade 공개 API,2026-09-30
2025-03,수입시장,수입액,미국|3304|344|홍콩,150425,USD,UN Comtrade 공개 API,2026-09-30
2025-03,수입시장,수입액,미국|3304|288|288,160480,USD,UN Comtrade 공개 API,2026-09-30
2025-03,수입시장,수입액,미국|3304|320|320,43691,USD,UN Comtrade 공개 API,2026-09-30
2025-03,수입시장,수입액,미국|3304|332|332,7889,USD,UN Comtrade 공개 API,2026-09-30
2025-03,수입시장,수입액,미국|3304|258|258,24529,USD,UN Comtrade 공개 API,2026-09-30
2025-03,수입시장,수입액,미국|3304|268|조지아,77114,USD,UN Comtrade 공개 API,2026-09-30
2025-03,수입시장,수입액,미국|3304|218|218,34120,USD,UN Comtrade 공개 API,2026-09-30
2025-03,수입시장,수입액,미국|3304|231|231,4371,USD,UN Comtrade 공개 API,2026-09-30
2025-03,수입시장,수입액,미국|3304|233|에스토니아,6083,USD,UN Comtrade 공개 API,2026-09-30
2025-03,수입시장,수입액,미국|3304|100|불가리아,225703,USD,UN Comtrade 공개 API,2026-09-30
2025-03,수입시장,수입액,미국|3304|804|우크라이나,58580,USD,UN Comtrade 공개 API,2026-09-30
2025-03,수입시장,수입액,미국|3304|566|나이지리아,19607,USD,UN Comtrade 공개 API,2026-09-30
2025-03,수입시장,수입액,미국|3304|422|레바논,3833,USD,UN Comtrade 공개 API,2026-09-30
2025-03,수입시장,수입액,미국|3304|428|라트비아,2932,USD,UN Comtrade 공개 API,2026-09-30
2025-03,수입시장,수입액,미국|3304|352|352,181803,USD,UN Comtrade 공개 API,2026-09-30
2025-03,수입시장,수입액,미국|3304|144|스리랑카,95042,USD,UN Comtrade 공개 API,2026-09-30
2025-03,수입시장,수입액,미국|3304|784|UAE,426055,USD,UN Comtrade 공개 API,2026-09-30
2025-03,수입시장,수입액,미국|3304|32|아르헨티나,286094,USD,UN Comtrade 공개 API,2026-09-30
2025-03,수입시장,수입액,미국|3304|300|그리스,2642889,USD,UN Comtrade 공개 API,2026-09-30
2025-03,수입시장,수입액,미국|3304|608|필리핀,107746,USD,UN Comtrade 공개 API,2026-09-30
2025-03,수입시장,수입액,미국|3304|214|214,53940,USD,UN Comtrade 공개 API,2026-09-30
2025-03,수입시장,수입액,미국|3304|348|헝가리,3368698,USD,UN Comtrade 공개 API,2026-09-30
2025-03,수입시장,수입액,미국|3304|710|남아공,1409645,USD,UN Comtrade 공개 API,2026-09-30
2025-03,수입시장,수입액,미국|3304|554|뉴질랜드,1413137,USD,UN Comtrade 공개 API,2026-09-30
2025-03,수입시장,수입액,미국|3304|702|싱가포르,987785,USD,UN Comtrade 공개 API,2026-09-30
2025-03,수입시장,수입액,미국|3304|372|아일랜드,2953477,USD,UN Comtrade 공개 API,2026-09-30
2025-03,수입시장,수입액,미국|3304|246|핀란드,6197,USD,UN Comtrade 공개 API,2026-09-30
2025-03,수입시장,수입액,미국|3304|620|포르투갈,25059,USD,UN Comtrade 공개 API,2026-09-30
2025-03,수입시장,수입액,미국|3304|203|체코,1609016,USD,UN Comtrade 공개 API,2026-09-30
2025-03,수입시장,수입액,미국|3304|208|덴마크,14980,USD,UN Comtrade 공개 API,2026-09-30
2025-03,수입시장,수입액,미국|3304|170|콜롬비아,4315434,USD,UN Comtrade 공개 API,2026-09-30
2025-03,수입시장,수입액,미국|3304|360|인도네시아,410346,USD,UN Comtrade 공개 API,2026-09-30
2025-03,수입시장,수입액,미국|3304|752|스웨덴,16635207,USD,UN Comtrade 공개 API,2026-09-30
2025-03,수입시장,수입액,미국|3304|376|이스라엘,2796610,USD,UN Comtrade 공개 API,2026-09-30
2025-03,수입시장,수입액,미국|3304|458|말레이시아,209990,USD,UN Comtrade 공개 API,2026-09-30
2025-03,수입시장,수입액,미국|3304|36|호주,3562142,USD,UN Comtrade 공개 API,2026-09-30
2025-03,수입시장,수입액,미국|3304|40|오스트리아,73389,USD,UN Comtrade 공개 API,2026-09-30
2025-03,수입시장,수입액,미국|3304|757|스위스,9036749,USD,UN Comtrade 공개 API,2026-09-30
2025-03,수입시장,수입액,미국|3304|616|폴란드,3799226,USD,UN Comtrade 공개 API,2026-09-30
2025-03,수입시장,수입액,미국|3304|764|태국,2071341,USD,UN Comtrade 공개 API,2026-09-30
2025-03,수입시장,수입액,미국|3304|704|베트남,2226073,USD,UN Comtrade 공개 API,2026-09-30
2025-03,수입시장,수입액,미국|3304|792|튀르키예,2327741,USD,UN Comtrade 공개 API,2026-09-30
2025-03,수입시장,수입액,미국|3304|56|벨기에,5768154,USD,UN Comtrade 공개 API,2026-09-30
2025-03,수입시장,수입액,미국|3304|76|브라질,268409,USD,UN Comtrade 공개 API,2026-09-30
2025-03,수입시장,수입액,미국|3304|528|네덜란드,300990,USD,UN Comtrade 공개 API,2026-09-30
2025-03,수입시장,수입액,미국|3304|490|대만,9433202,USD,UN Comtrade 공개 API,2026-09-30
2025-03,수입시장,수입액,미국|3304|724|스페인,5826700,USD,UN Comtrade 공개 API,2026-09-30
2025-03,수입시장,수입액,미국|3304|826|영국,23176466,USD,UN Comtrade 공개 API,2026-09-30
2025-03,수입시장,수입액,미국|3304|410|한국,143193520,USD,UN Comtrade 공개 API,2026-09-30
2025-03,수입시장,수입액,미국|3304|251|프랑스,102093253,USD,UN Comtrade 공개 API,2026-09-30
2025-03,수입시장,수입액,미국|3304|380|이탈리아,88710196,USD,UN Comtrade 공개 API,2026-09-30
2025-03,수입시장,수입액,미국|3304|392|일본,17424512,USD,UN Comtrade 공개 API,2026-09-30
2025-03,수입시장,수입액,미국|3304|276|독일,17586916,USD,UN Comtrade 공개 API,2026-09-30
2025-03,수입시장,수입액,미국|3304|699|인도,6568177,USD,UN Comtrade 공개 API,2026-09-30
2025-03,수입시장,수입액,미국|3304|156|중국,46014458,USD,UN Comtrade 공개 API,2026-09-30
2025-03,수입시장,수입액,미국|3304|484|멕시코,24364478,USD,UN Comtrade 공개 API,2026-09-30
2025-03,수입시장,수입액,미국|3304|124|캐나다,99591985,USD,UN Comtrade 공개 API,2026-09-30
2025-03,수입시장,수입액,미국|3304|0|전체,657655253,USD,UN Comtrade 공개 API,2026-09-30
2025-03,수입시장,수입액,미국|300249|0|전체,136086167,USD,UN Comtrade 공개 API,2026-09-30
2025-03,수입시장,수입액,미국|300249|56|벨기에,4503671,USD,UN Comtrade 공개 API,2026-09-30
2025-03,수입시장,수입액,미국|300249|757|스위스,3949397,USD,UN Comtrade 공개 API,2026-09-30
2025-03,수입시장,수입액,미국|300249|40|오스트리아,29667,USD,UN Comtrade 공개 API,2026-09-30
2025-03,수입시장,수입액,미국|300249|752|스웨덴,92571005,USD,UN Comtrade 공개 API,2026-09-30
2025-03,수입시장,수입액,미국|300249|376|이스라엘,6020,USD,UN Comtrade 공개 API,2026-09-30
2025-03,수입시장,수입액,미국|300249|36|호주,67171,USD,UN Comtrade 공개 API,2026-09-30
2025-03,수입시장,수입액,미국|300249|208|덴마크,6229223,USD,UN Comtrade 공개 API,2026-09-30
2025-03,수입시장,수입액,미국|300249|246|핀란드,17541,USD,UN Comtrade 공개 API,2026-09-30
2025-03,수입시장,수입액,미국|300249|372|아일랜드,107843,USD,UN Comtrade 공개 API,2026-09-30
2025-03,수입시장,수입액,미국|300249|233|에스토니아,77848,USD,UN Comtrade 공개 API,2026-09-30
2025-03,수입시장,수입액,미국|300249|858|858,116917,USD,UN Comtrade 공개 API,2026-09-30
2025-03,수입시장,수입액,미국|300249|528|네덜란드,214739,USD,UN Comtrade 공개 API,2026-09-30
2025-03,수입시장,수입액,미국|300249|724|스페인,96158,USD,UN Comtrade 공개 API,2026-09-30
2025-03,수입시장,수입액,미국|300249|826|영국,1765698,USD,UN Comtrade 공개 API,2026-09-30
2025-03,수입시장,수입액,미국|300249|251|프랑스,1392667,USD,UN Comtrade 공개 API,2026-09-30
2025-03,수입시장,수입액,미국|300249|410|한국,8191132,USD,UN Comtrade 공개 API,2026-09-30
2025-03,수입시장,수입액,미국|300249|380|이탈리아,987803,USD,UN Comtrade 공개 API,2026-09-30
2025-03,수입시장,수입액,미국|300249|699|인도,3880757,USD,UN Comtrade 공개 API,2026-09-30
2025-03,수입시장,수입액,미국|300249|276|독일,4235327,USD,UN Comtrade 공개 API,2026-09-30
2025-03,수입시장,수입액,미국|300249|156|중국,1872889,USD,UN Comtrade 공개 API,2026-09-30
2025-03,수입시장,수입액,미국|300249|124|캐나다,5722593,USD,UN Comtrade 공개 API,2026-09-30
2025-03,수입시장,수입액,미국|300249|392|일본,50101,USD,UN Comtrade 공개 API,2026-09-30
2025-04,수입시장,수입액,미국|3304|818|이집트,8600,USD,UN Comtrade 공개 API,2026-09-30
2025-04,수입시장,수입액,미국|3304|442|룩셈부르크,3781172,USD,UN Comtrade 공개 API,2026-09-30
2025-04,수입시장,수입액,미국|3304|422|레바논,86834,USD,UN Comtrade 공개 API,2026-09-30
2025-04,수입시장,수입액,미국|3304|428|라트비아,94271,USD,UN Comtrade 공개 API,2026-09-30
2025-04,수입시장,수입액,미국|3304|440|리투아니아,141694,USD,UN Comtrade 공개 API,2026-09-30
2025-04,수입시장,수입액,미국|3304|408|408,138903,USD,UN Comtrade 공개 API,2026-09-30
2025-04,수입시장,수입액,미국|3304|384|384,149978,USD,UN Comtrade 공개 API,2026-09-30
2025-04,수입시장,수입액,미국|3304|352|352,208334,USD,UN Comtrade 공개 API,2026-09-30
2025-04,수입시장,수입액,미국|3304|344|홍콩,97585,USD,UN Comtrade 공개 API,2026-09-30
2025-04,수입시장,수입액,미국|3304|320|320,21135,USD,UN Comtrade 공개 API,2026-09-30
2025-04,수입시장,수입액,미국|3304|332|332,14396,USD,UN Comtrade 공개 API,2026-09-30
2025-04,수입시장,수입액,미국|3304|288|288,77486,USD,UN Comtrade 공개 API,2026-09-30
2025-04,수입시장,수입액,미국|3304|218|218,57236,USD,UN Comtrade 공개 API,2026-09-30
2025-04,수입시장,수입액,미국|3304|705|슬로베니아,54136,USD,UN Comtrade 공개 API,2026-09-30
2025-04,수입시장,수입액,미국|3304|566|나이지리아,3458,USD,UN Comtrade 공개 API,2026-09-30
2025-04,수입시장,수입액,미국|3304|531|531,6462,USD,UN Comtrade 공개 API,2026-09-30
2025-04,수입시장,수입액,미국|3304|533|533,97657,USD,UN Comtrade 공개 API,2026-09-30
2025-04,수입시장,수입액,미국|3304|144|스리랑카,189201,USD,UN Comtrade 공개 API,2026-09-30
2025-04,수입시장,수입액,미국|3304|50|방글라데시,15455,USD,UN Comtrade 공개 API,2026-09-30
2025-04,수입시장,수입액,미국|3304|100|불가리아,106110,USD,UN Comtrade 공개 API,2026-09-30
2025-04,수입시장,수입액,미국|3304|116|캄보디아,454349,USD,UN Comtrade 공개 API,2026-09-30
2025-04,수입시장,수입액,미국|3304|496|몽골,6050,USD,UN Comtrade 공개 API,2026-09-30
2025-04,수입시장,수입액,미국|3304|504|504,29734,USD,UN Comtrade 공개 API,2026-09-30
2025-04,수입시장,수입액,미국|3304|516|516,182320,USD,UN Comtrade 공개 API,2026-09-30
2025-04,수입시장,수입액,미국|3304|233|에스토니아,2502,USD,UN Comtrade 공개 API,2026-09-30
2025-04,수입시장,수입액,미국|3304|242|242,172273,USD,UN Comtrade 공개 API,2026-09-30
2025-04,수입시장,수입액,미국|3304|643|러시아,6307,USD,UN Comtrade 공개 API,2026-09-30
2025-04,수입시장,수입액,미국|3304|862|862,15275,USD,UN Comtrade 공개 API,2026-09-30
2025-04,수입시장,수입액,미국|3304|800|800,12601,USD,UN Comtrade 공개 API,2026-09-30
2025-04,수입시장,수입액,미국|3304|768|768,8971,USD,UN Comtrade 공개 API,2026-09-30
2025-04,수입시장,수입액,미국|3304|784|UAE,402774,USD,UN Comtrade 공개 API,2026-09-30
2025-04,수입시장,수입액,미국|3304|804|우크라이나,30380,USD,UN Comtrade 공개 API,2026-09-30
2025-04,수입시장,수입액,미국|3304|608|필리핀,51836,USD,UN Comtrade 공개 API,2026-09-30
2025-04,수입시장,수입액,미국|3304|214|214,200212,USD,UN Comtrade 공개 API,2026-09-30
2025-04,수입시장,수입액,미국|3304|32|아르헨티나,61667,USD,UN Comtrade 공개 API,2026-09-30
2025-04,수입시장,수입액,미국|3304|348|헝가리,1513560,USD,UN Comtrade 공개 API,2026-09-30
2025-04,수입시장,수입액,미국|3304|300|그리스,5683153,USD,UN Comtrade 공개 API,2026-09-30
2025-04,수입시장,수입액,미국|3304|554|뉴질랜드,2008690,USD,UN Comtrade 공개 API,2026-09-30
2025-04,수입시장,수입액,미국|3304|372|아일랜드,3981388,USD,UN Comtrade 공개 API,2026-09-30
2025-04,수입시장,수입액,미국|3304|710|남아공,2288591,USD,UN Comtrade 공개 API,2026-09-30
2025-04,수입시장,수입액,미국|3304|702|싱가포르,162629,USD,UN Comtrade 공개 API,2026-09-30
2025-04,수입시장,수입액,미국|3304|620|포르투갈,212262,USD,UN Comtrade 공개 API,2026-09-30
2025-04,수입시장,수입액,미국|3304|203|체코,1086684,USD,UN Comtrade 공개 API,2026-09-30
2025-04,수입시장,수입액,미국|3304|170|콜롬비아,4654231,USD,UN Comtrade 공개 API,2026-09-30
2025-04,수입시장,수입액,미국|3304|208|덴마크,150306,USD,UN Comtrade 공개 API,2026-09-30
2025-04,수입시장,수입액,미국|3304|752|스웨덴,1948629,USD,UN Comtrade 공개 API,2026-09-30
2025-04,수입시장,수입액,미국|3304|36|호주,4137859,USD,UN Comtrade 공개 API,2026-09-30
2025-04,수입시장,수입액,미국|3304|376|이스라엘,4320488,USD,UN Comtrade 공개 API,2026-09-30
2025-04,수입시장,수입액,미국|3304|360|인도네시아,6817,USD,UN Comtrade 공개 API,2026-09-30
2025-04,수입시장,수입액,미국|3304|458|말레이시아,342883,USD,UN Comtrade 공개 API,2026-09-30
2025-04,수입시장,수입액,미국|3304|757|스위스,8198880,USD,UN Comtrade 공개 API,2026-09-30
2025-04,수입시장,수입액,미국|3304|40|오스트리아,104630,USD,UN Comtrade 공개 API,2026-09-30
2025-04,수입시장,수입액,미국|3304|616|폴란드,4227154,USD,UN Comtrade 공개 API,2026-09-30
2025-04,수입시장,수입액,미국|3304|764|태국,1957837,USD,UN Comtrade 공개 API,2026-09-30
2025-04,수입시장,수입액,미국|3304|56|벨기에,5700303,USD,UN Comtrade 공개 API,2026-09-30
2025-04,수입시장,수입액,미국|3304|704|베트남,1967046,USD,UN Comtrade 공개 API,2026-09-30
2025-04,수입시장,수입액,미국|3304|792|튀르키예,2558727,USD,UN Comtrade 공개 API,2026-09-30
2025-04,수입시장,수입액,미국|3304|490|대만,9043199,USD,UN Comtrade 공개 API,2026-09-30
2025-04,수입시장,수입액,미국|3304|76|브라질,219728,USD,UN Comtrade 공개 API,2026-09-30
2025-04,수입시장,수입액,미국|3304|528|네덜란드,948909,USD,UN Comtrade 공개 API,2026-09-30
2025-04,수입시장,수입액,미국|3304|410|한국,141824813,USD,UN Comtrade 공개 API,2026-09-30
2025-04,수입시장,수입액,미국|3304|724|스페인,7920524,USD,UN Comtrade 공개 API,2026-09-30
2025-04,수입시장,수입액,미국|3304|826|영국,19061282,USD,UN Comtrade 공개 API,2026-09-30
2025-04,수입시장,수입액,미국|3304|392|일본,17916203,USD,UN Comtrade 공개 API,2026-09-30
2025-04,수입시장,수입액,미국|3304|251|프랑스,116212603,USD,UN Comtrade 공개 API,2026-09-30
2025-04,수입시장,수입액,미국|3304|380|이탈리아,75537525,USD,UN Comtrade 공개 API,2026-09-30
2025-04,수입시장,수입액,미국|3304|276|독일,19504778,USD,UN Comtrade 공개 API,2026-09-30
2025-04,수입시장,수입액,미국|3304|699|인도,7479022,USD,UN Comtrade 공개 API,2026-09-30
2025-04,수입시장,수입액,미국|3304|484|멕시코,24166176,USD,UN Comtrade 공개 API,2026-09-30
2025-04,수입시장,수입액,미국|3304|156|중국,40928353,USD,UN Comtrade 공개 API,2026-09-30
2025-04,수입시장,수입액,미국|3304|124|캐나다,84055107,USD,UN Comtrade 공개 API,2026-09-30
2025-04,수입시장,수입액,미국|3304|400|요르단,4783,USD,UN Comtrade 공개 API,2026-09-30
2025-04,수입시장,수입액,미국|3304|0|전체,629023106,USD,UN Comtrade 공개 API,2026-09-30
2025-04,수입시장,수입액,미국|300249|0|전체,85172716,USD,UN Comtrade 공개 API,2026-09-30
2025-04,수입시장,수입액,미국|300249|56|벨기에,3915345,USD,UN Comtrade 공개 API,2026-09-30
2025-04,수입시장,수입액,미국|300249|757|스위스,9602272,USD,UN Comtrade 공개 API,2026-09-30
2025-04,수입시장,수입액,미국|300249|40|오스트리아,2017566,USD,UN Comtrade 공개 API,2026-09-30
2025-04,수입시장,수입액,미국|300249|752|스웨덴,21297153,USD,UN Comtrade 공개 API,2026-09-30
2025-04,수입시장,수입액,미국|300249|376|이스라엘,18989,USD,UN Comtrade 공개 API,2026-09-30
2025-04,수입시장,수입액,미국|300249|36|호주,292476,USD,UN Comtrade 공개 API,2026-09-30
2025-04,수입시장,수입액,미국|300249|208|덴마크,3328455,USD,UN Comtrade 공개 API,2026-09-30
2025-04,수입시장,수입액,미국|300249|372|아일랜드,163960,USD,UN Comtrade 공개 API,2026-09-30
2025-04,수입시장,수입액,미국|300249|702|싱가포르,79110,USD,UN Comtrade 공개 API,2026-09-30
2025-04,수입시장,수입액,미국|300249|554|뉴질랜드,80821,USD,UN Comtrade 공개 API,2026-09-30
2025-04,수입시장,수입액,미국|300249|32|아르헨티나,132972,USD,UN Comtrade 공개 API,2026-09-30
2025-04,수입시장,수입액,미국|300249|858|858,2980,USD,UN Comtrade 공개 API,2026-09-30
2025-04,수입시장,수입액,미국|300249|528|네덜란드,257208,USD,UN Comtrade 공개 API,2026-09-30
2025-04,수입시장,수입액,미국|300249|490|대만,194312,USD,UN Comtrade 공개 API,2026-09-30
2025-04,수입시장,수입액,미국|300249|826|영국,479863,USD,UN Comtrade 공개 API,2026-09-30
2025-04,수입시장,수입액,미국|300249|410|한국,16320878,USD,UN Comtrade 공개 API,2026-09-30
2025-04,수입시장,수입액,미국|300249|251|프랑스,3737518,USD,UN Comtrade 공개 API,2026-09-30
2025-04,수입시장,수입액,미국|300249|380|이탈리아,2343016,USD,UN Comtrade 공개 API,2026-09-30
2025-04,수입시장,수입액,미국|300249|392|일본,539560,USD,UN Comtrade 공개 API,2026-09-30
2025-04,수입시장,수입액,미국|300249|276|독일,13144234,USD,UN Comtrade 공개 API,2026-09-30
2025-04,수입시장,수입액,미국|300249|699|인도,1637216,USD,UN Comtrade 공개 API,2026-09-30
2025-04,수입시장,수입액,미국|300249|124|캐나다,3941373,USD,UN Comtrade 공개 API,2026-09-30
2025-04,수입시장,수입액,미국|300249|156|중국,1645439,USD,UN Comtrade 공개 API,2026-09-30
2025-05,수입시장,수입액,미국|3304|218|218,20235,USD,UN Comtrade 공개 API,2026-09-30
2025-05,수입시장,수입액,미국|3304|834|834,12880,USD,UN Comtrade 공개 API,2026-09-30
2025-05,수입시장,수입액,미국|3304|100|불가리아,145225,USD,UN Comtrade 공개 API,2026-09-30
2025-05,수입시장,수입액,미국|3304|288|288,120491,USD,UN Comtrade 공개 API,2026-09-30
2025-05,수입시장,수입액,미국|3304|422|레바논,122172,USD,UN Comtrade 공개 API,2026-09-30
2025-05,수입시장,수입액,미국|3304|440|리투아니아,6615,USD,UN Comtrade 공개 API,2026-09-30
2025-05,수입시장,수입액,미국|3304|586|파키스탄,43901,USD,UN Comtrade 공개 API,2026-09-30
2025-05,수입시장,수입액,미국|3304|642|루마니아,37207,USD,UN Comtrade 공개 API,2026-09-30
2025-05,수입시장,수입액,미국|3304|776|776,3889,USD,UN Comtrade 공개 API,2026-09-30
2025-05,수입시장,수입액,미국|3304|352|352,76657,USD,UN Comtrade 공개 API,2026-09-30
2025-05,수입시장,수입액,미국|3304|320|320,4366,USD,UN Comtrade 공개 API,2026-09-30
2025-05,수입시장,수입액,미국|3304|807|807,2594,USD,UN Comtrade 공개 API,2026-09-30
2025-05,수입시장,수입액,미국|3304|332|332,16263,USD,UN Comtrade 공개 API,2026-09-30
2025-05,수입시장,수입액,미국|3304|191|크로아티아,10088,USD,UN Comtrade 공개 API,2026-09-30
2025-05,수입시장,수입액,미국|3304|428|라트비아,45265,USD,UN Comtrade 공개 API,2026-09-30
2025-05,수입시장,수입액,미국|3304|116|캄보디아,493553,USD,UN Comtrade 공개 API,2026-09-30
2025-05,수입시장,수입액,미국|3304|643|러시아,2898,USD,UN Comtrade 공개 API,2026-09-30
2025-05,수입시장,수입액,미국|3304|788|788,38904,USD,UN Comtrade 공개 API,2026-09-30
2025-05,수입시장,수입액,미국|3304|442|룩셈부르크,236999,USD,UN Comtrade 공개 API,2026-09-30
2025-05,수입시장,수입액,미국|3304|258|258,57147,USD,UN Comtrade 공개 API,2026-09-30
2025-05,수입시장,수입액,미국|3304|388|388,34426,USD,UN Comtrade 공개 API,2026-09-30
2025-05,수입시장,수입액,미국|3304|566|나이지리아,123750,USD,UN Comtrade 공개 API,2026-09-30
2025-05,수입시장,수입액,미국|3304|533|533,47848,USD,UN Comtrade 공개 API,2026-09-30
2025-05,수입시장,수입액,미국|3304|222|222,6821,USD,UN Comtrade 공개 API,2026-09-30
2025-05,수입시장,수입액,미국|3304|504|504,97330,USD,UN Comtrade 공개 API,2026-09-30
2025-05,수입시장,수입액,미국|3304|8|8,14778,USD,UN Comtrade 공개 API,2026-09-30
2025-05,수입시장,수입액,미국|3304|50|방글라데시,13535,USD,UN Comtrade 공개 API,2026-09-30
2025-05,수입시장,수입액,미국|3304|480|480,13701,USD,UN Comtrade 공개 API,2026-09-30
2025-05,수입시장,수입액,미국|3304|705|슬로베니아,115534,USD,UN Comtrade 공개 API,2026-09-30
2025-05,수입시장,수입액,미국|3304|398|카자흐스탄,4157,USD,UN Comtrade 공개 API,2026-09-30
2025-05,수입시장,수입액,미국|3304|344|홍콩,284300,USD,UN Comtrade 공개 API,2026-09-30
2025-05,수입시장,수입액,미국|3304|384|384,158115,USD,UN Comtrade 공개 API,2026-09-30
2025-05,수입시장,수입액,미국|3304|233|에스토니아,16859,USD,UN Comtrade 공개 API,2026-09-30
2025-05,수입시장,수입액,미국|3304|804|우크라이나,42536,USD,UN Comtrade 공개 API,2026-09-30
2025-05,수입시장,수입액,미국|3304|348|헝가리,1134017,USD,UN Comtrade 공개 API,2026-09-30
2025-05,수입시장,수입액,미국|3304|608|필리핀,12329,USD,UN Comtrade 공개 API,2026-09-30
2025-05,수입시장,수입액,미국|3304|32|아르헨티나,50692,USD,UN Comtrade 공개 API,2026-09-30
2025-05,수입시장,수입액,미국|3304|702|싱가포르,304353,USD,UN Comtrade 공개 API,2026-09-30
2025-05,수입시장,수입액,미국|3304|300|그리스,1921345,USD,UN Comtrade 공개 API,2026-09-30
2025-05,수입시장,수입액,미국|3304|784|UAE,409268,USD,UN Comtrade 공개 API,2026-09-30
2025-05,수입시장,수입액,미국|3304|214|214,1494453,USD,UN Comtrade 공개 API,2026-09-30
2025-05,수입시장,수입액,미국|3304|620|포르투갈,157906,USD,UN Comtrade 공개 API,2026-09-30
2025-05,수입시장,수입액,미국|3304|372|아일랜드,2562619,USD,UN Comtrade 공개 API,2026-09-30
2025-05,수입시장,수입액,미국|3304|554|뉴질랜드,1061346,USD,UN Comtrade 공개 API,2026-09-30
2025-05,수입시장,수입액,미국|3304|710|남아공,5263462,USD,UN Comtrade 공개 API,2026-09-30
2025-05,수입시장,수입액,미국|3304|203|체코,1350622,USD,UN Comtrade 공개 API,2026-09-30
2025-05,수입시장,수입액,미국|3304|170|콜롬비아,4128876,USD,UN Comtrade 공개 API,2026-09-30
2025-05,수입시장,수입액,미국|3304|208|덴마크,22901,USD,UN Comtrade 공개 API,2026-09-30
2025-05,수입시장,수입액,미국|3304|376|이스라엘,2446402,USD,UN Comtrade 공개 API,2026-09-30
2025-05,수입시장,수입액,미국|3304|752|스웨덴,6726716,USD,UN Comtrade 공개 API,2026-09-30
2025-05,수입시장,수입액,미국|3304|360|인도네시아,212597,USD,UN Comtrade 공개 API,2026-09-30
2025-05,수입시장,수입액,미국|3304|458|말레이시아,305773,USD,UN Comtrade 공개 API,2026-09-30
2025-05,수입시장,수입액,미국|3304|36|호주,4941074,USD,UN Comtrade 공개 API,2026-09-30
2025-05,수입시장,수입액,미국|3304|40|오스트리아,92620,USD,UN Comtrade 공개 API,2026-09-30
2025-05,수입시장,수입액,미국|3304|757|스위스,5924955,USD,UN Comtrade 공개 API,2026-09-30
2025-05,수입시장,수입액,미국|3304|616|폴란드,3984993,USD,UN Comtrade 공개 API,2026-09-30
2025-05,수입시장,수입액,미국|3304|764|태국,2353818,USD,UN Comtrade 공개 API,2026-09-30
2025-05,수입시장,수입액,미국|3304|704|베트남,2298175,USD,UN Comtrade 공개 API,2026-09-30
2025-05,수입시장,수입액,미국|3304|56|벨기에,5672612,USD,UN Comtrade 공개 API,2026-09-30
2025-05,수입시장,수입액,미국|3304|792|튀르키예,1559122,USD,UN Comtrade 공개 API,2026-09-30
2025-05,수입시장,수입액,미국|3304|76|브라질,296225,USD,UN Comtrade 공개 API,2026-09-30
2025-05,수입시장,수입액,미국|3304|528|네덜란드,170197,USD,UN Comtrade 공개 API,2026-09-30
2025-05,수입시장,수입액,미국|3304|490|대만,10351717,USD,UN Comtrade 공개 API,2026-09-30
2025-05,수입시장,수입액,미국|3304|724|스페인,4893979,USD,UN Comtrade 공개 API,2026-09-30
2025-05,수입시장,수입액,미국|3304|826|영국,17255073,USD,UN Comtrade 공개 API,2026-09-30
2025-05,수입시장,수입액,미국|3304|392|일본,12878351,USD,UN Comtrade 공개 API,2026-09-30
2025-05,수입시장,수입액,미국|3304|410|한국,192561010,USD,UN Comtrade 공개 API,2026-09-30
2025-05,수입시장,수입액,미국|3304|251|프랑스,76614341,USD,UN Comtrade 공개 API,2026-09-30
2025-05,수입시장,수입액,미국|3304|380|이탈리아,69188988,USD,UN Comtrade 공개 API,2026-09-30
2025-05,수입시장,수입액,미국|3304|276|독일,16390573,USD,UN Comtrade 공개 API,2026-09-30
2025-05,수입시장,수입액,미국|3304|156|중국,32853248,USD,UN Comtrade 공개 API,2026-09-30
2025-05,수입시장,수입액,미국|3304|699|인도,5408534,USD,UN Comtrade 공개 API,2026-09-30
2025-05,수입시장,수입액,미국|3304|484|멕시코,25031947,USD,UN Comtrade 공개 API,2026-09-30
2025-05,수입시장,수입액,미국|3304|124|캐나다,85933597,USD,UN Comtrade 공개 API,2026-09-30
2025-05,수입시장,수입액,미국|3304|400|요르단,2473,USD,UN Comtrade 공개 API,2026-09-30
2025-05,수입시장,수입액,미국|3304|0|전체,608694338,USD,UN Comtrade 공개 API,2026-09-30
2025-05,수입시장,수입액,미국|300249|0|전체,59921480,USD,UN Comtrade 공개 API,2026-09-30
2025-05,수입시장,수입액,미국|300249|56|벨기에,5128383,USD,UN Comtrade 공개 API,2026-09-30
2025-05,수입시장,수입액,미국|300249|757|스위스,15714232,USD,UN Comtrade 공개 API,2026-09-30
2025-05,수입시장,수입액,미국|300249|36|호주,203694,USD,UN Comtrade 공개 API,2026-09-30
2025-05,수입시장,수입액,미국|300249|40|오스트리아,3925731,USD,UN Comtrade 공개 API,2026-09-30
2025-05,수입시장,수입액,미국|300249|752|스웨덴,9119575,USD,UN Comtrade 공개 API,2026-09-30
2025-05,수입시장,수입액,미국|300249|208|덴마크,3196233,USD,UN Comtrade 공개 API,2026-09-30
2025-05,수입시장,수입액,미국|300249|376|이스라엘,33349,USD,UN Comtrade 공개 API,2026-09-30
2025-05,수입시장,수입액,미국|300249|246|핀란드,30160,USD,UN Comtrade 공개 API,2026-09-30
2025-05,수입시장,수입액,미국|300249|372|아일랜드,4427019,USD,UN Comtrade 공개 API,2026-09-30
2025-05,수입시장,수입액,미국|300249|705|슬로베니아,340678,USD,UN Comtrade 공개 API,2026-09-30
2025-05,수입시장,수입액,미국|300249|858|858,44562,USD,UN Comtrade 공개 API,2026-09-30
2025-05,수입시장,수입액,미국|300249|528|네덜란드,45720,USD,UN Comtrade 공개 API,2026-09-30
2025-05,수입시장,수입액,미국|300249|724|스페인,82014,USD,UN Comtrade 공개 API,2026-09-30
2025-05,수입시장,수입액,미국|300249|826|영국,1133531,USD,UN Comtrade 공개 API,2026-09-30
2025-05,수입시장,수입액,미국|300249|251|프랑스,1573810,USD,UN Comtrade 공개 API,2026-09-30
2025-05,수입시장,수입액,미국|300249|410|한국,5457828,USD,UN Comtrade 공개 API,2026-09-30
2025-05,수입시장,수입액,미국|300249|380|이탈리아,413854,USD,UN Comtrade 공개 API,2026-09-30
2025-05,수입시장,수입액,미국|300249|276|독일,5959416,USD,UN Comtrade 공개 API,2026-09-30
2025-05,수입시장,수입액,미국|300249|699|인도,1003245,USD,UN Comtrade 공개 API,2026-09-30
2025-05,수입시장,수입액,미국|300249|156|중국,1479667,USD,UN Comtrade 공개 API,2026-09-30
2025-05,수입시장,수입액,미국|300249|124|캐나다,605056,USD,UN Comtrade 공개 API,2026-09-30
2025-05,수입시장,수입액,미국|300249|392|일본,3723,USD,UN Comtrade 공개 API,2026-09-30
2025-06,수입시장,수입액,미국|3304|533|533,4727,USD,UN Comtrade 공개 API,2026-09-30
2025-06,수입시장,수입액,미국|3304|531|531,2965,USD,UN Comtrade 공개 API,2026-09-30
2025-06,수입시장,수입액,미국|3304|320|320,16870,USD,UN Comtrade 공개 API,2026-09-30
2025-06,수입시장,수입액,미국|3304|404|404,8178,USD,UN Comtrade 공개 API,2026-09-30
2025-06,수입시장,수입액,미국|3304|270|270,22942,USD,UN Comtrade 공개 API,2026-09-30
2025-06,수입시장,수입액,미국|3304|768|768,38814,USD,UN Comtrade 공개 API,2026-09-30
2025-06,수입시장,수입액,미국|3304|800|800,4024,USD,UN Comtrade 공개 API,2026-09-30
2025-06,수입시장,수입액,미국|3304|300|그리스,2611811,USD,UN Comtrade 공개 API,2026-09-30
2025-06,수입시장,수입액,미국|3304|442|룩셈부르크,470026,USD,UN Comtrade 공개 API,2026-09-30
2025-06,수입시장,수입액,미국|3304|384|384,129562,USD,UN Comtrade 공개 API,2026-09-30
2025-06,수입시장,수입액,미국|3304|268|조지아,118640,USD,UN Comtrade 공개 API,2026-09-30
2025-06,수입시장,수입액,미국|3304|242|242,143594,USD,UN Comtrade 공개 API,2026-09-30
2025-06,수입시장,수입액,미국|3304|566|나이지리아,25662,USD,UN Comtrade 공개 API,2026-09-30
2025-06,수입시장,수입액,미국|3304|818|이집트,355379,USD,UN Comtrade 공개 API,2026-09-30
2025-06,수입시장,수입액,미국|3304|332|332,2801,USD,UN Comtrade 공개 API,2026-09-30
2025-06,수입시장,수입액,미국|3304|788|788,12220,USD,UN Comtrade 공개 API,2026-09-30
2025-06,수입시장,수입액,미국|3304|705|슬로베니아,21707,USD,UN Comtrade 공개 API,2026-09-30
2025-06,수입시장,수입액,미국|3304|887|887,2550,USD,UN Comtrade 공개 API,2026-09-30
2025-06,수입시장,수입액,미국|3304|504|504,60082,USD,UN Comtrade 공개 API,2026-09-30
2025-06,수입시장,수입액,미국|3304|288|288,50307,USD,UN Comtrade 공개 API,2026-09-30
2025-06,수입시장,수입액,미국|3304|352|352,122063,USD,UN Comtrade 공개 API,2026-09-30
2025-06,수입시장,수입액,미국|3304|100|불가리아,566387,USD,UN Comtrade 공개 API,2026-09-30
2025-06,수입시장,수입액,미국|3304|591|591,10448,USD,UN Comtrade 공개 API,2026-09-30
2025-06,수입시장,수입액,미국|3304|428|라트비아,70725,USD,UN Comtrade 공개 API,2026-09-30
2025-06,수입시장,수입액,미국|3304|188|188,125703,USD,UN Comtrade 공개 API,2026-09-30
2025-06,수입시장,수입액,미국|3304|344|홍콩,546303,USD,UN Comtrade 공개 API,2026-09-30
2025-06,수입시장,수입액,미국|3304|116|캄보디아,776942,USD,UN Comtrade 공개 API,2026-09-30
2025-06,수입시장,수입액,미국|3304|388|388,5404,USD,UN Comtrade 공개 API,2026-09-30
2025-06,수입시장,수입액,미국|3304|218|218,9584,USD,UN Comtrade 공개 API,2026-09-30
2025-06,수입시장,수입액,미국|3304|258|258,20564,USD,UN Comtrade 공개 API,2026-09-30
2025-06,수입시장,수입액,미국|3304|682|사우디,8860,USD,UN Comtrade 공개 API,2026-09-30
2025-06,수입시장,수입액,미국|3304|807|807,8335,USD,UN Comtrade 공개 API,2026-09-30
2025-06,수입시장,수입액,미국|3304|233|에스토니아,9018,USD,UN Comtrade 공개 API,2026-09-30
2025-06,수입시장,수입액,미국|3304|144|스리랑카,191257,USD,UN Comtrade 공개 API,2026-09-30
2025-06,수입시장,수입액,미국|3304|50|방글라데시,26837,USD,UN Comtrade 공개 API,2026-09-30
2025-06,수입시장,수입액,미국|3304|191|크로아티아,9375,USD,UN Comtrade 공개 API,2026-09-30
2025-06,수입시장,수입액,미국|3304|688|세르비아,17050,USD,UN Comtrade 공개 API,2026-09-30
2025-06,수입시장,수입액,미국|3304|804|우크라이나,47156,USD,UN Comtrade 공개 API,2026-09-30
2025-06,수입시장,수입액,미국|3304|214|214,762442,USD,UN Comtrade 공개 API,2026-09-30
2025-06,수입시장,수입액,미국|3304|554|뉴질랜드,865213,USD,UN Comtrade 공개 API,2026-09-30
2025-06,수입시장,수입액,미국|3304|784|UAE,280769,USD,UN Comtrade 공개 API,2026-09-30
2025-06,수입시장,수입액,미국|3304|348|헝가리,1087712,USD,UN Comtrade 공개 API,2026-09-30
2025-06,수입시장,수입액,미국|3304|702|싱가포르,492728,USD,UN Comtrade 공개 API,2026-09-30
2025-06,수입시장,수입액,미국|3304|32|아르헨티나,143256,USD,UN Comtrade 공개 API,2026-09-30
2025-06,수입시장,수입액,미국|3304|608|필리핀,11616,USD,UN Comtrade 공개 API,2026-09-30
2025-06,수입시장,수입액,미국|3304|246|핀란드,2436,USD,UN Comtrade 공개 API,2026-09-30
2025-06,수입시장,수입액,미국|3304|710|남아공,4376653,USD,UN Comtrade 공개 API,2026-09-30
2025-06,수입시장,수입액,미국|3304|372|아일랜드,5323712,USD,UN Comtrade 공개 API,2026-09-30
2025-06,수입시장,수입액,미국|3304|620|포르투갈,22133,USD,UN Comtrade 공개 API,2026-09-30
2025-06,수입시장,수입액,미국|3304|170|콜롬비아,2945242,USD,UN Comtrade 공개 API,2026-09-30
2025-06,수입시장,수입액,미국|3304|376|이스라엘,3716815,USD,UN Comtrade 공개 API,2026-09-30
2025-06,수입시장,수입액,미국|3304|203|체코,1671124,USD,UN Comtrade 공개 API,2026-09-30
2025-06,수입시장,수입액,미국|3304|208|덴마크,27527,USD,UN Comtrade 공개 API,2026-09-30
2025-06,수입시장,수입액,미국|3304|360|인도네시아,403406,USD,UN Comtrade 공개 API,2026-09-30
2025-06,수입시장,수입액,미국|3304|752|스웨덴,27778580,USD,UN Comtrade 공개 API,2026-09-30
2025-06,수입시장,수입액,미국|3304|458|말레이시아,369190,USD,UN Comtrade 공개 API,2026-09-30
2025-06,수입시장,수입액,미국|3304|36|호주,2980382,USD,UN Comtrade 공개 API,2026-09-30
2025-06,수입시장,수입액,미국|3304|40|오스트리아,17618,USD,UN Comtrade 공개 API,2026-09-30
2025-06,수입시장,수입액,미국|3304|757|스위스,4612531,USD,UN Comtrade 공개 API,2026-09-30
2025-06,수입시장,수입액,미국|3304|616|폴란드,3636793,USD,UN Comtrade 공개 API,2026-09-30
2025-06,수입시장,수입액,미국|3304|764|태국,1598065,USD,UN Comtrade 공개 API,2026-09-30
2025-06,수입시장,수입액,미국|3304|56|벨기에,6955214,USD,UN Comtrade 공개 API,2026-09-30
2025-06,수입시장,수입액,미국|3304|704|베트남,2984769,USD,UN Comtrade 공개 API,2026-09-30
2025-06,수입시장,수입액,미국|3304|792|튀르키예,1962677,USD,UN Comtrade 공개 API,2026-09-30
2025-06,수입시장,수입액,미국|3304|490|대만,9030220,USD,UN Comtrade 공개 API,2026-09-30
2025-06,수입시장,수입액,미국|3304|528|네덜란드,326352,USD,UN Comtrade 공개 API,2026-09-30
2025-06,수입시장,수입액,미국|3304|76|브라질,337035,USD,UN Comtrade 공개 API,2026-09-30
2025-06,수입시장,수입액,미국|3304|724|스페인,5826629,USD,UN Comtrade 공개 API,2026-09-30
2025-06,수입시장,수입액,미국|3304|380|이탈리아,78505271,USD,UN Comtrade 공개 API,2026-09-30
2025-06,수입시장,수입액,미국|3304|826|영국,23452971,USD,UN Comtrade 공개 API,2026-09-30
2025-06,수입시장,수입액,미국|3304|410|한국,155007990,USD,UN Comtrade 공개 API,2026-09-30
2025-06,수입시장,수입액,미국|3304|251|프랑스,87942559,USD,UN Comtrade 공개 API,2026-09-30
2025-06,수입시장,수입액,미국|3304|392|일본,19019635,USD,UN Comtrade 공개 API,2026-09-30
2025-06,수입시장,수입액,미국|3304|276|독일,18290875,USD,UN Comtrade 공개 API,2026-09-30
2025-06,수입시장,수입액,미국|3304|156|중국,46783777,USD,UN Comtrade 공개 API,2026-09-30
2025-06,수입시장,수입액,미국|3304|699|인도,6024851,USD,UN Comtrade 공개 API,2026-09-30
2025-06,수입시장,수입액,미국|3304|484|멕시코,26434295,USD,UN Comtrade 공개 API,2026-09-30
2025-06,수입시장,수입액,미국|3304|124|캐나다,86337267,USD,UN Comtrade 공개 API,2026-09-30
2025-06,수입시장,수입액,미국|3304|0|전체,645023202,USD,UN Comtrade 공개 API,2026-09-30
2025-06,수입시장,수입액,미국|300249|0|전체,53660505,USD,UN Comtrade 공개 API,2026-09-30
2025-06,수입시장,수입액,미국|300249|56|벨기에,5527406,USD,UN Comtrade 공개 API,2026-09-30
2025-06,수입시장,수입액,미국|300249|757|스위스,7700194,USD,UN Comtrade 공개 API,2026-09-30
2025-06,수입시장,수입액,미국|300249|752|스웨덴,2506958,USD,UN Comtrade 공개 API,2026-09-30
2025-06,수입시장,수입액,미국|300249|208|덴마크,4110534,USD,UN Comtrade 공개 API,2026-09-30
2025-06,수입시장,수입액,미국|300249|36|호주,367488,USD,UN Comtrade 공개 API,2026-09-30
2025-06,수입시장,수입액,미국|300249|246|핀란드,9855,USD,UN Comtrade 공개 API,2026-09-30
2025-06,수입시장,수입액,미국|300249|372|아일랜드,285940,USD,UN Comtrade 공개 API,2026-09-30
2025-06,수입시장,수입액,미국|300249|705|슬로베니아,575258,USD,UN Comtrade 공개 API,2026-09-30
2025-06,수입시장,수입액,미국|300249|528|네덜란드,15412380,USD,UN Comtrade 공개 API,2026-09-30
2025-06,수입시장,수입액,미국|300249|490|대만,239439,USD,UN Comtrade 공개 API,2026-09-30
2025-06,수입시장,수입액,미국|300249|724|스페인,2432,USD,UN Comtrade 공개 API,2026-09-30
2025-06,수입시장,수입액,미국|300249|410|한국,5450233,USD,UN Comtrade 공개 API,2026-09-30
2025-06,수입시장,수입액,미국|300249|826|영국,442840,USD,UN Comtrade 공개 API,2026-09-30
2025-06,수입시장,수입액,미국|300249|251|프랑스,2249895,USD,UN Comtrade 공개 API,2026-09-30
2025-06,수입시장,수입액,미국|300249|380|이탈리아,2129934,USD,UN Comtrade 공개 API,2026-09-30
2025-06,수입시장,수입액,미국|300249|276|독일,3968204,USD,UN Comtrade 공개 API,2026-09-30
2025-06,수입시장,수입액,미국|300249|699|인도,1080366,USD,UN Comtrade 공개 API,2026-09-30
2025-06,수입시장,수입액,미국|300249|156|중국,1564208,USD,UN Comtrade 공개 API,2026-09-30
2025-06,수입시장,수입액,미국|300249|124|캐나다,20649,USD,UN Comtrade 공개 API,2026-09-30
2025-06,수입시장,수입액,미국|300249|40|오스트리아,16292,USD,UN Comtrade 공개 API,2026-09-30
2025-07,수입시장,수입액,미국|300249|156|중국,1178852,USD,UN Comtrade 공개 API,2026-09-30
2025-07,수입시장,수입액,미국|300249|124|캐나다,134933,USD,UN Comtrade 공개 API,2026-09-30
2025-07,수입시장,수입액,미국|300249|699|인도,1925161,USD,UN Comtrade 공개 API,2026-09-30
2025-07,수입시장,수입액,미국|300249|484|멕시코,25091,USD,UN Comtrade 공개 API,2026-09-30
2025-07,수입시장,수입액,미국|300249|276|독일,36462376,USD,UN Comtrade 공개 API,2026-09-30
2025-07,수입시장,수입액,미국|300249|392|일본,112838,USD,UN Comtrade 공개 API,2026-09-30
2025-07,수입시장,수입액,미국|300249|380|이탈리아,652453,USD,UN Comtrade 공개 API,2026-09-30
2025-07,수입시장,수입액,미국|300249|826|영국,757175,USD,UN Comtrade 공개 API,2026-09-30
2025-07,수입시장,수입액,미국|300249|251|프랑스,2012801,USD,UN Comtrade 공개 API,2026-09-30
2025-07,수입시장,수입액,미국|300249|410|한국,8207292,USD,UN Comtrade 공개 API,2026-09-30
2025-07,수입시장,수입액,미국|300249|528|네덜란드,2300647,USD,UN Comtrade 공개 API,2026-09-30
2025-07,수입시장,수입액,미국|300249|56|벨기에,85695779,USD,UN Comtrade 공개 API,2026-09-30
2025-07,수입시장,수입액,미국|300249|757|스위스,5912522,USD,UN Comtrade 공개 API,2026-09-30
2025-07,수입시장,수입액,미국|300249|40|오스트리아,318005,USD,UN Comtrade 공개 API,2026-09-30
2025-07,수입시장,수입액,미국|300249|752|스웨덴,2156459,USD,UN Comtrade 공개 API,2026-09-30
2025-07,수입시장,수입액,미국|300249|376|이스라엘,49960,USD,UN Comtrade 공개 API,2026-09-30
2025-07,수입시장,수입액,미국|300249|36|호주,142820,USD,UN Comtrade 공개 API,2026-09-30
2025-07,수입시장,수입액,미국|300249|208|덴마크,3479371,USD,UN Comtrade 공개 API,2026-09-30
2025-07,수입시장,수입액,미국|300249|246|핀란드,74967,USD,UN Comtrade 공개 API,2026-09-30
2025-07,수입시장,수입액,미국|300249|705|슬로베니아,192813,USD,UN Comtrade 공개 API,2026-09-30
2025-07,수입시장,수입액,미국|300249|642|루마니아,3595,USD,UN Comtrade 공개 API,2026-09-30
2025-07,수입시장,수입액,미국|300249|0|전체,151795910,USD,UN Comtrade 공개 API,2026-09-30
2025-07,수입시장,수입액,미국|3304|242|242,3013,USD,UN Comtrade 공개 API,2026-09-30
2025-07,수입시장,수입액,미국|3304|392|일본,19308153,USD,UN Comtrade 공개 API,2026-09-30
2025-07,수입시장,수입액,미국|3304|124|캐나다,84216736,USD,UN Comtrade 공개 API,2026-09-30
2025-07,수입시장,수입액,미국|3304|384|384,194264,USD,UN Comtrade 공개 API,2026-09-30
2025-07,수입시장,수입액,미국|3304|214|214,149221,USD,UN Comtrade 공개 API,2026-09-30
2025-07,수입시장,수입액,미국|3304|490|대만,10859694,USD,UN Comtrade 공개 API,2026-09-30
2025-07,수입시장,수입액,미국|3304|352|352,89553,USD,UN Comtrade 공개 API,2026-09-30
2025-07,수입시장,수입액,미국|3304|757|스위스,19351478,USD,UN Comtrade 공개 API,2026-09-30
2025-07,수입시장,수입액,미국|3304|203|체코,917486,USD,UN Comtrade 공개 API,2026-09-30
2025-07,수입시장,수입액,미국|3304|484|멕시코,25867523,USD,UN Comtrade 공개 API,2026-09-30
2025-07,수입시장,수입액,미국|3304|533|533,141313,USD,UN Comtrade 공개 API,2026-09-30
2025-07,수입시장,수입액,미국|3304|32|아르헨티나,47034,USD,UN Comtrade 공개 API,2026-09-30
2025-07,수입시장,수입액,미국|3304|516|516,182320,USD,UN Comtrade 공개 API,2026-09-30
2025-07,수입시장,수입액,미국|3304|360|인도네시아,304599,USD,UN Comtrade 공개 API,2026-09-30
2025-07,수입시장,수입액,미국|3304|694|694,3818,USD,UN Comtrade 공개 API,2026-09-30
2025-07,수입시장,수입액,미국|3304|768|768,33117,USD,UN Comtrade 공개 API,2026-09-30
2025-07,수입시장,수입액,미국|3304|792|튀르키예,2303287,USD,UN Comtrade 공개 API,2026-09-30
2025-07,수입시장,수입액,미국|3304|704|베트남,5348014,USD,UN Comtrade 공개 API,2026-09-30
2025-07,수입시장,수입액,미국|3304|144|스리랑카,22207,USD,UN Comtrade 공개 API,2026-09-30
2025-07,수입시장,수입액,미국|3304|344|홍콩,33670,USD,UN Comtrade 공개 API,2026-09-30
2025-07,수입시장,수입액,미국|3304|528|네덜란드,403927,USD,UN Comtrade 공개 API,2026-09-30
2025-07,수입시장,수입액,미국|3304|643|러시아,5197,USD,UN Comtrade 공개 API,2026-09-30
2025-07,수입시장,수입액,미국|3304|300|그리스,4082412,USD,UN Comtrade 공개 API,2026-09-30
2025-07,수입시장,수입액,미국|3304|410|한국,181839378,USD,UN Comtrade 공개 API,2026-09-30
2025-07,수입시장,수입액,미국|3304|251|프랑스,88433023,USD,UN Comtrade 공개 API,2026-09-30
2025-07,수입시장,수입액,미국|3304|646|646,3001,USD,UN Comtrade 공개 API,2026-09-30
2025-07,수입시장,수입액,미국|3304|36|호주,2864962,USD,UN Comtrade 공개 API,2026-09-30
2025-07,수입시장,수입액,미국|3304|616|폴란드,3983445,USD,UN Comtrade 공개 API,2026-09-30
2025-07,수입시장,수입액,미국|3304|784|UAE,714081,USD,UN Comtrade 공개 API,2026-09-30
2025-07,수입시장,수입액,미국|3304|826|영국,26520338,USD,UN Comtrade 공개 API,2026-09-30
2025-07,수입시장,수입액,미국|3304|458|말레이시아,573185,USD,UN Comtrade 공개 API,2026-09-30
2025-07,수입시장,수입액,미국|3304|788|788,77452,USD,UN Comtrade 공개 API,2026-09-30
2025-07,수입시장,수입액,미국|3304|372|아일랜드,3824586,USD,UN Comtrade 공개 API,2026-09-30
2025-07,수입시장,수입액,미국|3304|398|카자흐스탄,20953,USD,UN Comtrade 공개 API,2026-09-30
2025-07,수입시장,수입액,미국|3304|170|콜롬비아,3936519,USD,UN Comtrade 공개 API,2026-09-30
2025-07,수입시장,수입액,미국|3304|348|헝가리,1103274,USD,UN Comtrade 공개 API,2026-09-30
2025-07,수입시장,수입액,미국|3304|400|요르단,21431,USD,UN Comtrade 공개 API,2026-09-30
2025-07,수입시장,수입액,미국|3304|233|에스토니아,25467,USD,UN Comtrade 공개 API,2026-09-30
2025-07,수입시장,수입액,미국|3304|404|404,9400,USD,UN Comtrade 공개 API,2026-09-30
2025-07,수입시장,수입액,미국|3304|818|이집트,123834,USD,UN Comtrade 공개 API,2026-09-30
2025-07,수입시장,수입액,미국|3304|208|덴마크,131257,USD,UN Comtrade 공개 API,2026-09-30
2025-07,수입시장,수입액,미국|3304|376|이스라엘,3221677,USD,UN Comtrade 공개 API,2026-09-30
2025-07,수입시장,수입액,미국|3304|76|브라질,514710,USD,UN Comtrade 공개 API,2026-09-30
2025-07,수입시장,수입액,미국|3304|116|캄보디아,705405,USD,UN Comtrade 공개 API,2026-09-30
2025-07,수입시장,수입액,미국|3304|56|벨기에,6526918,USD,UN Comtrade 공개 API,2026-09-30
2025-07,수입시장,수입액,미국|3304|320|320,26977,USD,UN Comtrade 공개 API,2026-09-30
2025-07,수입시장,수입액,미국|3304|566|나이지리아,17443,USD,UN Comtrade 공개 API,2026-09-30
2025-07,수입시장,수입액,미국|3304|591|591,22010,USD,UN Comtrade 공개 API,2026-09-30
2025-07,수입시장,수입액,미국|3304|688|세르비아,5653,USD,UN Comtrade 공개 API,2026-09-30
2025-07,수입시장,수입액,미국|3304|504|504,53016,USD,UN Comtrade 공개 API,2026-09-30
2025-07,수입시장,수입액,미국|3304|780|780,9178,USD,UN Comtrade 공개 API,2026-09-30
2025-07,수입시장,수입액,미국|3304|620|포르투갈,358735,USD,UN Comtrade 공개 API,2026-09-30
2025-07,수입시장,수입액,미국|3304|724|스페인,7427313,USD,UN Comtrade 공개 API,2026-09-30
2025-07,수입시장,수입액,미국|3304|40|오스트리아,100964,USD,UN Comtrade 공개 API,2026-09-30
2025-07,수입시장,수입액,미국|3304|100|불가리아,199832,USD,UN Comtrade 공개 API,2026-09-30
2025-07,수입시장,수입액,미국|3304|428|라트비아,22690,USD,UN Comtrade 공개 API,2026-09-30
2025-07,수입시장,수입액,미국|3304|608|필리핀,44104,USD,UN Comtrade 공개 API,2026-09-30
2025-07,수입시장,수입액,미국|3304|554|뉴질랜드,1339101,USD,UN Comtrade 공개 API,2026-09-30
2025-07,수입시장,수입액,미국|3304|246|핀란드,233663,USD,UN Comtrade 공개 API,2026-09-30
2025-07,수입시장,수입액,미국|3304|480|480,9948,USD,UN Comtrade 공개 API,2026-09-30
2025-07,수입시장,수입액,미국|3304|752|스웨덴,19916847,USD,UN Comtrade 공개 API,2026-09-30
2025-07,수입시장,수입액,미국|3304|218|218,68192,USD,UN Comtrade 공개 API,2026-09-30
2025-07,수입시장,수입액,미국|3304|586|파키스탄,61715,USD,UN Comtrade 공개 API,2026-09-30
2025-07,수입시장,수입액,미국|3304|422|레바논,25023,USD,UN Comtrade 공개 API,2026-09-30
2025-07,수입시장,수입액,미국|3304|332|332,59126,USD,UN Comtrade 공개 API,2026-09-30
2025-07,수입시장,수입액,미국|3304|764|태국,2299031,USD,UN Comtrade 공개 API,2026-09-30
2025-07,수입시장,수입액,미국|3304|288|288,37051,USD,UN Comtrade 공개 API,2026-09-30
2025-07,수입시장,수입액,미국|3304|804|우크라이나,8129,USD,UN Comtrade 공개 API,2026-09-30
2025-07,수입시장,수입액,미국|3304|702|싱가포르,338826,USD,UN Comtrade 공개 API,2026-09-30
2025-07,수입시장,수입액,미국|3304|196|키프로스,17485,USD,UN Comtrade 공개 API,2026-09-30
2025-07,수입시장,수입액,미국|3304|380|이탈리아,84244866,USD,UN Comtrade 공개 API,2026-09-30
2025-07,수입시장,수입액,미국|3304|388|388,36352,USD,UN Comtrade 공개 API,2026-09-30
2025-07,수입시장,수입액,미국|3304|50|방글라데시,4892,USD,UN Comtrade 공개 API,2026-09-30
2025-07,수입시장,수입액,미국|3304|710|남아공,5006812,USD,UN Comtrade 공개 API,2026-09-30
2025-07,수입시장,수입액,미국|3304|442|룩셈부르크,1922542,USD,UN Comtrade 공개 API,2026-09-30
2025-07,수입시장,수입액,미국|3304|156|중국,58102892,USD,UN Comtrade 공개 API,2026-09-30
2025-07,수입시장,수입액,미국|3304|699|인도,4964062,USD,UN Comtrade 공개 API,2026-09-30
2025-07,수입시장,수입액,미국|3304|276|독일,18730164,USD,UN Comtrade 공개 API,2026-09-30
2025-07,수입시장,수입액,미국|3304|0|전체,704756966,USD,UN Comtrade 공개 API,2026-09-30
2025-08,수입시장,수입액,미국|3304|705|슬로베니아,102370,USD,UN Comtrade 공개 API,2026-09-30
2025-08,수입시장,수입액,미국|3304|818|이집트,259023,USD,UN Comtrade 공개 API,2026-09-30
2025-08,수입시장,수입액,미국|3304|807|807,5654,USD,UN Comtrade 공개 API,2026-09-30
2025-08,수입시장,수입액,미국|3304|643|러시아,30931,USD,UN Comtrade 공개 API,2026-09-30
2025-08,수입시장,수입액,미국|3304|591|591,18842,USD,UN Comtrade 공개 API,2026-09-30
2025-08,수입시장,수입액,미국|3304|566|나이지리아,56550,USD,UN Comtrade 공개 API,2026-09-30
2025-08,수입시장,수입액,미국|3304|586|파키스탄,21216,USD,UN Comtrade 공개 API,2026-09-30
2025-08,수입시장,수입액,미국|3304|531|531,4758,USD,UN Comtrade 공개 API,2026-09-30
2025-08,수입시장,수입액,미국|3304|533|533,32471,USD,UN Comtrade 공개 API,2026-09-30
2025-08,수입시장,수입액,미국|3304|352|352,132203,USD,UN Comtrade 공개 API,2026-09-30
2025-08,수입시장,수입액,미국|3304|344|홍콩,33468,USD,UN Comtrade 공개 API,2026-09-30
2025-08,수입시장,수입액,미국|3304|288|288,276135,USD,UN Comtrade 공개 API,2026-09-30
2025-08,수입시장,수입액,미국|3304|300|그리스,1585237,USD,UN Comtrade 공개 API,2026-09-30
2025-08,수입시장,수입액,미국|3304|270|270,36934,USD,UN Comtrade 공개 API,2026-09-30
2025-08,수입시장,수입액,미국|3304|242|242,147813,USD,UN Comtrade 공개 API,2026-09-30
2025-08,수입시장,수입액,미국|3304|218|218,11483,USD,UN Comtrade 공개 API,2026-09-30
2025-08,수입시장,수입액,미국|3304|196|키프로스,5333,USD,UN Comtrade 공개 API,2026-09-30
2025-08,수입시장,수입액,미국|3304|144|스리랑카,373971,USD,UN Comtrade 공개 API,2026-09-30
2025-08,수입시장,수입액,미국|3304|116|캄보디아,132565,USD,UN Comtrade 공개 API,2026-09-30
2025-08,수입시장,수입액,미국|3304|100|불가리아,125317,USD,UN Comtrade 공개 API,2026-09-30
2025-08,수입시장,수입액,미국|3304|50|방글라데시,17376,USD,UN Comtrade 공개 API,2026-09-30
2025-08,수입시장,수입액,미국|3304|504|504,117723,USD,UN Comtrade 공개 API,2026-09-30
2025-08,수입시장,수입액,미국|3304|428|라트비아,60458,USD,UN Comtrade 공개 API,2026-09-30
2025-08,수입시장,수입액,미국|3304|430|430,3191,USD,UN Comtrade 공개 API,2026-09-30
2025-08,수입시장,수입액,미국|3304|398|카자흐스탄,3155,USD,UN Comtrade 공개 API,2026-09-30
2025-08,수입시장,수입액,미국|3304|400|요르단,8893,USD,UN Comtrade 공개 API,2026-09-30
2025-08,수입시장,수입액,미국|3304|384|384,138964,USD,UN Comtrade 공개 API,2026-09-30
2025-08,수입시장,수입액,미국|3304|388|388,14696,USD,UN Comtrade 공개 API,2026-09-30
2025-08,수입시장,수입액,미국|3304|480|480,25484,USD,UN Comtrade 공개 API,2026-09-30
2025-08,수입시장,수입액,미국|3304|442|룩셈부르크,912649,USD,UN Comtrade 공개 API,2026-09-30
2025-08,수입시장,수입액,미국|3304|804|우크라이나,81821,USD,UN Comtrade 공개 API,2026-09-30
2025-08,수입시장,수입액,미국|3304|784|UAE,759851,USD,UN Comtrade 공개 API,2026-09-30
2025-08,수입시장,수입액,미국|3304|554|뉴질랜드,1184664,USD,UN Comtrade 공개 API,2026-09-30
2025-08,수입시장,수입액,미국|3304|32|아르헨티나,44560,USD,UN Comtrade 공개 API,2026-09-30
2025-08,수입시장,수입액,미국|3304|348|헝가리,951394,USD,UN Comtrade 공개 API,2026-09-30
2025-08,수입시장,수입액,미국|3304|214|214,24727,USD,UN Comtrade 공개 API,2026-09-30
2025-08,수입시장,수입액,미국|3304|702|싱가포르,231049,USD,UN Comtrade 공개 API,2026-09-30
2025-08,수입시장,수입액,미국|3304|246|핀란드,3837,USD,UN Comtrade 공개 API,2026-09-30
2025-08,수입시장,수입액,미국|3304|608|필리핀,39623,USD,UN Comtrade 공개 API,2026-09-30
2025-08,수입시장,수입액,미국|3304|372|아일랜드,4669593,USD,UN Comtrade 공개 API,2026-09-30
2025-08,수입시장,수입액,미국|3304|620|포르투갈,246125,USD,UN Comtrade 공개 API,2026-09-30
2025-08,수입시장,수입액,미국|3304|710|남아공,276185,USD,UN Comtrade 공개 API,2026-09-30
2025-08,수입시장,수입액,미국|3304|203|체코,2448898,USD,UN Comtrade 공개 API,2026-09-30
2025-08,수입시장,수입액,미국|3304|170|콜롬비아,3101225,USD,UN Comtrade 공개 API,2026-09-30
2025-08,수입시장,수입액,미국|3304|208|덴마크,6606,USD,UN Comtrade 공개 API,2026-09-30
2025-08,수입시장,수입액,미국|3304|752|스웨덴,95722,USD,UN Comtrade 공개 API,2026-09-30
2025-08,수입시장,수입액,미국|3304|376|이스라엘,3089730,USD,UN Comtrade 공개 API,2026-09-30
2025-08,수입시장,수입액,미국|3304|36|호주,2417136,USD,UN Comtrade 공개 API,2026-09-30
2025-08,수입시장,수입액,미국|3304|360|인도네시아,457431,USD,UN Comtrade 공개 API,2026-09-30
2025-08,수입시장,수입액,미국|3304|757|스위스,4620002,USD,UN Comtrade 공개 API,2026-09-30
2025-08,수입시장,수입액,미국|3304|458|말레이시아,506633,USD,UN Comtrade 공개 API,2026-09-30
2025-08,수입시장,수입액,미국|3304|40|오스트리아,83800,USD,UN Comtrade 공개 API,2026-09-30
2025-08,수입시장,수입액,미국|3304|616|폴란드,3563880,USD,UN Comtrade 공개 API,2026-09-30
2025-08,수입시장,수입액,미국|3304|56|벨기에,6825085,USD,UN Comtrade 공개 API,2026-09-30
2025-08,수입시장,수입액,미국|3304|764|태국,3421561,USD,UN Comtrade 공개 API,2026-09-30
2025-08,수입시장,수입액,미국|3304|704|베트남,7681501,USD,UN Comtrade 공개 API,2026-09-30
2025-08,수입시장,수입액,미국|3304|792|튀르키예,2109568,USD,UN Comtrade 공개 API,2026-09-30
2025-08,수입시장,수입액,미국|3304|76|브라질,634831,USD,UN Comtrade 공개 API,2026-09-30
2025-08,수입시장,수입액,미국|3304|528|네덜란드,564847,USD,UN Comtrade 공개 API,2026-09-30
2025-08,수입시장,수입액,미국|3304|490|대만,14212777,USD,UN Comtrade 공개 API,2026-09-30
2025-08,수입시장,수입액,미국|3304|826|영국,23987305,USD,UN Comtrade 공개 API,2026-09-30
2025-08,수입시장,수입액,미국|3304|410|한국,137088033,USD,UN Comtrade 공개 API,2026-09-30
2025-08,수입시장,수입액,미국|3304|724|스페인,6599936,USD,UN Comtrade 공개 API,2026-09-30
2025-08,수입시장,수입액,미국|3304|251|프랑스,80383694,USD,UN Comtrade 공개 API,2026-09-30
2025-08,수입시장,수입액,미국|3304|392|일본,13244244,USD,UN Comtrade 공개 API,2026-09-30
2025-08,수입시장,수입액,미국|3304|380|이탈리아,61499515,USD,UN Comtrade 공개 API,2026-09-30
2025-08,수입시장,수입액,미국|3304|276|독일,17240105,USD,UN Comtrade 공개 API,2026-09-30
2025-08,수입시장,수입액,미국|3304|699|인도,6136049,USD,UN Comtrade 공개 API,2026-09-30
2025-08,수입시장,수입액,미국|3304|156|중국,70660818,USD,UN Comtrade 공개 API,2026-09-30
2025-08,수입시장,수입액,미국|3304|484|멕시코,22706210,USD,UN Comtrade 공개 API,2026-09-30
2025-08,수입시장,수입액,미국|3304|124|캐나다,78965949,USD,UN Comtrade 공개 API,2026-09-30
2025-08,수입시장,수입액,미국|3304|0|전체,587561383,USD,UN Comtrade 공개 API,2026-09-30
2025-08,수입시장,수입액,미국|300249|0|전체,43856556,USD,UN Comtrade 공개 API,2026-09-30
2025-08,수입시장,수입액,미국|300249|56|벨기에,359810,USD,UN Comtrade 공개 API,2026-09-30
2025-08,수입시장,수입액,미국|300249|757|스위스,4956351,USD,UN Comtrade 공개 API,2026-09-30
2025-08,수입시장,수입액,미국|300249|40|오스트리아,35982,USD,UN Comtrade 공개 API,2026-09-30
2025-08,수입시장,수입액,미국|300249|752|스웨덴,4749,USD,UN Comtrade 공개 API,2026-09-30
2025-08,수입시장,수입액,미국|300249|376|이스라엘,198652,USD,UN Comtrade 공개 API,2026-09-30
2025-08,수입시장,수입액,미국|300249|36|호주,37600,USD,UN Comtrade 공개 API,2026-09-30
2025-08,수입시장,수입액,미국|300249|208|덴마크,4749978,USD,UN Comtrade 공개 API,2026-09-30
2025-08,수입시장,수입액,미국|300249|620|포르투갈,163974,USD,UN Comtrade 공개 API,2026-09-30
2025-08,수입시장,수입액,미국|300249|246|핀란드,28940,USD,UN Comtrade 공개 API,2026-09-30
2025-08,수입시장,수입액,미국|300249|702|싱가포르,4287011,USD,UN Comtrade 공개 API,2026-09-30
2025-08,수입시장,수입액,미국|300249|188|188,11490,USD,UN Comtrade 공개 API,2026-09-30
2025-08,수입시장,수입액,미국|300249|705|슬로베니아,192810,USD,UN Comtrade 공개 API,2026-09-30
2025-08,수입시장,수입액,미국|300249|528|네덜란드,3721261,USD,UN Comtrade 공개 API,2026-09-30
2025-08,수입시장,수입액,미국|300249|490|대만,557764,USD,UN Comtrade 공개 API,2026-09-30
2025-08,수입시장,수입액,미국|300249|724|스페인,90667,USD,UN Comtrade 공개 API,2026-09-30
2025-08,수입시장,수입액,미국|300249|826|영국,687505,USD,UN Comtrade 공개 API,2026-09-30
2025-08,수입시장,수입액,미국|300249|251|프랑스,2104292,USD,UN Comtrade 공개 API,2026-09-30
2025-08,수입시장,수입액,미국|300249|380|이탈리아,280672,USD,UN Comtrade 공개 API,2026-09-30
2025-08,수입시장,수입액,미국|300249|276|독일,19478558,USD,UN Comtrade 공개 API,2026-09-30
2025-08,수입시장,수입액,미국|300249|699|인도,1059412,USD,UN Comtrade 공개 API,2026-09-30
2025-08,수입시장,수입액,미국|300249|124|캐나다,409472,USD,UN Comtrade 공개 API,2026-09-30
2025-08,수입시장,수입액,미국|300249|156|중국,425090,USD,UN Comtrade 공개 API,2026-09-30
2025-08,수입시장,수입액,미국|300249|392|일본,3172,USD,UN Comtrade 공개 API,2026-09-30
2025-08,수입시장,수입액,미국|300249|372|아일랜드,2343,USD,UN Comtrade 공개 API,2026-09-30
2025-08,수입시장,수입액,미국|300249|410|한국,9001,USD,UN Comtrade 공개 API,2026-09-30
2025-09,수입시장,수입액,미국|3304|858|858,57595,USD,UN Comtrade 공개 API,2026-09-30
2025-09,수입시장,수입액,미국|3304|818|이집트,295310,USD,UN Comtrade 공개 API,2026-09-30
2025-09,수입시장,수입액,미국|3304|800|800,14501,USD,UN Comtrade 공개 API,2026-09-30
2025-09,수입시장,수입액,미국|3304|804|우크라이나,19152,USD,UN Comtrade 공개 API,2026-09-30
2025-09,수입시장,수입액,미국|3304|768|768,15647,USD,UN Comtrade 공개 API,2026-09-30
2025-09,수입시장,수입액,미국|3304|705|슬로베니아,42282,USD,UN Comtrade 공개 API,2026-09-30
2025-09,수입시장,수입액,미국|3304|643|러시아,7020,USD,UN Comtrade 공개 API,2026-09-30
2025-09,수입시장,수입액,미국|3304|688|세르비아,3200,USD,UN Comtrade 공개 API,2026-09-30
2025-09,수입시장,수입액,미국|3304|531|531,3715,USD,UN Comtrade 공개 API,2026-09-30
2025-09,수입시장,수입액,미국|3304|533|533,89784,USD,UN Comtrade 공개 API,2026-09-30
2025-09,수입시장,수입액,미국|3304|591|591,5449,USD,UN Comtrade 공개 API,2026-09-30
2025-09,수입시장,수입액,미국|3304|586|파키스탄,21832,USD,UN Comtrade 공개 API,2026-09-30
2025-09,수입시장,수입액,미국|3304|499|499,2647,USD,UN Comtrade 공개 API,2026-09-30
2025-09,수입시장,수입액,미국|3304|504|504,34200,USD,UN Comtrade 공개 API,2026-09-30
2025-09,수입시장,수입액,미국|3304|422|레바논,175273,USD,UN Comtrade 공개 API,2026-09-30
2025-09,수입시장,수입액,미국|3304|428|라트비아,46259,USD,UN Comtrade 공개 API,2026-09-30
2025-09,수입시장,수입액,미국|3304|440|리투아니아,19850,USD,UN Comtrade 공개 API,2026-09-30
2025-09,수입시장,수입액,미국|3304|442|룩셈부르크,934858,USD,UN Comtrade 공개 API,2026-09-30
2025-09,수입시장,수입액,미국|3304|414|쿠웨이트,6067,USD,UN Comtrade 공개 API,2026-09-30
2025-09,수입시장,수입액,미국|3304|400|요르단,249820,USD,UN Comtrade 공개 API,2026-09-30
2025-09,수입시장,수입액,미국|3304|384|384,188097,USD,UN Comtrade 공개 API,2026-09-30
2025-09,수입시장,수입액,미국|3304|388|388,31670,USD,UN Comtrade 공개 API,2026-09-30
2025-09,수입시장,수입액,미국|3304|352|352,39383,USD,UN Comtrade 공개 API,2026-09-30
2025-09,수입시장,수입액,미국|3304|144|스리랑카,14693,USD,UN Comtrade 공개 API,2026-09-30
2025-09,수입시장,수입액,미국|3304|100|불가리아,67937,USD,UN Comtrade 공개 API,2026-09-30
2025-09,수입시장,수입액,미국|3304|116|캄보디아,461276,USD,UN Comtrade 공개 API,2026-09-30
2025-09,수입시장,수입액,미국|3304|50|방글라데시,19477,USD,UN Comtrade 공개 API,2026-09-30
2025-09,수입시장,수입액,미국|3304|344|홍콩,1270839,USD,UN Comtrade 공개 API,2026-09-30
2025-09,수입시장,수입액,미국|3304|320|320,26209,USD,UN Comtrade 공개 API,2026-09-30
2025-09,수입시장,수입액,미국|3304|332|332,37256,USD,UN Comtrade 공개 API,2026-09-30
2025-09,수입시장,수입액,미국|3304|288|288,307987,USD,UN Comtrade 공개 API,2026-09-30
2025-09,수입시장,수입액,미국|3304|300|그리스,1363128,USD,UN Comtrade 공개 API,2026-09-30
2025-09,수입시장,수입액,미국|3304|218|218,11939,USD,UN Comtrade 공개 API,2026-09-30
2025-09,수입시장,수입액,미국|3304|231|231,5810,USD,UN Comtrade 공개 API,2026-09-30
2025-09,수입시장,수입액,미국|3304|242|242,2509,USD,UN Comtrade 공개 API,2026-09-30
2025-09,수입시장,수입액,미국|3304|214|214,689676,USD,UN Comtrade 공개 API,2026-09-30
2025-09,수입시장,수입액,미국|3304|348|헝가리,698049,USD,UN Comtrade 공개 API,2026-09-30
2025-09,수입시장,수입액,미국|3304|784|UAE,1100701,USD,UN Comtrade 공개 API,2026-09-30
2025-09,수입시장,수입액,미국|3304|608|필리핀,16214,USD,UN Comtrade 공개 API,2026-09-30
2025-09,수입시장,수입액,미국|3304|554|뉴질랜드,1523213,USD,UN Comtrade 공개 API,2026-09-30
2025-09,수입시장,수입액,미국|3304|702|싱가포르,270907,USD,UN Comtrade 공개 API,2026-09-30
2025-09,수입시장,수입액,미국|3304|620|포르투갈,350012,USD,UN Comtrade 공개 API,2026-09-30
2025-09,수입시장,수입액,미국|3304|246|핀란드,77328,USD,UN Comtrade 공개 API,2026-09-30
2025-09,수입시장,수입액,미국|3304|32|아르헨티나,388023,USD,UN Comtrade 공개 API,2026-09-30
2025-09,수입시장,수입액,미국|3304|372|아일랜드,2369898,USD,UN Comtrade 공개 API,2026-09-30
2025-09,수입시장,수입액,미국|3304|710|남아공,1312055,USD,UN Comtrade 공개 API,2026-09-30
2025-09,수입시장,수입액,미국|3304|170|콜롬비아,2997514,USD,UN Comtrade 공개 API,2026-09-30
2025-09,수입시장,수입액,미국|3304|208|덴마크,46541,USD,UN Comtrade 공개 API,2026-09-30
2025-09,수입시장,수입액,미국|3304|203|체코,1790836,USD,UN Comtrade 공개 API,2026-09-30
2025-09,수입시장,수입액,미국|3304|36|호주,2999244,USD,UN Comtrade 공개 API,2026-09-30
2025-09,수입시장,수입액,미국|3304|360|인도네시아,1143210,USD,UN Comtrade 공개 API,2026-09-30
2025-09,수입시장,수입액,미국|3304|458|말레이시아,474755,USD,UN Comtrade 공개 API,2026-09-30
2025-09,수입시장,수입액,미국|3304|752|스웨덴,232272,USD,UN Comtrade 공개 API,2026-09-30
2025-09,수입시장,수입액,미국|3304|376|이스라엘,2100962,USD,UN Comtrade 공개 API,2026-09-30
2025-09,수입시장,수입액,미국|3304|757|스위스,2807216,USD,UN Comtrade 공개 API,2026-09-30
2025-09,수입시장,수입액,미국|3304|40|오스트리아,31691,USD,UN Comtrade 공개 API,2026-09-30
2025-09,수입시장,수입액,미국|3304|616|폴란드,2920065,USD,UN Comtrade 공개 API,2026-09-30
2025-09,수입시장,수입액,미국|3304|56|벨기에,4818135,USD,UN Comtrade 공개 API,2026-09-30
2025-09,수입시장,수입액,미국|3304|76|브라질,410845,USD,UN Comtrade 공개 API,2026-09-30
2025-09,수입시장,수입액,미국|3304|704|베트남,8939369,USD,UN Comtrade 공개 API,2026-09-30
2025-09,수입시장,수입액,미국|3304|764|태국,3891647,USD,UN Comtrade 공개 API,2026-09-30
2025-09,수입시장,수입액,미국|3304|792|튀르키예,3204069,USD,UN Comtrade 공개 API,2026-09-30
2025-09,수입시장,수입액,미국|3304|528|네덜란드,217479,USD,UN Comtrade 공개 API,2026-09-30
2025-09,수입시장,수입액,미국|3304|490|대만,10349334,USD,UN Comtrade 공개 API,2026-09-30
2025-09,수입시장,수입액,미국|3304|724|스페인,5391969,USD,UN Comtrade 공개 API,2026-09-30
2025-09,수입시장,수입액,미국|3304|410|한국,160299480,USD,UN Comtrade 공개 API,2026-09-30
2025-09,수입시장,수입액,미국|3304|826|영국,20735322,USD,UN Comtrade 공개 API,2026-09-30
2025-09,수입시장,수입액,미국|3304|251|프랑스,65006274,USD,UN Comtrade 공개 API,2026-09-30
2025-09,수입시장,수입액,미국|3304|392|일본,15512609,USD,UN Comtrade 공개 API,2026-09-30
2025-09,수입시장,수입액,미국|3304|276|독일,15813777,USD,UN Comtrade 공개 API,2026-09-30
2025-09,수입시장,수입액,미국|3304|380|이탈리아,67581525,USD,UN Comtrade 공개 API,2026-09-30
2025-09,수입시장,수입액,미국|3304|156|중국,58303407,USD,UN Comtrade 공개 API,2026-09-30
2025-09,수입시장,수입액,미국|3304|699|인도,4741597,USD,UN Comtrade 공개 API,2026-09-30
2025-09,수입시장,수입액,미국|3304|484|멕시코,21517885,USD,UN Comtrade 공개 API,2026-09-30
2025-09,수입시장,수입액,미국|3304|124|캐나다,101604161,USD,UN Comtrade 공개 API,2026-09-30
2025-09,수입시장,수입액,미국|3304|0|전체,600571937,USD,UN Comtrade 공개 API,2026-09-30
2025-09,수입시장,수입액,미국|300249|0|전체,176710855,USD,UN Comtrade 공개 API,2026-09-30
2025-09,수입시장,수입액,미국|300249|56|벨기에,1193217,USD,UN Comtrade 공개 API,2026-09-30
2025-09,수입시장,수입액,미국|300249|40|오스트리아,151887,USD,UN Comtrade 공개 API,2026-09-30
2025-09,수입시장,수입액,미국|300249|757|스위스,5256698,USD,UN Comtrade 공개 API,2026-09-30
2025-09,수입시장,수입액,미국|300249|752|스웨덴,5822782,USD,UN Comtrade 공개 API,2026-09-30
2025-09,수입시장,수입액,미국|300249|36|호주,408775,USD,UN Comtrade 공개 API,2026-09-30
2025-09,수입시장,수입액,미국|300249|208|덴마크,3573724,USD,UN Comtrade 공개 API,2026-09-30
2025-09,수입시장,수입액,미국|300249|372|아일랜드,145513605,USD,UN Comtrade 공개 API,2026-09-30
2025-09,수입시장,수입액,미국|300249|246|핀란드,20799,USD,UN Comtrade 공개 API,2026-09-30
2025-09,수입시장,수입액,미국|300249|32|아르헨티나,266027,USD,UN Comtrade 공개 API,2026-09-30
2025-09,수입시장,수입액,미국|300249|858|858,133929,USD,UN Comtrade 공개 API,2026-09-30
2025-09,수입시장,수입액,미국|300249|528|네덜란드,1360018,USD,UN Comtrade 공개 API,2026-09-30
2025-09,수입시장,수입액,미국|300249|724|스페인,61360,USD,UN Comtrade 공개 API,2026-09-30
2025-09,수입시장,수입액,미국|300249|251|프랑스,1698040,USD,UN Comtrade 공개 API,2026-09-30
2025-09,수입시장,수입액,미국|300249|826|영국,1126550,USD,UN Comtrade 공개 API,2026-09-30
2025-09,수입시장,수입액,미국|300249|410|한국,5473502,USD,UN Comtrade 공개 API,2026-09-30
2025-09,수입시장,수입액,미국|300249|380|이탈리아,291727,USD,UN Comtrade 공개 API,2026-09-30
2025-09,수입시장,수입액,미국|300249|392|일본,23973,USD,UN Comtrade 공개 API,2026-09-30
2025-09,수입시장,수입액,미국|300249|484|멕시코,17678,USD,UN Comtrade 공개 API,2026-09-30
2025-09,수입시장,수입액,미국|300249|276|독일,2572832,USD,UN Comtrade 공개 API,2026-09-30
2025-09,수입시장,수입액,미국|300249|699|인도,1081740,USD,UN Comtrade 공개 API,2026-09-30
2025-09,수입시장,수입액,미국|300249|156|중국,600036,USD,UN Comtrade 공개 API,2026-09-30
2025-09,수입시장,수입액,미국|300249|124|캐나다,61956,USD,UN Comtrade 공개 API,2026-09-30
2025-10,수입시장,수입액,미국|3304|862|862,25723,USD,UN Comtrade 공개 API,2026-09-30
2025-10,수입시장,수입액,미국|3304|807|807,5704,USD,UN Comtrade 공개 API,2026-09-30
2025-10,수입시장,수입액,미국|3304|818|이집트,461689,USD,UN Comtrade 공개 API,2026-09-30
2025-10,수입시장,수입액,미국|3304|800|800,4101,USD,UN Comtrade 공개 API,2026-09-30
2025-10,수입시장,수입액,미국|3304|768|768,49179,USD,UN Comtrade 공개 API,2026-09-30
2025-10,수입시장,수입액,미국|3304|788|788,73009,USD,UN Comtrade 공개 API,2026-09-30
2025-10,수입시장,수입액,미국|3304|703|슬로바키아,14309,USD,UN Comtrade 공개 API,2026-09-30
2025-10,수입시장,수입액,미국|3304|642|루마니아,11796,USD,UN Comtrade 공개 API,2026-09-30
2025-10,수입시장,수입액,미국|3304|586|파키스탄,43204,USD,UN Comtrade 공개 API,2026-09-30
2025-10,수입시장,수입액,미국|3304|566|나이지리아,35384,USD,UN Comtrade 공개 API,2026-09-30
2025-10,수입시장,수입액,미국|3304|504|504,90811,USD,UN Comtrade 공개 API,2026-09-30
2025-10,수입시장,수입액,미국|3304|440|리투아니아,94991,USD,UN Comtrade 공개 API,2026-09-30
2025-10,수입시장,수입액,미국|3304|442|룩셈부르크,853202,USD,UN Comtrade 공개 API,2026-09-30
2025-10,수입시장,수입액,미국|3304|428|라트비아,19083,USD,UN Comtrade 공개 API,2026-09-30
2025-10,수입시장,수입액,미국|3304|400|요르단,9401,USD,UN Comtrade 공개 API,2026-09-30
2025-10,수입시장,수입액,미국|3304|242|242,207782,USD,UN Comtrade 공개 API,2026-09-30
2025-10,수입시장,수입액,미국|3304|218|218,11341,USD,UN Comtrade 공개 API,2026-09-30
2025-10,수입시장,수입액,미국|3304|222|222,3199,USD,UN Comtrade 공개 API,2026-09-30
2025-10,수입시장,수입액,미국|3304|188|188,4052,USD,UN Comtrade 공개 API,2026-09-30
2025-10,수입시장,수입액,미국|3304|196|키프로스,23527,USD,UN Comtrade 공개 API,2026-09-30
2025-10,수입시장,수입액,미국|3304|144|스리랑카,15999,USD,UN Comtrade 공개 API,2026-09-30
2025-10,수입시장,수입액,미국|3304|152|칠레,11853,USD,UN Comtrade 공개 API,2026-09-30
2025-10,수입시장,수입액,미국|3304|116|캄보디아,1862095,USD,UN Comtrade 공개 API,2026-09-30
2025-10,수입시장,수입액,미국|3304|100|불가리아,189351,USD,UN Comtrade 공개 API,2026-09-30
2025-10,수입시장,수입액,미국|3304|50|방글라데시,7277,USD,UN Comtrade 공개 API,2026-09-30
2025-10,수입시장,수입액,미국|3304|51|아르메니아,2683,USD,UN Comtrade 공개 API,2026-09-30
2025-10,수입시장,수입액,미국|3304|352|352,130373,USD,UN Comtrade 공개 API,2026-09-30
2025-10,수입시장,수입액,미국|3304|344|홍콩,323142,USD,UN Comtrade 공개 API,2026-09-30
2025-10,수입시장,수입액,미국|3304|320|320,56763,USD,UN Comtrade 공개 API,2026-09-30
2025-10,수입시장,수입액,미국|3304|288|288,185189,USD,UN Comtrade 공개 API,2026-09-30
2025-10,수입시장,수입액,미국|3304|384|384,93215,USD,UN Comtrade 공개 API,2026-09-30
2025-10,수입시장,수입액,미국|3304|388|388,24263,USD,UN Comtrade 공개 API,2026-09-30
2025-10,수입시장,수입액,미국|3304|804|우크라이나,5150,USD,UN Comtrade 공개 API,2026-09-30
2025-10,수입시장,수입액,미국|3304|300|그리스,1680397,USD,UN Comtrade 공개 API,2026-09-30
2025-10,수입시장,수입액,미국|3304|554|뉴질랜드,611705,USD,UN Comtrade 공개 API,2026-09-30
2025-10,수입시장,수입액,미국|3304|608|필리핀,32731,USD,UN Comtrade 공개 API,2026-09-30
2025-10,수입시장,수입액,미국|3304|784|UAE,595518,USD,UN Comtrade 공개 API,2026-09-30
2025-10,수입시장,수입액,미국|3304|246|핀란드,157245,USD,UN Comtrade 공개 API,2026-09-30
2025-10,수입시장,수입액,미국|3304|710|남아공,221335,USD,UN Comtrade 공개 API,2026-09-30
2025-10,수입시장,수입액,미국|3304|702|싱가포르,247071,USD,UN Comtrade 공개 API,2026-09-30
2025-10,수입시장,수입액,미국|3304|348|헝가리,1224864,USD,UN Comtrade 공개 API,2026-09-30
2025-10,수입시장,수입액,미국|3304|32|아르헨티나,56165,USD,UN Comtrade 공개 API,2026-09-30
2025-10,수입시장,수입액,미국|3304|214|214,718249,USD,UN Comtrade 공개 API,2026-09-30
2025-10,수입시장,수입액,미국|3304|372|아일랜드,2349685,USD,UN Comtrade 공개 API,2026-09-30
2025-10,수입시장,수입액,미국|3304|620|포르투갈,154548,USD,UN Comtrade 공개 API,2026-09-30
2025-10,수입시장,수입액,미국|3304|203|체코,2190596,USD,UN Comtrade 공개 API,2026-09-30
2025-10,수입시장,수입액,미국|3304|170|콜롬비아,4748325,USD,UN Comtrade 공개 API,2026-09-30
2025-10,수입시장,수입액,미국|3304|208|덴마크,17145,USD,UN Comtrade 공개 API,2026-09-30
2025-10,수입시장,수입액,미국|3304|376|이스라엘,2050061,USD,UN Comtrade 공개 API,2026-09-30
2025-10,수입시장,수입액,미국|3304|360|인도네시아,1166643,USD,UN Comtrade 공개 API,2026-09-30
2025-10,수입시장,수입액,미국|3304|36|호주,4083579,USD,UN Comtrade 공개 API,2026-09-30
2025-10,수입시장,수입액,미국|3304|757|스위스,4013186,USD,UN Comtrade 공개 API,2026-09-30
2025-10,수입시장,수입액,미국|3304|752|스웨덴,19526,USD,UN Comtrade 공개 API,2026-09-30
2025-10,수입시장,수입액,미국|3304|458|말레이시아,376196,USD,UN Comtrade 공개 API,2026-09-30
2025-10,수입시장,수입액,미국|3304|40|오스트리아,122002,USD,UN Comtrade 공개 API,2026-09-30
2025-10,수입시장,수입액,미국|3304|616|폴란드,5877410,USD,UN Comtrade 공개 API,2026-09-30
2025-10,수입시장,수입액,미국|3304|764|태국,4966013,USD,UN Comtrade 공개 API,2026-09-30
2025-10,수입시장,수입액,미국|3304|76|브라질,700252,USD,UN Comtrade 공개 API,2026-09-30
2025-10,수입시장,수입액,미국|3304|704|베트남,15851955,USD,UN Comtrade 공개 API,2026-09-30
2025-10,수입시장,수입액,미국|3304|56|벨기에,5663563,USD,UN Comtrade 공개 API,2026-09-30
2025-10,수입시장,수입액,미국|3304|792|튀르키예,2014435,USD,UN Comtrade 공개 API,2026-09-30
2025-10,수입시장,수입액,미국|3304|528|네덜란드,341154,USD,UN Comtrade 공개 API,2026-09-30
2025-10,수입시장,수입액,미국|3304|490|대만,9126519,USD,UN Comtrade 공개 API,2026-09-30
2025-10,수입시장,수입액,미국|3304|724|스페인,6572148,USD,UN Comtrade 공개 API,2026-09-30
2025-10,수입시장,수입액,미국|3304|410|한국,204621797,USD,UN Comtrade 공개 API,2026-09-30
2025-10,수입시장,수입액,미국|3304|251|프랑스,63101998,USD,UN Comtrade 공개 API,2026-09-30
2025-10,수입시장,수입액,미국|3304|826|영국,22242669,USD,UN Comtrade 공개 API,2026-09-30
2025-10,수입시장,수입액,미국|3304|380|이탈리아,71523005,USD,UN Comtrade 공개 API,2026-09-30
2025-10,수입시장,수입액,미국|3304|392|일본,15585587,USD,UN Comtrade 공개 API,2026-09-30
2025-10,수입시장,수입액,미국|3304|276|독일,18990797,USD,UN Comtrade 공개 API,2026-09-30
2025-10,수입시장,수입액,미국|3304|156|중국,68005376,USD,UN Comtrade 공개 API,2026-09-30
2025-10,수입시장,수입액,미국|3304|699|인도,3973455,USD,UN Comtrade 공개 API,2026-09-30
2025-10,수입시장,수입액,미국|3304|484|멕시코,25138097,USD,UN Comtrade 공개 API,2026-09-30
2025-10,수입시장,수입액,미국|3304|124|캐나다,96972625,USD,UN Comtrade 공개 API,2026-09-30
2025-10,수입시장,수입액,미국|3304|0|전체,673054467,USD,UN Comtrade 공개 API,2026-09-30
2025-10,수입시장,수입액,미국|300249|0|전체,128546988,USD,UN Comtrade 공개 API,2026-09-30
2025-10,수입시장,수입액,미국|300249|56|벨기에,338089,USD,UN Comtrade 공개 API,2026-09-30
2025-10,수입시장,수입액,미국|300249|757|스위스,4491508,USD,UN Comtrade 공개 API,2026-09-30
2025-10,수입시장,수입액,미국|300249|752|스웨덴,276529,USD,UN Comtrade 공개 API,2026-09-30
2025-10,수입시장,수입액,미국|300249|36|호주,147491,USD,UN Comtrade 공개 API,2026-09-30
2025-10,수입시장,수입액,미국|300249|208|덴마크,3995452,USD,UN Comtrade 공개 API,2026-09-30
2025-10,수입시장,수입액,미국|300249|376|이스라엘,46042,USD,UN Comtrade 공개 API,2026-09-30
2025-10,수입시장,수입액,미국|300249|203|체코,5324,USD,UN Comtrade 공개 API,2026-09-30
2025-10,수입시장,수입액,미국|300249|372|아일랜드,88847214,USD,UN Comtrade 공개 API,2026-09-30
2025-10,수입시장,수입액,미국|300249|32|아르헨티나,479455,USD,UN Comtrade 공개 API,2026-09-30
2025-10,수입시장,수입액,미국|300249|233|에스토니아,96985,USD,UN Comtrade 공개 API,2026-09-30
2025-10,수입시장,수입액,미국|300249|528|네덜란드,465538,USD,UN Comtrade 공개 API,2026-09-30
2025-10,수입시장,수입액,미국|300249|490|대만,26727,USD,UN Comtrade 공개 API,2026-09-30
2025-10,수입시장,수입액,미국|300249|724|스페인,18757,USD,UN Comtrade 공개 API,2026-09-30
2025-10,수입시장,수입액,미국|300249|251|프랑스,2495517,USD,UN Comtrade 공개 API,2026-09-30
2025-10,수입시장,수입액,미국|300249|410|한국,15563546,USD,UN Comtrade 공개 API,2026-09-30
2025-10,수입시장,수입액,미국|300249|826|영국,284762,USD,UN Comtrade 공개 API,2026-09-30
2025-10,수입시장,수입액,미국|300249|380|이탈리아,2458770,USD,UN Comtrade 공개 API,2026-09-30
2025-10,수입시장,수입액,미국|300249|392|일본,226372,USD,UN Comtrade 공개 API,2026-09-30
2025-10,수입시장,수입액,미국|300249|699|인도,805331,USD,UN Comtrade 공개 API,2026-09-30
2025-10,수입시장,수입액,미국|300249|276|독일,3568221,USD,UN Comtrade 공개 API,2026-09-30
2025-10,수입시장,수입액,미국|300249|124|캐나다,2428093,USD,UN Comtrade 공개 API,2026-09-30
2025-10,수입시장,수입액,미국|300249|156|중국,1479016,USD,UN Comtrade 공개 API,2026-09-30
2025-10,수입시장,수입액,미국|300249|246|핀란드,2249,USD,UN Comtrade 공개 API,2026-09-30
2025-11,수입시장,수입액,미국|300249|156|중국,682306,USD,UN Comtrade 공개 API,2026-09-30
2025-11,수입시장,수입액,미국|300249|124|캐나다,1094890,USD,UN Comtrade 공개 API,2026-09-30
2025-11,수입시장,수입액,미국|300249|276|독일,3102225,USD,UN Comtrade 공개 API,2026-09-30
2025-11,수입시장,수입액,미국|300249|484|멕시코,7193,USD,UN Comtrade 공개 API,2026-09-30
2025-11,수입시장,수입액,미국|300249|699|인도,1271455,USD,UN Comtrade 공개 API,2026-09-30
2025-11,수입시장,수입액,미국|300249|392|일본,458423,USD,UN Comtrade 공개 API,2026-09-30
2025-11,수입시장,수입액,미국|300249|380|이탈리아,1102628,USD,UN Comtrade 공개 API,2026-09-30
2025-11,수입시장,수입액,미국|300249|826|영국,6923083,USD,UN Comtrade 공개 API,2026-09-30
2025-11,수입시장,수입액,미국|300249|251|프랑스,1332915,USD,UN Comtrade 공개 API,2026-09-30
2025-11,수입시장,수입액,미국|300249|724|스페인,847020,USD,UN Comtrade 공개 API,2026-09-30
2025-11,수입시장,수입액,미국|300249|490|대만,76104,USD,UN Comtrade 공개 API,2026-09-30
2025-11,수입시장,수입액,미국|300249|528|네덜란드,158097,USD,UN Comtrade 공개 API,2026-09-30
2025-11,수입시장,수입액,미국|300249|56|벨기에,5687315,USD,UN Comtrade 공개 API,2026-09-30
2025-11,수입시장,수입액,미국|300249|757|스위스,1239641,USD,UN Comtrade 공개 API,2026-09-30
2025-11,수입시장,수입액,미국|300249|40|오스트리아,1020821,USD,UN Comtrade 공개 API,2026-09-30
2025-11,수입시장,수입액,미국|300249|752|스웨덴,693845,USD,UN Comtrade 공개 API,2026-09-30
2025-11,수입시장,수입액,미국|300249|36|호주,130054,USD,UN Comtrade 공개 API,2026-09-30
2025-11,수입시장,수입액,미국|300249|208|덴마크,3824896,USD,UN Comtrade 공개 API,2026-09-30
2025-11,수입시장,수입액,미국|300249|372|아일랜드,141578787,USD,UN Comtrade 공개 API,2026-09-30
2025-11,수입시장,수입액,미국|300249|32|아르헨티나,442968,USD,UN Comtrade 공개 API,2026-09-30
2025-11,수입시장,수입액,미국|300249|858|858,108146,USD,UN Comtrade 공개 API,2026-09-30
2025-11,수입시장,수입액,미국|300249|0|전체,171797537,USD,UN Comtrade 공개 API,2026-09-30
2025-11,수입시장,수입액,미국|300249|246|핀란드,5724,USD,UN Comtrade 공개 API,2026-09-30
2025-11,수입시장,수입액,미국|300249|410|한국,9001,USD,UN Comtrade 공개 API,2026-09-30
2025-11,수입시장,수입액,미국|3304|780|780,3965,USD,UN Comtrade 공개 API,2026-09-30
2025-11,수입시장,수입액,미국|3304|788|788,14235,USD,UN Comtrade 공개 API,2026-09-30
2025-11,수입시장,수입액,미국|3304|686|686,5588,USD,UN Comtrade 공개 API,2026-09-30
2025-11,수입시장,수입액,미국|3304|688|세르비아,7729,USD,UN Comtrade 공개 API,2026-09-30
2025-11,수입시장,수입액,미국|3304|642|루마니아,6565,USD,UN Comtrade 공개 API,2026-09-30
2025-11,수입시장,수입액,미국|3304|531|531,3732,USD,UN Comtrade 공개 API,2026-09-30
2025-11,수입시장,수입액,미국|3304|512|오만,9124,USD,UN Comtrade 공개 API,2026-09-30
2025-11,수입시장,수입액,미국|3304|504|504,25604,USD,UN Comtrade 공개 API,2026-09-30
2025-11,수입시장,수입액,미국|3304|288|288,74860,USD,UN Comtrade 공개 API,2026-09-30
2025-11,수입시장,수입액,미국|3304|300|그리스,711306,USD,UN Comtrade 공개 API,2026-09-30
2025-11,수입시장,수입액,미국|3304|332|332,5707,USD,UN Comtrade 공개 API,2026-09-30
2025-11,수입시장,수입액,미국|3304|258|258,22303,USD,UN Comtrade 공개 API,2026-09-30
2025-11,수입시장,수입액,미국|3304|268|조지아,23848,USD,UN Comtrade 공개 API,2026-09-30
2025-11,수입시장,수입액,미국|3304|242|242,200650,USD,UN Comtrade 공개 API,2026-09-30
2025-11,수입시장,수입액,미국|3304|804|우크라이나,129688,USD,UN Comtrade 공개 API,2026-09-30
2025-11,수입시장,수입액,미국|3304|818|이집트,583306,USD,UN Comtrade 공개 API,2026-09-30
2025-11,수입시장,수입액,미국|3304|144|스리랑카,179961,USD,UN Comtrade 공개 API,2026-09-30
2025-11,수입시장,수입액,미국|3304|384|384,116570,USD,UN Comtrade 공개 API,2026-09-30
2025-11,수입시장,수입액,미국|3304|388|388,27660,USD,UN Comtrade 공개 API,2026-09-30
2025-11,수입시장,수입액,미국|3304|218|218,27225,USD,UN Comtrade 공개 API,2026-09-30
2025-11,수입시장,수입액,미국|3304|233|에스토니아,6869,USD,UN Comtrade 공개 API,2026-09-30
2025-11,수입시장,수입액,미국|3304|566|나이지리아,15798,USD,UN Comtrade 공개 API,2026-09-30
2025-11,수입시장,수입액,미국|3304|60|60,2898,USD,UN Comtrade 공개 API,2026-09-30
2025-11,수입시장,수입액,미국|3304|50|방글라데시,8541,USD,UN Comtrade 공개 API,2026-09-30
2025-11,수입시장,수입액,미국|3304|586|파키스탄,22233,USD,UN Comtrade 공개 API,2026-09-30
2025-11,수입시장,수입액,미국|3304|591|591,3609,USD,UN Comtrade 공개 API,2026-09-30
2025-11,수입시장,수입액,미국|3304|344|홍콩,1439145,USD,UN Comtrade 공개 API,2026-09-30
2025-11,수입시장,수입액,미국|3304|352|352,40062,USD,UN Comtrade 공개 API,2026-09-30
2025-11,수입시장,수입액,미국|3304|100|불가리아,148644,USD,UN Comtrade 공개 API,2026-09-30
2025-11,수입시장,수입액,미국|3304|116|캄보디아,589234,USD,UN Comtrade 공개 API,2026-09-30
2025-11,수입시장,수입액,미국|3304|440|리투아니아,5262,USD,UN Comtrade 공개 API,2026-09-30
2025-11,수입시장,수입액,미국|3304|442|룩셈부르크,1088777,USD,UN Comtrade 공개 API,2026-09-30
2025-11,수입시장,수입액,미국|3304|422|레바논,196257,USD,UN Comtrade 공개 API,2026-09-30
2025-11,수입시장,수입액,미국|3304|428|라트비아,84002,USD,UN Comtrade 공개 API,2026-09-30
2025-11,수입시장,수입액,미국|3304|400|요르단,4563,USD,UN Comtrade 공개 API,2026-09-30
2025-11,수입시장,수입액,미국|3304|32|아르헨티나,75029,USD,UN Comtrade 공개 API,2026-09-30
2025-11,수입시장,수입액,미국|3304|554|뉴질랜드,798468,USD,UN Comtrade 공개 API,2026-09-30
2025-11,수입시장,수입액,미국|3304|608|필리핀,51691,USD,UN Comtrade 공개 API,2026-09-30
2025-11,수입시장,수입액,미국|3304|246|핀란드,121059,USD,UN Comtrade 공개 API,2026-09-30
2025-11,수입시장,수입액,미국|3304|214|214,1318370,USD,UN Comtrade 공개 API,2026-09-30
2025-11,수입시장,수입액,미국|3304|702|싱가포르,408839,USD,UN Comtrade 공개 API,2026-09-30
2025-11,수입시장,수입액,미국|3304|784|UAE,418993,USD,UN Comtrade 공개 API,2026-09-30
2025-11,수입시장,수입액,미국|3304|348|헝가리,776851,USD,UN Comtrade 공개 API,2026-09-30
2025-11,수입시장,수입액,미국|3304|710|남아공,472532,USD,UN Comtrade 공개 API,2026-09-30
2025-11,수입시장,수입액,미국|3304|620|포르투갈,358027,USD,UN Comtrade 공개 API,2026-09-30
2025-11,수입시장,수입액,미국|3304|372|아일랜드,2746214,USD,UN Comtrade 공개 API,2026-09-30
2025-11,수입시장,수입액,미국|3304|170|콜롬비아,2680707,USD,UN Comtrade 공개 API,2026-09-30
2025-11,수입시장,수입액,미국|3304|203|체코,891923,USD,UN Comtrade 공개 API,2026-09-30
2025-11,수입시장,수입액,미국|3304|208|덴마크,54402,USD,UN Comtrade 공개 API,2026-09-30
2025-11,수입시장,수입액,미국|3304|376|이스라엘,2191666,USD,UN Comtrade 공개 API,2026-09-30
2025-11,수입시장,수입액,미국|3304|458|말레이시아,402132,USD,UN Comtrade 공개 API,2026-09-30
2025-11,수입시장,수입액,미국|3304|752|스웨덴,27498,USD,UN Comtrade 공개 API,2026-09-30
2025-11,수입시장,수입액,미국|3304|36|호주,4618080,USD,UN Comtrade 공개 API,2026-09-30
2025-11,수입시장,수입액,미국|3304|360|인도네시아,1251708,USD,UN Comtrade 공개 API,2026-09-30
2025-11,수입시장,수입액,미국|3304|40|오스트리아,256096,USD,UN Comtrade 공개 API,2026-09-30
2025-11,수입시장,수입액,미국|3304|757|스위스,6193099,USD,UN Comtrade 공개 API,2026-09-30
2025-11,수입시장,수입액,미국|3304|616|폴란드,2837225,USD,UN Comtrade 공개 API,2026-09-30
2025-11,수입시장,수입액,미국|3304|76|브라질,203235,USD,UN Comtrade 공개 API,2026-09-30
2025-11,수입시장,수입액,미국|3304|56|벨기에,3557705,USD,UN Comtrade 공개 API,2026-09-30
2025-11,수입시장,수입액,미국|3304|704|베트남,6050987,USD,UN Comtrade 공개 API,2026-09-30
2025-11,수입시장,수입액,미국|3304|792|튀르키예,2584146,USD,UN Comtrade 공개 API,2026-09-30
2025-11,수입시장,수입액,미국|3304|764|태국,3840886,USD,UN Comtrade 공개 API,2026-09-30
2025-11,수입시장,수입액,미국|3304|528|네덜란드,97259,USD,UN Comtrade 공개 API,2026-09-30
2025-11,수입시장,수입액,미국|3304|490|대만,11373771,USD,UN Comtrade 공개 API,2026-09-30
2025-11,수입시장,수입액,미국|3304|410|한국,142516328,USD,UN Comtrade 공개 API,2026-09-30
2025-11,수입시장,수입액,미국|3304|724|스페인,6017755,USD,UN Comtrade 공개 API,2026-09-30
2025-11,수입시장,수입액,미국|3304|251|프랑스,80530673,USD,UN Comtrade 공개 API,2026-09-30
2025-11,수입시장,수입액,미국|3304|826|영국,18893979,USD,UN Comtrade 공개 API,2026-09-30
2025-11,수입시장,수입액,미국|3304|392|일본,11295563,USD,UN Comtrade 공개 API,2026-09-30
2025-11,수입시장,수입액,미국|3304|380|이탈리아,73826543,USD,UN Comtrade 공개 API,2026-09-30
2025-11,수입시장,수입액,미국|3304|276|독일,15650579,USD,UN Comtrade 공개 API,2026-09-30
2025-11,수입시장,수입액,미국|3304|699|인도,2760115,USD,UN Comtrade 공개 API,2026-09-30
2025-11,수입시장,수입액,미국|3304|484|멕시코,20566187,USD,UN Comtrade 공개 API,2026-09-30
2025-11,수입시장,수입액,미국|3304|156|중국,39942212,USD,UN Comtrade 공개 API,2026-09-30
2025-11,수입시장,수입액,미국|3304|124|캐나다,89647628,USD,UN Comtrade 공개 API,2026-09-30
2025-11,수입시장,수입액,미국|3304|0|전체,564146650,USD,UN Comtrade 공개 API,2026-09-30
2025-11,수입시장,수입액,미국|3304|604|페루,4970,USD,UN Comtrade 공개 API,2026-09-30
2025-12,수입시장,수입액,미국|300249|156|중국,1164592,USD,UN Comtrade 공개 API,2026-09-30
2025-12,수입시장,수입액,미국|300249|124|캐나다,1369671,USD,UN Comtrade 공개 API,2026-09-30
2025-12,수입시장,수입액,미국|300249|276|독일,2188164,USD,UN Comtrade 공개 API,2026-09-30
2025-12,수입시장,수입액,미국|300249|699|인도,1551411,USD,UN Comtrade 공개 API,2026-09-30
2025-12,수입시장,수입액,미국|300249|392|일본,32847,USD,UN Comtrade 공개 API,2026-09-30
2025-12,수입시장,수입액,미국|300249|380|이탈리아,367043,USD,UN Comtrade 공개 API,2026-09-30
2025-12,수입시장,수입액,미국|300249|826|영국,11014869,USD,UN Comtrade 공개 API,2026-09-30
2025-12,수입시장,수입액,미국|300249|251|프랑스,1493416,USD,UN Comtrade 공개 API,2026-09-30
2025-12,수입시장,수입액,미국|300249|724|스페인,354166,USD,UN Comtrade 공개 API,2026-09-30
2025-12,수입시장,수입액,미국|300249|490|대만,33120,USD,UN Comtrade 공개 API,2026-09-30
2025-12,수입시장,수입액,미국|300249|528|네덜란드,52361,USD,UN Comtrade 공개 API,2026-09-30
2025-12,수입시장,수입액,미국|300249|56|벨기에,5282646,USD,UN Comtrade 공개 API,2026-09-30
2025-12,수입시장,수입액,미국|300249|76|브라질,132929,USD,UN Comtrade 공개 API,2026-09-30
2025-12,수입시장,수입액,미국|300249|40|오스트리아,20895,USD,UN Comtrade 공개 API,2026-09-30
2025-12,수입시장,수입액,미국|300249|752|스웨덴,103577,USD,UN Comtrade 공개 API,2026-09-30
2025-12,수입시장,수입액,미국|300249|376|이스라엘,45810,USD,UN Comtrade 공개 API,2026-09-30
2025-12,수입시장,수입액,미국|300249|36|호주,216314,USD,UN Comtrade 공개 API,2026-09-30
2025-12,수입시장,수입액,미국|300249|208|덴마크,2518324,USD,UN Comtrade 공개 API,2026-09-30
2025-12,수입시장,수입액,미국|300249|246|핀란드,88252,USD,UN Comtrade 공개 API,2026-09-30
2025-12,수입시장,수입액,미국|300249|372|아일랜드,114512337,USD,UN Comtrade 공개 API,2026-09-30
2025-12,수입시장,수입액,미국|300249|554|뉴질랜드,100075,USD,UN Comtrade 공개 API,2026-09-30
2025-12,수입시장,수입액,미국|300249|32|아르헨티나,199795,USD,UN Comtrade 공개 API,2026-09-30
2025-12,수입시장,수입액,미국|300249|233|에스토니아,101562,USD,UN Comtrade 공개 API,2026-09-30
2025-12,수입시장,수입액,미국|300249|858|858,96371,USD,UN Comtrade 공개 API,2026-09-30
2025-12,수입시장,수입액,미국|300249|484|멕시코,2821,USD,UN Comtrade 공개 API,2026-09-30
2025-12,수입시장,수입액,미국|300249|757|스위스,13244064,USD,UN Comtrade 공개 API,2026-09-30
2025-12,수입시장,수입액,미국|300249|0|전체,156287432,USD,UN Comtrade 공개 API,2026-09-30
2025-12,수입시장,수입액,미국|3304|504|504,88502,USD,UN Comtrade 공개 API,2026-09-30
2025-12,수입시장,수입액,미국|3304|516|516,94200,USD,UN Comtrade 공개 API,2026-09-30
2025-12,수입시장,수입액,미국|3304|524|524,3152,USD,UN Comtrade 공개 API,2026-09-30
2025-12,수입시장,수입액,미국|3304|400|요르단,22658,USD,UN Comtrade 공개 API,2026-09-30
2025-12,수입시장,수입액,미국|3304|404|404,16018,USD,UN Comtrade 공개 API,2026-09-30
2025-12,수입시장,수입액,미국|3304|268|조지아,555537,USD,UN Comtrade 공개 API,2026-09-30
2025-12,수입시장,수입액,미국|3304|144|스리랑카,370256,USD,UN Comtrade 공개 API,2026-09-30
2025-12,수입시장,수입액,미국|3304|218|218,37881,USD,UN Comtrade 공개 API,2026-09-30
2025-12,수입시장,수입액,미국|3304|222|222,6288,USD,UN Comtrade 공개 API,2026-09-30
2025-12,수입시장,수입액,미국|3304|231|231,5495,USD,UN Comtrade 공개 API,2026-09-30
2025-12,수입시장,수입액,미국|3304|586|파키스탄,17971,USD,UN Comtrade 공개 API,2026-09-30
2025-12,수입시장,수입액,미국|3304|533|533,82208,USD,UN Comtrade 공개 API,2026-09-30
2025-12,수입시장,수입액,미국|3304|422|레바논,79775,USD,UN Comtrade 공개 API,2026-09-30
2025-12,수입시장,수입액,미국|3304|428|라트비아,39398,USD,UN Comtrade 공개 API,2026-09-30
2025-12,수입시장,수입액,미국|3304|442|룩셈부르크,1495615,USD,UN Comtrade 공개 API,2026-09-30
2025-12,수입시장,수입액,미국|3304|414|쿠웨이트,3737,USD,UN Comtrade 공개 API,2026-09-30
2025-12,수입시장,수입액,미국|3304|288|288,207227,USD,UN Comtrade 공개 API,2026-09-30
2025-12,수입시장,수입액,미국|3304|320|320,3477,USD,UN Comtrade 공개 API,2026-09-30
2025-12,수입시장,수입액,미국|3304|332|332,15468,USD,UN Comtrade 공개 API,2026-09-30
2025-12,수입시장,수입액,미국|3304|344|홍콩,854559,USD,UN Comtrade 공개 API,2026-09-30
2025-12,수입시장,수입액,미국|3304|196|키프로스,19040,USD,UN Comtrade 공개 API,2026-09-30
2025-12,수입시장,수입액,미국|3304|116|캄보디아,553331,USD,UN Comtrade 공개 API,2026-09-30
2025-12,수입시장,수입액,미국|3304|100|불가리아,208842,USD,UN Comtrade 공개 API,2026-09-30
2025-12,수입시장,수입액,미국|3304|233|에스토니아,17328,USD,UN Comtrade 공개 API,2026-09-30
2025-12,수입시장,수입액,미국|3304|352|352,127669,USD,UN Comtrade 공개 API,2026-09-30
2025-12,수입시장,수입액,미국|3304|50|방글라데시,21329,USD,UN Comtrade 공개 API,2026-09-30
2025-12,수입시장,수입액,미국|3304|384|384,167040,USD,UN Comtrade 공개 API,2026-09-30
2025-12,수입시장,수입액,미국|3304|800|800,8672,USD,UN Comtrade 공개 API,2026-09-30
2025-12,수입시장,수입액,미국|3304|818|이집트,346943,USD,UN Comtrade 공개 API,2026-09-30
2025-12,수입시장,수입액,미국|3304|705|슬로베니아,17851,USD,UN Comtrade 공개 API,2026-09-30
2025-12,수입시장,수입액,미국|3304|690|690,19358,USD,UN Comtrade 공개 API,2026-09-30
2025-12,수입시장,수입액,미국|3304|688|세르비아,19054,USD,UN Comtrade 공개 API,2026-09-30
2025-12,수입시장,수입액,미국|3304|566|나이지리아,3465,USD,UN Comtrade 공개 API,2026-09-30
2025-12,수입시장,수입액,미국|3304|768|768,259310,USD,UN Comtrade 공개 API,2026-09-30
2025-12,수입시장,수입액,미국|3304|804|우크라이나,42784,USD,UN Comtrade 공개 API,2026-09-30
2025-12,수입시장,수입액,미국|3304|300|그리스,2042731,USD,UN Comtrade 공개 API,2026-09-30
2025-12,수입시장,수입액,미국|3304|554|뉴질랜드,357657,USD,UN Comtrade 공개 API,2026-09-30
2025-12,수입시장,수입액,미국|3304|348|헝가리,1078645,USD,UN Comtrade 공개 API,2026-09-30
2025-12,수입시장,수입액,미국|3304|214|214,2104848,USD,UN Comtrade 공개 API,2026-09-30
2025-12,수입시장,수입액,미국|3304|784|UAE,516999,USD,UN Comtrade 공개 API,2026-09-30
2025-12,수입시장,수입액,미국|3304|608|필리핀,67614,USD,UN Comtrade 공개 API,2026-09-30
2025-12,수입시장,수입액,미국|3304|32|아르헨티나,84930,USD,UN Comtrade 공개 API,2026-09-30
2025-12,수입시장,수입액,미국|3304|702|싱가포르,395652,USD,UN Comtrade 공개 API,2026-09-30
2025-12,수입시장,수입액,미국|3304|620|포르투갈,506167,USD,UN Comtrade 공개 API,2026-09-30
2025-12,수입시장,수입액,미국|3304|710|남아공,1492380,USD,UN Comtrade 공개 API,2026-09-30
2025-12,수입시장,수입액,미국|3304|246|핀란드,6172,USD,UN Comtrade 공개 API,2026-09-30
2025-12,수입시장,수입액,미국|3304|372|아일랜드,2271458,USD,UN Comtrade 공개 API,2026-09-30
2025-12,수입시장,수입액,미국|3304|208|덴마크,39078,USD,UN Comtrade 공개 API,2026-09-30
2025-12,수입시장,수입액,미국|3304|170|콜롬비아,4338674,USD,UN Comtrade 공개 API,2026-09-30
2025-12,수입시장,수입액,미국|3304|203|체코,1946805,USD,UN Comtrade 공개 API,2026-09-30
2025-12,수입시장,수입액,미국|3304|36|호주,4240616,USD,UN Comtrade 공개 API,2026-09-30
2025-12,수입시장,수입액,미국|3304|376|이스라엘,3406350,USD,UN Comtrade 공개 API,2026-09-30
2025-12,수입시장,수입액,미국|3304|360|인도네시아,1630307,USD,UN Comtrade 공개 API,2026-09-30
2025-12,수입시장,수입액,미국|3304|458|말레이시아,680919,USD,UN Comtrade 공개 API,2026-09-30
2025-12,수입시장,수입액,미국|3304|40|오스트리아,89583,USD,UN Comtrade 공개 API,2026-09-30
2025-12,수입시장,수입액,미국|3304|752|스웨덴,1985974,USD,UN Comtrade 공개 API,2026-09-30
2025-12,수입시장,수입액,미국|3304|757|스위스,5018492,USD,UN Comtrade 공개 API,2026-09-30
2025-12,수입시장,수입액,미국|3304|616|폴란드,3140657,USD,UN Comtrade 공개 API,2026-09-30
2025-12,수입시장,수입액,미국|3304|764|태국,3361237,USD,UN Comtrade 공개 API,2026-09-30
2025-12,수입시장,수입액,미국|3304|704|베트남,6729562,USD,UN Comtrade 공개 API,2026-09-30
2025-12,수입시장,수입액,미국|3304|56|벨기에,2673213,USD,UN Comtrade 공개 API,2026-09-30
2025-12,수입시장,수입액,미국|3304|76|브라질,423888,USD,UN Comtrade 공개 API,2026-09-30
2025-12,수입시장,수입액,미국|3304|792|튀르키예,2374859,USD,UN Comtrade 공개 API,2026-09-30
2025-12,수입시장,수입액,미국|3304|490|대만,10240826,USD,UN Comtrade 공개 API,2026-09-30
2025-12,수입시장,수입액,미국|3304|528|네덜란드,277843,USD,UN Comtrade 공개 API,2026-09-30
2025-12,수입시장,수입액,미국|3304|724|스페인,5046605,USD,UN Comtrade 공개 API,2026-09-30
2025-12,수입시장,수입액,미국|3304|826|영국,19193453,USD,UN Comtrade 공개 API,2026-09-30
2025-12,수입시장,수입액,미국|3304|251|프랑스,83419742,USD,UN Comtrade 공개 API,2026-09-30
2025-12,수입시장,수입액,미국|3304|410|한국,147886787,USD,UN Comtrade 공개 API,2026-09-30
2025-12,수입시장,수입액,미국|3304|392|일본,16712489,USD,UN Comtrade 공개 API,2026-09-30
2025-12,수입시장,수입액,미국|3304|699|인도,3525975,USD,UN Comtrade 공개 API,2026-09-30
2025-12,수입시장,수입액,미국|3304|380|이탈리아,71647729,USD,UN Comtrade 공개 API,2026-09-30
2025-12,수입시장,수입액,미국|3304|276|독일,17270382,USD,UN Comtrade 공개 API,2026-09-30
2025-12,수입시장,수입액,미국|3304|484|멕시코,27456245,USD,UN Comtrade 공개 API,2026-09-30
2025-12,수입시장,수입액,미국|3304|156|중국,40193429,USD,UN Comtrade 공개 API,2026-09-30
2025-12,수입시장,수입액,미국|3304|124|캐나다,86167351,USD,UN Comtrade 공개 API,2026-09-30
2025-12,수입시장,수입액,미국|3304|0|전체,587875761,USD,UN Comtrade 공개 API,2026-09-30
2026-01,수입시장,수입액,미국|3304|100|불가리아,191947,USD,UN Comtrade 공개 API,2026-09-30
2026-01,수입시장,수입액,미국|3304|233|에스토니아,13698,USD,UN Comtrade 공개 API,2026-09-30
2026-01,수입시장,수입액,미국|3304|384|384,123096,USD,UN Comtrade 공개 API,2026-09-30
2026-01,수입시장,수입액,미국|3304|566|나이지리아,23481,USD,UN Comtrade 공개 API,2026-09-30
2026-01,수입시장,수입액,미국|3304|818|이집트,989890,USD,UN Comtrade 공개 API,2026-09-30
2026-01,수입시장,수입액,미국|3304|50|방글라데시,50109,USD,UN Comtrade 공개 API,2026-09-30
2026-01,수입시장,수입액,미국|3304|116|캄보디아,466635,USD,UN Comtrade 공개 API,2026-09-30
2026-01,수입시장,수입액,미국|3304|218|218,46116,USD,UN Comtrade 공개 API,2026-09-30
2026-01,수입시장,수입액,미국|3304|300|그리스,4287273,USD,UN Comtrade 공개 API,2026-09-30
2026-01,수입시장,수입액,미국|3304|533|533,146827,USD,UN Comtrade 공개 API,2026-09-30
2026-01,수입시장,수입액,미국|3304|586|파키스탄,11496,USD,UN Comtrade 공개 API,2026-09-30
2026-01,수입시장,수입액,미국|3304|686|686,10388,USD,UN Comtrade 공개 API,2026-09-30
2026-01,수입시장,수입액,미국|3304|400|요르단,3925,USD,UN Comtrade 공개 API,2026-09-30
2026-01,수입시장,수입액,미국|3304|422|레바논,152311,USD,UN Comtrade 공개 API,2026-09-30
2026-01,수입시장,수입액,미국|3304|428|라트비아,54443,USD,UN Comtrade 공개 API,2026-09-30
2026-01,수입시장,수입액,미국|3304|496|몽골,4250,USD,UN Comtrade 공개 API,2026-09-30
2026-01,수입시장,수입액,미국|3304|144|스리랑카,183120,USD,UN Comtrade 공개 API,2026-09-30
2026-01,수입시장,수입액,미국|3304|352|352,160686,USD,UN Comtrade 공개 API,2026-09-30
2026-01,수입시장,수입액,미국|3304|688|세르비아,6259,USD,UN Comtrade 공개 API,2026-09-30
2026-01,수입시장,수입액,미국|3304|320|320,24170,USD,UN Comtrade 공개 API,2026-09-30
2026-01,수입시장,수입액,미국|3304|442|룩셈부르크,842367,USD,UN Comtrade 공개 API,2026-09-30
2026-01,수입시장,수입액,미국|3304|242|242,201426,USD,UN Comtrade 공개 API,2026-09-30
2026-01,수입시장,수입액,미국|3304|258|258,110599,USD,UN Comtrade 공개 API,2026-09-30
2026-01,수입시장,수입액,미국|3304|268|조지아,45961,USD,UN Comtrade 공개 API,2026-09-30
2026-01,수입시장,수입액,미국|3304|768|768,9567,USD,UN Comtrade 공개 API,2026-09-30
2026-01,수입시장,수입액,미국|3304|504|504,150314,USD,UN Comtrade 공개 API,2026-09-30
2026-01,수입시장,수입액,미국|3304|524|524,2788,USD,UN Comtrade 공개 API,2026-09-30
2026-01,수입시장,수입액,미국|3304|288|288,40609,USD,UN Comtrade 공개 API,2026-09-30
2026-01,수입시장,수입액,미국|3304|344|홍콩,244134,USD,UN Comtrade 공개 API,2026-09-30
2026-01,수입시장,수입액,미국|3304|804|우크라이나,18502,USD,UN Comtrade 공개 API,2026-09-30
2026-01,수입시장,수입액,미국|3304|348|헝가리,938819,USD,UN Comtrade 공개 API,2026-09-30
2026-01,수입시장,수입액,미국|3304|554|뉴질랜드,866754,USD,UN Comtrade 공개 API,2026-09-30
2026-01,수입시장,수입액,미국|3304|246|핀란드,116507,USD,UN Comtrade 공개 API,2026-09-30
2026-01,수입시장,수입액,미국|3304|32|아르헨티나,53651,USD,UN Comtrade 공개 API,2026-09-30
2026-01,수입시장,수입액,미국|3304|608|필리핀,62737,USD,UN Comtrade 공개 API,2026-09-30
2026-01,수입시장,수입액,미국|3304|214|214,1397758,USD,UN Comtrade 공개 API,2026-09-30
2026-01,수입시장,수입액,미국|3304|784|UAE,439592,USD,UN Comtrade 공개 API,2026-09-30
2026-01,수입시장,수입액,미국|3304|710|남아공,686885,USD,UN Comtrade 공개 API,2026-09-30
2026-01,수입시장,수입액,미국|3304|372|아일랜드,1226739,USD,UN Comtrade 공개 API,2026-09-30
2026-01,수입시장,수입액,미국|3304|604|페루,2350,USD,UN Comtrade 공개 API,2026-09-30
2026-01,수입시장,수입액,미국|3304|702|싱가포르,327730,USD,UN Comtrade 공개 API,2026-09-30
2026-01,수입시장,수입액,미국|3304|620|포르투갈,104661,USD,UN Comtrade 공개 API,2026-09-30
2026-01,수입시장,수입액,미국|3304|203|체코,1376067,USD,UN Comtrade 공개 API,2026-09-30
2026-01,수입시장,수입액,미국|3304|208|덴마크,9126,USD,UN Comtrade 공개 API,2026-09-30
2026-01,수입시장,수입액,미국|3304|170|콜롬비아,4031628,USD,UN Comtrade 공개 API,2026-09-30
2026-01,수입시장,수입액,미국|3304|376|이스라엘,1824438,USD,UN Comtrade 공개 API,2026-09-30
2026-01,수입시장,수입액,미국|3304|36|호주,4258721,USD,UN Comtrade 공개 API,2026-09-30
2026-01,수입시장,수입액,미국|3304|752|스웨덴,3864008,USD,UN Comtrade 공개 API,2026-09-30
2026-01,수입시장,수입액,미국|3304|360|인도네시아,1658574,USD,UN Comtrade 공개 API,2026-09-30
2026-01,수입시장,수입액,미국|3304|757|스위스,12877389,USD,UN Comtrade 공개 API,2026-09-30
2026-01,수입시장,수입액,미국|3304|458|말레이시아,156912,USD,UN Comtrade 공개 API,2026-09-30
2026-01,수입시장,수입액,미국|3304|40|오스트리아,3489879,USD,UN Comtrade 공개 API,2026-09-30
2026-01,수입시장,수입액,미국|3304|616|폴란드,2880825,USD,UN Comtrade 공개 API,2026-09-30
2026-01,수입시장,수입액,미국|3304|76|브라질,289641,USD,UN Comtrade 공개 API,2026-09-30
2026-01,수입시장,수입액,미국|3304|704|베트남,6163219,USD,UN Comtrade 공개 API,2026-09-30
2026-01,수입시장,수입액,미국|3304|792|튀르키예,1844089,USD,UN Comtrade 공개 API,2026-09-30
2026-01,수입시장,수입액,미국|3304|56|벨기에,2871837,USD,UN Comtrade 공개 API,2026-09-30
2026-01,수입시장,수입액,미국|3304|764|태국,2740203,USD,UN Comtrade 공개 API,2026-09-30
2026-01,수입시장,수입액,미국|3304|490|대만,12846928,USD,UN Comtrade 공개 API,2026-09-30
2026-01,수입시장,수입액,미국|3304|528|네덜란드,288797,USD,UN Comtrade 공개 API,2026-09-30
2026-01,수입시장,수입액,미국|3304|724|스페인,4554118,USD,UN Comtrade 공개 API,2026-09-30
2026-01,수입시장,수입액,미국|3304|410|한국,129428452,USD,UN Comtrade 공개 API,2026-09-30
2026-01,수입시장,수입액,미국|3304|251|프랑스,62877881,USD,UN Comtrade 공개 API,2026-09-30
2026-01,수입시장,수입액,미국|3304|392|일본,13683496,USD,UN Comtrade 공개 API,2026-09-30
2026-01,수입시장,수입액,미국|3304|826|영국,17686606,USD,UN Comtrade 공개 API,2026-09-30
2026-01,수입시장,수입액,미국|3304|380|이탈리아,50612852,USD,UN Comtrade 공개 API,2026-09-30
2026-01,수입시장,수입액,미국|3304|276|독일,15964950,USD,UN Comtrade 공개 API,2026-09-30
2026-01,수입시장,수입액,미국|3304|699|인도,5514835,USD,UN Comtrade 공개 API,2026-09-30
2026-01,수입시장,수입액,미국|3304|484|멕시코,25374264,USD,UN Comtrade 공개 API,2026-09-30
2026-01,수입시장,수입액,미국|3304|156|중국,48024661,USD,UN Comtrade 공개 API,2026-09-30
2026-01,수입시장,수입액,미국|3304|124|캐나다,96628988,USD,UN Comtrade 공개 API,2026-09-30
2026-01,수입시장,수입액,미국|3304|0|전체,548663954,USD,UN Comtrade 공개 API,2026-09-30
2026-01,수입시장,수입액,미국|300249|0|전체,85917570,USD,UN Comtrade 공개 API,2026-09-30
2026-01,수입시장,수입액,미국|300249|528|네덜란드,154870,USD,UN Comtrade 공개 API,2026-09-30
2026-01,수입시장,수입액,미국|300249|56|벨기에,67282,USD,UN Comtrade 공개 API,2026-09-30
2026-01,수입시장,수입액,미국|300249|757|스위스,4765763,USD,UN Comtrade 공개 API,2026-09-30
2026-01,수입시장,수입액,미국|300249|376|이스라엘,77682,USD,UN Comtrade 공개 API,2026-09-30
2026-01,수입시장,수입액,미국|300249|208|덴마크,4615266,USD,UN Comtrade 공개 API,2026-09-30
2026-01,수입시장,수입액,미국|300249|36|호주,245665,USD,UN Comtrade 공개 API,2026-09-30
2026-01,수입시장,수입액,미국|300249|702|싱가포르,872762,USD,UN Comtrade 공개 API,2026-09-30
2026-01,수입시장,수입액,미국|300249|246|핀란드,5872,USD,UN Comtrade 공개 API,2026-09-30
2026-01,수입시장,수입액,미국|300249|372|아일랜드,55239867,USD,UN Comtrade 공개 API,2026-09-30
2026-01,수입시장,수입액,미국|300249|32|아르헨티나,225349,USD,UN Comtrade 공개 API,2026-09-30
2026-01,수입시장,수입액,미국|300249|858|858,113290,USD,UN Comtrade 공개 API,2026-09-30
2026-01,수입시장,수입액,미국|300249|490|대만,27420,USD,UN Comtrade 공개 API,2026-09-30
2026-01,수입시장,수입액,미국|300249|724|스페인,46161,USD,UN Comtrade 공개 API,2026-09-30
2026-01,수입시장,수입액,미국|300249|251|프랑스,1731137,USD,UN Comtrade 공개 API,2026-09-30
2026-01,수입시장,수입액,미국|300249|826|영국,3966944,USD,UN Comtrade 공개 API,2026-09-30
2026-01,수입시장,수입액,미국|300249|410|한국,2732075,USD,UN Comtrade 공개 API,2026-09-30
2026-01,수입시장,수입액,미국|300249|380|이탈리아,596213,USD,UN Comtrade 공개 API,2026-09-30
2026-01,수입시장,수입액,미국|300249|392|일본,231121,USD,UN Comtrade 공개 API,2026-09-30
2026-01,수입시장,수입액,미국|300249|699|인도,3125013,USD,UN Comtrade 공개 API,2026-09-30
2026-01,수입시장,수입액,미국|300249|276|독일,3730883,USD,UN Comtrade 공개 API,2026-09-30
2026-01,수입시장,수입액,미국|300249|124|캐나다,2367666,USD,UN Comtrade 공개 API,2026-09-30
2026-01,수입시장,수입액,미국|300249|156|중국,979269,USD,UN Comtrade 공개 API,2026-09-30
2026-02,수입시장,수입액,미국|3304|818|이집트,222028,USD,UN Comtrade 공개 API,2026-09-30
2026-02,수입시장,수입액,미국|3304|344|홍콩,353260,USD,UN Comtrade 공개 API,2026-09-30
2026-02,수입시장,수입액,미국|3304|531|531,2838,USD,UN Comtrade 공개 API,2026-09-30
2026-02,수입시장,수입액,미국|3304|533|533,133865,USD,UN Comtrade 공개 API,2026-09-30
2026-02,수입시장,수입액,미국|3304|586|파키스탄,75812,USD,UN Comtrade 공개 API,2026-09-30
2026-02,수입시장,수입액,미국|3304|218|218,76303,USD,UN Comtrade 공개 API,2026-09-30
2026-02,수입시장,수입액,미국|3304|705|슬로베니아,43507,USD,UN Comtrade 공개 API,2026-09-30
2026-02,수입시장,수입액,미국|3304|807|807,9382,USD,UN Comtrade 공개 API,2026-09-30
2026-02,수입시장,수입액,미국|3304|50|방글라데시,191360,USD,UN Comtrade 공개 API,2026-09-30
2026-02,수입시장,수입액,미국|3304|258|258,11148,USD,UN Comtrade 공개 API,2026-09-30
2026-02,수입시장,수입액,미국|3304|268|조지아,20493,USD,UN Comtrade 공개 API,2026-09-30
2026-02,수입시장,수입액,미국|3304|300|그리스,785624,USD,UN Comtrade 공개 API,2026-09-30
2026-02,수입시장,수입액,미국|3304|332|332,8742,USD,UN Comtrade 공개 API,2026-09-30
2026-02,수입시장,수입액,미국|3304|352|352,87862,USD,UN Comtrade 공개 API,2026-09-30
2026-02,수입시장,수입액,미국|3304|384|384,81583,USD,UN Comtrade 공개 API,2026-09-30
2026-02,수입시장,수입액,미국|3304|388|388,42887,USD,UN Comtrade 공개 API,2026-09-30
2026-02,수입시장,수입액,미국|3304|442|룩셈부르크,721540,USD,UN Comtrade 공개 API,2026-09-30
2026-02,수입시장,수입액,미국|3304|768|768,33850,USD,UN Comtrade 공개 API,2026-09-30
2026-02,수입시장,수입액,미국|3304|804|우크라이나,45965,USD,UN Comtrade 공개 API,2026-09-30
2026-02,수입시장,수입액,미국|3304|60|60,3248,USD,UN Comtrade 공개 API,2026-09-30
2026-02,수입시장,수입액,미국|3304|100|불가리아,197234,USD,UN Comtrade 공개 API,2026-09-30
2026-02,수입시장,수입액,미국|3304|144|스리랑카,199808,USD,UN Comtrade 공개 API,2026-09-30
2026-02,수입시장,수입액,미국|3304|288|288,68377,USD,UN Comtrade 공개 API,2026-09-30
2026-02,수입시장,수입액,미국|3304|428|라트비아,65949,USD,UN Comtrade 공개 API,2026-09-30
2026-02,수입시장,수입액,미국|3304|116|캄보디아,458053,USD,UN Comtrade 공개 API,2026-09-30
2026-02,수입시장,수입액,미국|3304|400|요르단,5503,USD,UN Comtrade 공개 API,2026-09-30
2026-02,수입시장,수입액,미국|3304|504|504,102227,USD,UN Comtrade 공개 API,2026-09-30
2026-02,수입시장,수입액,미국|3304|404|404,18114,USD,UN Comtrade 공개 API,2026-09-30
2026-02,수입시장,수입액,미국|3304|516|516,64190,USD,UN Comtrade 공개 API,2026-09-30
2026-02,수입시장,수입액,미국|3304|643|러시아,5502,USD,UN Comtrade 공개 API,2026-09-30
2026-02,수입시장,수입액,미국|3304|688|세르비아,4426,USD,UN Comtrade 공개 API,2026-09-30
2026-02,수입시장,수입액,미국|3304|152|칠레,4613,USD,UN Comtrade 공개 API,2026-09-30
2026-02,수입시장,수입액,미국|3304|702|싱가포르,716381,USD,UN Comtrade 공개 API,2026-09-30
2026-02,수입시장,수입액,미국|3304|348|헝가리,927434,USD,UN Comtrade 공개 API,2026-09-30
2026-02,수입시장,수입액,미국|3304|554|뉴질랜드,1095949,USD,UN Comtrade 공개 API,2026-09-30
2026-02,수입시장,수입액,미국|3304|32|아르헨티나,100048,USD,UN Comtrade 공개 API,2026-09-30
2026-02,수입시장,수입액,미국|3304|608|필리핀,68068,USD,UN Comtrade 공개 API,2026-09-30
2026-02,수입시장,수입액,미국|3304|784|UAE,213281,USD,UN Comtrade 공개 API,2026-09-30
2026-02,수입시장,수입액,미국|3304|710|남아공,2068070,USD,UN Comtrade 공개 API,2026-09-30
2026-02,수입시장,수입액,미국|3304|620|포르투갈,142043,USD,UN Comtrade 공개 API,2026-09-30
2026-02,수입시장,수입액,미국|3304|214|214,2020848,USD,UN Comtrade 공개 API,2026-09-30
2026-02,수입시장,수입액,미국|3304|246|핀란드,121174,USD,UN Comtrade 공개 API,2026-09-30
2026-02,수입시장,수입액,미국|3304|372|아일랜드,2166394,USD,UN Comtrade 공개 API,2026-09-30
2026-02,수입시장,수입액,미국|3304|203|체코,1037043,USD,UN Comtrade 공개 API,2026-09-30
2026-02,수입시장,수입액,미국|3304|170|콜롬비아,4286257,USD,UN Comtrade 공개 API,2026-09-30
2026-02,수입시장,수입액,미국|3304|208|덴마크,124934,USD,UN Comtrade 공개 API,2026-09-30
2026-02,수입시장,수입액,미국|3304|376|이스라엘,2048229,USD,UN Comtrade 공개 API,2026-09-30
2026-02,수입시장,수입액,미국|3304|36|호주,4682993,USD,UN Comtrade 공개 API,2026-09-30
2026-02,수입시장,수입액,미국|3304|458|말레이시아,284816,USD,UN Comtrade 공개 API,2026-09-30
2026-02,수입시장,수입액,미국|3304|360|인도네시아,2103790,USD,UN Comtrade 공개 API,2026-09-30
2026-02,수입시장,수입액,미국|3304|757|스위스,17800965,USD,UN Comtrade 공개 API,2026-09-30
2026-02,수입시장,수입액,미국|3304|752|스웨덴,1768223,USD,UN Comtrade 공개 API,2026-09-30
2026-02,수입시장,수입액,미국|3304|40|오스트리아,699748,USD,UN Comtrade 공개 API,2026-09-30
2026-02,수입시장,수입액,미국|3304|616|폴란드,3736586,USD,UN Comtrade 공개 API,2026-09-30
2026-02,수입시장,수입액,미국|3304|76|브라질,478245,USD,UN Comtrade 공개 API,2026-09-30
2026-02,수입시장,수입액,미국|3304|764|태국,2581052,USD,UN Comtrade 공개 API,2026-09-30
2026-02,수입시장,수입액,미국|3304|704|베트남,5378257,USD,UN Comtrade 공개 API,2026-09-30
2026-02,수입시장,수입액,미국|3304|56|벨기에,3566015,USD,UN Comtrade 공개 API,2026-09-30
2026-02,수입시장,수입액,미국|3304|792|튀르키예,2471990,USD,UN Comtrade 공개 API,2026-09-30
2026-02,수입시장,수입액,미국|3304|528|네덜란드,141718,USD,UN Comtrade 공개 API,2026-09-30
2026-02,수입시장,수입액,미국|3304|490|대만,10598164,USD,UN Comtrade 공개 API,2026-09-30
2026-02,수입시장,수입액,미국|3304|724|스페인,5248696,USD,UN Comtrade 공개 API,2026-09-30
2026-02,수입시장,수입액,미국|3304|410|한국,127402245,USD,UN Comtrade 공개 API,2026-09-30
2026-02,수입시장,수입액,미국|3304|826|영국,19547145,USD,UN Comtrade 공개 API,2026-09-30
2026-02,수입시장,수입액,미국|3304|380|이탈리아,59956352,USD,UN Comtrade 공개 API,2026-09-30
2026-02,수입시장,수입액,미국|3304|251|프랑스,79120740,USD,UN Comtrade 공개 API,2026-09-30
2026-02,수입시장,수입액,미국|3304|392|일본,9861480,USD,UN Comtrade 공개 API,2026-09-30
2026-02,수입시장,수입액,미국|3304|276|독일,16317802,USD,UN Comtrade 공개 API,2026-09-30
2026-02,수입시장,수입액,미국|3304|699|인도,4703973,USD,UN Comtrade 공개 API,2026-09-30
2026-02,수입시장,수입액,미국|3304|156|중국,44251784,USD,UN Comtrade 공개 API,2026-09-30
2026-02,수입시장,수입액,미국|3304|484|멕시코,21400268,USD,UN Comtrade 공개 API,2026-09-30
2026-02,수입시장,수입액,미국|3304|124|캐나다,96547976,USD,UN Comtrade 공개 API,2026-09-30
2026-02,수입시장,수입액,미국|3304|0|전체,561936822,USD,UN Comtrade 공개 API,2026-09-30
2026-02,수입시장,수입액,미국|3304|440|리투아니아,4353,USD,UN Comtrade 공개 API,2026-09-30
2026-02,수입시장,수입액,미국|300249|0|전체,98286765,USD,UN Comtrade 공개 API,2026-09-30
2026-02,수입시장,수입액,미국|300249|528|네덜란드,216717,USD,UN Comtrade 공개 API,2026-09-30
2026-02,수입시장,수입액,미국|300249|56|벨기에,8591654,USD,UN Comtrade 공개 API,2026-09-30
2026-02,수입시장,수입액,미국|300249|757|스위스,5008662,USD,UN Comtrade 공개 API,2026-09-30
2026-02,수입시장,수입액,미국|300249|76|브라질,38821,USD,UN Comtrade 공개 API,2026-09-30
2026-02,수입시장,수입액,미국|300249|40|오스트리아,254521,USD,UN Comtrade 공개 API,2026-09-30
2026-02,수입시장,수입액,미국|300249|752|스웨덴,2343569,USD,UN Comtrade 공개 API,2026-09-30
2026-02,수입시장,수입액,미국|300249|376|이스라엘,11498,USD,UN Comtrade 공개 API,2026-09-30
2026-02,수입시장,수입액,미국|300249|36|호주,41861,USD,UN Comtrade 공개 API,2026-09-30
2026-02,수입시장,수입액,미국|300249|208|덴마크,3291958,USD,UN Comtrade 공개 API,2026-09-30
2026-02,수입시장,수입액,미국|300249|246|핀란드,33250,USD,UN Comtrade 공개 API,2026-09-30
2026-02,수입시장,수입액,미국|300249|372|아일랜드,54342521,USD,UN Comtrade 공개 API,2026-09-30
2026-02,수입시장,수입액,미국|300249|554|뉴질랜드,120673,USD,UN Comtrade 공개 API,2026-09-30
2026-02,수입시장,수입액,미국|300249|32|아르헨티나,45852,USD,UN Comtrade 공개 API,2026-09-30
2026-02,수입시장,수입액,미국|300249|233|에스토니아,20197,USD,UN Comtrade 공개 API,2026-09-30
2026-02,수입시장,수입액,미국|300249|724|스페인,31362,USD,UN Comtrade 공개 API,2026-09-30
2026-02,수입시장,수입액,미국|300249|251|프랑스,1549064,USD,UN Comtrade 공개 API,2026-09-30
2026-02,수입시장,수입액,미국|300249|826|영국,9183832,USD,UN Comtrade 공개 API,2026-09-30
2026-02,수입시장,수입액,미국|300249|410|한국,2733785,USD,UN Comtrade 공개 API,2026-09-30
2026-02,수입시장,수입액,미국|300249|380|이탈리아,1249112,USD,UN Comtrade 공개 API,2026-09-30
2026-02,수입시장,수입액,미국|300249|392|일본,215472,USD,UN Comtrade 공개 API,2026-09-30
2026-02,수입시장,수입액,미국|300249|699|인도,896578,USD,UN Comtrade 공개 API,2026-09-30
2026-02,수입시장,수입액,미국|300249|484|멕시코,17601,USD,UN Comtrade 공개 API,2026-09-30
2026-02,수입시장,수입액,미국|300249|276|독일,2978301,USD,UN Comtrade 공개 API,2026-09-30
2026-02,수입시장,수입액,미국|300249|156|중국,1113135,USD,UN Comtrade 공개 API,2026-09-30
2026-02,수입시장,수입액,미국|300249|124|캐나다,3956769,USD,UN Comtrade 공개 API,2026-09-30
2026-03,수입시장,수입액,미국|300249|156|중국,1746406,USD,UN Comtrade 공개 API,2026-09-30
2026-03,수입시장,수입액,미국|300249|124|캐나다,4839332,USD,UN Comtrade 공개 API,2026-09-30
2026-03,수입시장,수입액,미국|300249|276|독일,8160460,USD,UN Comtrade 공개 API,2026-09-30
2026-03,수입시장,수입액,미국|300249|699|인도,1530890,USD,UN Comtrade 공개 API,2026-09-30
2026-03,수입시장,수입액,미국|300249|392|일본,170267,USD,UN Comtrade 공개 API,2026-09-30
2026-03,수입시장,수입액,미국|300249|380|이탈리아,2194103,USD,UN Comtrade 공개 API,2026-09-30
2026-03,수입시장,수입액,미국|300249|826|영국,27020753,USD,UN Comtrade 공개 API,2026-09-30
2026-03,수입시장,수입액,미국|300249|410|한국,8201646,USD,UN Comtrade 공개 API,2026-09-30
2026-03,수입시장,수입액,미국|300249|251|프랑스,2154118,USD,UN Comtrade 공개 API,2026-09-30
2026-03,수입시장,수입액,미국|300249|724|스페인,97820,USD,UN Comtrade 공개 API,2026-09-30
2026-03,수입시장,수입액,미국|300249|490|대만,109971,USD,UN Comtrade 공개 API,2026-09-30
2026-03,수입시장,수입액,미국|300249|528|네덜란드,6622425,USD,UN Comtrade 공개 API,2026-09-30
2026-03,수입시장,수입액,미국|300249|56|벨기에,1578210,USD,UN Comtrade 공개 API,2026-09-30
2026-03,수입시장,수입액,미국|300249|76|브라질,567923,USD,UN Comtrade 공개 API,2026-09-30
2026-03,수입시장,수입액,미국|300249|757|스위스,1575061,USD,UN Comtrade 공개 API,2026-09-30
2026-03,수입시장,수입액,미국|300249|40|오스트리아,28644,USD,UN Comtrade 공개 API,2026-09-30
2026-03,수입시장,수입액,미국|300249|752|스웨덴,1143452,USD,UN Comtrade 공개 API,2026-09-30
2026-03,수입시장,수입액,미국|300249|208|덴마크,4397799,USD,UN Comtrade 공개 API,2026-09-30
2026-03,수입시장,수입액,미국|300249|36|호주,260358,USD,UN Comtrade 공개 API,2026-09-30
2026-03,수입시장,수입액,미국|300249|372|아일랜드,30084615,USD,UN Comtrade 공개 API,2026-09-30
2026-03,수입시장,수입액,미국|300249|246|핀란드,33067,USD,UN Comtrade 공개 API,2026-09-30
2026-03,수입시장,수입액,미국|300249|233|에스토니아,322967,USD,UN Comtrade 공개 API,2026-09-30
2026-03,수입시장,수입액,미국|300249|702|싱가포르,5654,USD,UN Comtrade 공개 API,2026-09-30
2026-03,수입시장,수입액,미국|300249|0|전체,102866167,USD,UN Comtrade 공개 API,2026-09-30
2026-03,수입시장,수입액,미국|300249|100|불가리아,2346,USD,UN Comtrade 공개 API,2026-09-30
2026-03,수입시장,수입액,미국|300249|376|이스라엘,14413,USD,UN Comtrade 공개 API,2026-09-30
2026-03,수입시장,수입액,미국|300249|484|멕시코,3467,USD,UN Comtrade 공개 API,2026-09-30
2026-03,수입시장,수입액,미국|3304|807|807,3285,USD,UN Comtrade 공개 API,2026-09-30
2026-03,수입시장,수입액,미국|3304|818|이집트,256163,USD,UN Comtrade 공개 API,2026-09-30
2026-03,수입시장,수입액,미국|3304|858|858,5631,USD,UN Comtrade 공개 API,2026-09-30
2026-03,수입시장,수입액,미국|3304|788|788,5895,USD,UN Comtrade 공개 API,2026-09-30
2026-03,수입시장,수입액,미국|3304|642|루마니아,9844,USD,UN Comtrade 공개 API,2026-09-30
2026-03,수입시장,수입액,미국|3304|643|러시아,4102,USD,UN Comtrade 공개 API,2026-09-30
2026-03,수입시장,수입액,미국|3304|674|674,3330,USD,UN Comtrade 공개 API,2026-09-30
2026-03,수입시장,수입액,미국|3304|566|나이지리아,33771,USD,UN Comtrade 공개 API,2026-09-30
2026-03,수입시장,수입액,미국|3304|496|몽골,6900,USD,UN Comtrade 공개 API,2026-09-30
2026-03,수입시장,수입액,미국|3304|504|504,19682,USD,UN Comtrade 공개 API,2026-09-30
2026-03,수입시장,수입액,미국|3304|442|룩셈부르크,2113293,USD,UN Comtrade 공개 API,2026-09-30
2026-03,수입시장,수입액,미국|3304|344|홍콩,99501,USD,UN Comtrade 공개 API,2026-09-30
2026-03,수입시장,수입액,미국|3304|288|288,252004,USD,UN Comtrade 공개 API,2026-09-30
2026-03,수입시장,수입액,미국|3304|268|조지아,64309,USD,UN Comtrade 공개 API,2026-09-30
2026-03,수입시장,수입액,미국|3304|144|스리랑카,190409,USD,UN Comtrade 공개 API,2026-09-30
2026-03,수입시장,수입액,미국|3304|116|캄보디아,1027584,USD,UN Comtrade 공개 API,2026-09-30
2026-03,수입시장,수입액,미국|3304|50|방글라데시,6269,USD,UN Comtrade 공개 API,2026-09-30
2026-03,수입시장,수입액,미국|3304|834|834,5404,USD,UN Comtrade 공개 API,2026-09-30
2026-03,수입시장,수입액,미국|3304|800|800,4022,USD,UN Comtrade 공개 API,2026-09-30
2026-03,수입시장,수입액,미국|3304|703|슬로바키아,5197,USD,UN Comtrade 공개 API,2026-09-30
2026-03,수입시장,수입액,미국|3304|688|세르비아,3772,USD,UN Comtrade 공개 API,2026-09-30
2026-03,수입시장,수입액,미국|3304|586|파키스탄,39449,USD,UN Comtrade 공개 API,2026-09-30
2026-03,수입시장,수입액,미국|3304|524|524,12256,USD,UN Comtrade 공개 API,2026-09-30
2026-03,수입시장,수입액,미국|3304|470|몰타,15790,USD,UN Comtrade 공개 API,2026-09-30
2026-03,수입시장,수입액,미국|3304|384|384,178912,USD,UN Comtrade 공개 API,2026-09-30
2026-03,수입시장,수입액,미국|3304|388|388,4657,USD,UN Comtrade 공개 API,2026-09-30
2026-03,수입시장,수입액,미국|3304|352|352,178566,USD,UN Comtrade 공개 API,2026-09-30
2026-03,수입시장,수입액,미국|3304|332|332,13008,USD,UN Comtrade 공개 API,2026-09-30
2026-03,수입시장,수입액,미국|3304|100|불가리아,267044,USD,UN Comtrade 공개 API,2026-09-30
2026-03,수입시장,수입액,미국|3304|422|레바논,159233,USD,UN Comtrade 공개 API,2026-09-30
2026-03,수입시장,수입액,미국|3304|428|라트비아,224875,USD,UN Comtrade 공개 API,2026-09-30
2026-03,수입시장,수입액,미국|3304|218|218,4744,USD,UN Comtrade 공개 API,2026-09-30
2026-03,수입시장,수입액,미국|3304|196|키프로스,27121,USD,UN Comtrade 공개 API,2026-09-30
2026-03,수입시장,수입액,미국|3304|222|222,9876,USD,UN Comtrade 공개 API,2026-09-30
2026-03,수입시장,수입액,미국|3304|233|에스토니아,2955,USD,UN Comtrade 공개 API,2026-09-30
2026-03,수입시장,수입액,미국|3304|705|슬로베니아,146413,USD,UN Comtrade 공개 API,2026-09-30
2026-03,수입시장,수입액,미국|3304|533|533,7450,USD,UN Comtrade 공개 API,2026-09-30
2026-03,수입시장,수입액,미국|3304|320|320,31025,USD,UN Comtrade 공개 API,2026-09-30
2026-03,수입시장,수입액,미국|3304|300|그리스,3301982,USD,UN Comtrade 공개 API,2026-09-30
2026-03,수입시장,수입액,미국|3304|579|노르웨이,30770,USD,UN Comtrade 공개 API,2026-09-30
2026-03,수입시장,수입액,미국|3304|804|우크라이나,97110,USD,UN Comtrade 공개 API,2026-09-30
2026-03,수입시장,수입액,미국|3304|710|남아공,2317074,USD,UN Comtrade 공개 API,2026-09-30
2026-03,수입시장,수입액,미국|3304|784|UAE,721586,USD,UN Comtrade 공개 API,2026-09-30
2026-03,수입시장,수입액,미국|3304|214|214,1405295,USD,UN Comtrade 공개 API,2026-09-30
2026-03,수입시장,수입액,미국|3304|246|핀란드,136408,USD,UN Comtrade 공개 API,2026-09-30
2026-03,수입시장,수입액,미국|3304|32|아르헨티나,31333,USD,UN Comtrade 공개 API,2026-09-30
2026-03,수입시장,수입액,미국|3304|554|뉴질랜드,1397720,USD,UN Comtrade 공개 API,2026-09-30
2026-03,수입시장,수입액,미국|3304|608|필리핀,5782,USD,UN Comtrade 공개 API,2026-09-30
2026-03,수입시장,수입액,미국|3304|348|헝가리,1031532,USD,UN Comtrade 공개 API,2026-09-30
2026-03,수입시장,수입액,미국|3304|702|싱가포르,285083,USD,UN Comtrade 공개 API,2026-09-30
2026-03,수입시장,수입액,미국|3304|372|아일랜드,3200123,USD,UN Comtrade 공개 API,2026-09-30
2026-03,수입시장,수입액,미국|3304|620|포르투갈,255055,USD,UN Comtrade 공개 API,2026-09-30
2026-03,수입시장,수입액,미국|3304|170|콜롬비아,5930631,USD,UN Comtrade 공개 API,2026-09-30
2026-03,수입시장,수입액,미국|3304|376|이스라엘,1952984,USD,UN Comtrade 공개 API,2026-09-30
2026-03,수입시장,수입액,미국|3304|203|체코,1967141,USD,UN Comtrade 공개 API,2026-09-30
2026-03,수입시장,수입액,미국|3304|208|덴마크,104042,USD,UN Comtrade 공개 API,2026-09-30
2026-03,수입시장,수입액,미국|3304|36|호주,3485741,USD,UN Comtrade 공개 API,2026-09-30
2026-03,수입시장,수입액,미국|3304|458|말레이시아,388976,USD,UN Comtrade 공개 API,2026-09-30
2026-03,수입시장,수입액,미국|3304|752|스웨덴,6546835,USD,UN Comtrade 공개 API,2026-09-30
2026-03,수입시장,수입액,미국|3304|360|인도네시아,3529551,USD,UN Comtrade 공개 API,2026-09-30
2026-03,수입시장,수입액,미국|3304|757|스위스,10180851,USD,UN Comtrade 공개 API,2026-09-30
2026-03,수입시장,수입액,미국|3304|40|오스트리아,150228,USD,UN Comtrade 공개 API,2026-09-30
2026-03,수입시장,수입액,미국|3304|616|폴란드,4923153,USD,UN Comtrade 공개 API,2026-09-30
2026-03,수입시장,수입액,미국|3304|704|베트남,2624174,USD,UN Comtrade 공개 API,2026-09-30
2026-03,수입시장,수입액,미국|3304|764|태국,3022375,USD,UN Comtrade 공개 API,2026-09-30
2026-03,수입시장,수입액,미국|3304|76|브라질,1118722,USD,UN Comtrade 공개 API,2026-09-30
2026-03,수입시장,수입액,미국|3304|56|벨기에,3987859,USD,UN Comtrade 공개 API,2026-09-30
2026-03,수입시장,수입액,미국|3304|792|튀르키예,2426817,USD,UN Comtrade 공개 API,2026-09-30
2026-03,수입시장,수입액,미국|3304|528|네덜란드,405273,USD,UN Comtrade 공개 API,2026-09-30
2026-03,수입시장,수입액,미국|3304|490|대만,12256896,USD,UN Comtrade 공개 API,2026-09-30
2026-03,수입시장,수입액,미국|3304|410|한국,165795980,USD,UN Comtrade 공개 API,2026-09-30
2026-03,수입시장,수입액,미국|3304|724|스페인,5522191,USD,UN Comtrade 공개 API,2026-09-30
2026-03,수입시장,수입액,미국|3304|251|프랑스,92680280,USD,UN Comtrade 공개 API,2026-09-30
2026-03,수입시장,수입액,미국|3304|826|영국,26118941,USD,UN Comtrade 공개 API,2026-09-30
2026-03,수입시장,수입액,미국|3304|392|일본,14619401,USD,UN Comtrade 공개 API,2026-09-30
2026-03,수입시장,수입액,미국|3304|380|이탈리아,79147076,USD,UN Comtrade 공개 API,2026-09-30
2026-03,수입시장,수입액,미국|3304|276|독일,20038196,USD,UN Comtrade 공개 API,2026-09-30
2026-03,수입시장,수입액,미국|3304|699|인도,3688948,USD,UN Comtrade 공개 API,2026-09-30
2026-03,수입시장,수입액,미국|3304|484|멕시코,34051229,USD,UN Comtrade 공개 API,2026-09-30
2026-03,수입시장,수입액,미국|3304|156|중국,38832512,USD,UN Comtrade 공개 API,2026-09-30
2026-03,수입시장,수입액,미국|3304|124|캐나다,110930746,USD,UN Comtrade 공개 API,2026-09-30
2026-03,수입시장,수입액,미국|3304|0|전체,676088343,USD,UN Comtrade 공개 API,2026-09-30
2026-04,수입시장,수입액,미국|300249|0|전체,43803244,USD,UN Comtrade 공개 API,2026-09-30
2026-04,수입시장,수입액,미국|300249|32|아르헨티나,17220,USD,UN Comtrade 공개 API,2026-09-30
2026-04,수입시장,수입액,미국|300249|36|호주,65658,USD,UN Comtrade 공개 API,2026-09-30
2026-04,수입시장,수입액,미국|300249|40|오스트리아,2453,USD,UN Comtrade 공개 API,2026-09-30
2026-04,수입시장,수입액,미국|300249|56|벨기에,592711,USD,UN Comtrade 공개 API,2026-09-30
2026-04,수입시장,수입액,미국|300249|124|캐나다,977423,USD,UN Comtrade 공개 API,2026-09-30
2026-04,수입시장,수입액,미국|300249|156|중국,1828583,USD,UN Comtrade 공개 API,2026-09-30
2026-04,수입시장,수입액,미국|300249|208|덴마크,3455192,USD,UN Comtrade 공개 API,2026-09-30
2026-04,수입시장,수입액,미국|300249|233|에스토니아,4148,USD,UN Comtrade 공개 API,2026-09-30
2026-04,수입시장,수입액,미국|300249|246|핀란드,15601,USD,UN Comtrade 공개 API,2026-09-30
2026-04,수입시장,수입액,미국|300249|251|프랑스,1635534,USD,UN Comtrade 공개 API,2026-09-30
2026-04,수입시장,수입액,미국|300249|276|독일,4111439,USD,UN Comtrade 공개 API,2026-09-30
2026-04,수입시장,수입액,미국|300249|372|아일랜드,4645457,USD,UN Comtrade 공개 API,2026-09-30
2026-04,수입시장,수입액,미국|300249|376|이스라엘,17326,USD,UN Comtrade 공개 API,2026-09-30
2026-04,수입시장,수입액,미국|300249|380|이탈리아,2029044,USD,UN Comtrade 공개 API,2026-09-30
2026-04,수입시장,수입액,미국|300249|392|일본,904930,USD,UN Comtrade 공개 API,2026-09-30
2026-04,수입시장,수입액,미국|300249|410|한국,8215982,USD,UN Comtrade 공개 API,2026-09-30
2026-04,수입시장,수입액,미국|300249|484|멕시코,4741,USD,UN Comtrade 공개 API,2026-09-30
2026-04,수입시장,수입액,미국|300249|490|대만,140665,USD,UN Comtrade 공개 API,2026-09-30
2026-04,수입시장,수입액,미국|300249|528|네덜란드,960560,USD,UN Comtrade 공개 API,2026-09-30
2026-04,수입시장,수입액,미국|300249|699|인도,2452342,USD,UN Comtrade 공개 API,2026-09-30
2026-04,수입시장,수입액,미국|300249|724|스페인,548623,USD,UN Comtrade 공개 API,2026-09-30
2026-04,수입시장,수입액,미국|300249|752|스웨덴,2561804,USD,UN Comtrade 공개 API,2026-09-30
2026-04,수입시장,수입액,미국|300249|757|스위스,585493,USD,UN Comtrade 공개 API,2026-09-30
2026-04,수입시장,수입액,미국|300249|788|788,244684,USD,UN Comtrade 공개 API,2026-09-30
2026-04,수입시장,수입액,미국|300249|826|영국,7785631,USD,UN Comtrade 공개 API,2026-09-30
2026-04,수입시장,수입액,미국|3304|0|전체,671370201,USD,UN Comtrade 공개 API,2026-09-30
2026-04,수입시장,수입액,미국|3304|32|아르헨티나,151886,USD,UN Comtrade 공개 API,2026-09-30
2026-04,수입시장,수입액,미국|3304|36|호주,3324011,USD,UN Comtrade 공개 API,2026-09-30
2026-04,수입시장,수입액,미국|3304|40|오스트리아,574942,USD,UN Comtrade 공개 API,2026-09-30
2026-04,수입시장,수입액,미국|3304|50|방글라데시,12756,USD,UN Comtrade 공개 API,2026-09-30
2026-04,수입시장,수입액,미국|3304|51|아르메니아,2676,USD,UN Comtrade 공개 API,2026-09-30
2026-04,수입시장,수입액,미국|3304|56|벨기에,4581781,USD,UN Comtrade 공개 API,2026-09-30
2026-04,수입시장,수입액,미국|3304|76|브라질,607574,USD,UN Comtrade 공개 API,2026-09-30
2026-04,수입시장,수입액,미국|3304|100|불가리아,125070,USD,UN Comtrade 공개 API,2026-09-30
2026-04,수입시장,수입액,미국|3304|116|캄보디아,1155449,USD,UN Comtrade 공개 API,2026-09-30
2026-04,수입시장,수입액,미국|3304|124|캐나다,101793147,USD,UN Comtrade 공개 API,2026-09-30
2026-04,수입시장,수입액,미국|3304|136|136,145725,USD,UN Comtrade 공개 API,2026-09-30
2026-04,수입시장,수입액,미국|3304|144|스리랑카,209609,USD,UN Comtrade 공개 API,2026-09-30
2026-04,수입시장,수입액,미국|3304|152|칠레,4325,USD,UN Comtrade 공개 API,2026-09-30
2026-04,수입시장,수입액,미국|3304|156|중국,45732520,USD,UN Comtrade 공개 API,2026-09-30
2026-04,수입시장,수입액,미국|3304|170|콜롬비아,3734736,USD,UN Comtrade 공개 API,2026-09-30
2026-04,수입시장,수입액,미국|3304|203|체코,1556946,USD,UN Comtrade 공개 API,2026-09-30
2026-04,수입시장,수입액,미국|3304|208|덴마크,183158,USD,UN Comtrade 공개 API,2026-09-30
2026-04,수입시장,수입액,미국|3304|214|214,1726393,USD,UN Comtrade 공개 API,2026-09-30
2026-04,수입시장,수입액,미국|3304|246|핀란드,9429,USD,UN Comtrade 공개 API,2026-09-30
2026-04,수입시장,수입액,미국|3304|251|프랑스,87838578,USD,UN Comtrade 공개 API,2026-09-30
2026-04,수입시장,수입액,미국|3304|276|독일,21510351,USD,UN Comtrade 공개 API,2026-09-30
2026-04,수입시장,수입액,미국|3304|288|288,270141,USD,UN Comtrade 공개 API,2026-09-30
2026-04,수입시장,수입액,미국|3304|300|그리스,3133335,USD,UN Comtrade 공개 API,2026-09-30
2026-04,수입시장,수입액,미국|3304|320|320,4611,USD,UN Comtrade 공개 API,2026-09-30
2026-04,수입시장,수입액,미국|3304|332|332,28257,USD,UN Comtrade 공개 API,2026-09-30
2026-04,수입시장,수입액,미국|3304|340|340,2122,USD,UN Comtrade 공개 API,2026-09-30
2026-04,수입시장,수입액,미국|3304|344|홍콩,468005,USD,UN Comtrade 공개 API,2026-09-30
2026-04,수입시장,수입액,미국|3304|348|헝가리,1258405,USD,UN Comtrade 공개 API,2026-09-30
2026-04,수입시장,수입액,미국|3304|352|352,180681,USD,UN Comtrade 공개 API,2026-09-30
2026-04,수입시장,수입액,미국|3304|360|인도네시아,4175389,USD,UN Comtrade 공개 API,2026-09-30
2026-04,수입시장,수입액,미국|3304|372|아일랜드,3836732,USD,UN Comtrade 공개 API,2026-09-30
2026-04,수입시장,수입액,미국|3304|376|이스라엘,3673194,USD,UN Comtrade 공개 API,2026-09-30
2026-04,수입시장,수입액,미국|3304|380|이탈리아,70531108,USD,UN Comtrade 공개 API,2026-09-30
2026-04,수입시장,수입액,미국|3304|384|384,5679,USD,UN Comtrade 공개 API,2026-09-30
2026-04,수입시장,수입액,미국|3304|388|388,12392,USD,UN Comtrade 공개 API,2026-09-30
2026-04,수입시장,수입액,미국|3304|392|일본,17606902,USD,UN Comtrade 공개 API,2026-09-30
2026-04,수입시장,수입액,미국|3304|398|카자흐스탄,3786,USD,UN Comtrade 공개 API,2026-09-30
2026-04,수입시장,수입액,미국|3304|410|한국,185574437,USD,UN Comtrade 공개 API,2026-09-30
2026-04,수입시장,수입액,미국|3304|428|라트비아,158001,USD,UN Comtrade 공개 API,2026-09-30
2026-04,수입시장,수입액,미국|3304|440|리투아니아,29563,USD,UN Comtrade 공개 API,2026-09-30
2026-04,수입시장,수입액,미국|3304|442|룩셈부르크,2684687,USD,UN Comtrade 공개 API,2026-09-30
2026-04,수입시장,수입액,미국|3304|458|말레이시아,445949,USD,UN Comtrade 공개 API,2026-09-30
2026-04,수입시장,수입액,미국|3304|484|멕시코,32098587,USD,UN Comtrade 공개 API,2026-09-30
2026-04,수입시장,수입액,미국|3304|490|대만,11677533,USD,UN Comtrade 공개 API,2026-09-30
2026-04,수입시장,수입액,미국|3304|504|504,111448,USD,UN Comtrade 공개 API,2026-09-30
2026-04,수입시장,수입액,미국|3304|516|516,160100,USD,UN Comtrade 공개 API,2026-09-30
2026-04,수입시장,수입액,미국|3304|528|네덜란드,201048,USD,UN Comtrade 공개 API,2026-09-30
2026-04,수입시장,수입액,미국|3304|533|533,90536,USD,UN Comtrade 공개 API,2026-09-30
2026-04,수입시장,수입액,미국|3304|554|뉴질랜드,1127921,USD,UN Comtrade 공개 API,2026-09-30
2026-04,수입시장,수입액,미국|3304|566|나이지리아,10056,USD,UN Comtrade 공개 API,2026-09-30
2026-04,수입시장,수입액,미국|3304|586|파키스탄,55797,USD,UN Comtrade 공개 API,2026-09-30
2026-04,수입시장,수입액,미국|3304|591|591,6738,USD,UN Comtrade 공개 API,2026-09-30
2026-04,수입시장,수입액,미국|3304|604|페루,4120,USD,UN Comtrade 공개 API,2026-09-30
2026-04,수입시장,수입액,미국|3304|608|필리핀,66911,USD,UN Comtrade 공개 API,2026-09-30
2026-04,수입시장,수입액,미국|3304|616|폴란드,4625610,USD,UN Comtrade 공개 API,2026-09-30
2026-04,수입시장,수입액,미국|3304|620|포르투갈,319046,USD,UN Comtrade 공개 API,2026-09-30
2026-04,수입시장,수입액,미국|3304|642|루마니아,4834,USD,UN Comtrade 공개 API,2026-09-30
2026-04,수입시장,수입액,미국|3304|674|674,5747,USD,UN Comtrade 공개 API,2026-09-30
2026-04,수입시장,수입액,미국|3304|699|인도,4950450,USD,UN Comtrade 공개 API,2026-09-30
2026-04,수입시장,수입액,미국|3304|702|싱가포르,331184,USD,UN Comtrade 공개 API,2026-09-30
2026-04,수입시장,수입액,미국|3304|704|베트남,3368725,USD,UN Comtrade 공개 API,2026-09-30
2026-04,수입시장,수입액,미국|3304|705|슬로베니아,218945,USD,UN Comtrade 공개 API,2026-09-30
2026-04,수입시장,수입액,미국|3304|710|남아공,2888005,USD,UN Comtrade 공개 API,2026-09-30
2026-04,수입시장,수입액,미국|3304|724|스페인,7896397,USD,UN Comtrade 공개 API,2026-09-30
2026-04,수입시장,수입액,미국|3304|752|스웨덴,382021,USD,UN Comtrade 공개 API,2026-09-30
2026-04,수입시장,수입액,미국|3304|757|스위스,4753773,USD,UN Comtrade 공개 API,2026-09-30
2026-04,수입시장,수입액,미국|3304|764|태국,3791020,USD,UN Comtrade 공개 API,2026-09-30
2026-04,수입시장,수입액,미국|3304|784|UAE,350836,USD,UN Comtrade 공개 API,2026-09-30
2026-04,수입시장,수입액,미국|3304|788|788,2289,USD,UN Comtrade 공개 API,2026-09-30
2026-04,수입시장,수입액,미국|3304|792|튀르키예,1728734,USD,UN Comtrade 공개 API,2026-09-30
2026-04,수입시장,수입액,미국|3304|804|우크라이나,67551,USD,UN Comtrade 공개 API,2026-09-30
2026-04,수입시장,수입액,미국|3304|818|이집트,248469,USD,UN Comtrade 공개 API,2026-09-30
2026-04,수입시장,수입액,미국|3304|826|영국,20755868,USD,UN Comtrade 공개 API,2026-09-30
2026-04,수입시장,수입액,미국|3304|882|882,5464,USD,UN Comtrade 공개 API,2026-09-30
2026-05,수입시장,수입액,미국|300249|0|전체,49736088,USD,UN Comtrade 공개 API,2026-09-30
2026-05,수입시장,수입액,미국|300249|36|호주,212651,USD,UN Comtrade 공개 API,2026-09-30
2026-05,수입시장,수입액,미국|300249|40|오스트리아,4577,USD,UN Comtrade 공개 API,2026-09-30
2026-05,수입시장,수입액,미국|300249|56|벨기에,1110766,USD,UN Comtrade 공개 API,2026-09-30
2026-05,수입시장,수입액,미국|300249|124|캐나다,502246,USD,UN Comtrade 공개 API,2026-09-30
2026-05,수입시장,수입액,미국|300249|156|중국,1821477,USD,UN Comtrade 공개 API,2026-09-30
2026-05,수입시장,수입액,미국|300249|208|덴마크,3511730,USD,UN Comtrade 공개 API,2026-09-30
2026-05,수입시장,수입액,미국|300249|233|에스토니아,5004,USD,UN Comtrade 공개 API,2026-09-30
2026-05,수입시장,수입액,미국|300249|246|핀란드,25427,USD,UN Comtrade 공개 API,2026-09-30
2026-05,수입시장,수입액,미국|300249|251|프랑스,2643998,USD,UN Comtrade 공개 API,2026-09-30
2026-05,수입시장,수입액,미국|300249|276|독일,3358706,USD,UN Comtrade 공개 API,2026-09-30
2026-05,수입시장,수입액,미국|300249|372|아일랜드,2450418,USD,UN Comtrade 공개 API,2026-09-30
2026-05,수입시장,수입액,미국|300249|380|이탈리아,2429514,USD,UN Comtrade 공개 API,2026-09-30
2026-05,수입시장,수입액,미국|300249|392|일본,22345,USD,UN Comtrade 공개 API,2026-09-30
2026-05,수입시장,수입액,미국|300249|410|한국,16431995,USD,UN Comtrade 공개 API,2026-09-30
2026-05,수입시장,수입액,미국|300249|484|멕시코,14849,USD,UN Comtrade 공개 API,2026-09-30
2026-05,수입시장,수입액,미국|300249|490|대만,23150,USD,UN Comtrade 공개 API,2026-09-30
2026-05,수입시장,수입액,미국|300249|528|네덜란드,134543,USD,UN Comtrade 공개 API,2026-09-30
2026-05,수입시장,수입액,미국|300249|699|인도,1708645,USD,UN Comtrade 공개 API,2026-09-30
2026-05,수입시장,수입액,미국|300249|703|슬로바키아,6973,USD,UN Comtrade 공개 API,2026-09-30
2026-05,수입시장,수입액,미국|300249|724|스페인,47610,USD,UN Comtrade 공개 API,2026-09-30
2026-05,수입시장,수입액,미국|300249|752|스웨덴,351459,USD,UN Comtrade 공개 API,2026-09-30
2026-05,수입시장,수입액,미국|300249|757|스위스,9834924,USD,UN Comtrade 공개 API,2026-09-30
2026-05,수입시장,수입액,미국|300249|826|영국,3083081,USD,UN Comtrade 공개 API,2026-09-30
2026-05,수입시장,수입액,미국|3304|0|전체,621620740,USD,UN Comtrade 공개 API,2026-09-30
2026-05,수입시장,수입액,미국|3304|32|아르헨티나,227344,USD,UN Comtrade 공개 API,2026-09-30
2026-05,수입시장,수입액,미국|3304|36|호주,3763521,USD,UN Comtrade 공개 API,2026-09-30
2026-05,수입시장,수입액,미국|3304|40|오스트리아,125761,USD,UN Comtrade 공개 API,2026-09-30
2026-05,수입시장,수입액,미국|3304|56|벨기에,3017902,USD,UN Comtrade 공개 API,2026-09-30
2026-05,수입시장,수입액,미국|3304|76|브라질,1174930,USD,UN Comtrade 공개 API,2026-09-30
2026-05,수입시장,수입액,미국|3304|100|불가리아,134641,USD,UN Comtrade 공개 API,2026-09-30
2026-05,수입시장,수입액,미국|3304|116|캄보디아,1203740,USD,UN Comtrade 공개 API,2026-09-30
2026-05,수입시장,수입액,미국|3304|124|캐나다,90819190,USD,UN Comtrade 공개 API,2026-09-30
2026-05,수입시장,수입액,미국|3304|144|스리랑카,278435,USD,UN Comtrade 공개 API,2026-09-30
2026-05,수입시장,수입액,미국|3304|156|중국,47628990,USD,UN Comtrade 공개 API,2026-09-30
2026-05,수입시장,수입액,미국|3304|170|콜롬비아,4404022,USD,UN Comtrade 공개 API,2026-09-30
2026-05,수입시장,수입액,미국|3304|188|188,11380,USD,UN Comtrade 공개 API,2026-09-30
2026-05,수입시장,수입액,미국|3304|203|체코,1621369,USD,UN Comtrade 공개 API,2026-09-30
2026-05,수입시장,수입액,미국|3304|208|덴마크,48433,USD,UN Comtrade 공개 API,2026-09-30
2026-05,수입시장,수입액,미국|3304|214|214,2045417,USD,UN Comtrade 공개 API,2026-09-30
2026-05,수입시장,수입액,미국|3304|218|218,22309,USD,UN Comtrade 공개 API,2026-09-30
2026-05,수입시장,수입액,미국|3304|233|에스토니아,25159,USD,UN Comtrade 공개 API,2026-09-30
2026-05,수입시장,수입액,미국|3304|242|242,190750,USD,UN Comtrade 공개 API,2026-09-30
2026-05,수입시장,수입액,미국|3304|246|핀란드,65224,USD,UN Comtrade 공개 API,2026-09-30
2026-05,수입시장,수입액,미국|3304|251|프랑스,67801031,USD,UN Comtrade 공개 API,2026-09-30
2026-05,수입시장,수입액,미국|3304|276|독일,19670469,USD,UN Comtrade 공개 API,2026-09-30
2026-05,수입시장,수입액,미국|3304|288|288,279719,USD,UN Comtrade 공개 API,2026-09-30
2026-05,수입시장,수입액,미국|3304|300|그리스,613780,USD,UN Comtrade 공개 API,2026-09-30
2026-05,수입시장,수입액,미국|3304|320|320,29153,USD,UN Comtrade 공개 API,2026-09-30
2026-05,수입시장,수입액,미국|3304|328|328,16913,USD,UN Comtrade 공개 API,2026-09-30
2026-05,수입시장,수입액,미국|3304|332|332,12437,USD,UN Comtrade 공개 API,2026-09-30
2026-05,수입시장,수입액,미국|3304|344|홍콩,49943,USD,UN Comtrade 공개 API,2026-09-30
2026-05,수입시장,수입액,미국|3304|348|헝가리,1218298,USD,UN Comtrade 공개 API,2026-09-30
2026-05,수입시장,수입액,미국|3304|352|352,32887,USD,UN Comtrade 공개 API,2026-09-30
2026-05,수입시장,수입액,미국|3304|360|인도네시아,2220906,USD,UN Comtrade 공개 API,2026-09-30
2026-05,수입시장,수입액,미국|3304|372|아일랜드,4061628,USD,UN Comtrade 공개 API,2026-09-30
2026-05,수입시장,수입액,미국|3304|376|이스라엘,3193860,USD,UN Comtrade 공개 API,2026-09-30
2026-05,수입시장,수입액,미국|3304|380|이탈리아,72832990,USD,UN Comtrade 공개 API,2026-09-30
2026-05,수입시장,수입액,미국|3304|384|384,9007,USD,UN Comtrade 공개 API,2026-09-30
2026-05,수입시장,수입액,미국|3304|388|388,4684,USD,UN Comtrade 공개 API,2026-09-30
2026-05,수입시장,수입액,미국|3304|392|일본,15544487,USD,UN Comtrade 공개 API,2026-09-30
2026-05,수입시장,수입액,미국|3304|400|요르단,11534,USD,UN Comtrade 공개 API,2026-09-30
2026-05,수입시장,수입액,미국|3304|410|한국,171932162,USD,UN Comtrade 공개 API,2026-09-30
2026-05,수입시장,수입액,미국|3304|422|레바논,172582,USD,UN Comtrade 공개 API,2026-09-30
2026-05,수입시장,수입액,미국|3304|428|라트비아,219851,USD,UN Comtrade 공개 API,2026-09-30
2026-05,수입시장,수입액,미국|3304|442|룩셈부르크,1675042,USD,UN Comtrade 공개 API,2026-09-30
2026-05,수입시장,수입액,미국|3304|458|말레이시아,620340,USD,UN Comtrade 공개 API,2026-09-30
2026-05,수입시장,수입액,미국|3304|484|멕시코,31358419,USD,UN Comtrade 공개 API,2026-09-30
2026-05,수입시장,수입액,미국|3304|490|대만,8433556,USD,UN Comtrade 공개 API,2026-09-30
2026-05,수입시장,수입액,미국|3304|504|504,39025,USD,UN Comtrade 공개 API,2026-09-30
2026-05,수입시장,수입액,미국|3304|528|네덜란드,874750,USD,UN Comtrade 공개 API,2026-09-30
2026-05,수입시장,수입액,미국|3304|533|533,6112,USD,UN Comtrade 공개 API,2026-09-30
2026-05,수입시장,수입액,미국|3304|554|뉴질랜드,965502,USD,UN Comtrade 공개 API,2026-09-30
2026-05,수입시장,수입액,미국|3304|586|파키스탄,23586,USD,UN Comtrade 공개 API,2026-09-30
2026-05,수입시장,수입액,미국|3304|608|필리핀,22866,USD,UN Comtrade 공개 API,2026-09-30
2026-05,수입시장,수입액,미국|3304|616|폴란드,5159483,USD,UN Comtrade 공개 API,2026-09-30
2026-05,수입시장,수입액,미국|3304|620|포르투갈,1006000,USD,UN Comtrade 공개 API,2026-09-30
2026-05,수입시장,수입액,미국|3304|642|루마니아,3955,USD,UN Comtrade 공개 API,2026-09-30
2026-05,수입시장,수입액,미국|3304|688|세르비아,3307,USD,UN Comtrade 공개 API,2026-09-30
2026-05,수입시장,수입액,미국|3304|699|인도,6517068,USD,UN Comtrade 공개 API,2026-09-30
2026-05,수입시장,수입액,미국|3304|702|싱가포르,215300,USD,UN Comtrade 공개 API,2026-09-30
2026-05,수입시장,수입액,미국|3304|703|슬로바키아,218229,USD,UN Comtrade 공개 API,2026-09-30
2026-05,수입시장,수입액,미국|3304|704|베트남,3683775,USD,UN Comtrade 공개 API,2026-09-30
2026-05,수입시장,수입액,미국|3304|705|슬로베니아,18184,USD,UN Comtrade 공개 API,2026-09-30
2026-05,수입시장,수입액,미국|3304|710|남아공,2245052,USD,UN Comtrade 공개 API,2026-09-30
2026-05,수입시장,수입액,미국|3304|724|스페인,6385150,USD,UN Comtrade 공개 API,2026-09-30
2026-05,수입시장,수입액,미국|3304|752|스웨덴,2976206,USD,UN Comtrade 공개 API,2026-09-30
2026-05,수입시장,수입액,미국|3304|757|스위스,6244876,USD,UN Comtrade 공개 API,2026-09-30
2026-05,수입시장,수입액,미국|3304|764|태국,2749853,USD,UN Comtrade 공개 API,2026-09-30
2026-05,수입시장,수입액,미국|3304|768|768,13326,USD,UN Comtrade 공개 API,2026-09-30
2026-05,수입시장,수입액,미국|3304|780|780,2288,USD,UN Comtrade 공개 API,2026-09-30
2026-05,수입시장,수입액,미국|3304|784|UAE,89453,USD,UN Comtrade 공개 API,2026-09-30
2026-05,수입시장,수입액,미국|3304|788|788,19963,USD,UN Comtrade 공개 API,2026-09-30
2026-05,수입시장,수입액,미국|3304|792|튀르키예,2227318,USD,UN Comtrade 공개 API,2026-09-30
2026-05,수입시장,수입액,미국|3304|804|우크라이나,75467,USD,UN Comtrade 공개 API,2026-09-30
2026-05,수입시장,수입액,미국|3304|807|807,2753,USD,UN Comtrade 공개 API,2026-09-30
2026-05,수입시장,수입액,미국|3304|818|이집트,364175,USD,UN Comtrade 공개 API,2026-09-30
2026-05,수입시장,수입액,미국|3304|826|영국,20643523,USD,UN Comtrade 공개 API,2026-09-30
2026-06,수입시장,수입액,미국|300249|0|전체,88039161,USD,UN Comtrade 공개 API,2026-09-30
2026-06,수입시장,수입액,미국|300249|36|호주,382399,USD,UN Comtrade 공개 API,2026-09-30
2026-06,수입시장,수입액,미국|300249|56|벨기에,16708398,USD,UN Comtrade 공개 API,2026-09-30
2026-06,수입시장,수입액,미국|300249|124|캐나다,609367,USD,UN Comtrade 공개 API,2026-09-30
2026-06,수입시장,수입액,미국|300249|156|중국,2663207,USD,UN Comtrade 공개 API,2026-09-30
2026-06,수입시장,수입액,미국|300249|208|덴마크,3811623,USD,UN Comtrade 공개 API,2026-09-30
2026-06,수입시장,수입액,미국|300249|246|핀란드,14931,USD,UN Comtrade 공개 API,2026-09-30
2026-06,수입시장,수입액,미국|300249|251|프랑스,2727030,USD,UN Comtrade 공개 API,2026-09-30
2026-06,수입시장,수입액,미국|300249|276|독일,9564686,USD,UN Comtrade 공개 API,2026-09-30
2026-06,수입시장,수입액,미국|300249|376|이스라엘,27749,USD,UN Comtrade 공개 API,2026-09-30
2026-06,수입시장,수입액,미국|300249|380|이탈리아,1716201,USD,UN Comtrade 공개 API,2026-09-30
2026-06,수입시장,수입액,미국|300249|392|일본,187331,USD,UN Comtrade 공개 API,2026-09-30
2026-06,수입시장,수입액,미국|300249|410|한국,21810794,USD,UN Comtrade 공개 API,2026-09-30
2026-06,수입시장,수입액,미국|300249|490|대만,33606,USD,UN Comtrade 공개 API,2026-09-30
2026-06,수입시장,수입액,미국|300249|528|네덜란드,1699271,USD,UN Comtrade 공개 API,2026-09-30
2026-06,수입시장,수입액,미국|300249|616|폴란드,9106,USD,UN Comtrade 공개 API,2026-09-30
2026-06,수입시장,수입액,미국|300249|699|인도,2044524,USD,UN Comtrade 공개 API,2026-09-30
2026-06,수입시장,수입액,미국|300249|724|스페인,113400,USD,UN Comtrade 공개 API,2026-09-30
2026-06,수입시장,수입액,미국|300249|752|스웨덴,94046,USD,UN Comtrade 공개 API,2026-09-30
2026-06,수입시장,수입액,미국|300249|757|스위스,13278306,USD,UN Comtrade 공개 API,2026-09-30
2026-06,수입시장,수입액,미국|300249|826|영국,10543186,USD,UN Comtrade 공개 API,2026-09-30
2026-06,수입시장,수입액,미국|3304|0|전체,680705908,USD,UN Comtrade 공개 API,2026-09-30
2026-06,수입시장,수입액,미국|3304|8|8,9115,USD,UN Comtrade 공개 API,2026-09-30
2026-06,수입시장,수입액,미국|3304|32|아르헨티나,168067,USD,UN Comtrade 공개 API,2026-09-30
2026-06,수입시장,수입액,미국|3304|36|호주,2879499,USD,UN Comtrade 공개 API,2026-09-30
2026-06,수입시장,수입액,미국|3304|40|오스트리아,1358888,USD,UN Comtrade 공개 API,2026-09-30
2026-06,수입시장,수입액,미국|3304|50|방글라데시,21621,USD,UN Comtrade 공개 API,2026-09-30
2026-06,수입시장,수입액,미국|3304|56|벨기에,3969731,USD,UN Comtrade 공개 API,2026-09-30
2026-06,수입시장,수입액,미국|3304|76|브라질,1386531,USD,UN Comtrade 공개 API,2026-09-30
2026-06,수입시장,수입액,미국|3304|100|불가리아,118723,USD,UN Comtrade 공개 API,2026-09-30
2026-06,수입시장,수입액,미국|3304|116|캄보디아,860809,USD,UN Comtrade 공개 API,2026-09-30
2026-06,수입시장,수입액,미국|3304|124|캐나다,89010257,USD,UN Comtrade 공개 API,2026-09-30
2026-06,수입시장,수입액,미국|3304|156|중국,56602273,USD,UN Comtrade 공개 API,2026-09-30
2026-06,수입시장,수입액,미국|3304|170|콜롬비아,4152274,USD,UN Comtrade 공개 API,2026-09-30
2026-06,수입시장,수입액,미국|3304|203|체코,961695,USD,UN Comtrade 공개 API,2026-09-30
2026-06,수입시장,수입액,미국|3304|208|덴마크,110001,USD,UN Comtrade 공개 API,2026-09-30
2026-06,수입시장,수입액,미국|3304|214|214,3346431,USD,UN Comtrade 공개 API,2026-09-30
2026-06,수입시장,수입액,미국|3304|218|218,32957,USD,UN Comtrade 공개 API,2026-09-30
2026-06,수입시장,수입액,미국|3304|231|231,4840,USD,UN Comtrade 공개 API,2026-09-30
2026-06,수입시장,수입액,미국|3304|246|핀란드,145443,USD,UN Comtrade 공개 API,2026-09-30
2026-06,수입시장,수입액,미국|3304|251|프랑스,66807022,USD,UN Comtrade 공개 API,2026-09-30
2026-06,수입시장,수입액,미국|3304|276|독일,19306892,USD,UN Comtrade 공개 API,2026-09-30
2026-06,수입시장,수입액,미국|3304|288|288,450214,USD,UN Comtrade 공개 API,2026-09-30
2026-06,수입시장,수입액,미국|3304|300|그리스,1691851,USD,UN Comtrade 공개 API,2026-09-30
2026-06,수입시장,수입액,미국|3304|320|320,30324,USD,UN Comtrade 공개 API,2026-09-30
2026-06,수입시장,수입액,미국|3304|344|홍콩,219772,USD,UN Comtrade 공개 API,2026-09-30
2026-06,수입시장,수입액,미국|3304|348|헝가리,1000162,USD,UN Comtrade 공개 API,2026-09-30
2026-06,수입시장,수입액,미국|3304|352|352,5981,USD,UN Comtrade 공개 API,2026-09-30
2026-06,수입시장,수입액,미국|3304|360|인도네시아,3270420,USD,UN Comtrade 공개 API,2026-09-30
2026-06,수입시장,수입액,미국|3304|372|아일랜드,3965916,USD,UN Comtrade 공개 API,2026-09-30
2026-06,수입시장,수입액,미국|3304|376|이스라엘,2221817,USD,UN Comtrade 공개 API,2026-09-30
2026-06,수입시장,수입액,미국|3304|380|이탈리아,71331897,USD,UN Comtrade 공개 API,2026-09-30
2026-06,수입시장,수입액,미국|3304|384|384,51809,USD,UN Comtrade 공개 API,2026-09-30
2026-06,수입시장,수입액,미국|3304|388|388,39556,USD,UN Comtrade 공개 API,2026-09-30
2026-06,수입시장,수입액,미국|3304|392|일본,17281806,USD,UN Comtrade 공개 API,2026-09-30
2026-06,수입시장,수입액,미국|3304|400|요르단,11998,USD,UN Comtrade 공개 API,2026-09-30
2026-06,수입시장,수입액,미국|3304|410|한국,210432593,USD,UN Comtrade 공개 API,2026-09-30
2026-06,수입시장,수입액,미국|3304|428|라트비아,108121,USD,UN Comtrade 공개 API,2026-09-30
2026-06,수입시장,수입액,미국|3304|440|리투아니아,15728,USD,UN Comtrade 공개 API,2026-09-30
2026-06,수입시장,수입액,미국|3304|442|룩셈부르크,1678653,USD,UN Comtrade 공개 API,2026-09-30
2026-06,수입시장,수입액,미국|3304|458|말레이시아,303940,USD,UN Comtrade 공개 API,2026-09-30
2026-06,수입시장,수입액,미국|3304|484|멕시코,32919986,USD,UN Comtrade 공개 API,2026-09-30
2026-06,수입시장,수입액,미국|3304|490|대만,13890656,USD,UN Comtrade 공개 API,2026-09-30
2026-06,수입시장,수입액,미국|3304|504|504,64005,USD,UN Comtrade 공개 API,2026-09-30
2026-06,수입시장,수입액,미국|3304|512|오만,7695,USD,UN Comtrade 공개 API,2026-09-30
2026-06,수입시장,수입액,미국|3304|528|네덜란드,959683,USD,UN Comtrade 공개 API,2026-09-30
2026-06,수입시장,수입액,미국|3304|531|531,5109,USD,UN Comtrade 공개 API,2026-09-30
2026-06,수입시장,수입액,미국|3304|533|533,107160,USD,UN Comtrade 공개 API,2026-09-30
2026-06,수입시장,수입액,미국|3304|554|뉴질랜드,1314279,USD,UN Comtrade 공개 API,2026-09-30
2026-06,수입시장,수입액,미국|3304|586|파키스탄,28146,USD,UN Comtrade 공개 API,2026-09-30
2026-06,수입시장,수입액,미국|3304|604|페루,5140,USD,UN Comtrade 공개 API,2026-09-30
2026-06,수입시장,수입액,미국|3304|608|필리핀,11513,USD,UN Comtrade 공개 API,2026-09-30
2026-06,수입시장,수입액,미국|3304|616|폴란드,3024192,USD,UN Comtrade 공개 API,2026-09-30
2026-06,수입시장,수입액,미국|3304|620|포르투갈,156131,USD,UN Comtrade 공개 API,2026-09-30
2026-06,수입시장,수입액,미국|3304|643|러시아,2512,USD,UN Comtrade 공개 API,2026-09-30
2026-06,수입시장,수입액,미국|3304|682|사우디,5940,USD,UN Comtrade 공개 API,2026-09-30
2026-06,수입시장,수입액,미국|3304|688|세르비아,2477,USD,UN Comtrade 공개 API,2026-09-30
2026-06,수입시장,수입액,미국|3304|694|694,139511,USD,UN Comtrade 공개 API,2026-09-30
2026-06,수입시장,수입액,미국|3304|699|인도,5310730,USD,UN Comtrade 공개 API,2026-09-30
2026-06,수입시장,수입액,미국|3304|702|싱가포르,405023,USD,UN Comtrade 공개 API,2026-09-30
2026-06,수입시장,수입액,미국|3304|703|슬로바키아,2481,USD,UN Comtrade 공개 API,2026-09-30
2026-06,수입시장,수입액,미국|3304|704|베트남,5019805,USD,UN Comtrade 공개 API,2026-09-30
2026-06,수입시장,수입액,미국|3304|705|슬로베니아,49114,USD,UN Comtrade 공개 API,2026-09-30
2026-06,수입시장,수입액,미국|3304|710|남아공,1559121,USD,UN Comtrade 공개 API,2026-09-30
2026-06,수입시장,수입액,미국|3304|724|스페인,8051752,USD,UN Comtrade 공개 API,2026-09-30
2026-06,수입시장,수입액,미국|3304|752|스웨덴,2725566,USD,UN Comtrade 공개 API,2026-09-30
2026-06,수입시장,수입액,미국|3304|757|스위스,11288416,USD,UN Comtrade 공개 API,2026-09-30
2026-06,수입시장,수입액,미국|3304|764|태국,3748274,USD,UN Comtrade 공개 API,2026-09-30
2026-06,수입시장,수입액,미국|3304|784|UAE,144261,USD,UN Comtrade 공개 API,2026-09-30
2026-06,수입시장,수입액,미국|3304|792|튀르키예,1836715,USD,UN Comtrade 공개 API,2026-09-30
2026-06,수입시장,수입액,미국|3304|800|800,7032,USD,UN Comtrade 공개 API,2026-09-30
2026-06,수입시장,수입액,미국|3304|804|우크라이나,79999,USD,UN Comtrade 공개 API,2026-09-30
2026-06,수입시장,수입액,미국|3304|807|807,2269,USD,UN Comtrade 공개 API,2026-09-30
2026-06,수입시장,수입액,미국|3304|818|이집트,773676,USD,UN Comtrade 공개 API,2026-09-30
2026-06,수입시장,수입액,미국|3304|826|영국,21691912,USD,UN Comtrade 공개 API,2026-09-30
2026-07,수입시장,수입액,미국|300249|0|전체,89320373,USD,UN Comtrade 공개 API,2026-09-30
2026-07,수입시장,수입액,미국|300249|36|호주,72422,USD,UN Comtrade 공개 API,2026-09-30
2026-07,수입시장,수입액,미국|300249|40|오스트리아,300574,USD,UN Comtrade 공개 API,2026-09-30
2026-07,수입시장,수입액,미국|300249|56|벨기에,7146364,USD,UN Comtrade 공개 API,2026-09-30
2026-07,수입시장,수입액,미국|300249|124|캐나다,66661,USD,UN Comtrade 공개 API,2026-09-30
2026-07,수입시장,수입액,미국|300249|156|중국,2859927,USD,UN Comtrade 공개 API,2026-09-30
2026-07,수입시장,수입액,미국|300249|208|덴마크,2810061,USD,UN Comtrade 공개 API,2026-09-30
2026-07,수입시장,수입액,미국|300249|246|핀란드,82548,USD,UN Comtrade 공개 API,2026-09-30
2026-07,수입시장,수입액,미국|300249|251|프랑스,2239167,USD,UN Comtrade 공개 API,2026-09-30
2026-07,수입시장,수입액,미국|300249|276|독일,6847228,USD,UN Comtrade 공개 API,2026-09-30
2026-07,수입시장,수입액,미국|300249|376|이스라엘,101699,USD,UN Comtrade 공개 API,2026-09-30
2026-07,수입시장,수입액,미국|300249|380|이탈리아,3583207,USD,UN Comtrade 공개 API,2026-09-30
2026-07,수입시장,수입액,미국|300249|392|일본,247343,USD,UN Comtrade 공개 API,2026-09-30
2026-07,수입시장,수입액,미국|300249|410|한국,20464586,USD,UN Comtrade 공개 API,2026-09-30
2026-07,수입시장,수입액,미국|300249|490|대만,38473,USD,UN Comtrade 공개 API,2026-09-30
2026-07,수입시장,수입액,미국|300249|528|네덜란드,6777872,USD,UN Comtrade 공개 API,2026-09-30
2026-07,수입시장,수입액,미국|300249|699|인도,964143,USD,UN Comtrade 공개 API,2026-09-30
2026-07,수입시장,수입액,미국|300249|702|싱가포르,21786,USD,UN Comtrade 공개 API,2026-09-30
2026-07,수입시장,수입액,미국|300249|724|스페인,128950,USD,UN Comtrade 공개 API,2026-09-30
2026-07,수입시장,수입액,미국|300249|752|스웨덴,1105097,USD,UN Comtrade 공개 API,2026-09-30
2026-07,수입시장,수입액,미국|300249|757|스위스,9956271,USD,UN Comtrade 공개 API,2026-09-30
2026-07,수입시장,수입액,미국|300249|826|영국,23505994,USD,UN Comtrade 공개 API,2026-09-30
2026-07,수입시장,수입액,미국|3304|0|전체,711377230,USD,UN Comtrade 공개 API,2026-09-30
2026-07,수입시장,수입액,미국|3304|32|아르헨티나,71064,USD,UN Comtrade 공개 API,2026-09-30
2026-07,수입시장,수입액,미국|3304|36|호주,3765971,USD,UN Comtrade 공개 API,2026-09-30
2026-07,수입시장,수입액,미국|3304|40|오스트리아,1728504,USD,UN Comtrade 공개 API,2026-09-30
2026-07,수입시장,수입액,미국|3304|50|방글라데시,16988,USD,UN Comtrade 공개 API,2026-09-30
2026-07,수입시장,수입액,미국|3304|51|아르메니아,61899,USD,UN Comtrade 공개 API,2026-09-30
2026-07,수입시장,수입액,미국|3304|56|벨기에,4376434,USD,UN Comtrade 공개 API,2026-09-30
2026-07,수입시장,수입액,미국|3304|76|브라질,1476209,USD,UN Comtrade 공개 API,2026-09-30
2026-07,수입시장,수입액,미국|3304|100|불가리아,344149,USD,UN Comtrade 공개 API,2026-09-30
2026-07,수입시장,수입액,미국|3304|116|캄보디아,420573,USD,UN Comtrade 공개 API,2026-09-30
2026-07,수입시장,수입액,미국|3304|124|캐나다,84431317,USD,UN Comtrade 공개 API,2026-09-30
2026-07,수입시장,수입액,미국|3304|144|스리랑카,182687,USD,UN Comtrade 공개 API,2026-09-30
2026-07,수입시장,수입액,미국|3304|156|중국,59935150,USD,UN Comtrade 공개 API,2026-09-30
2026-07,수입시장,수입액,미국|3304|170|콜롬비아,4700981,USD,UN Comtrade 공개 API,2026-09-30
2026-07,수입시장,수입액,미국|3304|196|키프로스,17334,USD,UN Comtrade 공개 API,2026-09-30
2026-07,수입시장,수입액,미국|3304|203|체코,1786881,USD,UN Comtrade 공개 API,2026-09-30
2026-07,수입시장,수입액,미국|3304|208|덴마크,219202,USD,UN Comtrade 공개 API,2026-09-30
2026-07,수입시장,수입액,미국|3304|214|214,3188430,USD,UN Comtrade 공개 API,2026-09-30
2026-07,수입시장,수입액,미국|3304|218|218,50667,USD,UN Comtrade 공개 API,2026-09-30
2026-07,수입시장,수입액,미국|3304|222|222,3520,USD,UN Comtrade 공개 API,2026-09-30
2026-07,수입시장,수입액,미국|3304|246|핀란드,62820,USD,UN Comtrade 공개 API,2026-09-30
2026-07,수입시장,수입액,미국|3304|251|프랑스,96897082,USD,UN Comtrade 공개 API,2026-09-30
2026-07,수입시장,수입액,미국|3304|268|조지아,18203,USD,UN Comtrade 공개 API,2026-09-30
2026-07,수입시장,수입액,미국|3304|276|독일,23087360,USD,UN Comtrade 공개 API,2026-09-30
2026-07,수입시장,수입액,미국|3304|288|288,110890,USD,UN Comtrade 공개 API,2026-09-30
2026-07,수입시장,수입액,미국|3304|300|그리스,854484,USD,UN Comtrade 공개 API,2026-09-30
2026-07,수입시장,수입액,미국|3304|320|320,15764,USD,UN Comtrade 공개 API,2026-09-30
2026-07,수입시장,수입액,미국|3304|344|홍콩,8084,USD,UN Comtrade 공개 API,2026-09-30
2026-07,수입시장,수입액,미국|3304|348|헝가리,1332204,USD,UN Comtrade 공개 API,2026-09-30
2026-07,수입시장,수입액,미국|3304|352|352,124377,USD,UN Comtrade 공개 API,2026-09-30
2026-07,수입시장,수입액,미국|3304|360|인도네시아,2757355,USD,UN Comtrade 공개 API,2026-09-30
2026-07,수입시장,수입액,미국|3304|372|아일랜드,5640783,USD,UN Comtrade 공개 API,2026-09-30
2026-07,수입시장,수입액,미국|3304|376|이스라엘,3076534,USD,UN Comtrade 공개 API,2026-09-30
2026-07,수입시장,수입액,미국|3304|380|이탈리아,74277472,USD,UN Comtrade 공개 API,2026-09-30
2026-07,수입시장,수입액,미국|3304|384|384,11747,USD,UN Comtrade 공개 API,2026-09-30
2026-07,수입시장,수입액,미국|3304|392|일본,17337740,USD,UN Comtrade 공개 API,2026-09-30
2026-07,수입시장,수입액,미국|3304|400|요르단,2370,USD,UN Comtrade 공개 API,2026-09-30
2026-07,수입시장,수입액,미국|3304|410|한국,198489841,USD,UN Comtrade 공개 API,2026-09-30
2026-07,수입시장,수입액,미국|3304|417|키르기스스탄,6787,USD,UN Comtrade 공개 API,2026-09-30
2026-07,수입시장,수입액,미국|3304|428|라트비아,91852,USD,UN Comtrade 공개 API,2026-09-30
2026-07,수입시장,수입액,미국|3304|440|리투아니아,35475,USD,UN Comtrade 공개 API,2026-09-30
2026-07,수입시장,수입액,미국|3304|442|룩셈부르크,2188334,USD,UN Comtrade 공개 API,2026-09-30
2026-07,수입시장,수입액,미국|3304|458|말레이시아,497479,USD,UN Comtrade 공개 API,2026-09-30
2026-07,수입시장,수입액,미국|3304|484|멕시코,31880734,USD,UN Comtrade 공개 API,2026-09-30
2026-07,수입시장,수입액,미국|3304|490|대만,11009153,USD,UN Comtrade 공개 API,2026-09-30
2026-07,수입시장,수입액,미국|3304|504|504,48492,USD,UN Comtrade 공개 API,2026-09-30
2026-07,수입시장,수입액,미국|3304|516|516,159950,USD,UN Comtrade 공개 API,2026-09-30
2026-07,수입시장,수입액,미국|3304|524|524,4850,USD,UN Comtrade 공개 API,2026-09-30
2026-07,수입시장,수입액,미국|3304|528|네덜란드,1322168,USD,UN Comtrade 공개 API,2026-09-30
2026-07,수입시장,수입액,미국|3304|554|뉴질랜드,1299992,USD,UN Comtrade 공개 API,2026-09-30
2026-07,수입시장,수입액,미국|3304|566|나이지리아,4800,USD,UN Comtrade 공개 API,2026-09-30
2026-07,수입시장,수입액,미국|3304|586|파키스탄,74672,USD,UN Comtrade 공개 API,2026-09-30
2026-07,수입시장,수입액,미국|3304|591|591,42398,USD,UN Comtrade 공개 API,2026-09-30
2026-07,수입시장,수입액,미국|3304|604|페루,2400,USD,UN Comtrade 공개 API,2026-09-30
2026-07,수입시장,수입액,미국|3304|608|필리핀,11687,USD,UN Comtrade 공개 API,2026-09-30
2026-07,수입시장,수입액,미국|3304|616|폴란드,3801667,USD,UN Comtrade 공개 API,2026-09-30
2026-07,수입시장,수입액,미국|3304|620|포르투갈,312288,USD,UN Comtrade 공개 API,2026-09-30
2026-07,수입시장,수입액,미국|3304|642|루마니아,16266,USD,UN Comtrade 공개 API,2026-09-30
2026-07,수입시장,수입액,미국|3304|643|러시아,11658,USD,UN Comtrade 공개 API,2026-09-30
2026-07,수입시장,수입액,미국|3304|688|세르비아,12942,USD,UN Comtrade 공개 API,2026-09-30
2026-07,수입시장,수입액,미국|3304|699|인도,5008074,USD,UN Comtrade 공개 API,2026-09-30
2026-07,수입시장,수입액,미국|3304|702|싱가포르,532025,USD,UN Comtrade 공개 API,2026-09-30
2026-07,수입시장,수입액,미국|3304|704|베트남,4456715,USD,UN Comtrade 공개 API,2026-09-30
2026-07,수입시장,수입액,미국|3304|705|슬로베니아,14165,USD,UN Comtrade 공개 API,2026-09-30
2026-07,수입시장,수입액,미국|3304|710|남아공,1475546,USD,UN Comtrade 공개 API,2026-09-30
2026-07,수입시장,수입액,미국|3304|724|스페인,7071707,USD,UN Comtrade 공개 API,2026-09-30
2026-07,수입시장,수입액,미국|3304|752|스웨덴,4212444,USD,UN Comtrade 공개 API,2026-09-30
2026-07,수입시장,수입액,미국|3304|757|스위스,18383204,USD,UN Comtrade 공개 API,2026-09-30
2026-07,수입시장,수입액,미국|3304|764|태국,1578979,USD,UN Comtrade 공개 API,2026-09-30
2026-07,수입시장,수입액,미국|3304|768|768,24350,USD,UN Comtrade 공개 API,2026-09-30
2026-07,수입시장,수입액,미국|3304|784|UAE,131460,USD,UN Comtrade 공개 API,2026-09-30
2026-07,수입시장,수입액,미국|3304|792|튀르키예,1392741,USD,UN Comtrade 공개 API,2026-09-30
2026-07,수입시장,수입액,미국|3304|800|800,35319,USD,UN Comtrade 공개 API,2026-09-30
2026-07,수입시장,수입액,미국|3304|804|우크라이나,27065,USD,UN Comtrade 공개 API,2026-09-30
2026-07,수입시장,수입액,미국|3304|818|이집트,421955,USD,UN Comtrade 공개 API,2026-09-30
2026-07,수입시장,수입액,미국|3304|826|영국,22892367,USD,UN Comtrade 공개 API,2026-09-30
2019-01,수입시장,수입액,일본|3304|0|전체,128399744.72,USD,UN Comtrade 공개 API,2026-09-30
2019-01,수입시장,수입액,일본|3304|36|호주,613158.927,USD,UN Comtrade 공개 API,2026-09-30
2019-01,수입시장,수입액,일본|3304|40|오스트리아,3562.209,USD,UN Comtrade 공개 API,2026-09-30
2019-01,수입시장,수입액,일본|3304|56|벨기에,2542838.541,USD,UN Comtrade 공개 API,2026-09-30
2019-01,수입시장,수입액,일본|3304|76|브라질,6720.455,USD,UN Comtrade 공개 API,2026-09-30
2019-01,수입시장,수입액,일본|3304|100|불가리아,10126.588,USD,UN Comtrade 공개 API,2026-09-30
2019-01,수입시장,수입액,일본|3304|124|캐나다,3660408.041,USD,UN Comtrade 공개 API,2026-09-30
2019-01,수입시장,수입액,일본|3304|144|스리랑카,2010.628,USD,UN Comtrade 공개 API,2026-09-30
2019-01,수입시장,수입액,일본|3304|203|체코,83096.778,USD,UN Comtrade 공개 API,2026-09-30
2019-01,수입시장,수입액,일본|3304|208|덴마크,56866.804,USD,UN Comtrade 공개 API,2026-09-30
2019-01,수입시장,수입액,일본|3304|233|에스토니아,6747.998,USD,UN Comtrade 공개 API,2026-09-30
2019-01,수입시장,수입액,일본|3304|300|그리스,7528.379,USD,UN Comtrade 공개 API,2026-09-30
2019-01,수입시장,수입액,일본|3304|344|홍콩,81967.522,USD,UN Comtrade 공개 API,2026-09-30
2019-01,수입시장,수입액,일본|3304|352|352,53414.767,USD,UN Comtrade 공개 API,2026-09-30
2019-01,수입시장,수입액,일본|3304|376|이스라엘,1512038.198,USD,UN Comtrade 공개 API,2026-09-30
2019-01,수입시장,수입액,일본|3304|380|이탈리아,5130002.708,USD,UN Comtrade 공개 API,2026-09-30
2019-01,수입시장,수입액,일본|3304|400|요르단,2405.409,USD,UN Comtrade 공개 API,2026-09-30
2019-01,수입시장,수입액,일본|3304|428|라트비아,62347.831,USD,UN Comtrade 공개 API,2026-09-30
2019-01,수입시장,수입액,일본|3304|458|말레이시아,646595.947,USD,UN Comtrade 공개 API,2026-09-30
2019-01,수입시장,수입액,일본|3304|484|멕시코,45023.379,USD,UN Comtrade 공개 API,2026-09-30
2019-01,수입시장,수입액,일본|3304|504|504,59979.146,USD,UN Comtrade 공개 API,2026-09-30
2019-01,수입시장,수입액,일본|3304|528|네덜란드,37990.771,USD,UN Comtrade 공개 API,2026-09-30
2019-01,수입시장,수입액,일본|3304|554|뉴질랜드,112595.171,USD,UN Comtrade 공개 API,2026-09-30
2019-01,수입시장,수입액,일본|3304|608|필리핀,1918.819,USD,UN Comtrade 공개 API,2026-09-30
2019-01,수입시장,수입액,일본|3304|616|폴란드,418541.149,USD,UN Comtrade 공개 API,2026-09-30
2019-01,수입시장,수입액,일본|3304|702|싱가포르,43536.065,USD,UN Comtrade 공개 API,2026-09-30
2019-01,수입시장,수입액,일본|3304|704|베트남,2213931.007,USD,UN Comtrade 공개 API,2026-09-30
2019-01,수입시장,수입액,일본|3304|710|남아공,1426802.259,USD,UN Comtrade 공개 API,2026-09-30
2019-01,수입시장,수입액,일본|3304|724|스페인,542731.859,USD,UN Comtrade 공개 API,2026-09-30
2019-01,수입시장,수입액,일본|3304|752|스웨덴,48594.768,USD,UN Comtrade 공개 API,2026-09-30
2019-01,수입시장,수입액,일본|3304|764|태국,2629515.89,USD,UN Comtrade 공개 API,2026-09-30
2019-01,수입시장,수입액,일본|3304|792|튀르키예,14065.215,USD,UN Comtrade 공개 API,2026-09-30
2019-01,수입시장,수입액,일본|3304|804|우크라이나,198088.177,USD,UN Comtrade 공개 API,2026-09-30
2019-01,수입시장,수입액,일본|3304|826|영국,6440004.92,USD,UN Comtrade 공개 API,2026-09-30
2019-01,수입시장,수입액,일본|3304|276|독일,2546611.911,USD,UN Comtrade 공개 API,2026-09-30
2019-01,수입시장,수입액,일본|3304|410|한국,22038457.332,USD,UN Comtrade 공개 API,2026-09-30
2019-01,수입시장,수입액,일본|3304|156|중국,7402342.918,USD,UN Comtrade 공개 API,2026-09-30
2019-01,수입시장,수입액,일본|3304|757|스위스,1886336.349,USD,UN Comtrade 공개 API,2026-09-30
2019-01,수입시장,수입액,일본|3304|699|인도,207342.575,USD,UN Comtrade 공개 API,2026-09-30
2019-01,수입시장,수입액,일본|3304|251|프랑스,45714887.954,USD,UN Comtrade 공개 API,2026-09-30
2019-01,수입시장,수입액,일본|3304|490|대만,1308569.984,USD,UN Comtrade 공개 API,2026-09-30
2019-01,수입시장,수입액,일본|3304|842|미국,18580039.372,USD,UN Comtrade 공개 API,2026-09-30
2019-02,수입시장,수입액,일본|3304|842|미국,17619306.749,USD,UN Comtrade 공개 API,2026-09-30
2019-02,수입시장,수입액,일본|3304|0|전체,108149634.605,USD,UN Comtrade 공개 API,2026-09-30
2019-02,수입시장,수입액,일본|3304|36|호주,668313.751,USD,UN Comtrade 공개 API,2026-09-30
2019-02,수입시장,수입액,일본|3304|40|오스트리아,2265.563,USD,UN Comtrade 공개 API,2026-09-30
2019-02,수입시장,수입액,일본|3304|56|벨기에,2233364.326,USD,UN Comtrade 공개 API,2026-09-30
2019-02,수입시장,수입액,일본|3304|76|브라질,54844.737,USD,UN Comtrade 공개 API,2026-09-30
2019-02,수입시장,수입액,일본|3304|100|불가리아,22329.384,USD,UN Comtrade 공개 API,2026-09-30
2019-02,수입시장,수입액,일본|3304|124|캐나다,2063066.524,USD,UN Comtrade 공개 API,2026-09-30
2019-02,수입시장,수입액,일본|3304|144|스리랑카,8156.025,USD,UN Comtrade 공개 API,2026-09-30
2019-02,수입시장,수입액,일본|3304|196|키프로스,42946.003,USD,UN Comtrade 공개 API,2026-09-30
2019-02,수입시장,수입액,일본|3304|203|체코,74799.811,USD,UN Comtrade 공개 API,2026-09-30
2019-02,수입시장,수입액,일본|3304|208|덴마크,106073.636,USD,UN Comtrade 공개 API,2026-09-30
2019-02,수입시장,수입액,일본|3304|246|핀란드,12134.353,USD,UN Comtrade 공개 API,2026-09-30
2019-02,수입시장,수입액,일본|3304|300|그리스,17109.528,USD,UN Comtrade 공개 API,2026-09-30
2019-02,수입시장,수입액,일본|3304|344|홍콩,7974.78,USD,UN Comtrade 공개 API,2026-09-30
2019-02,수입시장,수입액,일본|3304|348|헝가리,6524.82,USD,UN Comtrade 공개 API,2026-09-30
2019-02,수입시장,수입액,일본|3304|352|352,89127.229,USD,UN Comtrade 공개 API,2026-09-30
2019-02,수입시장,수입액,일본|3304|360|인도네시아,1984.633,USD,UN Comtrade 공개 API,2026-09-30
2019-02,수입시장,수입액,일본|3304|372|아일랜드,5609.533,USD,UN Comtrade 공개 API,2026-09-30
2019-02,수입시장,수입액,일본|3304|376|이스라엘,1006145.369,USD,UN Comtrade 공개 API,2026-09-30
2019-02,수입시장,수입액,일본|3304|380|이탈리아,3518201.069,USD,UN Comtrade 공개 API,2026-09-30
2019-02,수입시장,수입액,일본|3304|428|라트비아,2890.858,USD,UN Comtrade 공개 API,2026-09-30
2019-02,수입시장,수입액,일본|3304|442|룩셈부르크,4802.993,USD,UN Comtrade 공개 API,2026-09-30
2019-02,수입시장,수입액,일본|3304|458|말레이시아,573848.857,USD,UN Comtrade 공개 API,2026-09-30
2019-02,수입시장,수입액,일본|3304|484|멕시코,22800.621,USD,UN Comtrade 공개 API,2026-09-30
2019-02,수입시장,수입액,일본|3304|504|504,68836.851,USD,UN Comtrade 공개 API,2026-09-30
2019-02,수입시장,수입액,일본|3304|528|네덜란드,12016.544,USD,UN Comtrade 공개 API,2026-09-30
2019-02,수입시장,수입액,일본|3304|554|뉴질랜드,109517.291,USD,UN Comtrade 공개 API,2026-09-30
2019-02,수입시장,수입액,일본|3304|616|폴란드,318239.033,USD,UN Comtrade 공개 API,2026-09-30
2019-02,수입시장,수입액,일본|3304|702|싱가포르,15315.203,USD,UN Comtrade 공개 API,2026-09-30
2019-02,수입시장,수입액,일본|3304|703|슬로바키아,4503.938,USD,UN Comtrade 공개 API,2026-09-30
2019-02,수입시장,수입액,일본|3304|704|베트남,2235267.398,USD,UN Comtrade 공개 API,2026-09-30
2019-02,수입시장,수입액,일본|3304|705|슬로베니아,7757.286,USD,UN Comtrade 공개 API,2026-09-30
2019-02,수입시장,수입액,일본|3304|710|남아공,1307664.551,USD,UN Comtrade 공개 API,2026-09-30
2019-02,수입시장,수입액,일본|3304|724|스페인,34644.982,USD,UN Comtrade 공개 API,2026-09-30
2019-02,수입시장,수입액,일본|3304|752|스웨덴,35288.402,USD,UN Comtrade 공개 API,2026-09-30
2019-02,수입시장,수입액,일본|3304|764|태국,3080258.775,USD,UN Comtrade 공개 API,2026-09-30
2019-02,수입시장,수입액,일본|3304|792|튀르키예,5682.031,USD,UN Comtrade 공개 API,2026-09-30
2019-02,수입시장,수입액,일본|3304|804|우크라이나,200357.285,USD,UN Comtrade 공개 API,2026-09-30
2019-02,수입시장,수입액,일본|3304|826|영국,5946684.699,USD,UN Comtrade 공개 API,2026-09-30
2019-02,수입시장,수입액,일본|3304|276|독일,3567264.09,USD,UN Comtrade 공개 API,2026-09-30
2019-02,수입시장,수입액,일본|3304|410|한국,17596732.685,USD,UN Comtrade 공개 API,2026-09-30
2019-02,수입시장,수입액,일본|3304|156|중국,4901943.208,USD,UN Comtrade 공개 API,2026-09-30
2019-02,수입시장,수입액,일본|3304|757|스위스,1640910.67,USD,UN Comtrade 공개 API,2026-09-30
2019-02,수입시장,수입액,일본|3304|699|인도,70033.068,USD,UN Comtrade 공개 API,2026-09-30
2019-02,수입시장,수입액,일본|3304|251|프랑스,37923323.186,USD,UN Comtrade 공개 API,2026-09-30
2019-02,수입시장,수입액,일본|3304|490|대만,902772.283,USD,UN Comtrade 공개 API,2026-09-30
2019-03,수입시장,수입액,일본|3304|757|스위스,1274022.905,USD,UN Comtrade 공개 API,2026-09-30
2019-03,수입시장,수입액,일본|3304|699|인도,257045.467,USD,UN Comtrade 공개 API,2026-09-30
2019-03,수입시장,수입액,일본|3304|251|프랑스,40085028.895,USD,UN Comtrade 공개 API,2026-09-30
2019-03,수입시장,수입액,일본|3304|490|대만,1361257.402,USD,UN Comtrade 공개 API,2026-09-30
2019-03,수입시장,수입액,일본|3304|842|미국,18283095.101,USD,UN Comtrade 공개 API,2026-09-30
2019-03,수입시장,수입액,일본|3304|0|전체,122448106.709,USD,UN Comtrade 공개 API,2026-09-30
2019-03,수입시장,수입액,일본|3304|36|호주,1319434.121,USD,UN Comtrade 공개 API,2026-09-30
2019-03,수입시장,수입액,일본|3304|40|오스트리아,2373.972,USD,UN Comtrade 공개 API,2026-09-30
2019-03,수입시장,수입액,일본|3304|56|벨기에,2011267.253,USD,UN Comtrade 공개 API,2026-09-30
2019-03,수입시장,수입액,일본|3304|76|브라질,8848.443,USD,UN Comtrade 공개 API,2026-09-30
2019-03,수입시장,수입액,일본|3304|100|불가리아,7049.979,USD,UN Comtrade 공개 API,2026-09-30
2019-03,수입시장,수입액,일본|3304|124|캐나다,1851581.634,USD,UN Comtrade 공개 API,2026-09-30
2019-03,수입시장,수입액,일본|3304|196|키프로스,1969.318,USD,UN Comtrade 공개 API,2026-09-30
2019-03,수입시장,수입액,일본|3304|203|체코,102908.11,USD,UN Comtrade 공개 API,2026-09-30
2019-03,수입시장,수입액,일본|3304|208|덴마크,101145.615,USD,UN Comtrade 공개 API,2026-09-30
2019-03,수입시장,수입액,일본|3304|246|핀란드,12139.632,USD,UN Comtrade 공개 API,2026-09-30
2019-03,수입시장,수입액,일본|3304|258|258,11375.285,USD,UN Comtrade 공개 API,2026-09-30
2019-03,수입시장,수입액,일본|3304|300|그리스,29800.548,USD,UN Comtrade 공개 API,2026-09-30
2019-03,수입시장,수입액,일본|3304|344|홍콩,62721.432,USD,UN Comtrade 공개 API,2026-09-30
2019-03,수입시장,수입액,일본|3304|348|헝가리,3372.12,USD,UN Comtrade 공개 API,2026-09-30
2019-03,수입시장,수입액,일본|3304|360|인도네시아,4118.483,USD,UN Comtrade 공개 API,2026-09-30
2019-03,수입시장,수입액,일본|3304|376|이스라엘,1603303.679,USD,UN Comtrade 공개 API,2026-09-30
2019-03,수입시장,수입액,일본|3304|380|이탈리아,5629525.036,USD,UN Comtrade 공개 API,2026-09-30
2019-03,수입시장,수입액,일본|3304|428|라트비아,2346.996,USD,UN Comtrade 공개 API,2026-09-30
2019-03,수입시장,수입액,일본|3304|440|리투아니아,2760.642,USD,UN Comtrade 공개 API,2026-09-30
2019-03,수입시장,수입액,일본|3304|458|말레이시아,827257.471,USD,UN Comtrade 공개 API,2026-09-30
2019-03,수입시장,수입액,일본|3304|484|멕시코,15682.606,USD,UN Comtrade 공개 API,2026-09-30
2019-03,수입시장,수입액,일본|3304|504|504,56795.493,USD,UN Comtrade 공개 API,2026-09-30
2019-03,수입시장,수입액,일본|3304|528|네덜란드,74294.548,USD,UN Comtrade 공개 API,2026-09-30
2019-03,수입시장,수입액,일본|3304|548|548,2041.257,USD,UN Comtrade 공개 API,2026-09-30
2019-03,수입시장,수입액,일본|3304|554|뉴질랜드,138724.521,USD,UN Comtrade 공개 API,2026-09-30
2019-03,수입시장,수입액,일본|3304|616|폴란드,216184.365,USD,UN Comtrade 공개 API,2026-09-30
2019-03,수입시장,수입액,일본|3304|643|러시아,27156.806,USD,UN Comtrade 공개 API,2026-09-30
2019-03,수입시장,수입액,일본|3304|702|싱가포르,106882.716,USD,UN Comtrade 공개 API,2026-09-30
2019-03,수입시장,수입액,일본|3304|704|베트남,2968850.417,USD,UN Comtrade 공개 API,2026-09-30
2019-03,수입시장,수입액,일본|3304|705|슬로베니아,20052.874,USD,UN Comtrade 공개 API,2026-09-30
2019-03,수입시장,수입액,일본|3304|710|남아공,1324487.805,USD,UN Comtrade 공개 API,2026-09-30
2019-03,수입시장,수입액,일본|3304|724|스페인,35636.564,USD,UN Comtrade 공개 API,2026-09-30
2019-03,수입시장,수입액,일본|3304|752|스웨덴,84563.777,USD,UN Comtrade 공개 API,2026-09-30
2019-03,수입시장,수입액,일본|3304|764|태국,2296656.513,USD,UN Comtrade 공개 API,2026-09-30
2019-03,수입시장,수입액,일본|3304|804|우크라이나,71497.936,USD,UN Comtrade 공개 API,2026-09-30
2019-03,수입시장,수입액,일본|3304|826|영국,5373837.409,USD,UN Comtrade 공개 API,2026-09-30
2019-03,수입시장,수입액,일본|3304|276|독일,2456297.17,USD,UN Comtrade 공개 API,2026-09-30
2019-03,수입시장,수입액,일본|3304|410|한국,22957204.121,USD,UN Comtrade 공개 API,2026-09-30
2019-03,수입시장,수입액,일본|3304|156|중국,9365510.272,USD,UN Comtrade 공개 API,2026-09-30
2019-04,수입시장,수입액,일본|3304|490|대만,1058059.551,USD,UN Comtrade 공개 API,2026-09-30
2019-04,수입시장,수입액,일본|3304|842|미국,18284395.998,USD,UN Comtrade 공개 API,2026-09-30
2019-04,수입시장,수입액,일본|3304|0|전체,126230246.935,USD,UN Comtrade 공개 API,2026-09-30
2019-04,수입시장,수입액,일본|3304|36|호주,941441.681,USD,UN Comtrade 공개 API,2026-09-30
2019-04,수입시장,수입액,일본|3304|56|벨기에,2348280.188,USD,UN Comtrade 공개 API,2026-09-30
2019-04,수입시장,수입액,일본|3304|76|브라질,96441.241,USD,UN Comtrade 공개 API,2026-09-30
2019-04,수입시장,수입액,일본|3304|100|불가리아,8901.717,USD,UN Comtrade 공개 API,2026-09-30
2019-04,수입시장,수입액,일본|3304|124|캐나다,2241235.694,USD,UN Comtrade 공개 API,2026-09-30
2019-04,수입시장,수입액,일본|3304|144|스리랑카,18018.365,USD,UN Comtrade 공개 API,2026-09-30
2019-04,수입시장,수입액,일본|3304|203|체코,126504.687,USD,UN Comtrade 공개 API,2026-09-30
2019-04,수입시장,수입액,일본|3304|208|덴마크,166678.835,USD,UN Comtrade 공개 API,2026-09-30
2019-04,수입시장,수입액,일본|3304|246|핀란드,13066.002,USD,UN Comtrade 공개 API,2026-09-30
2019-04,수입시장,수입액,일본|3304|258|258,2829.922,USD,UN Comtrade 공개 API,2026-09-30
2019-04,수입시장,수입액,일본|3304|300|그리스,10791.317,USD,UN Comtrade 공개 API,2026-09-30
2019-04,수입시장,수입액,일본|3304|344|홍콩,2006.021,USD,UN Comtrade 공개 API,2026-09-30
2019-04,수입시장,수입액,일본|3304|348|헝가리,5337.448,USD,UN Comtrade 공개 API,2026-09-30
2019-04,수입시장,수입액,일본|3304|352|352,85193.196,USD,UN Comtrade 공개 API,2026-09-30
2019-04,수입시장,수입액,일본|3304|360|인도네시아,96280.043,USD,UN Comtrade 공개 API,2026-09-30
2019-04,수입시장,수입액,일본|3304|372|아일랜드,16827.291,USD,UN Comtrade 공개 API,2026-09-30
2019-04,수입시장,수입액,일본|3304|376|이스라엘,1199143.71,USD,UN Comtrade 공개 API,2026-09-30
2019-04,수입시장,수입액,일본|3304|380|이탈리아,5404981.248,USD,UN Comtrade 공개 API,2026-09-30
2019-04,수입시장,수입액,일본|3304|400|요르단,4146.373,USD,UN Comtrade 공개 API,2026-09-30
2019-04,수입시장,수입액,일본|3304|440|리투아니아,16639.226,USD,UN Comtrade 공개 API,2026-09-30
2019-04,수입시장,수입액,일본|3304|458|말레이시아,1162077.103,USD,UN Comtrade 공개 API,2026-09-30
2019-04,수입시장,수입액,일본|3304|484|멕시코,91632.164,USD,UN Comtrade 공개 API,2026-09-30
2019-04,수입시장,수입액,일본|3304|504|504,39959.218,USD,UN Comtrade 공개 API,2026-09-30
2019-04,수입시장,수입액,일본|3304|528|네덜란드,25585.721,USD,UN Comtrade 공개 API,2026-09-30
2019-04,수입시장,수입액,일본|3304|554|뉴질랜드,154266.582,USD,UN Comtrade 공개 API,2026-09-30
2019-04,수입시장,수입액,일본|3304|608|필리핀,4038.908,USD,UN Comtrade 공개 API,2026-09-30
2019-04,수입시장,수입액,일본|3304|616|폴란드,278854.802,USD,UN Comtrade 공개 API,2026-09-30
2019-04,수입시장,수입액,일본|3304|642|루마니아,10415.188,USD,UN Comtrade 공개 API,2026-09-30
2019-04,수입시장,수입액,일본|3304|643|러시아,34514.304,USD,UN Comtrade 공개 API,2026-09-30
2019-04,수입시장,수입액,일본|3304|702|싱가포르,9922.639,USD,UN Comtrade 공개 API,2026-09-30
2019-04,수입시장,수입액,일본|3304|704|베트남,2613603.305,USD,UN Comtrade 공개 API,2026-09-30
2019-04,수입시장,수입액,일본|3304|710|남아공,1100911.379,USD,UN Comtrade 공개 API,2026-09-30
2019-04,수입시장,수입액,일본|3304|724|스페인,32176.932,USD,UN Comtrade 공개 API,2026-09-30
2019-04,수입시장,수입액,일본|3304|752|스웨덴,21493.08,USD,UN Comtrade 공개 API,2026-09-30
2019-04,수입시장,수입액,일본|3304|764|태국,1964019.74,USD,UN Comtrade 공개 API,2026-09-30
2019-04,수입시장,수입액,일본|3304|792|튀르키예,4128.462,USD,UN Comtrade 공개 API,2026-09-30
2019-04,수입시장,수입액,일본|3304|804|우크라이나,160383.154,USD,UN Comtrade 공개 API,2026-09-30
2019-04,수입시장,수입액,일본|3304|826|영국,5654077.09,USD,UN Comtrade 공개 API,2026-09-30
2019-04,수입시장,수입액,일본|3304|276|독일,2689151.481,USD,UN Comtrade 공개 API,2026-09-30
2019-04,수입시장,수입액,일본|3304|410|한국,29015523.668,USD,UN Comtrade 공개 API,2026-09-30
2019-04,수입시장,수입액,일본|3304|156|중국,8161925.486,USD,UN Comtrade 공개 API,2026-09-30
2019-04,수입시장,수입액,일본|3304|757|스위스,2407681.688,USD,UN Comtrade 공개 API,2026-09-30
2019-04,수입시장,수입액,일본|3304|699|인도,302183.749,USD,UN Comtrade 공개 API,2026-09-30
2019-04,수입시장,수입액,일본|3304|251|프랑스,38144521.334,USD,UN Comtrade 공개 API,2026-09-30
2019-05,수입시장,수입액,일본|3304|0|전체,137676925.811,USD,UN Comtrade 공개 API,2026-09-30
2019-05,수입시장,수입액,일본|3304|36|호주,619762.272,USD,UN Comtrade 공개 API,2026-09-30
2019-05,수입시장,수입액,일본|3304|40|오스트리아,2348.584,USD,UN Comtrade 공개 API,2026-09-30
2019-05,수입시장,수입액,일본|3304|56|벨기에,2425850.924,USD,UN Comtrade 공개 API,2026-09-30
2019-05,수입시장,수입액,일본|3304|76|브라질,6126.346,USD,UN Comtrade 공개 API,2026-09-30
2019-05,수입시장,수입액,일본|3304|100|불가리아,14055.094,USD,UN Comtrade 공개 API,2026-09-30
2019-05,수입시장,수입액,일본|3304|124|캐나다,2231992.584,USD,UN Comtrade 공개 API,2026-09-30
2019-05,수입시장,수입액,일본|3304|144|스리랑카,38733.435,USD,UN Comtrade 공개 API,2026-09-30
2019-05,수입시장,수입액,일본|3304|196|키프로스,44486.556,USD,UN Comtrade 공개 API,2026-09-30
2019-05,수입시장,수입액,일본|3304|203|체코,85359.206,USD,UN Comtrade 공개 API,2026-09-30
2019-05,수입시장,수입액,일본|3304|208|덴마크,100524.871,USD,UN Comtrade 공개 API,2026-09-30
2019-05,수입시장,수입액,일본|3304|246|핀란드,5015.775,USD,UN Comtrade 공개 API,2026-09-30
2019-05,수입시장,수입액,일본|3304|300|그리스,77967.538,USD,UN Comtrade 공개 API,2026-09-30
2019-05,수입시장,수입액,일본|3304|344|홍콩,9858.592,USD,UN Comtrade 공개 API,2026-09-30
2019-05,수입시장,수입액,일본|3304|348|헝가리,6317.51,USD,UN Comtrade 공개 API,2026-09-30
2019-05,수입시장,수입액,일본|3304|352|352,52023.874,USD,UN Comtrade 공개 API,2026-09-30
2019-05,수입시장,수입액,일본|3304|360|인도네시아,40617.764,USD,UN Comtrade 공개 API,2026-09-30
2019-05,수입시장,수입액,일본|3304|372|아일랜드,29657.704,USD,UN Comtrade 공개 API,2026-09-30
2019-05,수입시장,수입액,일본|3304|376|이스라엘,2654355.434,USD,UN Comtrade 공개 API,2026-09-30
2019-05,수입시장,수입액,일본|3304|380|이탈리아,7850206.811,USD,UN Comtrade 공개 API,2026-09-30
2019-05,수입시장,수입액,일본|3304|428|라트비아,2867.458,USD,UN Comtrade 공개 API,2026-09-30
2019-05,수입시장,수입액,일본|3304|442|룩셈부르크,50367.12,USD,UN Comtrade 공개 API,2026-09-30
2019-05,수입시장,수입액,일본|3304|458|말레이시아,809314.874,USD,UN Comtrade 공개 API,2026-09-30
2019-05,수입시장,수입액,일본|3304|484|멕시코,41145.741,USD,UN Comtrade 공개 API,2026-09-30
2019-05,수입시장,수입액,일본|3304|504|504,17432.322,USD,UN Comtrade 공개 API,2026-09-30
2019-05,수입시장,수입액,일본|3304|528|네덜란드,66261.028,USD,UN Comtrade 공개 API,2026-09-30
2019-05,수입시장,수입액,일본|3304|554|뉴질랜드,159348.715,USD,UN Comtrade 공개 API,2026-09-30
2019-05,수입시장,수입액,일본|3304|608|필리핀,176143.824,USD,UN Comtrade 공개 API,2026-09-30
2019-05,수입시장,수입액,일본|3304|616|폴란드,220766.926,USD,UN Comtrade 공개 API,2026-09-30
2019-05,수입시장,수입액,일본|3304|643|러시아,3905.204,USD,UN Comtrade 공개 API,2026-09-30
2019-05,수입시장,수입액,일본|3304|757|스위스,1722113.107,USD,UN Comtrade 공개 API,2026-09-30
2019-05,수입시장,수입액,일본|3304|699|인도,315875.488,USD,UN Comtrade 공개 API,2026-09-30
2019-05,수입시장,수입액,일본|3304|251|프랑스,41468343.435,USD,UN Comtrade 공개 API,2026-09-30
2019-05,수입시장,수입액,일본|3304|490|대만,1339876.458,USD,UN Comtrade 공개 API,2026-09-30
2019-05,수입시장,수입액,일본|3304|842|미국,22982399.573,USD,UN Comtrade 공개 API,2026-09-30
2019-05,수입시장,수입액,일본|3304|702|싱가포르,77603.416,USD,UN Comtrade 공개 API,2026-09-30
2019-05,수입시장,수입액,일본|3304|703|슬로바키아,2303.069,USD,UN Comtrade 공개 API,2026-09-30
2019-05,수입시장,수입액,일본|3304|704|베트남,2856797.94,USD,UN Comtrade 공개 API,2026-09-30
2019-05,수입시장,수입액,일본|3304|705|슬로베니아,33135.066,USD,UN Comtrade 공개 API,2026-09-30
2019-05,수입시장,수입액,일본|3304|710|남아공,1211323.327,USD,UN Comtrade 공개 API,2026-09-30
2019-05,수입시장,수입액,일본|3304|724|스페인,85459.34,USD,UN Comtrade 공개 API,2026-09-30
2019-05,수입시장,수입액,일본|3304|752|스웨덴,151756.78,USD,UN Comtrade 공개 API,2026-09-30
2019-05,수입시장,수입액,일본|3304|764|태국,2805684.371,USD,UN Comtrade 공개 API,2026-09-30
2019-05,수입시장,수입액,일본|3304|792|튀르키예,10960.06,USD,UN Comtrade 공개 API,2026-09-30
2019-05,수입시장,수입액,일본|3304|804|우크라이나,137437.698,USD,UN Comtrade 공개 API,2026-09-30
2019-05,수입시장,수입액,일본|3304|826|영국,8063973.499,USD,UN Comtrade 공개 API,2026-09-30
2019-05,수입시장,수입액,일본|3304|276|독일,2440078.975,USD,UN Comtrade 공개 API,2026-09-30
2019-05,수입시장,수입액,일본|3304|410|한국,24810799.775,USD,UN Comtrade 공개 API,2026-09-30
2019-05,수입시장,수입액,일본|3304|156|중국,9318190.35,USD,UN Comtrade 공개 API,2026-09-30
2019-06,수입시장,수입액,일본|3304|757|스위스,1931701.668,USD,UN Comtrade 공개 API,2026-09-30
2019-06,수입시장,수입액,일본|3304|699|인도,136807.352,USD,UN Comtrade 공개 API,2026-09-30
2019-06,수입시장,수입액,일본|3304|251|프랑스,35968728.52,USD,UN Comtrade 공개 API,2026-09-30
2019-06,수입시장,수입액,일본|3304|490|대만,1048686.7,USD,UN Comtrade 공개 API,2026-09-30
2019-06,수입시장,수입액,일본|3304|842|미국,16588236.12,USD,UN Comtrade 공개 API,2026-09-30
2019-06,수입시장,수입액,일본|3304|0|전체,111104912.278,USD,UN Comtrade 공개 API,2026-09-30
2019-06,수입시장,수입액,일본|3304|36|호주,1289087.469,USD,UN Comtrade 공개 API,2026-09-30
2019-06,수입시장,수입액,일본|3304|56|벨기에,2571669.116,USD,UN Comtrade 공개 API,2026-09-30
2019-06,수입시장,수입액,일본|3304|76|브라질,58700.469,USD,UN Comtrade 공개 API,2026-09-30
2019-06,수입시장,수입액,일본|3304|100|불가리아,27235.611,USD,UN Comtrade 공개 API,2026-09-30
2019-06,수입시장,수입액,일본|3304|124|캐나다,2243536.919,USD,UN Comtrade 공개 API,2026-09-30
2019-06,수입시장,수입액,일본|3304|144|스리랑카,2628.241,USD,UN Comtrade 공개 API,2026-09-30
2019-06,수입시장,수입액,일본|3304|203|체코,15501.07,USD,UN Comtrade 공개 API,2026-09-30
2019-06,수입시장,수입액,일본|3304|208|덴마크,98447.988,USD,UN Comtrade 공개 API,2026-09-30
2019-06,수입시장,수입액,일본|3304|246|핀란드,3609.204,USD,UN Comtrade 공개 API,2026-09-30
2019-06,수입시장,수입액,일본|3304|276|독일,1878970.267,USD,UN Comtrade 공개 API,2026-09-30
2019-06,수입시장,수입액,일본|3304|300|그리스,20026.457,USD,UN Comtrade 공개 API,2026-09-30
2019-06,수입시장,수입액,일본|3304|344|홍콩,67390.322,USD,UN Comtrade 공개 API,2026-09-30
2019-06,수입시장,수입액,일본|3304|352|352,69157.907,USD,UN Comtrade 공개 API,2026-09-30
2019-06,수입시장,수입액,일본|3304|360|인도네시아,14418.308,USD,UN Comtrade 공개 API,2026-09-30
2019-06,수입시장,수입액,일본|3304|372|아일랜드,62596.559,USD,UN Comtrade 공개 API,2026-09-30
2019-06,수입시장,수입액,일본|3304|376|이스라엘,382881.05,USD,UN Comtrade 공개 API,2026-09-30
2019-06,수입시장,수입액,일본|3304|380|이탈리아,4627684.736,USD,UN Comtrade 공개 API,2026-09-30
2019-06,수입시장,수입액,일본|3304|428|라트비아,23200.706,USD,UN Comtrade 공개 API,2026-09-30
2019-06,수입시장,수입액,일본|3304|442|룩셈부르크,40376.816,USD,UN Comtrade 공개 API,2026-09-30
2019-06,수입시장,수입액,일본|3304|458|말레이시아,2129273.213,USD,UN Comtrade 공개 API,2026-09-30
2019-06,수입시장,수입액,일본|3304|484|멕시코,9874.413,USD,UN Comtrade 공개 API,2026-09-30
2019-06,수입시장,수입액,일본|3304|504|504,76690.964,USD,UN Comtrade 공개 API,2026-09-30
2019-06,수입시장,수입액,일본|3304|528|네덜란드,31039.157,USD,UN Comtrade 공개 API,2026-09-30
2019-06,수입시장,수입액,일본|3304|554|뉴질랜드,169169.884,USD,UN Comtrade 공개 API,2026-09-30
2019-06,수입시장,수입액,일본|3304|608|필리핀,105166.661,USD,UN Comtrade 공개 API,2026-09-30
2019-06,수입시장,수입액,일본|3304|616|폴란드,258900.255,USD,UN Comtrade 공개 API,2026-09-30
2019-06,수입시장,수입액,일본|3304|643|러시아,9383.931,USD,UN Comtrade 공개 API,2026-09-30
2019-06,수입시장,수입액,일본|3304|702|싱가포르,35971.736,USD,UN Comtrade 공개 API,2026-09-30
2019-06,수입시장,수입액,일본|3304|704|베트남,2311676.845,USD,UN Comtrade 공개 API,2026-09-30
2019-06,수입시장,수입액,일본|3304|710|남아공,1697815.975,USD,UN Comtrade 공개 API,2026-09-30
2019-06,수입시장,수입액,일본|3304|724|스페인,67149.709,USD,UN Comtrade 공개 API,2026-09-30
2019-06,수입시장,수입액,일본|3304|752|스웨덴,37295.111,USD,UN Comtrade 공개 API,2026-09-30
2019-06,수입시장,수입액,일본|3304|764|태국,2371219.462,USD,UN Comtrade 공개 API,2026-09-30
2019-06,수입시장,수입액,일본|3304|804|우크라이나,131948.807,USD,UN Comtrade 공개 API,2026-09-30
2019-06,수입시장,수입액,일본|3304|826|영국,5886621.468,USD,UN Comtrade 공개 API,2026-09-30
2019-06,수입시장,수입액,일본|3304|410|한국,18743551.13,USD,UN Comtrade 공개 API,2026-09-30
2019-06,수입시장,수입액,일본|3304|156|중국,7860883.983,USD,UN Comtrade 공개 API,2026-09-30
2019-07,수입시장,수입액,일본|3304|842|미국,21603563.016,USD,UN Comtrade 공개 API,2026-09-30
2019-07,수입시장,수입액,일본|3304|0|전체,144885626.816,USD,UN Comtrade 공개 API,2026-09-30
2019-07,수입시장,수입액,일본|3304|300|그리스,44705.973,USD,UN Comtrade 공개 API,2026-09-30
2019-07,수입시장,수입액,일본|3304|705|슬로베니아,5811.13,USD,UN Comtrade 공개 API,2026-09-30
2019-07,수입시장,수입액,일본|3304|826|영국,6729029.533,USD,UN Comtrade 공개 API,2026-09-30
2019-07,수입시장,수입액,일본|3304|56|벨기에,2934657.463,USD,UN Comtrade 공개 API,2026-09-30
2019-07,수입시장,수입액,일본|3304|76|브라질,5764.936,USD,UN Comtrade 공개 API,2026-09-30
2019-07,수입시장,수입액,일본|3304|804|우크라이나,124759.135,USD,UN Comtrade 공개 API,2026-09-30
2019-07,수입시장,수입액,일본|3304|352|352,68587.96,USD,UN Comtrade 공개 API,2026-09-30
2019-07,수입시장,수입액,일본|3304|208|덴마크,132769.07,USD,UN Comtrade 공개 API,2026-09-30
2019-07,수입시장,수입액,일본|3304|124|캐나다,3156339.59,USD,UN Comtrade 공개 API,2026-09-30
2019-07,수입시장,수입액,일본|3304|36|호주,1053569.829,USD,UN Comtrade 공개 API,2026-09-30
2019-07,수입시장,수입액,일본|3304|724|스페인,52161.587,USD,UN Comtrade 공개 API,2026-09-30
2019-07,수입시장,수입액,일본|3304|752|스웨덴,53824.55,USD,UN Comtrade 공개 API,2026-09-30
2019-07,수입시장,수입액,일본|3304|348|헝가리,9746.807,USD,UN Comtrade 공개 API,2026-09-30
2019-07,수입시장,수입액,일본|3304|608|필리핀,25175.403,USD,UN Comtrade 공개 API,2026-09-30
2019-07,수입시장,수입액,일본|3304|710|남아공,1429962.89,USD,UN Comtrade 공개 API,2026-09-30
2019-07,수입시장,수입액,일본|3304|528|네덜란드,74519.193,USD,UN Comtrade 공개 API,2026-09-30
2019-07,수입시장,수입액,일본|3304|484|멕시코,25313.983,USD,UN Comtrade 공개 API,2026-09-30
2019-07,수입시장,수입액,일본|3304|616|폴란드,782793.356,USD,UN Comtrade 공개 API,2026-09-30
2019-07,수입시장,수입액,일본|3304|704|베트남,2898192.393,USD,UN Comtrade 공개 API,2026-09-30
2019-07,수입시장,수입액,일본|3304|792|튀르키예,10291.89,USD,UN Comtrade 공개 API,2026-09-30
2019-07,수입시장,수입액,일본|3304|442|룩셈부르크,13202.074,USD,UN Comtrade 공개 API,2026-09-30
2019-07,수입시장,수입액,일본|3304|144|스리랑카,29646.924,USD,UN Comtrade 공개 API,2026-09-30
2019-07,수입시장,수입액,일본|3304|458|말레이시아,4588067.068,USD,UN Comtrade 공개 API,2026-09-30
2019-07,수입시장,수입액,일본|3304|344|홍콩,6577.94,USD,UN Comtrade 공개 API,2026-09-30
2019-07,수입시장,수입액,일본|3304|380|이탈리아,5142073.753,USD,UN Comtrade 공개 API,2026-09-30
2019-07,수입시장,수입액,일본|3304|554|뉴질랜드,276347.396,USD,UN Comtrade 공개 API,2026-09-30
2019-07,수입시장,수입액,일본|3304|360|인도네시아,21128.861,USD,UN Comtrade 공개 API,2026-09-30
2019-07,수입시장,수입액,일본|3304|376|이스라엘,956074.038,USD,UN Comtrade 공개 API,2026-09-30
2019-07,수입시장,수입액,일본|3304|203|체코,63053.991,USD,UN Comtrade 공개 API,2026-09-30
2019-07,수입시장,수입액,일본|3304|764|태국,2862346.315,USD,UN Comtrade 공개 API,2026-09-30
2019-07,수입시장,수입액,일본|3304|428|라트비아,11003.268,USD,UN Comtrade 공개 API,2026-09-30
2019-07,수입시장,수입액,일본|3304|504|504,25942.213,USD,UN Comtrade 공개 API,2026-09-30
2019-07,수입시장,수입액,일본|3304|372|아일랜드,124629.793,USD,UN Comtrade 공개 API,2026-09-30
2019-07,수입시장,수입액,일본|3304|620|포르투갈,1866.213,USD,UN Comtrade 공개 API,2026-09-30
2019-07,수입시장,수입액,일본|3304|100|불가리아,3011.81,USD,UN Comtrade 공개 API,2026-09-30
2019-07,수입시장,수입액,일본|3304|702|싱가포르,34358.651,USD,UN Comtrade 공개 API,2026-09-30
2019-07,수입시장,수입액,일본|3304|400|요르단,5691.027,USD,UN Comtrade 공개 API,2026-09-30
2019-07,수입시장,수입액,일본|3304|276|독일,3767589.136,USD,UN Comtrade 공개 API,2026-09-30
2019-07,수입시장,수입액,일본|3304|410|한국,25475447.61,USD,UN Comtrade 공개 API,2026-09-30
2019-07,수입시장,수입액,일본|3304|156|중국,8444698.602,USD,UN Comtrade 공개 API,2026-09-30
2019-07,수입시장,수입액,일본|3304|757|스위스,1839532.052,USD,UN Comtrade 공개 API,2026-09-30
2019-07,수입시장,수입액,일본|3304|699|인도,219400.173,USD,UN Comtrade 공개 API,2026-09-30
2019-07,수입시장,수입액,일본|3304|251|프랑스,48577210.407,USD,UN Comtrade 공개 API,2026-09-30
2019-07,수입시장,수입액,일본|3304|490|대만,1175187.812,USD,UN Comtrade 공개 API,2026-09-30
2019-08,수입시장,수입액,일본|3304|0|전체,137239684.078,USD,UN Comtrade 공개 API,2026-09-30
2019-08,수입시장,수입액,일본|3304|710|남아공,1169254.292,USD,UN Comtrade 공개 API,2026-09-30
2019-08,수입시장,수입액,일본|3304|36|호주,877486.484,USD,UN Comtrade 공개 API,2026-09-30
2019-08,수입시장,수입액,일본|3304|704|베트남,1583546.325,USD,UN Comtrade 공개 API,2026-09-30
2019-08,수입시장,수입액,일본|3304|124|캐나다,2666108.683,USD,UN Comtrade 공개 API,2026-09-30
2019-08,수입시장,수입액,일본|3304|458|말레이시아,2502623.86,USD,UN Comtrade 공개 API,2026-09-30
2019-08,수입시장,수입액,일본|3304|484|멕시코,33799.786,USD,UN Comtrade 공개 API,2026-09-30
2019-08,수입시장,수입액,일본|3304|702|싱가포르,33630.411,USD,UN Comtrade 공개 API,2026-09-30
2019-08,수입시장,수입액,일본|3304|288|288,2145.421,USD,UN Comtrade 공개 API,2026-09-30
2019-08,수입시장,수입액,일본|3304|56|벨기에,3261604.079,USD,UN Comtrade 공개 API,2026-09-30
2019-08,수입시장,수입액,일본|3304|804|우크라이나,142632.839,USD,UN Comtrade 공개 API,2026-09-30
2019-08,수입시장,수입액,일본|3304|608|필리핀,74487.502,USD,UN Comtrade 공개 API,2026-09-30
2019-08,수입시장,수입액,일본|3304|360|인도네시아,22517.508,USD,UN Comtrade 공개 API,2026-09-30
2019-08,수입시장,수입액,일본|3304|724|스페인,54520.034,USD,UN Comtrade 공개 API,2026-09-30
2019-08,수입시장,수입액,일본|3304|442|룩셈부르크,42635.532,USD,UN Comtrade 공개 API,2026-09-30
2019-08,수입시장,수입액,일본|3304|203|체코,28680.888,USD,UN Comtrade 공개 API,2026-09-30
2019-08,수입시장,수입액,일본|3304|258|258,5467.059,USD,UN Comtrade 공개 API,2026-09-30
2019-08,수입시장,수입액,일본|3304|642|루마니아,7461.924,USD,UN Comtrade 공개 API,2026-09-30
2019-08,수입시장,수입액,일본|3304|208|덴마크,69650.895,USD,UN Comtrade 공개 API,2026-09-30
2019-08,수입시장,수입액,일본|3304|752|스웨덴,112596.949,USD,UN Comtrade 공개 API,2026-09-30
2019-08,수입시장,수입액,일본|3304|144|스리랑카,17624.443,USD,UN Comtrade 공개 API,2026-09-30
2019-08,수입시장,수입액,일본|3304|246|핀란드,12119.745,USD,UN Comtrade 공개 API,2026-09-30
2019-08,수입시장,수입액,일본|3304|504|504,46051.268,USD,UN Comtrade 공개 API,2026-09-30
2019-08,수입시장,수입액,일본|3304|40|오스트리아,5768.171,USD,UN Comtrade 공개 API,2026-09-30
2019-08,수입시장,수입액,일본|3304|764|태국,1498971.582,USD,UN Comtrade 공개 API,2026-09-30
2019-08,수입시장,수입액,일본|3304|554|뉴질랜드,67815.996,USD,UN Comtrade 공개 API,2026-09-30
2019-08,수입시장,수입액,일본|3304|616|폴란드,307444.435,USD,UN Comtrade 공개 API,2026-09-30
2019-08,수입시장,수입액,일본|3304|528|네덜란드,22056.431,USD,UN Comtrade 공개 API,2026-09-30
2019-08,수입시장,수입액,일본|3304|376|이스라엘,584269.576,USD,UN Comtrade 공개 API,2026-09-30
2019-08,수입시장,수입액,일본|3304|100|불가리아,5617.615,USD,UN Comtrade 공개 API,2026-09-30
2019-08,수입시장,수입액,일본|3304|372|아일랜드,58123.964,USD,UN Comtrade 공개 API,2026-09-30
2019-08,수입시장,수입액,일본|3304|300|그리스,71099.995,USD,UN Comtrade 공개 API,2026-09-30
2019-08,수입시장,수입액,일본|3304|792|튀르키예,9005.121,USD,UN Comtrade 공개 API,2026-09-30
2019-08,수입시장,수입액,일본|3304|380|이탈리아,5059805.393,USD,UN Comtrade 공개 API,2026-09-30
2019-08,수입시장,수입액,일본|3304|858|858,3594.521,USD,UN Comtrade 공개 API,2026-09-30
2019-08,수입시장,수입액,일본|3304|826|영국,8374423.947,USD,UN Comtrade 공개 API,2026-09-30
2019-08,수입시장,수입액,일본|3304|76|브라질,57531.15,USD,UN Comtrade 공개 API,2026-09-30
2019-08,수입시장,수입액,일본|3304|440|리투아니아,11131.722,USD,UN Comtrade 공개 API,2026-09-30
2019-08,수입시장,수입액,일본|3304|276|독일,2679705.757,USD,UN Comtrade 공개 API,2026-09-30
2019-08,수입시장,수입액,일본|3304|410|한국,22911691.238,USD,UN Comtrade 공개 API,2026-09-30
2019-08,수입시장,수입액,일본|3304|156|중국,9111742.944,USD,UN Comtrade 공개 API,2026-09-30
2019-08,수입시장,수입액,일본|3304|757|스위스,1352094.95,USD,UN Comtrade 공개 API,2026-09-30
2019-08,수입시장,수입액,일본|3304|699|인도,293640.346,USD,UN Comtrade 공개 API,2026-09-30
2019-08,수입시장,수입액,일본|3304|251|프랑스,49540050.992,USD,UN Comtrade 공개 API,2026-09-30
2019-08,수입시장,수입액,일본|3304|490|대만,1277503.941,USD,UN Comtrade 공개 API,2026-09-30
2019-08,수입시장,수입액,일본|3304|842|미국,21169948.364,USD,UN Comtrade 공개 API,2026-09-30
2019-09,수입시장,수입액,일본|3304|842|미국,17864462.536,USD,UN Comtrade 공개 API,2026-09-30
2019-09,수입시장,수입액,일본|3304|0|전체,128606326.394,USD,UN Comtrade 공개 API,2026-09-30
2019-09,수입시장,수입액,일본|3304|616|폴란드,320043.48,USD,UN Comtrade 공개 API,2026-09-30
2019-09,수입시장,수입액,일본|3304|804|우크라이나,107738.699,USD,UN Comtrade 공개 API,2026-09-30
2019-09,수입시장,수입액,일본|3304|360|인도네시아,1916.595,USD,UN Comtrade 공개 API,2026-09-30
2019-09,수입시장,수입액,일본|3304|704|베트남,2238908.782,USD,UN Comtrade 공개 API,2026-09-30
2019-09,수입시장,수입액,일본|3304|36|호주,301984.688,USD,UN Comtrade 공개 API,2026-09-30
2019-09,수입시장,수입액,일본|3304|372|아일랜드,32265.786,USD,UN Comtrade 공개 API,2026-09-30
2019-09,수입시장,수입액,일본|3304|124|캐나다,2739456.45,USD,UN Comtrade 공개 API,2026-09-30
2019-09,수입시장,수입액,일본|3304|203|체코,146312.502,USD,UN Comtrade 공개 API,2026-09-30
2019-09,수입시장,수입액,일본|3304|702|싱가포르,27567.337,USD,UN Comtrade 공개 API,2026-09-30
2019-09,수입시장,수입액,일본|3304|710|남아공,999904.442,USD,UN Comtrade 공개 API,2026-09-30
2019-09,수입시장,수입액,일본|3304|76|브라질,139129.922,USD,UN Comtrade 공개 API,2026-09-30
2019-09,수입시장,수입액,일본|3304|352|352,16077.07,USD,UN Comtrade 공개 API,2026-09-30
2019-09,수입시장,수입액,일본|3304|380|이탈리아,4262088.962,USD,UN Comtrade 공개 API,2026-09-30
2019-09,수입시장,수입액,일본|3304|442|룩셈부르크,16104.982,USD,UN Comtrade 공개 API,2026-09-30
2019-09,수입시장,수입액,일본|3304|826|영국,4530951.908,USD,UN Comtrade 공개 API,2026-09-30
2019-09,수입시장,수입액,일본|3304|100|불가리아,27558.033,USD,UN Comtrade 공개 API,2026-09-30
2019-09,수입시장,수입액,일본|3304|792|튀르키예,19910.26,USD,UN Comtrade 공개 API,2026-09-30
2019-09,수입시장,수입액,일본|3304|258|258,13918.575,USD,UN Comtrade 공개 API,2026-09-30
2019-09,수입시장,수입액,일본|3304|764|태국,1980996.479,USD,UN Comtrade 공개 API,2026-09-30
2019-09,수입시장,수입액,일본|3304|208|덴마크,54650.874,USD,UN Comtrade 공개 API,2026-09-30
2019-09,수입시장,수입액,일본|3304|56|벨기에,2045872.295,USD,UN Comtrade 공개 API,2026-09-30
2019-09,수입시장,수입액,일본|3304|40|오스트리아,2632.992,USD,UN Comtrade 공개 API,2026-09-30
2019-09,수입시장,수입액,일본|3304|300|그리스,46268.096,USD,UN Comtrade 공개 API,2026-09-30
2019-09,수입시장,수입액,일본|3304|276|독일,3284476.569,USD,UN Comtrade 공개 API,2026-09-30
2019-09,수입시장,수입액,일본|3304|484|멕시코,51524.777,USD,UN Comtrade 공개 API,2026-09-30
2019-09,수입시장,수입액,일본|3304|752|스웨덴,68104.255,USD,UN Comtrade 공개 API,2026-09-30
2019-09,수입시장,수입액,일본|3304|643|러시아,22264.137,USD,UN Comtrade 공개 API,2026-09-30
2019-09,수입시장,수입액,일본|3304|196|키프로스,29456.021,USD,UN Comtrade 공개 API,2026-09-30
2019-09,수입시장,수입액,일본|3304|524|524,51710.854,USD,UN Comtrade 공개 API,2026-09-30
2019-09,수입시장,수입액,일본|3304|528|네덜란드,90908.016,USD,UN Comtrade 공개 API,2026-09-30
2019-09,수입시장,수입액,일본|3304|344|홍콩,51189.838,USD,UN Comtrade 공개 API,2026-09-30
2019-09,수입시장,수입액,일본|3304|504|504,56186.011,USD,UN Comtrade 공개 API,2026-09-30
2019-09,수입시장,수입액,일본|3304|554|뉴질랜드,205178.025,USD,UN Comtrade 공개 API,2026-09-30
2019-09,수입시장,수입액,일본|3304|458|말레이시아,1402696.453,USD,UN Comtrade 공개 API,2026-09-30
2019-09,수입시장,수입액,일본|3304|144|스리랑카,1897.987,USD,UN Comtrade 공개 API,2026-09-30
2019-09,수입시장,수입액,일본|3304|348|헝가리,5303.2,USD,UN Comtrade 공개 API,2026-09-30
2019-09,수입시장,수입액,일본|3304|376|이스라엘,1060109.72,USD,UN Comtrade 공개 API,2026-09-30
2019-09,수입시장,수입액,일본|3304|246|핀란드,4791.488,USD,UN Comtrade 공개 API,2026-09-30
2019-09,수입시장,수입액,일본|3304|724|스페인,128169.975,USD,UN Comtrade 공개 API,2026-09-30
2019-09,수입시장,수입액,일본|3304|400|요르단,7824.546,USD,UN Comtrade 공개 API,2026-09-30
2019-09,수입시장,수입액,일본|3304|410|한국,28209889.663,USD,UN Comtrade 공개 API,2026-09-30
2019-09,수입시장,수입액,일본|3304|156|중국,7783432.503,USD,UN Comtrade 공개 API,2026-09-30
2019-09,수입시장,수입액,일본|3304|757|스위스,1182985.799,USD,UN Comtrade 공개 API,2026-09-30
2019-09,수입시장,수입액,일본|3304|699|인도,130058.659,USD,UN Comtrade 공개 API,2026-09-30
2019-09,수입시장,수입액,일본|3304|251|프랑스,45820738.28,USD,UN Comtrade 공개 API,2026-09-30
2019-09,수입시장,수입액,일본|3304|490|대만,1020707.873,USD,UN Comtrade 공개 API,2026-09-30
2019-10,수입시장,수입액,일본|3304|757|스위스,1552568.342,USD,UN Comtrade 공개 API,2026-09-30
2019-10,수입시장,수입액,일본|3304|699|인도,476113.313,USD,UN Comtrade 공개 API,2026-09-30
2019-10,수입시장,수입액,일본|3304|251|프랑스,43383255.623,USD,UN Comtrade 공개 API,2026-09-30
2019-10,수입시장,수입액,일본|3304|490|대만,1029749.145,USD,UN Comtrade 공개 API,2026-09-30
2019-10,수입시장,수입액,일본|3304|842|미국,19065360.55,USD,UN Comtrade 공개 API,2026-09-30
2019-10,수입시장,수입액,일본|3304|0|전체,131957414.08,USD,UN Comtrade 공개 API,2026-09-30
2019-10,수입시장,수입액,일본|3304|300|그리스,89730.79,USD,UN Comtrade 공개 API,2026-09-30
2019-10,수입시장,수입액,일본|3304|752|스웨덴,67996.369,USD,UN Comtrade 공개 API,2026-09-30
2019-10,수입시장,수입액,일본|3304|246|핀란드,24740.246,USD,UN Comtrade 공개 API,2026-09-30
2019-10,수입시장,수입액,일본|3304|184|184,4809.319,USD,UN Comtrade 공개 API,2026-09-30
2019-10,수입시장,수입액,일본|3304|826|영국,5998080.672,USD,UN Comtrade 공개 API,2026-09-30
2019-10,수입시장,수입액,일본|3304|504|504,11718.09,USD,UN Comtrade 공개 API,2026-09-30
2019-10,수입시장,수입액,일본|3304|702|싱가포르,224095.759,USD,UN Comtrade 공개 API,2026-09-30
2019-10,수입시장,수입액,일본|3304|380|이탈리아,4845684.649,USD,UN Comtrade 공개 API,2026-09-30
2019-10,수입시장,수입액,일본|3304|40|오스트리아,4809.319,USD,UN Comtrade 공개 API,2026-09-30
2019-10,수입시장,수입액,일본|3304|36|호주,1832655.67,USD,UN Comtrade 공개 API,2026-09-30
2019-10,수입시장,수입액,일본|3304|484|멕시코,71002.193,USD,UN Comtrade 공개 API,2026-09-30
2019-10,수입시장,수입액,일본|3304|458|말레이시아,1742869.387,USD,UN Comtrade 공개 API,2026-09-30
2019-10,수입시장,수입액,일본|3304|348|헝가리,15093.862,USD,UN Comtrade 공개 API,2026-09-30
2019-10,수입시장,수입액,일본|3304|76|브라질,14372.464,USD,UN Comtrade 공개 API,2026-09-30
2019-10,수입시장,수입액,일본|3304|196|키프로스,12430.239,USD,UN Comtrade 공개 API,2026-09-30
2019-10,수입시장,수입액,일본|3304|616|폴란드,230810.308,USD,UN Comtrade 공개 API,2026-09-30
2019-10,수입시장,수입액,일본|3304|56|벨기에,2077172.536,USD,UN Comtrade 공개 API,2026-09-30
2019-10,수입시장,수입액,일본|3304|203|체코,18275.411,USD,UN Comtrade 공개 API,2026-09-30
2019-10,수입시장,수입액,일본|3304|344|홍콩,23278.953,USD,UN Comtrade 공개 API,2026-09-30
2019-10,수입시장,수입액,일본|3304|528|네덜란드,113712.644,USD,UN Comtrade 공개 API,2026-09-30
2019-10,수입시장,수입액,일본|3304|124|캐나다,2159254.66,USD,UN Comtrade 공개 API,2026-09-30
2019-10,수입시장,수입액,일본|3304|428|라트비아,13401.352,USD,UN Comtrade 공개 API,2026-09-30
2019-10,수입시장,수입액,일본|3304|376|이스라엘,1126120.494,USD,UN Comtrade 공개 API,2026-09-30
2019-10,수입시장,수입액,일본|3304|710|남아공,1622775.147,USD,UN Comtrade 공개 API,2026-09-30
2019-10,수입시장,수입액,일본|3304|704|베트남,1814509.74,USD,UN Comtrade 공개 API,2026-09-30
2019-10,수입시장,수입액,일본|3304|784|UAE,4420.874,USD,UN Comtrade 공개 API,2026-09-30
2019-10,수입시장,수입액,일본|3304|144|스리랑카,36291.86,USD,UN Comtrade 공개 API,2026-09-30
2019-10,수입시장,수입액,일본|3304|352|352,128640.029,USD,UN Comtrade 공개 API,2026-09-30
2019-10,수입시장,수입액,일본|3304|764|태국,2016630.611,USD,UN Comtrade 공개 API,2026-09-30
2019-10,수입시장,수입액,일본|3304|208|덴마크,124940.553,USD,UN Comtrade 공개 API,2026-09-30
2019-10,수입시장,수입액,일본|3304|724|스페인,61642.519,USD,UN Comtrade 공개 API,2026-09-30
2019-10,수입시장,수입액,일본|3304|554|뉴질랜드,120982.114,USD,UN Comtrade 공개 API,2026-09-30
2019-10,수입시장,수입액,일본|3304|792|튀르키예,14501.946,USD,UN Comtrade 공개 API,2026-09-30
2019-10,수입시장,수입액,일본|3304|608|필리핀,79446.247,USD,UN Comtrade 공개 API,2026-09-30
2019-10,수입시장,수입액,일본|3304|643|러시아,16980.595,USD,UN Comtrade 공개 API,2026-09-30
2019-10,수입시장,수입액,일본|3304|804|우크라이나,114720.751,USD,UN Comtrade 공개 API,2026-09-30
2019-10,수입시장,수입액,일본|3304|442|룩셈부르크,20624.579,USD,UN Comtrade 공개 API,2026-09-30
2019-10,수입시장,수입액,일본|3304|276|독일,2631483.522,USD,UN Comtrade 공개 API,2026-09-30
2019-10,수입시장,수입액,일본|3304|410|한국,29394103.32,USD,UN Comtrade 공개 API,2026-09-30
2019-10,수입시장,수입액,일본|3304|156|중국,7525557.317,USD,UN Comtrade 공개 API,2026-09-30
2019-11,수입시장,수입액,일본|3304|276|독일,3139766.284,USD,UN Comtrade 공개 API,2026-09-30
2019-11,수입시장,수입액,일본|3304|410|한국,29525132.794,USD,UN Comtrade 공개 API,2026-09-30
2019-11,수입시장,수입액,일본|3304|156|중국,8322495.669,USD,UN Comtrade 공개 API,2026-09-30
2019-11,수입시장,수입액,일본|3304|757|스위스,1894461.512,USD,UN Comtrade 공개 API,2026-09-30
2019-11,수입시장,수입액,일본|3304|699|인도,183586.423,USD,UN Comtrade 공개 API,2026-09-30
2019-11,수입시장,수입액,일본|3304|251|프랑스,35520585.754,USD,UN Comtrade 공개 API,2026-09-30
2019-11,수입시장,수입액,일본|3304|490|대만,1040834.738,USD,UN Comtrade 공개 API,2026-09-30
2019-11,수입시장,수입액,일본|3304|842|미국,18174348.143,USD,UN Comtrade 공개 API,2026-09-30
2019-11,수입시장,수입액,일본|3304|0|전체,120170977.55,USD,UN Comtrade 공개 API,2026-09-30
2019-11,수입시장,수입액,일본|3304|196|키프로스,48440.417,USD,UN Comtrade 공개 API,2026-09-30
2019-11,수입시장,수입액,일본|3304|348|헝가리,10340.696,USD,UN Comtrade 공개 API,2026-09-30
2019-11,수입시장,수입액,일본|3304|642|루마니아,7279.85,USD,UN Comtrade 공개 API,2026-09-30
2019-11,수입시장,수입액,일본|3304|705|슬로베니아,4117.895,USD,UN Comtrade 공개 API,2026-09-30
2019-11,수입시장,수입액,일본|3304|380|이탈리아,4221476.645,USD,UN Comtrade 공개 API,2026-09-30
2019-11,수입시장,수입액,일본|3304|100|불가리아,15975.227,USD,UN Comtrade 공개 API,2026-09-30
2019-11,수입시장,수입액,일본|3304|56|벨기에,1289921.43,USD,UN Comtrade 공개 API,2026-09-30
2019-11,수입시장,수입액,일본|3304|458|말레이시아,981134.452,USD,UN Comtrade 공개 API,2026-09-30
2019-11,수입시장,수입액,일본|3304|554|뉴질랜드,272001.674,USD,UN Comtrade 공개 API,2026-09-30
2019-11,수입시장,수입액,일본|3304|40|오스트리아,4117.895,USD,UN Comtrade 공개 API,2026-09-30
2019-11,수입시장,수입액,일본|3304|208|덴마크,115990.441,USD,UN Comtrade 공개 API,2026-09-30
2019-11,수입시장,수입액,일본|3304|704|베트남,2103426.301,USD,UN Comtrade 공개 API,2026-09-30
2019-11,수입시장,수입액,일본|3304|524|524,3456.09,USD,UN Comtrade 공개 API,2026-09-30
2019-11,수입시장,수입액,일본|3304|764|태국,2550870.526,USD,UN Comtrade 공개 API,2026-09-30
2019-11,수입시장,수입액,일본|3304|616|폴란드,265981.091,USD,UN Comtrade 공개 API,2026-09-30
2019-11,수입시장,수입액,일본|3304|752|스웨덴,52778.914,USD,UN Comtrade 공개 API,2026-09-30
2019-11,수입시장,수입액,일본|3304|376|이스라엘,1274258.722,USD,UN Comtrade 공개 API,2026-09-30
2019-11,수입시장,수입액,일본|3304|144|스리랑카,3079.23,USD,UN Comtrade 공개 API,2026-09-30
2019-11,수입시장,수입액,일본|3304|372|아일랜드,5469.079,USD,UN Comtrade 공개 API,2026-09-30
2019-11,수입시장,수입액,일본|3304|124|캐나다,1432420.82,USD,UN Comtrade 공개 API,2026-09-30
2019-11,수입시장,수입액,일본|3304|360|인도네시아,10083.328,USD,UN Comtrade 공개 API,2026-09-30
2019-11,수입시장,수입액,일본|3304|826|영국,4510005.05,USD,UN Comtrade 공개 API,2026-09-30
2019-11,수입시장,수입액,일본|3304|484|멕시코,27290.246,USD,UN Comtrade 공개 API,2026-09-30
2019-11,수입시장,수입액,일본|3304|442|룩셈부르크,6526.128,USD,UN Comtrade 공개 API,2026-09-30
2019-11,수입시장,수입액,일본|3304|258|258,5570.188,USD,UN Comtrade 공개 API,2026-09-30
2019-11,수입시장,수입액,일본|3304|203|체코,68680.607,USD,UN Comtrade 공개 API,2026-09-30
2019-11,수입시장,수입액,일본|3304|352|352,42364.684,USD,UN Comtrade 공개 API,2026-09-30
2019-11,수입시장,수입액,일본|3304|528|네덜란드,61713.275,USD,UN Comtrade 공개 API,2026-09-30
2019-11,수입시장,수입액,일본|3304|724|스페인,66437.824,USD,UN Comtrade 공개 API,2026-09-30
2019-11,수입시장,수입액,일본|3304|428|라트비아,13778.403,USD,UN Comtrade 공개 API,2026-09-30
2019-11,수입시장,수입액,일본|3304|804|우크라이나,67182.355,USD,UN Comtrade 공개 API,2026-09-30
2019-11,수입시장,수입액,일본|3304|480|480,3428.515,USD,UN Comtrade 공개 API,2026-09-30
2019-11,수입시장,수입액,일본|3304|36|호주,1046699.062,USD,UN Comtrade 공개 API,2026-09-30
2019-11,수입시장,수입액,일본|3304|344|홍콩,37152.973,USD,UN Comtrade 공개 API,2026-09-30
2019-11,수입시장,수입액,일본|3304|710|남아공,1584185.474,USD,UN Comtrade 공개 API,2026-09-30
2019-11,수입시장,수입액,일본|3304|76|브라질,49966.244,USD,UN Comtrade 공개 API,2026-09-30
2019-11,수입시장,수입액,일본|3304|702|싱가포르,45655.323,USD,UN Comtrade 공개 API,2026-09-30
2019-11,수입시장,수입액,일본|3304|504|504,58238.801,USD,UN Comtrade 공개 API,2026-09-30
2019-11,수입시장,수입액,일본|3304|643|러시아,2270.357,USD,UN Comtrade 공개 API,2026-09-30
2019-12,수입시장,수입액,일본|3304|757|스위스,772508.3,USD,UN Comtrade 공개 API,2026-09-30
2019-12,수입시장,수입액,일본|3304|699|인도,382081.178,USD,UN Comtrade 공개 API,2026-09-30
2019-12,수입시장,수입액,일본|3304|251|프랑스,50154727.819,USD,UN Comtrade 공개 API,2026-09-30
2019-12,수입시장,수입액,일본|3304|490|대만,1191875.969,USD,UN Comtrade 공개 API,2026-09-30
2019-12,수입시장,수입액,일본|3304|842|미국,16273904.288,USD,UN Comtrade 공개 API,2026-09-30
2019-12,수입시장,수입액,일본|3304|0|전체,133257246.571,USD,UN Comtrade 공개 API,2026-09-30
2019-12,수입시장,수입액,일본|3304|440|리투아니아,6422.071,USD,UN Comtrade 공개 API,2026-09-30
2019-12,수입시장,수입액,일본|3304|702|싱가포르,11607.367,USD,UN Comtrade 공개 API,2026-09-30
2019-12,수입시장,수입액,일본|3304|764|태국,1728792.278,USD,UN Comtrade 공개 API,2026-09-30
2019-12,수입시장,수입액,일본|3304|704|베트남,2320951.226,USD,UN Comtrade 공개 API,2026-09-30
2019-12,수입시장,수입액,일본|3304|246|핀란드,13833.563,USD,UN Comtrade 공개 API,2026-09-30
2019-12,수입시장,수입액,일본|3304|196|키프로스,17983.632,USD,UN Comtrade 공개 API,2026-09-30
2019-12,수입시장,수입액,일본|3304|458|말레이시아,1321737.396,USD,UN Comtrade 공개 API,2026-09-30
2019-12,수입시장,수입액,일본|3304|376|이스라엘,1085586.566,USD,UN Comtrade 공개 API,2026-09-30
2019-12,수입시장,수입액,일본|3304|76|브라질,25276.027,USD,UN Comtrade 공개 API,2026-09-30
2019-12,수입시장,수입액,일본|3304|616|폴란드,316642.012,USD,UN Comtrade 공개 API,2026-09-30
2019-12,수입시장,수입액,일본|3304|642|루마니아,13970.983,USD,UN Comtrade 공개 API,2026-09-30
2019-12,수입시장,수입액,일본|3304|372|아일랜드,13595.369,USD,UN Comtrade 공개 API,2026-09-30
2019-12,수입시장,수입액,일본|3304|752|스웨덴,49241.988,USD,UN Comtrade 공개 API,2026-09-30
2019-12,수입시장,수입액,일본|3304|56|벨기에,2102179.382,USD,UN Comtrade 공개 API,2026-09-30
2019-12,수입시장,수입액,일본|3304|484|멕시코,9078.848,USD,UN Comtrade 공개 API,2026-09-30
2019-12,수입시장,수입액,일본|3304|348|헝가리,7548.911,USD,UN Comtrade 공개 API,2026-09-30
2019-12,수입시장,수입액,일본|3304|352|352,109019.47,USD,UN Comtrade 공개 API,2026-09-30
2019-12,수입시장,수입액,일본|3304|208|덴마크,70844.333,USD,UN Comtrade 공개 API,2026-09-30
2019-12,수입시장,수입액,일본|3304|504|504,76680.081,USD,UN Comtrade 공개 API,2026-09-30
2019-12,수입시장,수입액,일본|3304|724|스페인,129449.169,USD,UN Comtrade 공개 API,2026-09-30
2019-12,수입시장,수입액,일본|3304|300|그리스,6889.298,USD,UN Comtrade 공개 API,2026-09-30
2019-12,수입시장,수입액,일본|3304|608|필리핀,71256.591,USD,UN Comtrade 공개 API,2026-09-30
2019-12,수입시장,수입액,일본|3304|380|이탈리아,5422939.922,USD,UN Comtrade 공개 API,2026-09-30
2019-12,수입시장,수입액,일본|3304|826|영국,6138547.388,USD,UN Comtrade 공개 API,2026-09-30
2019-12,수입시장,수입액,일본|3304|100|불가리아,29142.095,USD,UN Comtrade 공개 API,2026-09-30
2019-12,수입시장,수입액,일본|3304|554|뉴질랜드,139031.889,USD,UN Comtrade 공개 API,2026-09-30
2019-12,수입시장,수입액,일본|3304|528|네덜란드,62351.808,USD,UN Comtrade 공개 API,2026-09-30
2019-12,수입시장,수입액,일본|3304|344|홍콩,16820.147,USD,UN Comtrade 공개 API,2026-09-30
2019-12,수입시장,수입액,일본|3304|792|튀르키예,7035.878,USD,UN Comtrade 공개 API,2026-09-30
2019-12,수입시장,수입액,일본|3304|705|슬로베니아,8712.396,USD,UN Comtrade 공개 API,2026-09-30
2019-12,수입시장,수입액,일본|3304|710|남아공,1428713.896,USD,UN Comtrade 공개 API,2026-09-30
2019-12,수입시장,수입액,일본|3304|36|호주,1348992.264,USD,UN Comtrade 공개 API,2026-09-30
2019-12,수입시장,수입액,일본|3304|124|캐나다,2733621.984,USD,UN Comtrade 공개 API,2026-09-30
2019-12,수입시장,수입액,일본|3304|442|룩셈부르크,3490.455,USD,UN Comtrade 공개 API,2026-09-30
2019-12,수입시장,수입액,일본|3304|203|체코,32687.518,USD,UN Comtrade 공개 API,2026-09-30
2019-12,수입시장,수입액,일본|3304|804|우크라이나,73620.207,USD,UN Comtrade 공개 API,2026-09-30
2019-12,수입시장,수입액,일본|3304|144|스리랑카,14456.531,USD,UN Comtrade 공개 API,2026-09-30
2019-12,수입시장,수입액,일본|3304|643|러시아,133333.56,USD,UN Comtrade 공개 API,2026-09-30
2019-12,수입시장,수입액,일본|3304|276|독일,2337533.179,USD,UN Comtrade 공개 API,2026-09-30
2019-12,수입시장,수입액,일본|3304|410|한국,27478934.575,USD,UN Comtrade 공개 API,2026-09-30
2019-12,수입시장,수입액,일본|3304|156|중국,7563596.764,USD,UN Comtrade 공개 API,2026-09-30
2020-01,수입시장,수입액,일본|3304|757|스위스,1767701.723,USD,UN Comtrade 공개 API,2026-09-30
2020-01,수입시장,수입액,일본|3304|699|인도,487469.259,USD,UN Comtrade 공개 API,2026-09-30
2020-01,수입시장,수입액,일본|3304|251|프랑스,46013225.619,USD,UN Comtrade 공개 API,2026-09-30
2020-01,수입시장,수입액,일본|3304|490|대만,1847410.858,USD,UN Comtrade 공개 API,2026-09-30
2020-01,수입시장,수입액,일본|3304|842|미국,18016057.853,USD,UN Comtrade 공개 API,2026-09-30
2020-01,수입시장,수입액,일본|3304|36|호주,762987.803,USD,UN Comtrade 공개 API,2026-09-30
2020-01,수입시장,수입액,일본|3304|40|오스트리아,2992.181,USD,UN Comtrade 공개 API,2026-09-30
2020-01,수입시장,수입액,일본|3304|56|벨기에,2094325.251,USD,UN Comtrade 공개 API,2026-09-30
2020-01,수입시장,수입액,일본|3304|100|불가리아,3037.933,USD,UN Comtrade 공개 API,2026-09-30
2020-01,수입시장,수입액,일본|3304|124|캐나다,2480527.034,USD,UN Comtrade 공개 API,2026-09-30
2020-01,수입시장,수입액,일본|3304|144|스리랑카,8994.843,USD,UN Comtrade 공개 API,2026-09-30
2020-01,수입시장,수입액,일본|3304|196|키프로스,14631.49,USD,UN Comtrade 공개 API,2026-09-30
2020-01,수입시장,수입액,일본|3304|208|덴마크,73276.403,USD,UN Comtrade 공개 API,2026-09-30
2020-01,수입시장,수입액,일본|3304|218|218,6203.971,USD,UN Comtrade 공개 API,2026-09-30
2020-01,수입시장,수입액,일본|3304|246|핀란드,2516.36,USD,UN Comtrade 공개 API,2026-09-30
2020-01,수입시장,수입액,일본|3304|300|그리스,30681.291,USD,UN Comtrade 공개 API,2026-09-30
2020-01,수입시장,수입액,일본|3304|352|352,180418.437,USD,UN Comtrade 공개 API,2026-09-30
2020-01,수입시장,수입액,일본|3304|360|인도네시아,24706.08,USD,UN Comtrade 공개 API,2026-09-30
2020-01,수입시장,수입액,일본|3304|372|아일랜드,16598.826,USD,UN Comtrade 공개 API,2026-09-30
2020-01,수입시장,수입액,일본|3304|376|이스라엘,2154855.147,USD,UN Comtrade 공개 API,2026-09-30
2020-01,수입시장,수입액,일본|3304|380|이탈리아,4096954.344,USD,UN Comtrade 공개 API,2026-09-30
2020-01,수입시장,수입액,일본|3304|428|라트비아,6963.454,USD,UN Comtrade 공개 API,2026-09-30
2020-01,수입시장,수입액,일본|3304|440|리투아니아,9397.461,USD,UN Comtrade 공개 API,2026-09-30
2020-01,수입시장,수입액,일본|3304|442|룩셈부르크,79873.842,USD,UN Comtrade 공개 API,2026-09-30
2020-01,수입시장,수입액,일본|3304|458|말레이시아,1542007.107,USD,UN Comtrade 공개 API,2026-09-30
2020-01,수입시장,수입액,일본|3304|504|504,84128.778,USD,UN Comtrade 공개 API,2026-09-30
2020-01,수입시장,수입액,일본|3304|528|네덜란드,69661.995,USD,UN Comtrade 공개 API,2026-09-30
2020-01,수입시장,수입액,일본|3304|554|뉴질랜드,192853.83,USD,UN Comtrade 공개 API,2026-09-30
2020-01,수입시장,수입액,일본|3304|608|필리핀,228302.48,USD,UN Comtrade 공개 API,2026-09-30
2020-01,수입시장,수입액,일본|3304|616|폴란드,149243.024,USD,UN Comtrade 공개 API,2026-09-30
2020-01,수입시장,수입액,일본|3304|643|러시아,3513.754,USD,UN Comtrade 공개 API,2026-09-30
2020-01,수입시장,수입액,일본|3304|702|싱가포르,69295.979,USD,UN Comtrade 공개 API,2026-09-30
2020-01,수입시장,수입액,일본|3304|704|베트남,2562340.76,USD,UN Comtrade 공개 API,2026-09-30
2020-01,수입시장,수입액,일본|3304|710|남아공,1451573.704,USD,UN Comtrade 공개 API,2026-09-30
2020-01,수입시장,수입액,일본|3304|724|스페인,96408.614,USD,UN Comtrade 공개 API,2026-09-30
2020-01,수입시장,수입액,일본|3304|752|스웨덴,57793.926,USD,UN Comtrade 공개 API,2026-09-30
2020-01,수입시장,수입액,일본|3304|764|태국,2519187.474,USD,UN Comtrade 공개 API,2026-09-30
2020-01,수입시장,수입액,일본|3304|826|영국,6064793.616,USD,UN Comtrade 공개 API,2026-09-30
2020-01,수입시장,수입액,일본|3304|276|독일,2165423.859,USD,UN Comtrade 공개 API,2026-09-30
2020-01,수입시장,수입액,일본|3304|410|한국,29454570.275,USD,UN Comtrade 공개 API,2026-09-30
2020-01,수입시장,수입액,일본|3304|156|중국,7946921.091,USD,UN Comtrade 공개 API,2026-09-30
2020-01,수입시장,수입액,일본|3304|804|우크라이나,2516.36,USD,UN Comtrade 공개 API,2026-09-30
2020-01,수입시장,수입액,일본|3304|0|전체,134842344.09,USD,UN Comtrade 공개 API,2026-09-30
2020-02,수입시장,수입액,일본|3304|757|스위스,1344786.173,USD,UN Comtrade 공개 API,2026-09-30
2020-02,수입시장,수입액,일본|3304|699|인도,51930.637,USD,UN Comtrade 공개 API,2026-09-30
2020-02,수입시장,수입액,일본|3304|251|프랑스,38814200.202,USD,UN Comtrade 공개 API,2026-09-30
2020-02,수입시장,수입액,일본|3304|490|대만,1053752.735,USD,UN Comtrade 공개 API,2026-09-30
2020-02,수입시장,수입액,일본|3304|842|미국,16544895.441,USD,UN Comtrade 공개 API,2026-09-30
2020-02,수입시장,수입액,일본|3304|0|전체,108097990.124,USD,UN Comtrade 공개 API,2026-09-30
2020-02,수입시장,수입액,일본|3304|36|호주,1233932.313,USD,UN Comtrade 공개 API,2026-09-30
2020-02,수입시장,수입액,일본|3304|56|벨기에,1645140.029,USD,UN Comtrade 공개 API,2026-09-30
2020-02,수입시장,수입액,일본|3304|76|브라질,62505.901,USD,UN Comtrade 공개 API,2026-09-30
2020-02,수입시장,수입액,일본|3304|100|불가리아,59168.737,USD,UN Comtrade 공개 API,2026-09-30
2020-02,수입시장,수입액,일본|3304|124|캐나다,1638302.025,USD,UN Comtrade 공개 API,2026-09-30
2020-02,수입시장,수입액,일본|3304|144|스리랑카,10329.75,USD,UN Comtrade 공개 API,2026-09-30
2020-02,수입시장,수입액,일본|3304|196|키프로스,11620.969,USD,UN Comtrade 공개 API,2026-09-30
2020-02,수입시장,수입액,일본|3304|203|체코,53740.162,USD,UN Comtrade 공개 API,2026-09-30
2020-02,수입시장,수입액,일본|3304|208|덴마크,81073.99,USD,UN Comtrade 공개 API,2026-09-30
2020-02,수입시장,수입액,일본|3304|246|핀란드,8511.132,USD,UN Comtrade 공개 API,2026-09-30
2020-02,수입시장,수입액,일본|3304|276|독일,1503760.666,USD,UN Comtrade 공개 API,2026-09-30
2020-02,수입시장,수입액,일본|3304|300|그리스,102670.079,USD,UN Comtrade 공개 API,2026-09-30
2020-02,수입시장,수입액,일본|3304|344|홍콩,18286.204,USD,UN Comtrade 공개 API,2026-09-30
2020-02,수입시장,수입액,일본|3304|348|헝가리,13748.752,USD,UN Comtrade 공개 API,2026-09-30
2020-02,수입시장,수입액,일본|3304|352|352,52339.826,USD,UN Comtrade 공개 API,2026-09-30
2020-02,수입시장,수입액,일본|3304|360|인도네시아,81392.249,USD,UN Comtrade 공개 API,2026-09-30
2020-02,수입시장,수입액,일본|3304|376|이스라엘,1190276.388,USD,UN Comtrade 공개 API,2026-09-30
2020-02,수입시장,수입액,일본|3304|380|이탈리아,3637963.447,USD,UN Comtrade 공개 API,2026-09-30
2020-02,수입시장,수입액,일본|3304|400|요르단,3291.699,USD,UN Comtrade 공개 API,2026-09-30
2020-02,수입시장,수입액,일본|3304|428|라트비아,5183.061,USD,UN Comtrade 공개 API,2026-09-30
2020-02,수입시장,수입액,일본|3304|440|리투아니아,20741.338,USD,UN Comtrade 공개 API,2026-09-30
2020-02,수입시장,수입액,일본|3304|458|말레이시아,477578.18,USD,UN Comtrade 공개 API,2026-09-30
2020-02,수입시장,수입액,일본|3304|484|멕시코,3164.395,USD,UN Comtrade 공개 API,2026-09-30
2020-02,수입시장,수입액,일본|3304|504|504,29534.356,USD,UN Comtrade 공개 API,2026-09-30
2020-02,수입시장,수입액,일본|3304|524|524,10511.612,USD,UN Comtrade 공개 API,2026-09-30
2020-02,수입시장,수입액,일본|3304|528|네덜란드,46974.903,USD,UN Comtrade 공개 API,2026-09-30
2020-02,수입시장,수입액,일본|3304|554|뉴질랜드,217343.037,USD,UN Comtrade 공개 API,2026-09-30
2020-02,수입시장,수입액,일본|3304|608|필리핀,334634.805,USD,UN Comtrade 공개 API,2026-09-30
2020-02,수입시장,수입액,일본|3304|616|폴란드,321877.2,USD,UN Comtrade 공개 API,2026-09-30
2020-02,수입시장,수입액,일본|3304|643|러시아,13557.797,USD,UN Comtrade 공개 API,2026-09-30
2020-02,수입시장,수입액,일본|3304|702|싱가포르,17495.105,USD,UN Comtrade 공개 API,2026-09-30
2020-02,수입시장,수입액,일본|3304|704|베트남,1101964.298,USD,UN Comtrade 공개 API,2026-09-30
2020-02,수입시장,수입액,일본|3304|710|남아공,419737.034,USD,UN Comtrade 공개 API,2026-09-30
2020-02,수입시장,수입액,일본|3304|724|스페인,83438.194,USD,UN Comtrade 공개 API,2026-09-30
2020-02,수입시장,수입액,일본|3304|752|스웨덴,53621.952,USD,UN Comtrade 공개 API,2026-09-30
2020-02,수입시장,수입액,일본|3304|764|태국,1696079.519,USD,UN Comtrade 공개 API,2026-09-30
2020-02,수입시장,수입액,일본|3304|792|튀르키예,2864.323,USD,UN Comtrade 공개 API,2026-09-30
2020-02,수입시장,수입액,일본|3304|804|우크라이나,69871.304,USD,UN Comtrade 공개 API,2026-09-30
2020-02,수입시장,수입액,일본|3304|826|영국,5951763.849,USD,UN Comtrade 공개 API,2026-09-30
2020-02,수입시장,수입액,일본|3304|410|한국,25590437.674,USD,UN Comtrade 공개 API,2026-09-30
2020-02,수입시장,수입액,일본|3304|156|중국,2411996.681,USD,UN Comtrade 공개 API,2026-09-30
2020-03,수입시장,수입액,일본|3304|757|스위스,1719778.066,USD,UN Comtrade 공개 API,2026-09-30
2020-03,수입시장,수입액,일본|3304|699|인도,198894.775,USD,UN Comtrade 공개 API,2026-09-30
2020-03,수입시장,수입액,일본|3304|251|프랑스,34945560.355,USD,UN Comtrade 공개 API,2026-09-30
2020-03,수입시장,수입액,일본|3304|490|대만,1898075.022,USD,UN Comtrade 공개 API,2026-09-30
2020-03,수입시장,수입액,일본|3304|842|미국,16865298.308,USD,UN Comtrade 공개 API,2026-09-30
2020-03,수입시장,수입액,일본|3304|0|전체,123820292.611,USD,UN Comtrade 공개 API,2026-09-30
2020-03,수입시장,수입액,일본|3304|196|키프로스,5797.214,USD,UN Comtrade 공개 API,2026-09-30
2020-03,수입시장,수입액,일본|3304|203|체코,17056.112,USD,UN Comtrade 공개 API,2026-09-30
2020-03,수입시장,수입액,일본|3304|208|덴마크,73201.479,USD,UN Comtrade 공개 API,2026-09-30
2020-03,수입시장,수입액,일본|3304|288|288,2609.678,USD,UN Comtrade 공개 API,2026-09-30
2020-03,수입시장,수입액,일본|3304|246|핀란드,6272.548,USD,UN Comtrade 공개 API,2026-09-30
2020-03,수입시장,수입액,일본|3304|76|브라질,21063.833,USD,UN Comtrade 공개 API,2026-09-30
2020-03,수입시장,수입액,일본|3304|56|벨기에,1016879.829,USD,UN Comtrade 공개 API,2026-09-30
2020-03,수입시장,수입액,일본|3304|36|호주,728137.555,USD,UN Comtrade 공개 API,2026-09-30
2020-03,수입시장,수입액,일본|3304|40|오스트리아,4566.937,USD,UN Comtrade 공개 API,2026-09-30
2020-03,수입시장,수입액,일본|3304|124|캐나다,1820120.2,USD,UN Comtrade 공개 API,2026-09-30
2020-03,수입시장,수입액,일본|3304|144|스리랑카,2087.743,USD,UN Comtrade 공개 API,2026-09-30
2020-03,수입시장,수입액,일본|3304|300|그리스,3373.941,USD,UN Comtrade 공개 API,2026-09-30
2020-03,수입시장,수입액,일본|3304|344|홍콩,23282.059,USD,UN Comtrade 공개 API,2026-09-30
2020-03,수입시장,수입액,일본|3304|764|태국,2893303.841,USD,UN Comtrade 공개 API,2026-09-30
2020-03,수입시장,수입액,일본|3304|724|스페인,199416.711,USD,UN Comtrade 공개 API,2026-09-30
2020-03,수입시장,수입액,일본|3304|752|스웨덴,32341.372,USD,UN Comtrade 공개 API,2026-09-30
2020-03,수입시장,수입액,일본|3304|710|남아공,1494031.564,USD,UN Comtrade 공개 API,2026-09-30
2020-03,수입시장,수입액,일본|3304|704|베트남,2433012.493,USD,UN Comtrade 공개 API,2026-09-30
2020-03,수입시장,수입액,일본|3304|826|영국,3417103.577,USD,UN Comtrade 공개 API,2026-09-30
2020-03,수입시장,수입액,일본|3304|792|튀르키예,12395.972,USD,UN Comtrade 공개 API,2026-09-30
2020-03,수입시장,수입액,일본|3304|804|우크라이나,31344.102,USD,UN Comtrade 공개 API,2026-09-30
2020-03,수입시장,수입액,일본|3304|380|이탈리아,2685741.205,USD,UN Comtrade 공개 API,2026-09-30
2020-03,수입시장,수입액,일본|3304|376|이스라엘,1985834.778,USD,UN Comtrade 공개 API,2026-09-30
2020-03,수입시장,수입액,일본|3304|400|요르단,3001.13,USD,UN Comtrade 공개 API,2026-09-30
2020-03,수입시장,수입액,일본|3304|428|라트비아,4184.806,USD,UN Comtrade 공개 API,2026-09-30
2020-03,수입시장,수입액,일본|3304|440|리투아니아,43264.74,USD,UN Comtrade 공개 API,2026-09-30
2020-03,수입시장,수입액,일본|3304|458|말레이시아,1199221.787,USD,UN Comtrade 공개 API,2026-09-30
2020-03,수입시장,수입액,일본|3304|528|네덜란드,68606.581,USD,UN Comtrade 공개 API,2026-09-30
2020-03,수입시장,수입액,일본|3304|504|504,39266.34,USD,UN Comtrade 공개 API,2026-09-30
2020-03,수입시장,수입액,일본|3304|554|뉴질랜드,76044.165,USD,UN Comtrade 공개 API,2026-09-30
2020-03,수입시장,수입액,일본|3304|608|필리핀,295508.798,USD,UN Comtrade 공개 API,2026-09-30
2020-03,수입시장,수입액,일본|3304|616|폴란드,97946.823,USD,UN Comtrade 공개 API,2026-09-30
2020-03,수입시장,수입액,일본|3304|642|루마니아,5126.154,USD,UN Comtrade 공개 API,2026-09-30
2020-03,수입시장,수입액,일본|3304|276|독일,2131259.107,USD,UN Comtrade 공개 API,2026-09-30
2020-03,수입시장,수입액,일본|3304|410|한국,40398464.731,USD,UN Comtrade 공개 API,2026-09-30
2020-03,수입시장,수입액,일본|3304|156|중국,4921816.181,USD,UN Comtrade 공개 API,2026-09-30
2020-04,수입시장,수입액,일본|3304|757|스위스,531974.168,USD,UN Comtrade 공개 API,2026-09-30
2020-04,수입시장,수입액,일본|3304|699|인도,127795.731,USD,UN Comtrade 공개 API,2026-09-30
2020-04,수입시장,수입액,일본|3304|251|프랑스,31650971.299,USD,UN Comtrade 공개 API,2026-09-30
2020-04,수입시장,수입액,일본|3304|490|대만,1486555.375,USD,UN Comtrade 공개 API,2026-09-30
2020-04,수입시장,수입액,일본|3304|842|미국,13769000.968,USD,UN Comtrade 공개 API,2026-09-30
2020-04,수입시장,수입액,일본|3304|0|전체,114674075.398,USD,UN Comtrade 공개 API,2026-09-30
2020-04,수입시장,수입액,일본|3304|36|호주,862679.093,USD,UN Comtrade 공개 API,2026-09-30
2020-04,수입시장,수입액,일본|3304|40|오스트리아,2844.435,USD,UN Comtrade 공개 API,2026-09-30
2020-04,수입시장,수입액,일본|3304|56|벨기에,1107328.284,USD,UN Comtrade 공개 API,2026-09-30
2020-04,수입시장,수입액,일본|3304|76|브라질,5392.381,USD,UN Comtrade 공개 API,2026-09-30
2020-04,수입시장,수입액,일본|3304|100|불가리아,18530.52,USD,UN Comtrade 공개 API,2026-09-30
2020-04,수입시장,수입액,일본|3304|124|캐나다,1442184.045,USD,UN Comtrade 공개 API,2026-09-30
2020-04,수입시장,수입액,일본|3304|144|스리랑카,13341.974,USD,UN Comtrade 공개 API,2026-09-30
2020-04,수입시장,수입액,일본|3304|184|184,2214.397,USD,UN Comtrade 공개 API,2026-09-30
2020-04,수입시장,수입액,일본|3304|196|키프로스,32465.471,USD,UN Comtrade 공개 API,2026-09-30
2020-04,수입시장,수입액,일본|3304|203|체코,24664.122,USD,UN Comtrade 공개 API,2026-09-30
2020-04,수입시장,수입액,일본|3304|208|덴마크,54007.201,USD,UN Comtrade 공개 API,2026-09-30
2020-04,수입시장,수입액,일본|3304|246|핀란드,14602.05,USD,UN Comtrade 공개 API,2026-09-30
2020-04,수입시장,수입액,일본|3304|300|그리스,62067.977,USD,UN Comtrade 공개 API,2026-09-30
2020-04,수입시장,수입액,일본|3304|344|홍콩,33605.098,USD,UN Comtrade 공개 API,2026-09-30
2020-04,수입시장,수입액,일본|3304|352|352,34346.319,USD,UN Comtrade 공개 API,2026-09-30
2020-04,수입시장,수입액,일본|3304|360|인도네시아,168127.408,USD,UN Comtrade 공개 API,2026-09-30
2020-04,수입시장,수입액,일본|3304|376|이스라엘,696858.735,USD,UN Comtrade 공개 API,2026-09-30
2020-04,수입시장,수입액,일본|3304|380|이탈리아,3121225.197,USD,UN Comtrade 공개 API,2026-09-30
2020-04,수입시장,수입액,일본|3304|458|말레이시아,1053191.369,USD,UN Comtrade 공개 API,2026-09-30
2020-04,수입시장,수입액,일본|3304|504|504,41610.283,USD,UN Comtrade 공개 API,2026-09-30
2020-04,수입시장,수입액,일본|3304|528|네덜란드,77846.715,USD,UN Comtrade 공개 API,2026-09-30
2020-04,수입시장,수입액,일본|3304|554|뉴질랜드,89669.186,USD,UN Comtrade 공개 API,2026-09-30
2020-04,수입시장,수입액,일본|3304|608|필리핀,95182.016,USD,UN Comtrade 공개 API,2026-09-30
2020-04,수입시장,수입액,일본|3304|616|폴란드,41730.731,USD,UN Comtrade 공개 API,2026-09-30
2020-04,수입시장,수입액,일본|3304|702|싱가포르,4428.794,USD,UN Comtrade 공개 API,2026-09-30
2020-04,수입시장,수입액,일본|3304|704|베트남,2894615.468,USD,UN Comtrade 공개 API,2026-09-30
2020-04,수입시장,수입액,일본|3304|705|슬로베니아,3029.74,USD,UN Comtrade 공개 API,2026-09-30
2020-04,수입시장,수입액,일본|3304|710|남아공,967080.043,USD,UN Comtrade 공개 API,2026-09-30
2020-04,수입시장,수입액,일본|3304|724|스페인,150504.883,USD,UN Comtrade 공개 API,2026-09-30
2020-04,수입시장,수입액,일본|3304|752|스웨덴,132891.624,USD,UN Comtrade 공개 API,2026-09-30
2020-04,수입시장,수입액,일본|3304|764|태국,2287963.304,USD,UN Comtrade 공개 API,2026-09-30
2020-04,수입시장,수입액,일본|3304|804|우크라이나,77846.715,USD,UN Comtrade 공개 API,2026-09-30
2020-04,수입시장,수입액,일본|3304|826|영국,2741822.066,USD,UN Comtrade 공개 API,2026-09-30
2020-04,수입시장,수입액,일본|3304|276|독일,3202694.628,USD,UN Comtrade 공개 API,2026-09-30
2020-04,수입시장,수입액,일본|3304|410|한국,36721912.953,USD,UN Comtrade 공개 API,2026-09-30
2020-04,수입시장,수입액,일본|3304|156|중국,8827272.629,USD,UN Comtrade 공개 API,2026-09-30
2020-05,수입시장,수입액,일본|3304|757|스위스,782809.396,USD,UN Comtrade 공개 API,2026-09-30
2020-05,수입시장,수입액,일본|3304|699|인도,60787.518,USD,UN Comtrade 공개 API,2026-09-30
2020-05,수입시장,수입액,일본|3304|251|프랑스,24065715.14,USD,UN Comtrade 공개 API,2026-09-30
2020-05,수입시장,수입액,일본|3304|490|대만,1247178.689,USD,UN Comtrade 공개 API,2026-09-30
2020-05,수입시장,수입액,일본|3304|842|미국,11429488.79,USD,UN Comtrade 공개 API,2026-09-30
2020-05,수입시장,수입액,일본|3304|0|전체,107556989.472,USD,UN Comtrade 공개 API,2026-09-30
2020-05,수입시장,수입액,일본|3304|36|호주,789622.594,USD,UN Comtrade 공개 API,2026-09-30
2020-05,수입시장,수입액,일본|3304|40|오스트리아,5266.015,USD,UN Comtrade 공개 API,2026-09-30
2020-05,수입시장,수입액,일본|3304|56|벨기에,1030414.611,USD,UN Comtrade 공개 API,2026-09-30
2020-05,수입시장,수입액,일본|3304|76|브라질,59044.607,USD,UN Comtrade 공개 API,2026-09-30
2020-05,수입시장,수입액,일본|3304|100|불가리아,3728.152,USD,UN Comtrade 공개 API,2026-09-30
2020-05,수입시장,수입액,일본|3304|124|캐나다,1391495.452,USD,UN Comtrade 공개 API,2026-09-30
2020-05,수입시장,수입액,일본|3304|196|키프로스,27178.228,USD,UN Comtrade 공개 API,2026-09-30
2020-05,수입시장,수입액,일본|3304|203|체코,31568.127,USD,UN Comtrade 공개 API,2026-09-30
2020-05,수입시장,수입액,일본|3304|208|덴마크,47021.317,USD,UN Comtrade 공개 API,2026-09-30
2020-05,수입시장,수입액,일본|3304|258|258,6738.635,USD,UN Comtrade 공개 API,2026-09-30
2020-05,수입시장,수입액,일본|3304|276|독일,1801219.357,USD,UN Comtrade 공개 API,2026-09-30
2020-05,수입시장,수입액,일본|3304|300|그리스,26469.879,USD,UN Comtrade 공개 API,2026-09-30
2020-05,수입시장,수입액,일본|3304|344|홍콩,41224.041,USD,UN Comtrade 공개 API,2026-09-30
2020-05,수입시장,수입액,일본|3304|348|헝가리,6179.412,USD,UN Comtrade 공개 API,2026-09-30
2020-05,수입시장,수입액,일본|3304|352|352,52818.593,USD,UN Comtrade 공개 API,2026-09-30
2020-05,수입시장,수입액,일본|3304|360|인도네시아,6347.179,USD,UN Comtrade 공개 API,2026-09-30
2020-05,수입시장,수입액,일본|3304|372|아일랜드,2591.066,USD,UN Comtrade 공개 API,2026-09-30
2020-05,수입시장,수입액,일본|3304|376|이스라엘,877373.971,USD,UN Comtrade 공개 API,2026-09-30
2020-05,수입시장,수입액,일본|3304|380|이탈리아,1882567.634,USD,UN Comtrade 공개 API,2026-09-30
2020-05,수입시장,수입액,일본|3304|440|리투아니아,94956.031,USD,UN Comtrade 공개 API,2026-09-30
2020-05,수입시장,수입액,일본|3304|458|말레이시아,945701.677,USD,UN Comtrade 공개 API,2026-09-30
2020-05,수입시장,수입액,일본|3304|496|몽골,4520.384,USD,UN Comtrade 공개 API,2026-09-30
2020-05,수입시장,수입액,일본|3304|504|504,32975.504,USD,UN Comtrade 공개 API,2026-09-30
2020-05,수입시장,수입액,일본|3304|528|네덜란드,28529.683,USD,UN Comtrade 공개 API,2026-09-30
2020-05,수입시장,수입액,일본|3304|554|뉴질랜드,244510.849,USD,UN Comtrade 공개 API,2026-09-30
2020-05,수입시장,수입액,일본|3304|608|필리핀,194851.864,USD,UN Comtrade 공개 API,2026-09-30
2020-05,수입시장,수입액,일본|3304|616|폴란드,65093.534,USD,UN Comtrade 공개 API,2026-09-30
2020-05,수입시장,수입액,일본|3304|642|루마니아,3700.191,USD,UN Comtrade 공개 API,2026-09-30
2020-05,수입시장,수입액,일본|3304|643|러시아,41354.526,USD,UN Comtrade 공개 API,2026-09-30
2020-05,수입시장,수입액,일본|3304|702|싱가포르,4930.481,USD,UN Comtrade 공개 API,2026-09-30
2020-05,수입시장,수입액,일본|3304|704|베트남,1615846.319,USD,UN Comtrade 공개 API,2026-09-30
2020-05,수입시장,수입액,일본|3304|705|슬로베니아,8080.769,USD,UN Comtrade 공개 API,2026-09-30
2020-05,수입시장,수입액,일본|3304|710|남아공,1251466.063,USD,UN Comtrade 공개 API,2026-09-30
2020-05,수입시장,수입액,일본|3304|724|스페인,103157.966,USD,UN Comtrade 공개 API,2026-09-30
2020-05,수입시장,수입액,일본|3304|752|스웨덴,35743.657,USD,UN Comtrade 공개 API,2026-09-30
2020-05,수입시장,수입액,일본|3304|764|태국,1438106.673,USD,UN Comtrade 공개 API,2026-09-30
2020-05,수입시장,수입액,일본|3304|792|튀르키예,25537.841,USD,UN Comtrade 공개 API,2026-09-30
2020-05,수입시장,수입액,일본|3304|804|우크라이나,66659.358,USD,UN Comtrade 공개 API,2026-09-30
2020-05,수입시장,수입액,일본|3304|826|영국,1718733.994,USD,UN Comtrade 공개 API,2026-09-30
2020-05,수입시장,수입액,일본|3304|410|한국,42631436.761,USD,UN Comtrade 공개 API,2026-09-30
2020-05,수입시장,수입액,일본|3304|156|중국,11326246.941,USD,UN Comtrade 공개 API,2026-09-30
2020-06,수입시장,수입액,일본|3304|757|스위스,746175.678,USD,UN Comtrade 공개 API,2026-09-30
2020-06,수입시장,수입액,일본|3304|699|인도,223764.377,USD,UN Comtrade 공개 API,2026-09-30
2020-06,수입시장,수입액,일본|3304|251|프랑스,24576853.987,USD,UN Comtrade 공개 API,2026-09-30
2020-06,수입시장,수입액,일본|3304|490|대만,1157350.971,USD,UN Comtrade 공개 API,2026-09-30
2020-06,수입시장,수입액,일본|3304|842|미국,14055651.413,USD,UN Comtrade 공개 API,2026-09-30
2020-06,수입시장,수입액,일본|3304|0|전체,98165293.446,USD,UN Comtrade 공개 API,2026-09-30
2020-06,수입시장,수입액,일본|3304|36|호주,1049183.158,USD,UN Comtrade 공개 API,2026-09-30
2020-06,수입시장,수입액,일본|3304|40|오스트리아,2947.327,USD,UN Comtrade 공개 API,2026-09-30
2020-06,수입시장,수입액,일본|3304|56|벨기에,1031406.223,USD,UN Comtrade 공개 API,2026-09-30
2020-06,수입시장,수입액,일본|3304|76|브라질,14811.013,USD,UN Comtrade 공개 API,2026-09-30
2020-06,수입시장,수입액,일본|3304|100|불가리아,18279.003,USD,UN Comtrade 공개 API,2026-09-30
2020-06,수입시장,수입액,일본|3304|124|캐나다,989669.477,USD,UN Comtrade 공개 API,2026-09-30
2020-06,수입시장,수입액,일본|3304|144|스리랑카,10357.482,USD,UN Comtrade 공개 API,2026-09-30
2020-06,수입시장,수입액,일본|3304|196|키프로스,22435.012,USD,UN Comtrade 공개 API,2026-09-30
2020-06,수입시장,수입액,일본|3304|203|체코,11798.604,USD,UN Comtrade 공개 API,2026-09-30
2020-06,수입시장,수입액,일본|3304|208|덴마크,57598.384,USD,UN Comtrade 공개 API,2026-09-30
2020-06,수입시장,수입액,일본|3304|246|핀란드,6080.604,USD,UN Comtrade 공개 API,2026-09-30
2020-06,수입시장,수입액,일본|3304|276|독일,2043194.595,USD,UN Comtrade 공개 API,2026-09-30
2020-06,수입시장,수입액,일본|3304|288|288,3096.087,USD,UN Comtrade 공개 API,2026-09-30
2020-06,수입시장,수입액,일본|3304|344|홍콩,60527.116,USD,UN Comtrade 공개 API,2026-09-30
2020-06,수입시장,수입액,일본|3304|352|352,13072.369,USD,UN Comtrade 공개 API,2026-09-30
2020-06,수입시장,수입액,일본|3304|372|아일랜드,2482.449,USD,UN Comtrade 공개 API,2026-09-30
2020-06,수입시장,수입액,일본|3304|376|이스라엘,1208403.873,USD,UN Comtrade 공개 API,2026-09-30
2020-06,수입시장,수입액,일본|3304|380|이탈리아,2089217.517,USD,UN Comtrade 공개 API,2026-09-30
2020-06,수입시장,수입액,일본|3304|400|요르단,5829.57,USD,UN Comtrade 공개 API,2026-09-30
2020-06,수입시장,수입액,일본|3304|428|라트비아,5494.858,USD,UN Comtrade 공개 API,2026-09-30
2020-06,수입시장,수입액,일본|3304|458|말레이시아,1964555.833,USD,UN Comtrade 공개 API,2026-09-30
2020-06,수입시장,수입액,일본|3304|504|504,156115.33,USD,UN Comtrade 공개 API,2026-09-30
2020-06,수입시장,수입액,일본|3304|528|네덜란드,51991.956,USD,UN Comtrade 공개 API,2026-09-30
2020-06,수입시장,수입액,일본|3304|554|뉴질랜드,50123.146,USD,UN Comtrade 공개 API,2026-09-30
2020-06,수입시장,수입액,일본|3304|608|필리핀,164901.524,USD,UN Comtrade 공개 API,2026-09-30
2020-06,수입시장,수입액,일본|3304|616|폴란드,76788.548,USD,UN Comtrade 공개 API,2026-09-30
2020-06,수입시장,수입액,일본|3304|643|러시아,6127.092,USD,UN Comtrade 공개 API,2026-09-30
2020-06,수입시장,수입액,일본|3304|704|베트남,2206487.642,USD,UN Comtrade 공개 API,2026-09-30
2020-06,수입시장,수입액,일본|3304|705|슬로베니아,2956.624,USD,UN Comtrade 공개 API,2026-09-30
2020-06,수입시장,수입액,일본|3304|710|남아공,433015.262,USD,UN Comtrade 공개 API,2026-09-30
2020-06,수입시장,수입액,일본|3304|724|스페인,324494.142,USD,UN Comtrade 공개 API,2026-09-30
2020-06,수입시장,수입액,일본|3304|752|스웨덴,23281.09,USD,UN Comtrade 공개 API,2026-09-30
2020-06,수입시장,수입액,일본|3304|764|태국,1922028.793,USD,UN Comtrade 공개 API,2026-09-30
2020-06,수입시장,수입액,일본|3304|792|튀르키예,5597.131,USD,UN Comtrade 공개 API,2026-09-30
2020-06,수입시장,수입액,일본|3304|804|우크라이나,46729.537,USD,UN Comtrade 공개 API,2026-09-30
2020-06,수입시장,수입액,일본|3304|826|영국,1826412.686,USD,UN Comtrade 공개 API,2026-09-30
2020-06,수입시장,수입액,일본|3304|410|한국,29462312.674,USD,UN Comtrade 공개 API,2026-09-30
2020-06,수입시장,수입액,일본|3304|156|중국,10035693.288,USD,UN Comtrade 공개 API,2026-09-30
2020-07,수입시장,수입액,일본|3304|757|스위스,762146.064,USD,UN Comtrade 공개 API,2026-09-30
2020-07,수입시장,수입액,일본|3304|699|인도,302950.225,USD,UN Comtrade 공개 API,2026-09-30
2020-07,수입시장,수입액,일본|3304|251|프랑스,31774730.616,USD,UN Comtrade 공개 API,2026-09-30
2020-07,수입시장,수입액,일본|3304|490|대만,869618.228,USD,UN Comtrade 공개 API,2026-09-30
2020-07,수입시장,수입액,일본|3304|842|미국,13184417.419,USD,UN Comtrade 공개 API,2026-09-30
2020-07,수입시장,수입액,일본|3304|0|전체,112001824.807,USD,UN Comtrade 공개 API,2026-09-30
2020-07,수입시장,수입액,일본|3304|124|캐나다,1032705.62,USD,UN Comtrade 공개 API,2026-09-30
2020-07,수입시장,수입액,일본|3304|218|218,5707.731,USD,UN Comtrade 공개 API,2026-09-30
2020-07,수입시장,수입액,일본|3304|208|덴마크,94772.698,USD,UN Comtrade 공개 API,2026-09-30
2020-07,수입시장,수입액,일본|3304|203|체코,29925.754,USD,UN Comtrade 공개 API,2026-09-30
2020-07,수입시장,수입액,일본|3304|428|라트비아,25539.518,USD,UN Comtrade 공개 API,2026-09-30
2020-07,수입시장,수입액,일본|3304|442|룩셈부르크,3748.92,USD,UN Comtrade 공개 API,2026-09-30
2020-07,수입시장,수입액,일본|3304|440|리투아니아,38595.131,USD,UN Comtrade 공개 API,2026-09-30
2020-07,수입시장,수입액,일본|3304|458|말레이시아,3132878.721,USD,UN Comtrade 공개 API,2026-09-30
2020-07,수입시장,수입액,일본|3304|484|멕시코,7525.957,USD,UN Comtrade 공개 API,2026-09-30
2020-07,수입시장,수입액,일본|3304|344|홍콩,25595.751,USD,UN Comtrade 공개 API,2026-09-30
2020-07,수입시장,수입액,일본|3304|300|그리스,8622.516,USD,UN Comtrade 공개 API,2026-09-30
2020-07,수입시장,수입액,일본|3304|764|태국,2058775.652,USD,UN Comtrade 공개 API,2026-09-30
2020-07,수입시장,수입액,일본|3304|752|스웨덴,49729.424,USD,UN Comtrade 공개 API,2026-09-30
2020-07,수입시장,수입액,일본|3304|724|스페인,66965.084,USD,UN Comtrade 공개 API,2026-09-30
2020-07,수입시장,수입액,일본|3304|704|베트남,2028681.196,USD,UN Comtrade 공개 API,2026-09-30
2020-07,수입시장,수입액,일본|3304|710|남아공,1178763.543,USD,UN Comtrade 공개 API,2026-09-30
2020-07,수입시장,수입액,일본|3304|705|슬로베니아,19456.895,USD,UN Comtrade 공개 API,2026-09-30
2020-07,수입시장,수입액,일본|3304|36|호주,615685.132,USD,UN Comtrade 공개 API,2026-09-30
2020-07,수입시장,수입액,일본|3304|56|벨기에,934333.959,USD,UN Comtrade 공개 API,2026-09-30
2020-07,수입시장,수입액,일본|3304|76|브라질,279763.155,USD,UN Comtrade 공개 API,2026-09-30
2020-07,수입시장,수입액,일본|3304|100|불가리아,32821.795,USD,UN Comtrade 공개 API,2026-09-30
2020-07,수입시장,수입액,일본|3304|376|이스라엘,1461694.536,USD,UN Comtrade 공개 API,2026-09-30
2020-07,수입시장,수입액,일본|3304|372|아일랜드,2999.136,USD,UN Comtrade 공개 API,2026-09-30
2020-07,수입시장,수입액,일본|3304|380|이탈리아,5507603.978,USD,UN Comtrade 공개 API,2026-09-30
2020-07,수입시장,수입액,일본|3304|352|352,65877.897,USD,UN Comtrade 공개 API,2026-09-30
2020-07,수입시장,수입액,일본|3304|348|헝가리,11228.015,USD,UN Comtrade 공개 API,2026-09-30
2020-07,수입시장,수입액,일본|3304|702|싱가포르,118334.66,USD,UN Comtrade 공개 API,2026-09-30
2020-07,수입시장,수입액,일본|3304|643|러시아,7160.437,USD,UN Comtrade 공개 API,2026-09-30
2020-07,수입시장,수입액,일본|3304|608|필리핀,189311.088,USD,UN Comtrade 공개 API,2026-09-30
2020-07,수입시장,수입액,일본|3304|616|폴란드,90395.834,USD,UN Comtrade 공개 API,2026-09-30
2020-07,수입시장,수입액,일본|3304|504|504,84809.943,USD,UN Comtrade 공개 API,2026-09-30
2020-07,수입시장,수입액,일본|3304|524|524,10075.222,USD,UN Comtrade 공개 API,2026-09-30
2020-07,수입시장,수입액,일본|3304|554|뉴질랜드,100799.087,USD,UN Comtrade 공개 API,2026-09-30
2020-07,수입시장,수입액,일본|3304|528|네덜란드,71688.723,USD,UN Comtrade 공개 API,2026-09-30
2020-07,수입시장,수입액,일본|3304|792|튀르키예,9166.109,USD,UN Comtrade 공개 API,2026-09-30
2020-07,수입시장,수입액,일본|3304|804|우크라이나,194587.693,USD,UN Comtrade 공개 API,2026-09-30
2020-07,수입시장,수입액,일본|3304|826|영국,1877627.837,USD,UN Comtrade 공개 API,2026-09-30
2020-07,수입시장,수입액,일본|3304|276|독일,3610013.142,USD,UN Comtrade 공개 API,2026-09-30
2020-07,수입시장,수입액,일본|3304|410|한국,31177593.266,USD,UN Comtrade 공개 API,2026-09-30
2020-07,수입시장,수입액,일본|3304|156|중국,8846401.502,USD,UN Comtrade 공개 API,2026-09-30
2020-08,수입시장,수입액,일본|3304|757|스위스,812436.621,USD,UN Comtrade 공개 API,2026-09-30
2020-08,수입시장,수입액,일본|3304|699|인도,143142.068,USD,UN Comtrade 공개 API,2026-09-30
2020-08,수입시장,수입액,일본|3304|251|프랑스,28898685.204,USD,UN Comtrade 공개 API,2026-09-30
2020-08,수입시장,수입액,일본|3304|490|대만,798668.427,USD,UN Comtrade 공개 API,2026-09-30
2020-08,수입시장,수입액,일본|3304|842|미국,17951188.494,USD,UN Comtrade 공개 API,2026-09-30
2020-08,수입시장,수입액,일본|3304|0|전체,104127758.823,USD,UN Comtrade 공개 API,2026-09-30
2020-08,수입시장,수입액,일본|3304|36|호주,300561.565,USD,UN Comtrade 공개 API,2026-09-30
2020-08,수입시장,수입액,일본|3304|40|오스트리아,4309.633,USD,UN Comtrade 공개 API,2026-09-30
2020-08,수입시장,수입액,일본|3304|56|벨기에,1123861.858,USD,UN Comtrade 공개 API,2026-09-30
2020-08,수입시장,수입액,일본|3304|76|브라질,11023.986,USD,UN Comtrade 공개 API,2026-09-30
2020-08,수입시장,수입액,일본|3304|124|캐나다,1532409.445,USD,UN Comtrade 공개 API,2026-09-30
2020-08,수입시장,수입액,일본|3304|144|스리랑카,7204.726,USD,UN Comtrade 공개 API,2026-09-30
2020-08,수입시장,수입액,일본|3304|152|칠레,3008.256,USD,UN Comtrade 공개 API,2026-09-30
2020-08,수입시장,수입액,일본|3304|196|키프로스,10722.217,USD,UN Comtrade 공개 API,2026-09-30
2020-08,수입시장,수입액,일본|3304|203|체코,48367.855,USD,UN Comtrade 공개 API,2026-09-30
2020-08,수입시장,수입액,일본|3304|208|덴마크,95094.843,USD,UN Comtrade 공개 API,2026-09-30
2020-08,수입시장,수입액,일본|3304|276|독일,3357044.096,USD,UN Comtrade 공개 API,2026-09-30
2020-08,수입시장,수입액,일본|3304|300|그리스,2131.241,USD,UN Comtrade 공개 API,2026-09-30
2020-08,수입시장,수입액,일본|3304|344|홍콩,1904.915,USD,UN Comtrade 공개 API,2026-09-30
2020-08,수입시장,수입액,일본|3304|348|헝가리,3338.316,USD,UN Comtrade 공개 API,2026-09-30
2020-08,수입시장,수입액,일본|3304|372|아일랜드,79836.666,USD,UN Comtrade 공개 API,2026-09-30
2020-08,수입시장,수입액,일본|3304|376|이스라엘,2242131.565,USD,UN Comtrade 공개 API,2026-09-30
2020-08,수입시장,수입액,일본|3304|380|이탈리아,5619563.905,USD,UN Comtrade 공개 API,2026-09-30
2020-08,수입시장,수입액,일본|3304|440|리투아니아,9835.772,USD,UN Comtrade 공개 API,2026-09-30
2020-08,수입시장,수입액,일본|3304|458|말레이시아,2398777.78,USD,UN Comtrade 공개 API,2026-09-30
2020-08,수입시장,수입액,일본|3304|504|504,25480.59,USD,UN Comtrade 공개 API,2026-09-30
2020-08,수입시장,수입액,일본|3304|528|네덜란드,46745.848,USD,UN Comtrade 공개 API,2026-09-30
2020-08,수입시장,수입액,일본|3304|554|뉴질랜드,52705.779,USD,UN Comtrade 공개 API,2026-09-30
2020-08,수입시장,수입액,일본|3304|608|필리핀,498380.339,USD,UN Comtrade 공개 API,2026-09-30
2020-08,수입시장,수입액,일본|3304|616|폴란드,93689.732,USD,UN Comtrade 공개 API,2026-09-30
2020-08,수입시장,수입액,일본|3304|642|루마니아,3262.873,USD,UN Comtrade 공개 API,2026-09-30
2020-08,수입시장,수입액,일본|3304|643|러시아,7751.682,USD,UN Comtrade 공개 API,2026-09-30
2020-08,수입시장,수입액,일본|3304|702|싱가포르,29677.06,USD,UN Comtrade 공개 API,2026-09-30
2020-08,수입시장,수입액,일본|3304|704|베트남,1290438.147,USD,UN Comtrade 공개 API,2026-09-30
2020-08,수입시장,수입액,일본|3304|710|남아공,1522686.836,USD,UN Comtrade 공개 API,2026-09-30
2020-08,수입시장,수입액,일본|3304|724|스페인,228391.709,USD,UN Comtrade 공개 API,2026-09-30
2020-08,수입시장,수입액,일본|3304|752|스웨덴,66936.056,USD,UN Comtrade 공개 API,2026-09-30
2020-08,수입시장,수입액,일본|3304|764|태국,1424932.658,USD,UN Comtrade 공개 API,2026-09-30
2020-08,수입시장,수입액,일본|3304|792|튀르키예,7270.738,USD,UN Comtrade 공개 API,2026-09-30
2020-08,수입시장,수입액,일본|3304|804|우크라이나,92501.518,USD,UN Comtrade 공개 API,2026-09-30
2020-08,수입시장,수입액,일본|3304|826|영국,1893965.997,USD,UN Comtrade 공개 API,2026-09-30
2020-08,수입시장,수입액,일본|3304|410|한국,23973066.578,USD,UN Comtrade 공개 API,2026-09-30
2020-08,수입시장,수입액,일본|3304|156|중국,7414625.23,USD,UN Comtrade 공개 API,2026-09-30
2020-09,수입시장,수입액,일본|3304|757|스위스,515381.724,USD,UN Comtrade 공개 API,2026-09-30
2020-09,수입시장,수입액,일본|3304|699|인도,126851.403,USD,UN Comtrade 공개 API,2026-09-30
2020-09,수입시장,수입액,일본|3304|251|프랑스,42557420.452,USD,UN Comtrade 공개 API,2026-09-30
2020-09,수입시장,수입액,일본|3304|490|대만,1183463.888,USD,UN Comtrade 공개 API,2026-09-30
2020-09,수입시장,수입액,일본|3304|842|미국,18289830.22,USD,UN Comtrade 공개 API,2026-09-30
2020-09,수입시장,수입액,일본|3304|0|전체,132439506.824,USD,UN Comtrade 공개 API,2026-09-30
2020-09,수입시장,수입액,일본|3304|36|호주,1221083.13,USD,UN Comtrade 공개 API,2026-09-30
2020-09,수입시장,수입액,일본|3304|40|오스트리아,6802.876,USD,UN Comtrade 공개 API,2026-09-30
2020-09,수입시장,수입액,일본|3304|56|벨기에,811075.022,USD,UN Comtrade 공개 API,2026-09-30
2020-09,수입시장,수입액,일본|3304|76|브라질,4976.791,USD,UN Comtrade 공개 API,2026-09-30
2020-09,수입시장,수입액,일본|3304|100|불가리아,4049.556,USD,UN Comtrade 공개 API,2026-09-30
2020-09,수입시장,수입액,일본|3304|124|캐나다,1985739.641,USD,UN Comtrade 공개 API,2026-09-30
2020-09,수입시장,수입액,일본|3304|144|스리랑카,10284.737,USD,UN Comtrade 공개 API,2026-09-30
2020-09,수입시장,수입액,일본|3304|191|크로아티아,3254.784,USD,UN Comtrade 공개 API,2026-09-30
2020-09,수입시장,수입액,일본|3304|196|키프로스,34326.612,USD,UN Comtrade 공개 API,2026-09-30
2020-09,수입시장,수입액,일본|3304|203|체코,53959.391,USD,UN Comtrade 공개 API,2026-09-30
2020-09,수입시장,수입액,일본|3304|208|덴마크,70176.539,USD,UN Comtrade 공개 API,2026-09-30
2020-09,수입시장,수입액,일본|3304|246|핀란드,11883.744,USD,UN Comtrade 공개 API,2026-09-30
2020-09,수입시장,수입액,일본|3304|300|그리스,20985.784,USD,UN Comtrade 공개 API,2026-09-30
2020-09,수입시장,수입액,일본|3304|344|홍콩,7540.879,USD,UN Comtrade 공개 API,2026-09-30
2020-09,수입시장,수입액,일본|3304|348|헝가리,15848.147,USD,UN Comtrade 공개 API,2026-09-30
2020-09,수입시장,수입액,일본|3304|360|인도네시아,103292.069,USD,UN Comtrade 공개 API,2026-09-30
2020-09,수입시장,수입액,일본|3304|372|아일랜드,64319.821,USD,UN Comtrade 공개 API,2026-09-30
2020-09,수입시장,수입액,일본|3304|376|이스라엘,1446259.272,USD,UN Comtrade 공개 API,2026-09-30
2020-09,수입시장,수입액,일본|3304|380|이탈리아,6580159.888,USD,UN Comtrade 공개 API,2026-09-30
2020-09,수입시장,수입액,일본|3304|428|라트비아,2762.781,USD,UN Comtrade 공개 API,2026-09-30
2020-09,수입시장,수입액,일본|3304|442|룩셈부르크,5781.025,USD,UN Comtrade 공개 API,2026-09-30
2020-09,수입시장,수입액,일본|3304|458|말레이시아,1460612.489,USD,UN Comtrade 공개 API,2026-09-30
2020-09,수입시장,수입액,일본|3304|504|504,31119.137,USD,UN Comtrade 공개 API,2026-09-30
2020-09,수입시장,수입액,일본|3304|524|524,27873.815,USD,UN Comtrade 공개 API,2026-09-30
2020-09,수입시장,수입액,일본|3304|528|네덜란드,60128.341,USD,UN Comtrade 공개 API,2026-09-30
2020-09,수입시장,수입액,일본|3304|554|뉴질랜드,70555.002,USD,UN Comtrade 공개 API,2026-09-30
2020-09,수입시장,수입액,일본|3304|608|필리핀,10180.66,USD,UN Comtrade 공개 API,2026-09-30
2020-09,수입시장,수입액,일본|3304|616|폴란드,3084.475,USD,UN Comtrade 공개 API,2026-09-30
2020-09,수입시장,수입액,일본|3304|643|러시아,17475.538,USD,UN Comtrade 공개 API,2026-09-30
2020-09,수입시장,수입액,일본|3304|702|싱가포르,4626.713,USD,UN Comtrade 공개 API,2026-09-30
2020-09,수입시장,수입액,일본|3304|704|베트남,1175128.236,USD,UN Comtrade 공개 API,2026-09-30
2020-09,수입시장,수입액,일본|3304|705|슬로베니아,13189.443,USD,UN Comtrade 공개 API,2026-09-30
2020-09,수입시장,수입액,일본|3304|710|남아공,1448019.126,USD,UN Comtrade 공개 API,2026-09-30
2020-09,수입시장,수입액,일본|3304|724|스페인,32812.759,USD,UN Comtrade 공개 API,2026-09-30
2020-09,수입시장,수입액,일본|3304|752|스웨덴,13000.211,USD,UN Comtrade 공개 API,2026-09-30
2020-09,수입시장,수입액,일본|3304|764|태국,1578191.544,USD,UN Comtrade 공개 API,2026-09-30
2020-09,수입시장,수입액,일본|3304|804|우크라이나,39748.098,USD,UN Comtrade 공개 API,2026-09-30
2020-09,수입시장,수입액,일본|3304|826|영국,2493457.485,USD,UN Comtrade 공개 API,2026-09-30
2020-09,수입시장,수입액,일본|3304|276|독일,3322992.05,USD,UN Comtrade 공개 API,2026-09-30
2020-09,수입시장,수입액,일본|3304|410|한국,38642379.495,USD,UN Comtrade 공개 API,2026-09-30
2020-09,수입시장,수입액,일본|3304|156|중국,6857422.029,USD,UN Comtrade 공개 API,2026-09-30
2020-10,수입시장,수입액,일본|3304|757|스위스,1013481.939,USD,UN Comtrade 공개 API,2026-09-30
2020-10,수입시장,수입액,일본|3304|699|인도,250982.685,USD,UN Comtrade 공개 API,2026-09-30
2020-10,수입시장,수입액,일본|3304|251|프랑스,39274100.155,USD,UN Comtrade 공개 API,2026-09-30
2020-10,수입시장,수입액,일본|3304|490|대만,1159429.953,USD,UN Comtrade 공개 API,2026-09-30
2020-10,수입시장,수입액,일본|3304|842|미국,19158630.075,USD,UN Comtrade 공개 API,2026-09-30
2020-10,수입시장,수입액,일본|3304|0|전체,117773137.929,USD,UN Comtrade 공개 API,2026-09-30
2020-10,수입시장,수입액,일본|3304|36|호주,1388040.975,USD,UN Comtrade 공개 API,2026-09-30
2020-10,수입시장,수입액,일본|3304|40|오스트리아,6243.918,USD,UN Comtrade 공개 API,2026-09-30
2020-10,수입시장,수입액,일본|3304|56|벨기에,565877.618,USD,UN Comtrade 공개 API,2026-09-30
2020-10,수입시장,수입액,일본|3304|76|브라질,77835.139,USD,UN Comtrade 공개 API,2026-09-30
2020-10,수입시장,수입액,일본|3304|100|불가리아,10282.982,USD,UN Comtrade 공개 API,2026-09-30
2020-10,수입시장,수입액,일본|3304|124|캐나다,792359.816,USD,UN Comtrade 공개 API,2026-09-30
2020-10,수입시장,수입액,일본|3304|144|스리랑카,18037.985,USD,UN Comtrade 공개 API,2026-09-30
2020-10,수입시장,수입액,일본|3304|203|체코,8125.646,USD,UN Comtrade 공개 API,2026-09-30
2020-10,수입시장,수입액,일본|3304|208|덴마크,82463.431,USD,UN Comtrade 공개 API,2026-09-30
2020-10,수입시장,수입액,일본|3304|218|218,3335.792,USD,UN Comtrade 공개 API,2026-09-30
2020-10,수입시장,수입액,일본|3304|246|핀란드,4048.568,USD,UN Comtrade 공개 API,2026-09-30
2020-10,수입시장,수입액,일본|3304|300|그리스,2604.008,USD,UN Comtrade 공개 API,2026-09-30
2020-10,수입시장,수입액,일본|3304|344|홍콩,19130.908,USD,UN Comtrade 공개 API,2026-09-30
2020-10,수입시장,수입액,일본|3304|348|헝가리,12174.214,USD,UN Comtrade 공개 API,2026-09-30
2020-10,수입시장,수입액,일본|3304|352|352,46377.958,USD,UN Comtrade 공개 API,2026-09-30
2020-10,수입시장,수입액,일본|3304|360|인도네시아,5293.55,USD,UN Comtrade 공개 API,2026-09-30
2020-10,수입시장,수입액,일본|3304|372|아일랜드,36513.139,USD,UN Comtrade 공개 API,2026-09-30
2020-10,수입시장,수입액,일본|3304|376|이스라엘,2089136.952,USD,UN Comtrade 공개 API,2026-09-30
2020-10,수입시장,수입액,일본|3304|380|이탈리아,4767378.517,USD,UN Comtrade 공개 API,2026-09-30
2020-10,수입시장,수입액,일본|3304|400|요르단,2632.519,USD,UN Comtrade 공개 API,2026-09-30
2020-10,수입시장,수입액,일본|3304|440|리투아니아,11898.607,USD,UN Comtrade 공개 API,2026-09-30
2020-10,수입시장,수입액,일본|3304|458|말레이시아,1508566.645,USD,UN Comtrade 공개 API,2026-09-30
2020-10,수입시장,수입액,일본|3304|504|504,59730.629,USD,UN Comtrade 공개 API,2026-09-30
2020-10,수입시장,수입액,일본|3304|528|네덜란드,91672.497,USD,UN Comtrade 공개 API,2026-09-30
2020-10,수입시장,수입액,일본|3304|554|뉴질랜드,203901.454,USD,UN Comtrade 공개 API,2026-09-30
2020-10,수입시장,수입액,일본|3304|608|필리핀,101299.725,USD,UN Comtrade 공개 API,2026-09-30
2020-10,수입시장,수입액,일본|3304|616|폴란드,35914.407,USD,UN Comtrade 공개 API,2026-09-30
2020-10,수입시장,수입액,일본|3304|702|싱가포르,16241.789,USD,UN Comtrade 공개 API,2026-09-30
2020-10,수입시장,수입액,일본|3304|703|슬로바키아,3155.222,USD,UN Comtrade 공개 API,2026-09-30
2020-10,수입시장,수입액,일본|3304|704|베트남,1035977.149,USD,UN Comtrade 공개 API,2026-09-30
2020-10,수입시장,수입액,일본|3304|705|슬로베니아,3050.681,USD,UN Comtrade 공개 API,2026-09-30
2020-10,수입시장,수입액,일본|3304|710|남아공,750458.091,USD,UN Comtrade 공개 API,2026-09-30
2020-10,수입시장,수입액,일본|3304|724|스페인,154092.668,USD,UN Comtrade 공개 API,2026-09-30
2020-10,수입시장,수입액,일본|3304|752|스웨덴,21335.762,USD,UN Comtrade 공개 API,2026-09-30
2020-10,수입시장,수입액,일본|3304|764|태국,999349.967,USD,UN Comtrade 공개 API,2026-09-30
2020-10,수입시장,수입액,일본|3304|792|튀르키예,9342.117,USD,UN Comtrade 공개 API,2026-09-30
2020-10,수입시장,수입액,일본|3304|804|우크라이나,64168.847,USD,UN Comtrade 공개 API,2026-09-30
2020-10,수입시장,수입액,일본|3304|826|영국,2363270.602,USD,UN Comtrade 공개 API,2026-09-30
2020-10,수입시장,수입액,일본|3304|276|독일,2182909.763,USD,UN Comtrade 공개 API,2026-09-30
2020-10,수입시장,수입액,일본|3304|410|한국,30224848.118,USD,UN Comtrade 공개 API,2026-09-30
2020-10,수입시장,수입액,일본|3304|156|중국,7137434.746,USD,UN Comtrade 공개 API,2026-09-30
2020-11,수입시장,수입액,일본|3304|757|스위스,752327.93,USD,UN Comtrade 공개 API,2026-09-30
2020-11,수입시장,수입액,일본|3304|699|인도,319267.507,USD,UN Comtrade 공개 API,2026-09-30
2020-11,수입시장,수입액,일본|3304|251|프랑스,37097649.042,USD,UN Comtrade 공개 API,2026-09-30
2020-11,수입시장,수입액,일본|3304|490|대만,1572445.143,USD,UN Comtrade 공개 API,2026-09-30
2020-11,수입시장,수입액,일본|3304|842|미국,16483473.056,USD,UN Comtrade 공개 API,2026-09-30
2020-11,수입시장,수입액,일본|3304|0|전체,122574150.543,USD,UN Comtrade 공개 API,2026-09-30
2020-11,수입시장,수입액,일본|3304|36|호주,1340329.812,USD,UN Comtrade 공개 API,2026-09-30
2020-11,수입시장,수입액,일본|3304|40|오스트리아,8235.455,USD,UN Comtrade 공개 API,2026-09-30
2020-11,수입시장,수입액,일본|3304|56|벨기에,978180.484,USD,UN Comtrade 공개 API,2026-09-30
2020-11,수입시장,수입액,일본|3304|76|브라질,23834.938,USD,UN Comtrade 공개 API,2026-09-30
2020-11,수입시장,수입액,일본|3304|100|불가리아,14009.849,USD,UN Comtrade 공개 API,2026-09-30
2020-11,수입시장,수입액,일본|3304|124|캐나다,1319166.609,USD,UN Comtrade 공개 API,2026-09-30
2020-11,수입시장,수입액,일본|3304|144|스리랑카,4290.097,USD,UN Comtrade 공개 API,2026-09-30
2020-11,수입시장,수입액,일본|3304|184|184,4979.577,USD,UN Comtrade 공개 API,2026-09-30
2020-11,수입시장,수입액,일본|3304|196|키프로스,56384.136,USD,UN Comtrade 공개 API,2026-09-30
2020-11,수입시장,수입액,일본|3304|203|체코,14842.971,USD,UN Comtrade 공개 API,2026-09-30
2020-11,수입시장,수입액,일본|3304|208|덴마크,37241.492,USD,UN Comtrade 공개 API,2026-09-30
2020-11,수입시장,수입액,일본|3304|218|218,6013.797,USD,UN Comtrade 공개 API,2026-09-30
2020-11,수입시장,수입액,일본|3304|246|핀란드,11433.875,USD,UN Comtrade 공개 API,2026-09-30
2020-11,수입시장,수입액,일본|3304|344|홍콩,6186.167,USD,UN Comtrade 공개 API,2026-09-30
2020-11,수입시장,수입액,일본|3304|372|아일랜드,82967.417,USD,UN Comtrade 공개 API,2026-09-30
2020-11,수입시장,수입액,일본|3304|376|이스라엘,1444776.444,USD,UN Comtrade 공개 API,2026-09-30
2020-11,수입시장,수입액,일본|3304|380|이탈리아,5012662.66,USD,UN Comtrade 공개 API,2026-09-30
2020-11,수입시장,수입액,일본|3304|400|요르단,3437.823,USD,UN Comtrade 공개 API,2026-09-30
2020-11,수입시장,수입액,일본|3304|428|라트비아,2575.974,USD,UN Comtrade 공개 API,2026-09-30
2020-11,수입시장,수입액,일본|3304|458|말레이시아,1365725.656,USD,UN Comtrade 공개 API,2026-09-30
2020-11,수입시장,수입액,일본|3304|484|멕시코,2374.875,USD,UN Comtrade 공개 API,2026-09-30
2020-11,수입시장,수입액,일본|3304|504|504,136019.066,USD,UN Comtrade 공개 API,2026-09-30
2020-11,수입시장,수입액,일본|3304|528|네덜란드,34110.104,USD,UN Comtrade 공개 API,2026-09-30
2020-11,수입시장,수입액,일본|3304|554|뉴질랜드,239718.762,USD,UN Comtrade 공개 API,2026-09-30
2020-11,수입시장,수입액,일본|3304|608|필리핀,103335.803,USD,UN Comtrade 공개 API,2026-09-30
2020-11,수입시장,수입액,일본|3304|616|폴란드,36063.63,USD,UN Comtrade 공개 API,2026-09-30
2020-11,수입시장,수입액,일본|3304|642|루마니아,3993.238,USD,UN Comtrade 공개 API,2026-09-30
2020-11,수입시장,수입액,일본|3304|643|러시아,6846.919,USD,UN Comtrade 공개 API,2026-09-30
2020-11,수입시장,수입액,일본|3304|702|싱가포르,37097.85,USD,UN Comtrade 공개 API,2026-09-30
2020-11,수입시장,수입액,일본|3304|703|슬로바키아,9422.892,USD,UN Comtrade 공개 API,2026-09-30
2020-11,수입시장,수입액,일본|3304|704|베트남,1005108.506,USD,UN Comtrade 공개 API,2026-09-30
2020-11,수입시장,수입액,일본|3304|705|슬로베니아,23566.807,USD,UN Comtrade 공개 API,2026-09-30
2020-11,수입시장,수입액,일본|3304|710|남아공,2268819.862,USD,UN Comtrade 공개 API,2026-09-30
2020-11,수입시장,수입액,일본|3304|724|스페인,107989.792,USD,UN Comtrade 공개 API,2026-09-30
2020-11,수입시장,수입액,일본|3304|752|스웨덴,32242.762,USD,UN Comtrade 공개 API,2026-09-30
2020-11,수입시장,수입액,일본|3304|764|태국,1124857.761,USD,UN Comtrade 공개 API,2026-09-30
2020-11,수입시장,수입액,일본|3304|784|UAE,2049.288,USD,UN Comtrade 공개 API,2026-09-30
2020-11,수입시장,수입액,일본|3304|804|우크라이나,13167.151,USD,UN Comtrade 공개 API,2026-09-30
2020-11,수입시장,수입액,일본|3304|826|영국,2265257.549,USD,UN Comtrade 공개 API,2026-09-30
2020-11,수입시장,수입액,일본|3304|276|독일,1818464.985,USD,UN Comtrade 공개 API,2026-09-30
2020-11,수입시장,수입액,일본|3304|410|한국,38291397.338,USD,UN Comtrade 공개 API,2026-09-30
2020-11,수입시장,수입액,일본|3304|156|중국,7049807.693,USD,UN Comtrade 공개 API,2026-09-30
2020-12,수입시장,수입액,일본|3304|757|스위스,955549.887,USD,UN Comtrade 공개 API,2026-09-30
2020-12,수입시장,수입액,일본|3304|699|인도,146656.708,USD,UN Comtrade 공개 API,2026-09-30
2020-12,수입시장,수입액,일본|3304|251|프랑스,35184422.781,USD,UN Comtrade 공개 API,2026-09-30
2020-12,수입시장,수입액,일본|3304|490|대만,1633562.83,USD,UN Comtrade 공개 API,2026-09-30
2020-12,수입시장,수입액,일본|3304|842|미국,18789808.375,USD,UN Comtrade 공개 API,2026-09-30
2020-12,수입시장,수입액,일본|3304|0|전체,126456565.828,USD,UN Comtrade 공개 API,2026-09-30
2020-12,수입시장,수입액,일본|3304|36|호주,2561496.669,USD,UN Comtrade 공개 API,2026-09-30
2020-12,수입시장,수입액,일본|3304|40|오스트리아,29223.534,USD,UN Comtrade 공개 API,2026-09-30
2020-12,수입시장,수입액,일본|3304|56|벨기에,1147514.623,USD,UN Comtrade 공개 API,2026-09-30
2020-12,수입시장,수입액,일본|3304|76|브라질,8480.215,USD,UN Comtrade 공개 API,2026-09-30
2020-12,수입시장,수입액,일본|3304|100|불가리아,5592.514,USD,UN Comtrade 공개 API,2026-09-30
2020-12,수입시장,수입액,일본|3304|124|캐나다,1947186.41,USD,UN Comtrade 공개 API,2026-09-30
2020-12,수입시장,수입액,일본|3304|144|스리랑카,17586.099,USD,UN Comtrade 공개 API,2026-09-30
2020-12,수입시장,수입액,일본|3304|203|체코,34132.626,USD,UN Comtrade 공개 API,2026-09-30
2020-12,수입시장,수입액,일본|3304|208|덴마크,111320.874,USD,UN Comtrade 공개 API,2026-09-30
2020-12,수입시장,수입액,일본|3304|246|핀란드,6757.22,USD,UN Comtrade 공개 API,2026-09-30
2020-12,수입시장,수입액,일본|3304|258|258,4350.803,USD,UN Comtrade 공개 API,2026-09-30
2020-12,수입시장,수입액,일본|3304|348|헝가리,17788.238,USD,UN Comtrade 공개 API,2026-09-30
2020-12,수입시장,수입액,일본|3304|372|아일랜드,19357.222,USD,UN Comtrade 공개 API,2026-09-30
2020-12,수입시장,수입액,일본|3304|376|이스라엘,1313711.442,USD,UN Comtrade 공개 API,2026-09-30
2020-12,수입시장,수입액,일본|3304|380|이탈리아,3929468.013,USD,UN Comtrade 공개 API,2026-09-30
2020-12,수입시장,수입액,일본|3304|400|요르단,7767.916,USD,UN Comtrade 공개 API,2026-09-30
2020-12,수입시장,수입액,일본|3304|440|리투아니아,14890.911,USD,UN Comtrade 공개 API,2026-09-30
2020-12,수입시장,수입액,일본|3304|442|룩셈부르크,5515.509,USD,UN Comtrade 공개 API,2026-09-30
2020-12,수입시장,수입액,일본|3304|458|말레이시아,1661862.3,USD,UN Comtrade 공개 API,2026-09-30
2020-12,수입시장,수입액,일본|3304|484|멕시코,2502.674,USD,UN Comtrade 공개 API,2026-09-30
2020-12,수입시장,수입액,일본|3304|504|504,29858.828,USD,UN Comtrade 공개 API,2026-09-30
2020-12,수입시장,수입액,일본|3304|524|524,4909.092,USD,UN Comtrade 공개 API,2026-09-30
2020-12,수입시장,수입액,일본|3304|528|네덜란드,58350.812,USD,UN Comtrade 공개 API,2026-09-30
2020-12,수입시장,수입액,일본|3304|554|뉴질랜드,189798.961,USD,UN Comtrade 공개 API,2026-09-30
2020-12,수입시장,수입액,일본|3304|608|필리핀,135895.209,USD,UN Comtrade 공개 API,2026-09-30
2020-12,수입시장,수입액,일본|3304|616|폴란드,34074.872,USD,UN Comtrade 공개 API,2026-09-30
2020-12,수입시장,수입액,일본|3304|642|루마니아,16835.297,USD,UN Comtrade 공개 API,2026-09-30
2020-12,수입시장,수입액,일본|3304|643|러시아,57186.105,USD,UN Comtrade 공개 API,2026-09-30
2020-12,수입시장,수입액,일본|3304|702|싱가포르,16469.521,USD,UN Comtrade 공개 API,2026-09-30
2020-12,수입시장,수입액,일본|3304|704|베트남,1065879.316,USD,UN Comtrade 공개 API,2026-09-30
2020-12,수입시장,수입액,일본|3304|705|슬로베니아,7565.777,USD,UN Comtrade 공개 API,2026-09-30
2020-12,수입시장,수입액,일본|3304|710|남아공,2253465.604,USD,UN Comtrade 공개 API,2026-09-30
2020-12,수입시장,수입액,일본|3304|724|스페인,736508.14,USD,UN Comtrade 공개 API,2026-09-30
2020-12,수입시장,수입액,일본|3304|752|스웨덴,51401.078,USD,UN Comtrade 공개 API,2026-09-30
2020-12,수입시장,수입액,일본|3304|764|태국,1247804.479,USD,UN Comtrade 공개 API,2026-09-30
2020-12,수입시장,수입액,일본|3304|804|우크라이나,21522.998,USD,UN Comtrade 공개 API,2026-09-30
2020-12,수입시장,수입액,일본|3304|826|영국,2747368.357,USD,UN Comtrade 공개 API,2026-09-30
2020-12,수입시장,수입액,일본|3304|276|독일,2501230.35,USD,UN Comtrade 공개 API,2026-09-30
2020-12,수입시장,수입액,일본|3304|410|한국,37268072.314,USD,UN Comtrade 공개 API,2026-09-30
2020-12,수입시장,수입액,일본|3304|156|중국,8455862.325,USD,UN Comtrade 공개 API,2026-09-30
2021-01,수입시장,수입액,일본|3304|757|스위스,670526.37,USD,UN Comtrade 공개 API,2026-09-30
2021-01,수입시장,수입액,일본|3304|699|인도,32238.421,USD,UN Comtrade 공개 API,2026-09-30
2021-01,수입시장,수입액,일본|3304|251|프랑스,29996997.36,USD,UN Comtrade 공개 API,2026-09-30
2021-01,수입시장,수입액,일본|3304|490|대만,766074.763,USD,UN Comtrade 공개 API,2026-09-30
2021-01,수입시장,수입액,일본|3304|842|미국,19671261.569,USD,UN Comtrade 공개 API,2026-09-30
2021-01,수입시장,수입액,일본|3304|0|전체,112919684.276,USD,UN Comtrade 공개 API,2026-09-30
2021-01,수입시장,수입액,일본|3304|344|홍콩,4725.344,USD,UN Comtrade 공개 API,2026-09-30
2021-01,수입시장,수입액,일본|3304|376|이스라엘,696641.131,USD,UN Comtrade 공개 API,2026-09-30
2021-01,수입시장,수입액,일본|3304|752|스웨덴,63734.288,USD,UN Comtrade 공개 API,2026-09-30
2021-01,수입시장,수입액,일본|3304|124|캐나다,1060646.947,USD,UN Comtrade 공개 API,2026-09-30
2021-01,수입시장,수입액,일본|3304|246|핀란드,7927.006,USD,UN Comtrade 공개 API,2026-09-30
2021-01,수입시장,수입액,일본|3304|440|리투아니아,2266.237,USD,UN Comtrade 공개 API,2026-09-30
2021-01,수입시장,수입액,일본|3304|524|524,16615.854,USD,UN Comtrade 공개 API,2026-09-30
2021-01,수입시장,수입액,일본|3304|764|태국,1234308.175,USD,UN Comtrade 공개 API,2026-09-30
2021-01,수입시장,수입액,일본|3304|300|그리스,3201.662,USD,UN Comtrade 공개 API,2026-09-30
2021-01,수입시장,수입액,일본|3304|218|218,9315.679,USD,UN Comtrade 공개 API,2026-09-30
2021-01,수입시장,수입액,일본|3304|608|필리핀,132579.663,USD,UN Comtrade 공개 API,2026-09-30
2021-01,수입시장,수입액,일본|3304|643|러시아,51332.67,USD,UN Comtrade 공개 API,2026-09-30
2021-01,수입시장,수입액,일본|3304|208|덴마크,47610.256,USD,UN Comtrade 공개 API,2026-09-30
2021-01,수입시장,수입액,일본|3304|380|이탈리아,4136180.745,USD,UN Comtrade 공개 API,2026-09-30
2021-01,수입시장,수입액,일본|3304|804|우크라이나,4243.166,USD,UN Comtrade 공개 API,2026-09-30
2021-01,수입시장,수입액,일본|3304|352|352,61940.586,USD,UN Comtrade 공개 API,2026-09-30
2021-01,수입시장,수입액,일본|3304|360|인도네시아,6721.561,USD,UN Comtrade 공개 API,2026-09-30
2021-01,수입시장,수입액,일본|3304|100|불가리아,21553.357,USD,UN Comtrade 공개 API,2026-09-30
2021-01,수입시장,수입액,일본|3304|258|258,7859.501,USD,UN Comtrade 공개 API,2026-09-30
2021-01,수입시장,수입액,일본|3304|724|스페인,57080.232,USD,UN Comtrade 공개 API,2026-09-30
2021-01,수입시장,수입액,일본|3304|792|튀르키예,10974.371,USD,UN Comtrade 공개 API,2026-09-30
2021-01,수입시장,수입액,일본|3304|554|뉴질랜드,35362.935,USD,UN Comtrade 공개 API,2026-09-30
2021-01,수입시장,수입액,일본|3304|56|벨기에,646957.51,USD,UN Comtrade 공개 API,2026-09-30
2021-01,수입시장,수입액,일본|3304|144|스리랑카,6760.136,USD,UN Comtrade 공개 API,2026-09-30
2021-01,수입시장,수입액,일본|3304|504|504,8920.293,USD,UN Comtrade 공개 API,2026-09-30
2021-01,수입시장,수입액,일본|3304|442|룩셈부르크,10270.391,USD,UN Comtrade 공개 API,2026-09-30
2021-01,수입시장,수입액,일본|3304|702|싱가포르,22112.683,USD,UN Comtrade 공개 API,2026-09-30
2021-01,수입시장,수입액,일본|3304|826|영국,1898305.855,USD,UN Comtrade 공개 API,2026-09-30
2021-01,수입시장,수입액,일본|3304|528|네덜란드,30396.501,USD,UN Comtrade 공개 API,2026-09-30
2021-01,수입시장,수입액,일본|3304|458|말레이시아,2241925.185,USD,UN Comtrade 공개 API,2026-09-30
2021-01,수입시장,수입액,일본|3304|704|베트남,1765022.213,USD,UN Comtrade 공개 API,2026-09-30
2021-01,수입시장,수입액,일본|3304|710|남아공,2049748.322,USD,UN Comtrade 공개 API,2026-09-30
2021-01,수입시장,수입액,일본|3304|76|브라질,54351.104,USD,UN Comtrade 공개 API,2026-09-30
2021-01,수입시장,수입액,일본|3304|36|호주,474164.202,USD,UN Comtrade 공개 API,2026-09-30
2021-01,수입시장,수입액,일본|3304|40|오스트리아,8794.927,USD,UN Comtrade 공개 API,2026-09-30
2021-01,수입시장,수입액,일본|3304|616|폴란드,43762.475,USD,UN Comtrade 공개 API,2026-09-30
2021-01,수입시장,수입액,일본|3304|276|독일,1841881.386,USD,UN Comtrade 공개 API,2026-09-30
2021-01,수입시장,수입액,일본|3304|410|한국,34751050.638,USD,UN Comtrade 공개 API,2026-09-30
2021-01,수입시장,수입액,일본|3304|156|중국,8255340.607,USD,UN Comtrade 공개 API,2026-09-30
2021-02,수입시장,수입액,일본|3304|757|스위스,1043376.951,USD,UN Comtrade 공개 API,2026-09-30
2021-02,수입시장,수입액,일본|3304|699|인도,136466.056,USD,UN Comtrade 공개 API,2026-09-30
2021-02,수입시장,수입액,일본|3304|251|프랑스,36110626.669,USD,UN Comtrade 공개 API,2026-09-30
2021-02,수입시장,수입액,일본|3304|490|대만,1160303.117,USD,UN Comtrade 공개 API,2026-09-30
2021-02,수입시장,수입액,일본|3304|842|미국,19917771.322,USD,UN Comtrade 공개 API,2026-09-30
2021-02,수입시장,수입액,일본|3304|0|전체,118306153.686,USD,UN Comtrade 공개 API,2026-09-30
2021-02,수입시장,수입액,일본|3304|203|체코,29229.169,USD,UN Comtrade 공개 API,2026-09-30
2021-02,수입시장,수입액,일본|3304|380|이탈리아,4081644.699,USD,UN Comtrade 공개 API,2026-09-30
2021-02,수입시장,수입액,일본|3304|554|뉴질랜드,95649.609,USD,UN Comtrade 공개 API,2026-09-30
2021-02,수입시장,수입액,일본|3304|704|베트남,2810963.508,USD,UN Comtrade 공개 API,2026-09-30
2021-02,수입시장,수입액,일본|3304|372|아일랜드,37314.641,USD,UN Comtrade 공개 API,2026-09-30
2021-02,수입시장,수입액,일본|3304|360|인도네시아,41395.336,USD,UN Comtrade 공개 API,2026-09-30
2021-02,수입시장,수입액,일본|3304|702|싱가포르,14462.745,USD,UN Comtrade 공개 API,2026-09-30
2021-02,수입시장,수입액,일본|3304|144|스리랑카,14462.745,USD,UN Comtrade 공개 API,2026-09-30
2021-02,수입시장,수입액,일본|3304|76|브라질,94653.16,USD,UN Comtrade 공개 API,2026-09-30
2021-02,수입시장,수입액,일본|3304|36|호주,1836920.424,USD,UN Comtrade 공개 API,2026-09-30
2021-02,수입시장,수입액,일본|3304|344|홍콩,2609.747,USD,UN Comtrade 공개 API,2026-09-30
2021-02,수입시장,수입액,일본|3304|764|태국,1091453.24,USD,UN Comtrade 공개 API,2026-09-30
2021-02,수입시장,수입액,일본|3304|458|말레이시아,945990.673,USD,UN Comtrade 공개 API,2026-09-30
2021-02,수입시장,수입액,일본|3304|440|리투아니아,13561.196,USD,UN Comtrade 공개 API,2026-09-30
2021-02,수입시장,수입액,일본|3304|276|독일,2032385.748,USD,UN Comtrade 공개 API,2026-09-30
2021-02,수입시장,수입액,일본|3304|616|폴란드,261126.565,USD,UN Comtrade 공개 API,2026-09-30
2021-02,수입시장,수입액,일본|3304|376|이스라엘,1035149.129,USD,UN Comtrade 공개 API,2026-09-30
2021-02,수입시장,수입액,일본|3304|724|스페인,80588.995,USD,UN Comtrade 공개 API,2026-09-30
2021-02,수입시장,수입액,일본|3304|208|덴마크,68498.748,USD,UN Comtrade 공개 API,2026-09-30
2021-02,수입시장,수입액,일본|3304|804|우크라이나,10021.429,USD,UN Comtrade 공개 API,2026-09-30
2021-02,수입시장,수입액,일본|3304|792|튀르키예,4327.435,USD,UN Comtrade 공개 API,2026-09-30
2021-02,수입시장,수입액,일본|3304|484|멕시코,2325.048,USD,UN Comtrade 공개 API,2026-09-30
2021-02,수입시장,수입액,일본|3304|705|슬로베니아,7516.072,USD,UN Comtrade 공개 API,2026-09-30
2021-02,수입시장,수입액,일본|3304|643|러시아,11036.858,USD,UN Comtrade 공개 API,2026-09-30
2021-02,수입시장,수입액,일본|3304|56|벨기에,518817.753,USD,UN Comtrade 공개 API,2026-09-30
2021-02,수입시장,수입액,일본|3304|300|그리스,2571.787,USD,UN Comtrade 공개 API,2026-09-30
2021-02,수입시장,수입액,일본|3304|826|영국,1640781.311,USD,UN Comtrade 공개 API,2026-09-30
2021-02,수입시장,수입액,일본|3304|504|504,79336.316,USD,UN Comtrade 공개 API,2026-09-30
2021-02,수입시장,수입액,일본|3304|710|남아공,967011.001,USD,UN Comtrade 공개 API,2026-09-30
2021-02,수입시장,수입액,일본|3304|124|캐나다,598600.099,USD,UN Comtrade 공개 API,2026-09-30
2021-02,수입시장,수입액,일본|3304|752|스웨덴,30690.628,USD,UN Comtrade 공개 API,2026-09-30
2021-02,수입시장,수입액,일본|3304|528|네덜란드,22348.926,USD,UN Comtrade 공개 API,2026-09-30
2021-02,수입시장,수입액,일본|3304|608|필리핀,78178.538,USD,UN Comtrade 공개 API,2026-09-30
2021-02,수입시장,수입액,일본|3304|410|한국,34206820.795,USD,UN Comtrade 공개 API,2026-09-30
2021-02,수입시장,수입액,일본|3304|156|중국,7169165.496,USD,UN Comtrade 공개 API,2026-09-30
2021-03,수입시장,수입액,일본|3304|757|스위스,1412274.028,USD,UN Comtrade 공개 API,2026-09-30
2021-03,수입시장,수입액,일본|3304|699|인도,141602.001,USD,UN Comtrade 공개 API,2026-09-30
2021-03,수입시장,수입액,일본|3304|251|프랑스,38461579.457,USD,UN Comtrade 공개 API,2026-09-30
2021-03,수입시장,수입액,일본|3304|490|대만,1399591.053,USD,UN Comtrade 공개 API,2026-09-30
2021-03,수입시장,수입액,일본|3304|842|미국,18106666.8,USD,UN Comtrade 공개 API,2026-09-30
2021-03,수입시장,수입액,일본|3304|0|전체,130959283.425,USD,UN Comtrade 공개 API,2026-09-30
2021-03,수입시장,수입액,일본|3304|144|스리랑카,5853.68,USD,UN Comtrade 공개 API,2026-09-30
2021-03,수입시장,수입액,일본|3304|218|218,10685.728,USD,UN Comtrade 공개 API,2026-09-30
2021-03,수입시장,수입액,일본|3304|524|524,4657.173,USD,UN Comtrade 공개 API,2026-09-30
2021-03,수입시장,수입액,일본|3304|705|슬로베니아,49461.759,USD,UN Comtrade 공개 API,2026-09-30
2021-03,수입시장,수입액,일본|3304|504|504,86673.126,USD,UN Comtrade 공개 API,2026-09-30
2021-03,수입시장,수입액,일본|3304|208|덴마크,53686.349,USD,UN Comtrade 공개 API,2026-09-30
2021-03,수입시장,수입액,일본|3304|484|멕시코,3515.89,USD,UN Comtrade 공개 API,2026-09-30
2021-03,수입시장,수입액,일본|3304|554|뉴질랜드,168256.496,USD,UN Comtrade 공개 API,2026-09-30
2021-03,수입시장,수입액,일본|3304|458|말레이시아,1069134.228,USD,UN Comtrade 공개 API,2026-09-30
2021-03,수입시장,수입액,일본|3304|752|스웨덴,120129.303,USD,UN Comtrade 공개 API,2026-09-30
2021-03,수입시장,수입액,일본|3304|528|네덜란드,55324.643,USD,UN Comtrade 공개 API,2026-09-30
2021-03,수입시장,수입액,일본|3304|372|아일랜드,3258.181,USD,UN Comtrade 공개 API,2026-09-30
2021-03,수입시장,수입액,일본|3304|643|러시아,65633.011,USD,UN Comtrade 공개 API,2026-09-30
2021-03,수입시장,수입액,일본|3304|608|필리핀,244087.428,USD,UN Comtrade 공개 API,2026-09-30
2021-03,수입시장,수입액,일본|3304|784|UAE,21592.349,USD,UN Comtrade 공개 API,2026-09-30
2021-03,수입시장,수입액,일본|3304|344|홍콩,20082.91,USD,UN Comtrade 공개 API,2026-09-30
2021-03,수입시장,수입액,일본|3304|376|이스라엘,1715229.6,USD,UN Comtrade 공개 API,2026-09-30
2021-03,수입시장,수입액,일본|3304|36|호주,1498072.783,USD,UN Comtrade 공개 API,2026-09-30
2021-03,수입시장,수입액,일본|3304|76|브라질,1896.003,USD,UN Comtrade 공개 API,2026-09-30
2021-03,수입시장,수입액,일본|3304|704|베트남,1042728.239,USD,UN Comtrade 공개 API,2026-09-30
2021-03,수입시장,수입액,일본|3304|380|이탈리아,7353152.176,USD,UN Comtrade 공개 API,2026-09-30
2021-03,수입시장,수입액,일본|3304|724|스페인,196926.644,USD,UN Comtrade 공개 API,2026-09-30
2021-03,수입시장,수입액,일본|3304|56|벨기에,515593.274,USD,UN Comtrade 공개 API,2026-09-30
2021-03,수입시장,수입액,일본|3304|826|영국,2335323.955,USD,UN Comtrade 공개 API,2026-09-30
2021-03,수입시장,수입액,일본|3304|100|불가리아,18380.188,USD,UN Comtrade 공개 API,2026-09-30
2021-03,수입시장,수입액,일본|3304|764|태국,1518855.19,USD,UN Comtrade 공개 API,2026-09-30
2021-03,수입시장,수입액,일본|3304|400|요르단,7473.567,USD,UN Comtrade 공개 API,2026-09-30
2021-03,수입시장,수입액,일본|3304|702|싱가포르,9903.396,USD,UN Comtrade 공개 API,2026-09-30
2021-03,수입시장,수입액,일본|3304|203|체코,80662.98,USD,UN Comtrade 공개 API,2026-09-30
2021-03,수입시장,수입액,일본|3304|246|핀란드,17404.575,USD,UN Comtrade 공개 API,2026-09-30
2021-03,수입시장,수입액,일본|3304|440|리투아니아,30998.735,USD,UN Comtrade 공개 API,2026-09-30
2021-03,수입시장,수입액,일본|3304|710|남아공,751535.251,USD,UN Comtrade 공개 API,2026-09-30
2021-03,수입시장,수입액,일본|3304|124|캐나다,991232.418,USD,UN Comtrade 공개 API,2026-09-30
2021-03,수입시장,수입액,일본|3304|360|인도네시아,2982.064,USD,UN Comtrade 공개 API,2026-09-30
2021-03,수입시장,수입액,일본|3304|40|오스트리아,9351.162,USD,UN Comtrade 공개 API,2026-09-30
2021-03,수입시장,수입액,일본|3304|616|폴란드,60672.109,USD,UN Comtrade 공개 API,2026-09-30
2021-03,수입시장,수입액,일본|3304|620|포르투갈,2788.782,USD,UN Comtrade 공개 API,2026-09-30
2021-03,수입시장,수입액,일본|3304|804|우크라이나,5062.145,USD,UN Comtrade 공개 API,2026-09-30
2021-03,수입시장,수입액,일본|3304|792|튀르키예,11891.439,USD,UN Comtrade 공개 API,2026-09-30
2021-03,수입시장,수입액,일본|3304|348|헝가리,4132.551,USD,UN Comtrade 공개 API,2026-09-30
2021-03,수입시장,수입액,일본|3304|276|독일,2229773.63,USD,UN Comtrade 공개 API,2026-09-30
2021-03,수입시장,수입액,일본|3304|410|한국,43582831.902,USD,UN Comtrade 공개 API,2026-09-30
2021-03,수입시장,수입액,일본|3304|156|중국,5460683.074,USD,UN Comtrade 공개 API,2026-09-30
2021-04,수입시장,수입액,일본|3304|757|스위스,1334328.135,USD,UN Comtrade 공개 API,2026-09-30
2021-04,수입시장,수입액,일본|3304|699|인도,141550.333,USD,UN Comtrade 공개 API,2026-09-30
2021-04,수입시장,수입액,일본|3304|251|프랑스,39772482.32,USD,UN Comtrade 공개 API,2026-09-30
2021-04,수입시장,수입액,일본|3304|490|대만,1660861.516,USD,UN Comtrade 공개 API,2026-09-30
2021-04,수입시장,수입액,일본|3304|842|미국,29163528.601,USD,UN Comtrade 공개 API,2026-09-30
2021-04,수입시장,수입액,일본|3304|0|전체,143877401.008,USD,UN Comtrade 공개 API,2026-09-30
2021-04,수입시장,수입액,일본|3304|792|튀르키예,10748.222,USD,UN Comtrade 공개 API,2026-09-30
2021-04,수입시장,수입액,일본|3304|458|말레이시아,1082390.901,USD,UN Comtrade 공개 API,2026-09-30
2021-04,수입시장,수입액,일본|3304|642|루마니아,3426.969,USD,UN Comtrade 공개 API,2026-09-30
2021-04,수입시장,수입액,일본|3304|360|인도네시아,16319.339,USD,UN Comtrade 공개 API,2026-09-30
2021-04,수입시장,수입액,일본|3304|504|504,27553.201,USD,UN Comtrade 공개 API,2026-09-30
2021-04,수입시장,수입액,일본|3304|36|호주,1192988.552,USD,UN Comtrade 공개 API,2026-09-30
2021-04,수입시장,수입액,일본|3304|344|홍콩,129381.842,USD,UN Comtrade 공개 API,2026-09-30
2021-04,수입시장,수입액,일본|3304|528|네덜란드,58295.133,USD,UN Comtrade 공개 API,2026-09-30
2021-04,수입시장,수입액,일본|3304|804|우크라이나,9676.149,USD,UN Comtrade 공개 API,2026-09-30
2021-04,수입시장,수입액,일본|3304|76|브라질,2235.777,USD,UN Comtrade 공개 API,2026-09-30
2021-04,수입시장,수입액,일본|3304|764|태국,896683.974,USD,UN Comtrade 공개 API,2026-09-30
2021-04,수입시장,수입액,일본|3304|440|리투아니아,55051.424,USD,UN Comtrade 공개 API,2026-09-30
2021-04,수입시장,수입액,일본|3304|826|영국,1986231.193,USD,UN Comtrade 공개 API,2026-09-30
2021-04,수입시장,수입액,일본|3304|184|184,2281.592,USD,UN Comtrade 공개 API,2026-09-30
2021-04,수입시장,수입액,일본|3304|372|아일랜드,158135.399,USD,UN Comtrade 공개 API,2026-09-30
2021-04,수입시장,수입액,일본|3304|710|남아공,1919945.907,USD,UN Comtrade 공개 API,2026-09-30
2021-04,수입시장,수입액,일본|3304|40|오스트리아,6075.082,USD,UN Comtrade 공개 API,2026-09-30
2021-04,수입시장,수입액,일본|3304|724|스페인,113987.969,USD,UN Comtrade 공개 API,2026-09-30
2021-04,수입시장,수입액,일본|3304|608|필리핀,205508.213,USD,UN Comtrade 공개 API,2026-09-30
2021-04,수입시장,수입액,일본|3304|203|체코,39181.074,USD,UN Comtrade 공개 API,2026-09-30
2021-04,수입시장,수입액,일본|3304|56|벨기에,794397.182,USD,UN Comtrade 공개 API,2026-09-30
2021-04,수입시장,수입액,일본|3304|554|뉴질랜드,59568.793,USD,UN Comtrade 공개 API,2026-09-30
2021-04,수입시장,수입액,일본|3304|643|러시아,251497.41,USD,UN Comtrade 공개 API,2026-09-30
2021-04,수입시장,수입액,일본|3304|376|이스라엘,427198.318,USD,UN Comtrade 공개 API,2026-09-30
2021-04,수입시장,수입액,일본|3304|442|룩셈부르크,3995.077,USD,UN Comtrade 공개 API,2026-09-30
2021-04,수입시장,수입액,일본|3304|702|싱가포르,8145.925,USD,UN Comtrade 공개 API,2026-09-30
2021-04,수입시장,수입액,일본|3304|233|에스토니아,3903.447,USD,UN Comtrade 공개 API,2026-09-30
2021-04,수입시장,수입액,일본|3304|124|캐나다,582557.323,USD,UN Comtrade 공개 API,2026-09-30
2021-04,수입시장,수입액,일본|3304|616|폴란드,119971.421,USD,UN Comtrade 공개 API,2026-09-30
2021-04,수입시장,수입액,일본|3304|144|스리랑카,13680.389,USD,UN Comtrade 공개 API,2026-09-30
2021-04,수입시장,수입액,일본|3304|380|이탈리아,4671481.693,USD,UN Comtrade 공개 API,2026-09-30
2021-04,수입시장,수입액,일본|3304|100|불가리아,11215.536,USD,UN Comtrade 공개 API,2026-09-30
2021-04,수입시장,수입액,일본|3304|752|스웨덴,46713.076,USD,UN Comtrade 공개 API,2026-09-30
2021-04,수입시장,수입액,일본|3304|208|덴마크,99317.974,USD,UN Comtrade 공개 API,2026-09-30
2021-04,수입시장,수입액,일본|3304|704|베트남,2076496.103,USD,UN Comtrade 공개 API,2026-09-30
2021-04,수입시장,수입액,일본|3304|428|라트비아,4957.194,USD,UN Comtrade 공개 API,2026-09-30
2021-04,수입시장,수입액,일본|3304|276|독일,1941185.787,USD,UN Comtrade 공개 API,2026-09-30
2021-04,수입시장,수입액,일본|3304|410|한국,44979634.162,USD,UN Comtrade 공개 API,2026-09-30
2021-04,수입시장,수입액,일본|3304|156|중국,7792635.381,USD,UN Comtrade 공개 API,2026-09-30
2021-05,수입시장,수입액,일본|3304|757|스위스,666648.134,USD,UN Comtrade 공개 API,2026-09-30
2021-05,수입시장,수입액,일본|3304|699|인도,216267.921,USD,UN Comtrade 공개 API,2026-09-30
2021-05,수입시장,수입액,일본|3304|251|프랑스,34199861.313,USD,UN Comtrade 공개 API,2026-09-30
2021-05,수입시장,수입액,일본|3304|490|대만,1157702.884,USD,UN Comtrade 공개 API,2026-09-30
2021-05,수입시장,수입액,일본|3304|842|미국,19735682.767,USD,UN Comtrade 공개 API,2026-09-30
2021-05,수입시장,수입액,일본|3304|0|전체,125361569.517,USD,UN Comtrade 공개 API,2026-09-30
2021-05,수입시장,수입액,일본|3304|56|벨기에,1021308.461,USD,UN Comtrade 공개 API,2026-09-30
2021-05,수입시장,수입액,일본|3304|442|룩셈부르크,7267.893,USD,UN Comtrade 공개 API,2026-09-30
2021-05,수입시장,수입액,일본|3304|300|그리스,11392.17,USD,UN Comtrade 공개 API,2026-09-30
2021-05,수입시장,수입액,일본|3304|380|이탈리아,4095764.498,USD,UN Comtrade 공개 API,2026-09-30
2021-05,수입시장,수입액,일본|3304|440|리투아니아,3620.199,USD,UN Comtrade 공개 API,2026-09-30
2021-05,수입시장,수입액,일본|3304|372|아일랜드,3106.955,USD,UN Comtrade 공개 API,2026-09-30
2021-05,수입시장,수입액,일본|3304|504|504,15782.233,USD,UN Comtrade 공개 API,2026-09-30
2021-05,수입시장,수입액,일본|3304|36|호주,2989303.465,USD,UN Comtrade 공개 API,2026-09-30
2021-05,수입시장,수입액,일본|3304|702|싱가포르,13573.454,USD,UN Comtrade 공개 API,2026-09-30
2021-05,수입시장,수입액,일본|3304|528|네덜란드,62725.671,USD,UN Comtrade 공개 API,2026-09-30
2021-05,수입시장,수입액,일본|3304|804|우크라이나,22738.514,USD,UN Comtrade 공개 API,2026-09-30
2021-05,수입시장,수입액,일본|3304|826|영국,1794197.971,USD,UN Comtrade 공개 API,2026-09-30
2021-05,수입시장,수입액,일본|3304|360|인도네시아,132361.797,USD,UN Comtrade 공개 API,2026-09-30
2021-05,수입시장,수입액,일본|3304|643|러시아,8807.623,USD,UN Comtrade 공개 API,2026-09-30
2021-05,수입시장,수입액,일본|3304|348|헝가리,24085.778,USD,UN Comtrade 공개 API,2026-09-30
2021-05,수입시장,수입액,일본|3304|76|브라질,65365.208,USD,UN Comtrade 공개 API,2026-09-30
2021-05,수입시장,수입액,일본|3304|40|오스트리아,3666.024,USD,UN Comtrade 공개 API,2026-09-30
2021-05,수입시장,수입액,일본|3304|376|이스라엘,1515671.797,USD,UN Comtrade 공개 API,2026-09-30
2021-05,수입시장,수입액,일본|3304|203|체코,46952.602,USD,UN Comtrade 공개 API,2026-09-30
2021-05,수입시장,수입액,일본|3304|616|폴란드,62056.621,USD,UN Comtrade 공개 API,2026-09-30
2021-05,수입시장,수입액,일본|3304|484|멕시코,13078.541,USD,UN Comtrade 공개 API,2026-09-30
2021-05,수입시장,수입액,일본|3304|344|홍콩,2996.975,USD,UN Comtrade 공개 API,2026-09-30
2021-05,수입시장,수입액,일본|3304|208|덴마크,72642.266,USD,UN Comtrade 공개 API,2026-09-30
2021-05,수입시장,수입액,일본|3304|100|불가리아,10301.527,USD,UN Comtrade 공개 API,2026-09-30
2021-05,수입시장,수입액,일본|3304|124|캐나다,983218.472,USD,UN Comtrade 공개 API,2026-09-30
2021-05,수입시장,수입액,일본|3304|608|필리핀,266510.78,USD,UN Comtrade 공개 API,2026-09-30
2021-05,수입시장,수입액,일본|3304|724|스페인,47878.273,USD,UN Comtrade 공개 API,2026-09-30
2021-05,수입시장,수입액,일본|3304|704|베트남,1624140.283,USD,UN Comtrade 공개 API,2026-09-30
2021-05,수입시장,수입액,일본|3304|752|스웨덴,102327.895,USD,UN Comtrade 공개 API,2026-09-30
2021-05,수입시장,수입액,일본|3304|792|튀르키예,3830.995,USD,UN Comtrade 공개 API,2026-09-30
2021-05,수입시장,수입액,일본|3304|710|남아공,2430317.29,USD,UN Comtrade 공개 API,2026-09-30
2021-05,수입시장,수입액,일본|3304|458|말레이시아,1513041.425,USD,UN Comtrade 공개 API,2026-09-30
2021-05,수입시장,수입액,일본|3304|554|뉴질랜드,100485.718,USD,UN Comtrade 공개 API,2026-09-30
2021-05,수입시장,수입액,일본|3304|764|태국,1732095.524,USD,UN Comtrade 공개 API,2026-09-30
2021-05,수입시장,수입액,일본|3304|144|스리랑카,10778.111,USD,UN Comtrade 공개 API,2026-09-30
2021-05,수입시장,수입액,일본|3304|276|독일,1195453.766,USD,UN Comtrade 공개 API,2026-09-30
2021-05,수입시장,수입액,일본|3304|410|한국,39971530.353,USD,UN Comtrade 공개 API,2026-09-30
2021-05,수입시장,수입액,일본|3304|156|중국,7405029.373,USD,UN Comtrade 공개 API,2026-09-30
2021-06,수입시장,수입액,일본|3304|757|스위스,728988.655,USD,UN Comtrade 공개 API,2026-09-30
2021-06,수입시장,수입액,일본|3304|699|인도,103391.309,USD,UN Comtrade 공개 API,2026-09-30
2021-06,수입시장,수입액,일본|3304|251|프랑스,33447351.986,USD,UN Comtrade 공개 API,2026-09-30
2021-06,수입시장,수입액,일본|3304|490|대만,1511371.328,USD,UN Comtrade 공개 API,2026-09-30
2021-06,수입시장,수입액,일본|3304|842|미국,21670860.237,USD,UN Comtrade 공개 API,2026-09-30
2021-06,수입시장,수입액,일본|3304|0|전체,126964110.213,USD,UN Comtrade 공개 API,2026-09-30
2021-06,수입시장,수입액,일본|3304|642|루마니아,3378.564,USD,UN Comtrade 공개 API,2026-09-30
2021-06,수입시장,수입액,일본|3304|372|아일랜드,168056.289,USD,UN Comtrade 공개 API,2026-09-30
2021-06,수입시장,수입액,일본|3304|504|504,91847.884,USD,UN Comtrade 공개 API,2026-09-30
2021-06,수입시장,수입액,일본|3304|360|인도네시아,60014.913,USD,UN Comtrade 공개 API,2026-09-30
2021-06,수입시장,수입액,일본|3304|554|뉴질랜드,106052.382,USD,UN Comtrade 공개 API,2026-09-30
2021-06,수입시장,수입액,일본|3304|344|홍콩,93192.044,USD,UN Comtrade 공개 API,2026-09-30
2021-06,수입시장,수입액,일본|3304|724|스페인,149673.997,USD,UN Comtrade 공개 API,2026-09-30
2021-06,수입시장,수입액,일본|3304|702|싱가포르,80086.487,USD,UN Comtrade 공개 API,2026-09-30
2021-06,수입시장,수입액,일본|3304|608|필리핀,264990.182,USD,UN Comtrade 공개 API,2026-09-30
2021-06,수입시장,수입액,일본|3304|380|이탈리아,5213850.084,USD,UN Comtrade 공개 API,2026-09-30
2021-06,수입시장,수입액,일본|3304|616|폴란드,115624.979,USD,UN Comtrade 공개 API,2026-09-30
2021-06,수입시장,수입액,일본|3304|705|슬로베니아,9690.665,USD,UN Comtrade 공개 API,2026-09-30
2021-06,수입시장,수입액,일본|3304|56|벨기에,717999.241,USD,UN Comtrade 공개 API,2026-09-30
2021-06,수입시장,수입액,일본|3304|300|그리스,5948.815,USD,UN Comtrade 공개 API,2026-09-30
2021-06,수입시장,수입액,일본|3304|203|체코,11171.057,USD,UN Comtrade 공개 API,2026-09-30
2021-06,수입시장,수입액,일본|3304|124|캐나다,651118.215,USD,UN Comtrade 공개 API,2026-09-30
2021-06,수입시장,수입액,일본|3304|348|헝가리,4877.12,USD,UN Comtrade 공개 API,2026-09-30
2021-06,수입시장,수입액,일본|3304|643|러시아,264899.361,USD,UN Comtrade 공개 API,2026-09-30
2021-06,수입시장,수입액,일본|3304|528|네덜란드,36991.638,USD,UN Comtrade 공개 API,2026-09-30
2021-06,수입시장,수입액,일본|3304|76|브라질,6239.444,USD,UN Comtrade 공개 API,2026-09-30
2021-06,수입시장,수입액,일본|3304|764|태국,2253837.908,USD,UN Comtrade 공개 API,2026-09-30
2021-06,수입시장,수입액,일본|3304|246|핀란드,7865.151,USD,UN Comtrade 공개 API,2026-09-30
2021-06,수입시장,수입액,일본|3304|704|베트남,1726373.301,USD,UN Comtrade 공개 API,2026-09-30
2021-06,수입시장,수입액,일본|3304|826|영국,1858673.126,USD,UN Comtrade 공개 API,2026-09-30
2021-06,수입시장,수입액,일본|3304|710|남아공,1026511.134,USD,UN Comtrade 공개 API,2026-09-30
2021-06,수입시장,수입액,일본|3304|144|스리랑카,4949.777,USD,UN Comtrade 공개 API,2026-09-30
2021-06,수입시장,수입액,일본|3304|208|덴마크,57726.209,USD,UN Comtrade 공개 API,2026-09-30
2021-06,수입시장,수입액,일본|3304|458|말레이시아,1099677.015,USD,UN Comtrade 공개 API,2026-09-30
2021-06,수입시장,수입액,일본|3304|376|이스라엘,1135678.697,USD,UN Comtrade 공개 API,2026-09-30
2021-06,수입시장,수입액,일본|3304|36|호주,323779.004,USD,UN Comtrade 공개 API,2026-09-30
2021-06,수입시장,수입액,일본|3304|792|튀르키예,2879.045,USD,UN Comtrade 공개 API,2026-09-30
2021-06,수입시장,수입액,일본|3304|752|스웨덴,6602.73,USD,UN Comtrade 공개 API,2026-09-30
2021-06,수입시장,수입액,일본|3304|276|독일,2876065.772,USD,UN Comtrade 공개 API,2026-09-30
2021-06,수입시장,수입액,일본|3304|410|한국,40049673.609,USD,UN Comtrade 공개 API,2026-09-30
2021-06,수입시장,수입액,일본|3304|156|중국,9016150.861,USD,UN Comtrade 공개 API,2026-09-30
2021-07,수입시장,수입액,일본|3304|757|스위스,1057802.425,USD,UN Comtrade 공개 API,2026-09-30
2021-07,수입시장,수입액,일본|3304|699|인도,361808.115,USD,UN Comtrade 공개 API,2026-09-30
2021-07,수입시장,수입액,일본|3304|251|프랑스,26926878.396,USD,UN Comtrade 공개 API,2026-09-30
2021-07,수입시장,수입액,일본|3304|490|대만,1375822.127,USD,UN Comtrade 공개 API,2026-09-30
2021-07,수입시장,수입액,일본|3304|842|미국,12485153.045,USD,UN Comtrade 공개 API,2026-09-30
2021-07,수입시장,수입액,일본|3304|0|전체,103255355.76,USD,UN Comtrade 공개 API,2026-09-30
2021-07,수입시장,수입액,일본|3304|724|스페인,74051.798,USD,UN Comtrade 공개 API,2026-09-30
2021-07,수입시장,수입액,일본|3304|704|베트남,2921678.364,USD,UN Comtrade 공개 API,2026-09-30
2021-07,수입시장,수입액,일본|3304|100|불가리아,22093.905,USD,UN Comtrade 공개 API,2026-09-30
2021-07,수입시장,수입액,일본|3304|352|352,35555.392,USD,UN Comtrade 공개 API,2026-09-30
2021-07,수입시장,수입액,일본|3304|300|그리스,12871.47,USD,UN Comtrade 공개 API,2026-09-30
2021-07,수입시장,수입액,일본|3304|524|524,10003.074,USD,UN Comtrade 공개 API,2026-09-30
2021-07,수입시장,수입액,일본|3304|208|덴마크,30916.943,USD,UN Comtrade 공개 API,2026-09-30
2021-07,수입시장,수입액,일본|3304|344|홍콩,8105.94,USD,UN Comtrade 공개 API,2026-09-30
2021-07,수입시장,수입액,일본|3304|804|우크라이나,4593.063,USD,UN Comtrade 공개 API,2026-09-30
2021-07,수입시장,수입액,일본|3304|203|체코,13969.811,USD,UN Comtrade 공개 API,2026-09-30
2021-07,수입시장,수입액,일본|3304|608|필리핀,235072.248,USD,UN Comtrade 공개 API,2026-09-30
2021-07,수입시장,수입액,일본|3304|380|이탈리아,3961671.322,USD,UN Comtrade 공개 API,2026-09-30
2021-07,수입시장,수입액,일본|3304|428|라트비아,9930.457,USD,UN Comtrade 공개 API,2026-09-30
2021-07,수입시장,수입액,일본|3304|554|뉴질랜드,37597.762,USD,UN Comtrade 공개 API,2026-09-30
2021-07,수입시장,수입액,일본|3304|792|튀르키예,3158.866,USD,UN Comtrade 공개 API,2026-09-30
2021-07,수입시장,수입액,일본|3304|484|멕시코,6009.106,USD,UN Comtrade 공개 API,2026-09-30
2021-07,수입시장,수입액,일본|3304|56|벨기에,702620.666,USD,UN Comtrade 공개 API,2026-09-30
2021-07,수입시장,수입액,일본|3304|826|영국,2297448.397,USD,UN Comtrade 공개 API,2026-09-30
2021-07,수입시장,수입액,일본|3304|442|룩셈부르크,48254.395,USD,UN Comtrade 공개 API,2026-09-30
2021-07,수입시장,수입액,일본|3304|124|캐나다,1120843.579,USD,UN Comtrade 공개 API,2026-09-30
2021-07,수입시장,수입액,일본|3304|528|네덜란드,39667.364,USD,UN Comtrade 공개 API,2026-09-30
2021-07,수입시장,수입액,일본|3304|710|남아공,1251718.648,USD,UN Comtrade 공개 API,2026-09-30
2021-07,수입시장,수입액,일본|3304|504|504,22230.063,USD,UN Comtrade 공개 API,2026-09-30
2021-07,수입시장,수입액,일본|3304|376|이스라엘,961511.487,USD,UN Comtrade 공개 API,2026-09-30
2021-07,수입시장,수입액,일본|3304|144|스리랑카,44178.732,USD,UN Comtrade 공개 API,2026-09-30
2021-07,수입시장,수입액,일본|3304|458|말레이시아,1001796.101,USD,UN Comtrade 공개 API,2026-09-30
2021-07,수입시장,수입액,일본|3304|616|폴란드,16556.813,USD,UN Comtrade 공개 API,2026-09-30
2021-07,수입시장,수입액,일본|3304|705|슬로베니아,3585.494,USD,UN Comtrade 공개 API,2026-09-30
2021-07,수입시장,수입액,일본|3304|764|태국,821613.681,USD,UN Comtrade 공개 API,2026-09-30
2021-07,수입시장,수입액,일본|3304|752|스웨덴,19279.973,USD,UN Comtrade 공개 API,2026-09-30
2021-07,수입시장,수입액,일본|3304|360|인도네시아,68787.022,USD,UN Comtrade 공개 API,2026-09-30
2021-07,수입시장,수입액,일본|3304|40|오스트리아,2396.381,USD,UN Comtrade 공개 API,2026-09-30
2021-07,수입시장,수입액,일본|3304|620|포르투갈,2741.314,USD,UN Comtrade 공개 API,2026-09-30
2021-07,수입시장,수입액,일본|3304|258|258,5174.004,USD,UN Comtrade 공개 API,2026-09-30
2021-07,수입시장,수입액,일본|3304|702|싱가포르,80796.157,USD,UN Comtrade 공개 API,2026-09-30
2021-07,수입시장,수입액,일본|3304|36|호주,1758970.739,USD,UN Comtrade 공개 API,2026-09-30
2021-07,수입시장,수입액,일본|3304|400|요르단,4275.361,USD,UN Comtrade 공개 API,2026-09-30
2021-07,수입시장,수입액,일본|3304|276|독일,1536452.258,USD,UN Comtrade 공개 API,2026-09-30
2021-07,수입시장,수입액,일본|3304|410|한국,35879875.068,USD,UN Comtrade 공개 API,2026-09-30
2021-07,수입시장,수입액,일본|3304|156|중국,5969838.433,USD,UN Comtrade 공개 API,2026-09-30
2021-08,수입시장,수입액,일본|3304|410|한국,31955265.444,USD,UN Comtrade 공개 API,2026-09-30
2021-08,수입시장,수입액,일본|3304|616|폴란드,621263.767,USD,UN Comtrade 공개 API,2026-09-30
2021-08,수입시장,수입액,일본|3304|300|그리스,2039.408,USD,UN Comtrade 공개 API,2026-09-30
2021-08,수입시장,수입액,일본|3304|642|루마니아,3068.216,USD,UN Comtrade 공개 API,2026-09-30
2021-08,수입시장,수입액,일본|3304|792|튀르키예,4634.19,USD,UN Comtrade 공개 API,2026-09-30
2021-08,수입시장,수입액,일본|3304|524|524,32239.034,USD,UN Comtrade 공개 API,2026-09-30
2021-08,수입시장,수입액,일본|3304|620|포르투갈,2348.961,USD,UN Comtrade 공개 API,2026-09-30
2021-08,수입시장,수입액,일본|3304|36|호주,338751.132,USD,UN Comtrade 공개 API,2026-09-30
2021-08,수입시장,수입액,일본|3304|752|스웨덴,38521.139,USD,UN Comtrade 공개 API,2026-09-30
2021-08,수입시장,수입액,일본|3304|504|504,54444.91,USD,UN Comtrade 공개 API,2026-09-30
2021-08,수입시장,수입액,일본|3304|380|이탈리아,6209369.15,USD,UN Comtrade 공개 API,2026-09-30
2021-08,수입시장,수입액,일본|3304|144|스리랑카,41571.147,USD,UN Comtrade 공개 API,2026-09-30
2021-08,수입시장,수입액,일본|3304|0|전체,121891983.764,USD,UN Comtrade 공개 API,2026-09-30
2021-08,수입시장,수입액,일본|3304|842|미국,18588930.785,USD,UN Comtrade 공개 API,2026-09-30
2021-08,수입시장,수입액,일본|3304|124|캐나다,2060266.41,USD,UN Comtrade 공개 API,2026-09-30
2021-08,수입시장,수입액,일본|3304|100|불가리아,20913.036,USD,UN Comtrade 공개 API,2026-09-30
2021-08,수입시장,수입액,일본|3304|203|체코,49209.823,USD,UN Comtrade 공개 API,2026-09-30
2021-08,수입시장,수입액,일본|3304|458|말레이시아,1573476.108,USD,UN Comtrade 공개 API,2026-09-30
2021-08,수입시장,수입액,일본|3304|56|벨기에,750429.308,USD,UN Comtrade 공개 API,2026-09-30
2021-08,수입시장,수입액,일본|3304|376|이스라엘,1940524.025,USD,UN Comtrade 공개 API,2026-09-30
2021-08,수입시장,수입액,일본|3304|352|352,31474.256,USD,UN Comtrade 공개 API,2026-09-30
2021-08,수입시장,수입액,일본|3304|699|인도,176144.761,USD,UN Comtrade 공개 API,2026-09-30
2021-08,수입시장,수입액,일본|3304|643|러시아,18627.807,USD,UN Comtrade 공개 API,2026-09-30
2021-08,수입시장,수입액,일본|3304|826|영국,2586816.063,USD,UN Comtrade 공개 API,2026-09-30
2021-08,수입시장,수입액,일본|3304|528|네덜란드,48390.417,USD,UN Comtrade 공개 API,2026-09-30
2021-08,수입시장,수입액,일본|3304|608|필리핀,216614.264,USD,UN Comtrade 공개 API,2026-09-30
2021-08,수입시장,수입액,일본|3304|442|룩셈부르크,8967.932,USD,UN Comtrade 공개 API,2026-09-30
2021-08,수입시장,수입액,일본|3304|710|남아공,3105299.128,USD,UN Comtrade 공개 API,2026-09-30
2021-08,수입시장,수입액,일본|3304|702|싱가포르,51149.081,USD,UN Comtrade 공개 API,2026-09-30
2021-08,수입시장,수입액,일본|3304|724|스페인,107833.698,USD,UN Comtrade 공개 API,2026-09-30
2021-08,수입시장,수입액,일본|3304|360|인도네시아,6582.553,USD,UN Comtrade 공개 API,2026-09-30
2021-08,수입시장,수입액,일본|3304|208|덴마크,59698.207,USD,UN Comtrade 공개 API,2026-09-30
2021-08,수입시장,수입액,일본|3304|490|대만,1536375.271,USD,UN Comtrade 공개 API,2026-09-30
2021-08,수입시장,수입액,일본|3304|764|태국,965422.971,USD,UN Comtrade 공개 API,2026-09-30
2021-08,수입시장,수입액,일본|3304|372|아일랜드,94213.366,USD,UN Comtrade 공개 API,2026-09-30
2021-08,수입시장,수입액,일본|3304|251|프랑스,33494572.363,USD,UN Comtrade 공개 API,2026-09-30
2021-08,수입시장,수입액,일본|3304|348|헝가리,2649.409,USD,UN Comtrade 공개 API,2026-09-30
2021-08,수입시장,수입액,일본|3304|276|독일,2655782.65,USD,UN Comtrade 공개 API,2026-09-30
2021-08,수입시장,수입액,일본|3304|484|멕시코,13966.303,USD,UN Comtrade 공개 API,2026-09-30
2021-08,수입시장,수입액,일본|3304|246|핀란드,9760.024,USD,UN Comtrade 공개 API,2026-09-30
2021-08,수입시장,수입액,일본|3304|757|스위스,785445.215,USD,UN Comtrade 공개 API,2026-09-30
2021-08,수입시장,수입액,일본|3304|156|중국,10779227.252,USD,UN Comtrade 공개 API,2026-09-30
2021-08,수입시장,수입액,일본|3304|704|베트남,700864.41,USD,UN Comtrade 공개 API,2026-09-30
2021-08,수입시장,수입액,일본|3304|76|브라질,8986.141,USD,UN Comtrade 공개 API,2026-09-30
2021-08,수입시장,수입액,일본|3304|554|뉴질랜드,139854.225,USD,UN Comtrade 공개 API,2026-09-30
2021-09,수입시장,수입액,일본|3304|757|스위스,744201.341,USD,UN Comtrade 공개 API,2026-09-30
2021-09,수입시장,수입액,일본|3304|699|인도,94167.214,USD,UN Comtrade 공개 API,2026-09-30
2021-09,수입시장,수입액,일본|3304|251|프랑스,34844763.4,USD,UN Comtrade 공개 API,2026-09-30
2021-09,수입시장,수입액,일본|3304|490|대만,1600452.504,USD,UN Comtrade 공개 API,2026-09-30
2021-09,수입시장,수입액,일본|3304|842|미국,16633809.537,USD,UN Comtrade 공개 API,2026-09-30
2021-09,수입시장,수입액,일본|3304|0|전체,115603859.865,USD,UN Comtrade 공개 API,2026-09-30
2021-09,수입시장,수입액,일본|3304|458|말레이시아,2765171.834,USD,UN Comtrade 공개 API,2026-09-30
2021-09,수입시장,수입액,일본|3304|705|슬로베니아,9798.689,USD,UN Comtrade 공개 API,2026-09-30
2021-09,수입시장,수입액,일본|3304|804|우크라이나,13391.541,USD,UN Comtrade 공개 API,2026-09-30
2021-09,수입시장,수입액,일본|3304|40|오스트리아,7358.089,USD,UN Comtrade 공개 API,2026-09-30
2021-09,수입시장,수입액,일본|3304|348|헝가리,5407.425,USD,UN Comtrade 공개 API,2026-09-30
2021-09,수입시장,수입액,일본|3304|56|벨기에,826129.267,USD,UN Comtrade 공개 API,2026-09-30
2021-09,수입시장,수입액,일본|3304|208|덴마크,45092.114,USD,UN Comtrade 공개 API,2026-09-30
2021-09,수입시장,수입액,일본|3304|144|스리랑카,3275.302,USD,UN Comtrade 공개 API,2026-09-30
2021-09,수입시장,수입액,일본|3304|372|아일랜드,92289.132,USD,UN Comtrade 공개 API,2026-09-30
2021-09,수입시장,수입액,일본|3304|826|영국,2012160.745,USD,UN Comtrade 공개 API,2026-09-30
2021-09,수입시장,수입액,일본|3304|764|태국,1042807.31,USD,UN Comtrade 공개 API,2026-09-30
2021-09,수입시장,수입액,일본|3304|36|호주,3269650.068,USD,UN Comtrade 공개 API,2026-09-30
2021-09,수입시장,수입액,일본|3304|642|루마니아,2077.685,USD,UN Comtrade 공개 API,2026-09-30
2021-09,수입시장,수입액,일본|3304|702|싱가포르,27164.143,USD,UN Comtrade 공개 API,2026-09-30
2021-09,수입시장,수입액,일본|3304|380|이탈리아,4152021.995,USD,UN Comtrade 공개 API,2026-09-30
2021-09,수입시장,수입액,일본|3304|752|스웨덴,34132.099,USD,UN Comtrade 공개 API,2026-09-30
2021-09,수입시장,수입액,일본|3304|124|캐나다,1196265.664,USD,UN Comtrade 공개 API,2026-09-30
2021-09,수입시장,수입액,일본|3304|504|504,49501.524,USD,UN Comtrade 공개 API,2026-09-30
2021-09,수입시장,수입액,일본|3304|376|이스라엘,642149.812,USD,UN Comtrade 공개 API,2026-09-30
2021-09,수입시장,수입액,일본|3304|528|네덜란드,65288.301,USD,UN Comtrade 공개 API,2026-09-30
2021-09,수입시장,수입액,일본|3304|554|뉴질랜드,177891.566,USD,UN Comtrade 공개 API,2026-09-30
2021-09,수입시장,수입액,일본|3304|608|필리핀,88687.207,USD,UN Comtrade 공개 API,2026-09-30
2021-09,수입시장,수입액,일본|3304|76|브라질,22527.911,USD,UN Comtrade 공개 API,2026-09-30
2021-09,수입시장,수입액,일본|3304|246|핀란드,1923.446,USD,UN Comtrade 공개 API,2026-09-30
2021-09,수입시장,수입액,일본|3304|616|폴란드,91000.786,USD,UN Comtrade 공개 API,2026-09-30
2021-09,수입시장,수입액,일본|3304|643|러시아,30058.385,USD,UN Comtrade 공개 API,2026-09-30
2021-09,수입시장,수입액,일본|3304|360|인도네시아,2023.248,USD,UN Comtrade 공개 API,2026-09-30
2021-09,수입시장,수입액,일본|3304|724|스페인,90955.421,USD,UN Comtrade 공개 API,2026-09-30
2021-09,수입시장,수입액,일본|3304|704|베트남,380388.728,USD,UN Comtrade 공개 API,2026-09-30
2021-09,수입시장,수입액,일본|3304|710|남아공,1567989.811,USD,UN Comtrade 공개 API,2026-09-30
2021-09,수입시장,수입액,일본|3304|344|홍콩,118473.406,USD,UN Comtrade 공개 API,2026-09-30
2021-09,수입시장,수입액,일본|3304|276|독일,1317243.179,USD,UN Comtrade 공개 API,2026-09-30
2021-09,수입시장,수입액,일본|3304|410|한국,34720247.47,USD,UN Comtrade 공개 API,2026-09-30
2021-09,수입시장,수입액,일본|3304|156|중국,6815922.565,USD,UN Comtrade 공개 API,2026-09-30
2021-10,수입시장,수입액,일본|3304|757|스위스,1014947.489,USD,UN Comtrade 공개 API,2026-09-30
2021-10,수입시장,수입액,일본|3304|699|인도,93788.368,USD,UN Comtrade 공개 API,2026-09-30
2021-10,수입시장,수입액,일본|3304|251|프랑스,36564115.772,USD,UN Comtrade 공개 API,2026-09-30
2021-10,수입시장,수입액,일본|3304|490|대만,1652001.223,USD,UN Comtrade 공개 API,2026-09-30
2021-10,수입시장,수입액,일본|3304|842|미국,10958185.207,USD,UN Comtrade 공개 API,2026-09-30
2021-10,수입시장,수입액,일본|3304|0|전체,116750147.433,USD,UN Comtrade 공개 API,2026-09-30
2021-10,수입시장,수입액,일본|3304|400|요르단,4791.074,USD,UN Comtrade 공개 API,2026-09-30
2021-10,수입시장,수입액,일본|3304|458|말레이시아,2840054.991,USD,UN Comtrade 공개 API,2026-09-30
2021-10,수입시장,수입액,일본|3304|440|리투아니아,13268.27,USD,UN Comtrade 공개 API,2026-09-30
2021-10,수입시장,수입액,일본|3304|428|라트비아,2280.622,USD,UN Comtrade 공개 API,2026-09-30
2021-10,수입시장,수입액,일본|3304|348|헝가리,12861.647,USD,UN Comtrade 공개 API,2026-09-30
2021-10,수입시장,수입액,일본|3304|344|홍콩,19526.721,USD,UN Comtrade 공개 API,2026-09-30
2021-10,수입시장,수입액,일본|3304|376|이스라엘,1674904.679,USD,UN Comtrade 공개 API,2026-09-30
2021-10,수입시장,수입액,일본|3304|380|이탈리아,4917542.483,USD,UN Comtrade 공개 API,2026-09-30
2021-10,수입시장,수입액,일본|3304|792|튀르키예,8795.422,USD,UN Comtrade 공개 API,2026-09-30
2021-10,수입시장,수입액,일본|3304|826|영국,2715053.925,USD,UN Comtrade 공개 API,2026-09-30
2021-10,수입시장,수입액,일본|3304|804|우크라이나,7655.111,USD,UN Comtrade 공개 API,2026-09-30
2021-10,수입시장,수입액,일본|3304|203|체코,36896.574,USD,UN Comtrade 공개 API,2026-09-30
2021-10,수입시장,수입액,일본|3304|208|덴마크,102955.054,USD,UN Comtrade 공개 API,2026-09-30
2021-10,수입시장,수입액,일본|3304|246|핀란드,12596.459,USD,UN Comtrade 공개 API,2026-09-30
2021-10,수입시장,수입액,일본|3304|218|218,2112.669,USD,UN Comtrade 공개 API,2026-09-30
2021-10,수입시장,수입액,일본|3304|616|폴란드,255137.952,USD,UN Comtrade 공개 API,2026-09-30
2021-10,수입시장,수입액,일본|3304|608|필리핀,396527.674,USD,UN Comtrade 공개 API,2026-09-30
2021-10,수입시장,수입액,일본|3304|528|네덜란드,67791.046,USD,UN Comtrade 공개 API,2026-09-30
2021-10,수입시장,수입액,일본|3304|554|뉴질랜드,50845.494,USD,UN Comtrade 공개 API,2026-09-30
2021-10,수입시장,수입액,일본|3304|764|태국,1303622.96,USD,UN Comtrade 공개 API,2026-09-30
2021-10,수입시장,수입액,일본|3304|705|슬로베니아,44145.062,USD,UN Comtrade 공개 API,2026-09-30
2021-10,수입시장,수입액,일본|3304|710|남아공,2426493.369,USD,UN Comtrade 공개 API,2026-09-30
2021-10,수입시장,수입액,일본|3304|752|스웨덴,20746.588,USD,UN Comtrade 공개 API,2026-09-30
2021-10,수입시장,수입액,일본|3304|724|스페인,134132.394,USD,UN Comtrade 공개 API,2026-09-30
2021-10,수입시장,수입액,일본|3304|76|브라질,16105.788,USD,UN Comtrade 공개 API,2026-09-30
2021-10,수입시장,수입액,일본|3304|56|벨기에,582274.609,USD,UN Comtrade 공개 API,2026-09-30
2021-10,수입시장,수입액,일본|3304|36|호주,1895462.037,USD,UN Comtrade 공개 API,2026-09-30
2021-10,수입시장,수입액,일본|3304|40|오스트리아,4234.178,USD,UN Comtrade 공개 API,2026-09-30
2021-10,수입시장,수입액,일본|3304|484|멕시코,14134.552,USD,UN Comtrade 공개 API,2026-09-30
2021-10,수입시장,수입액,일본|3304|504|504,72016.384,USD,UN Comtrade 공개 API,2026-09-30
2021-10,수입시장,수입액,일본|3304|496|몽골,4525.885,USD,UN Comtrade 공개 API,2026-09-30
2021-10,수입시장,수입액,일본|3304|144|스리랑카,27827.124,USD,UN Comtrade 공개 API,2026-09-30
2021-10,수입시장,수입액,일본|3304|124|캐나다,1594985.674,USD,UN Comtrade 공개 API,2026-09-30
2021-10,수입시장,수입액,일본|3304|704|베트남,885889.037,USD,UN Comtrade 공개 API,2026-09-30
2021-10,수입시장,수입액,일본|3304|702|싱가포르,11394.27,USD,UN Comtrade 공개 API,2026-09-30
2021-10,수입시장,수입액,일본|3304|276|독일,1846720.373,USD,UN Comtrade 공개 API,2026-09-30
2021-10,수입시장,수입액,일본|3304|410|한국,35995958.036,USD,UN Comtrade 공개 API,2026-09-30
2021-10,수입시장,수입액,일본|3304|156|중국,6444843.187,USD,UN Comtrade 공개 API,2026-09-30
2021-11,수입시장,수입액,일본|3304|757|스위스,1491179.382,USD,UN Comtrade 공개 API,2026-09-30
2021-11,수입시장,수입액,일본|3304|699|인도,247908.649,USD,UN Comtrade 공개 API,2026-09-30
2021-11,수입시장,수입액,일본|3304|251|프랑스,32905957.094,USD,UN Comtrade 공개 API,2026-09-30
2021-11,수입시장,수입액,일본|3304|490|대만,914111.616,USD,UN Comtrade 공개 API,2026-09-30
2021-11,수입시장,수입액,일본|3304|842|미국,16815742.065,USD,UN Comtrade 공개 API,2026-09-30
2021-11,수입시장,수입액,일본|3304|36|호주,1596820.777,USD,UN Comtrade 공개 API,2026-09-30
2021-11,수입시장,수입액,일본|3304|40|오스트리아,7630.387,USD,UN Comtrade 공개 API,2026-09-30
2021-11,수입시장,수입액,일본|3304|56|벨기에,1245551.078,USD,UN Comtrade 공개 API,2026-09-30
2021-11,수입시장,수입액,일본|3304|76|브라질,136671.636,USD,UN Comtrade 공개 API,2026-09-30
2021-11,수입시장,수입액,일본|3304|100|불가리아,7218.171,USD,UN Comtrade 공개 API,2026-09-30
2021-11,수입시장,수입액,일본|3304|124|캐나다,837939.302,USD,UN Comtrade 공개 API,2026-09-30
2021-11,수입시장,수입액,일본|3304|144|스리랑카,5981.522,USD,UN Comtrade 공개 API,2026-09-30
2021-11,수입시장,수입액,일본|3304|203|체코,13269.857,USD,UN Comtrade 공개 API,2026-09-30
2021-11,수입시장,수입액,일본|3304|208|덴마크,33643.868,USD,UN Comtrade 공개 API,2026-09-30
2021-11,수입시장,수입액,일본|3304|218|218,2166.328,USD,UN Comtrade 공개 API,2026-09-30
2021-11,수입시장,수입액,일본|3304|233|에스토니아,9480.975,USD,UN Comtrade 공개 API,2026-09-30
2021-11,수입시장,수입액,일본|3304|246|핀란드,10165.079,USD,UN Comtrade 공개 API,2026-09-30
2021-11,수입시장,수입액,일본|3304|288|288,2280.346,USD,UN Comtrade 공개 API,2026-09-30
2021-11,수입시장,수입액,일본|3304|344|홍콩,28302.597,USD,UN Comtrade 공개 API,2026-09-30
2021-11,수입시장,수입액,일본|3304|348|헝가리,11954.273,USD,UN Comtrade 공개 API,2026-09-30
2021-11,수입시장,수입액,일본|3304|352|352,62630.569,USD,UN Comtrade 공개 API,2026-09-30
2021-11,수입시장,수입액,일본|3304|372|아일랜드,102054.236,USD,UN Comtrade 공개 API,2026-09-30
2021-11,수입시장,수입액,일본|3304|376|이스라엘,1281317.422,USD,UN Comtrade 공개 API,2026-09-30
2021-11,수입시장,수입액,일본|3304|380|이탈리아,4527064.873,USD,UN Comtrade 공개 API,2026-09-30
2021-11,수입시장,수입액,일본|3304|428|라트비아,2025.999,USD,UN Comtrade 공개 API,2026-09-30
2021-11,수입시장,수입액,일본|3304|440|리투아니아,7490.058,USD,UN Comtrade 공개 API,2026-09-30
2021-11,수입시장,수입액,일본|3304|442|룩셈부르크,3709.947,USD,UN Comtrade 공개 API,2026-09-30
2021-11,수입시장,수입액,일본|3304|458|말레이시아,2533656.914,USD,UN Comtrade 공개 API,2026-09-30
2021-11,수입시장,수입액,일본|3304|504|504,85442.796,USD,UN Comtrade 공개 API,2026-09-30
2021-11,수입시장,수입액,일본|3304|524|524,9998.438,USD,UN Comtrade 공개 API,2026-09-30
2021-11,수입시장,수입액,일본|3304|528|네덜란드,32924.682,USD,UN Comtrade 공개 API,2026-09-30
2021-11,수입시장,수입액,일본|3304|554|뉴질랜드,64305.746,USD,UN Comtrade 공개 API,2026-09-30
2021-11,수입시장,수입액,일본|3304|608|필리핀,97151.493,USD,UN Comtrade 공개 API,2026-09-30
2021-11,수입시장,수입액,일본|3304|616|폴란드,193715.359,USD,UN Comtrade 공개 API,2026-09-30
2021-11,수입시장,수입액,일본|3304|643|러시아,17014.886,USD,UN Comtrade 공개 API,2026-09-30
2021-11,수입시장,수입액,일본|3304|702|싱가포르,20382.781,USD,UN Comtrade 공개 API,2026-09-30
2021-11,수입시장,수입액,일본|3304|704|베트남,2633658.839,USD,UN Comtrade 공개 API,2026-09-30
2021-11,수입시장,수입액,일본|3304|705|슬로베니아,1868.129,USD,UN Comtrade 공개 API,2026-09-30
2021-11,수입시장,수입액,일본|3304|710|남아공,669728.732,USD,UN Comtrade 공개 API,2026-09-30
2021-11,수입시장,수입액,일본|3304|724|스페인,43282.714,USD,UN Comtrade 공개 API,2026-09-30
2021-11,수입시장,수입액,일본|3304|752|스웨덴,97896.991,USD,UN Comtrade 공개 API,2026-09-30
2021-11,수입시장,수입액,일본|3304|764|태국,1647207.644,USD,UN Comtrade 공개 API,2026-09-30
2021-11,수입시장,수입액,일본|3304|826|영국,2622476.375,USD,UN Comtrade 공개 API,2026-09-30
2021-11,수입시장,수입액,일본|3304|276|독일,1630262.922,USD,UN Comtrade 공개 API,2026-09-30
2021-11,수입시장,수입액,일본|3304|410|한국,44942235.11,USD,UN Comtrade 공개 API,2026-09-30
2021-11,수입시장,수입액,일본|3304|156|중국,8780128.681,USD,UN Comtrade 공개 API,2026-09-30
2021-11,수입시장,수입액,일본|3304|804|우크라이나,2894.285,USD,UN Comtrade 공개 API,2026-09-30
2021-11,수입시장,수입액,일본|3304|0|전체,128436501.627,USD,UN Comtrade 공개 API,2026-09-30
2021-12,수입시장,수입액,일본|3304|757|스위스,1638309.854,USD,UN Comtrade 공개 API,2026-09-30
2021-12,수입시장,수입액,일본|3304|699|인도,206721.77,USD,UN Comtrade 공개 API,2026-09-30
2021-12,수입시장,수입액,일본|3304|251|프랑스,33200544.279,USD,UN Comtrade 공개 API,2026-09-30
2021-12,수입시장,수입액,일본|3304|490|대만,1665365.788,USD,UN Comtrade 공개 API,2026-09-30
2021-12,수입시장,수입액,일본|3304|842|미국,15527492.036,USD,UN Comtrade 공개 API,2026-09-30
2021-12,수입시장,수입액,일본|3304|0|전체,120726191.387,USD,UN Comtrade 공개 API,2026-09-30
2021-12,수입시장,수입액,일본|3304|36|호주,1828519.935,USD,UN Comtrade 공개 API,2026-09-30
2021-12,수입시장,수입액,일본|3304|40|오스트리아,3247.768,USD,UN Comtrade 공개 API,2026-09-30
2021-12,수입시장,수입액,일본|3304|56|벨기에,993227.384,USD,UN Comtrade 공개 API,2026-09-30
2021-12,수입시장,수입액,일본|3304|100|불가리아,6636.361,USD,UN Comtrade 공개 API,2026-09-30
2021-12,수입시장,수입액,일본|3304|124|캐나다,1646504.088,USD,UN Comtrade 공개 API,2026-09-30
2021-12,수입시장,수입액,일본|3304|144|스리랑카,11723.651,USD,UN Comtrade 공개 API,2026-09-30
2021-12,수입시장,수입액,일본|3304|203|체코,5087.29,USD,UN Comtrade 공개 API,2026-09-30
2021-12,수입시장,수입액,일본|3304|208|덴마크,83482.607,USD,UN Comtrade 공개 API,2026-09-30
2021-12,수입시장,수입액,일본|3304|246|핀란드,39747.755,USD,UN Comtrade 공개 API,2026-09-30
2021-12,수입시장,수입액,일본|3304|344|홍콩,4858.45,USD,UN Comtrade 공개 API,2026-09-30
2021-12,수입시장,수입액,일본|3304|348|헝가리,10544.245,USD,UN Comtrade 공개 API,2026-09-30
2021-12,수입시장,수입액,일본|3304|372|아일랜드,134434.722,USD,UN Comtrade 공개 API,2026-09-30
2021-12,수입시장,수입액,일본|3304|376|이스라엘,1557194.861,USD,UN Comtrade 공개 API,2026-09-30
2021-12,수입시장,수입액,일본|3304|380|이탈리아,4131698.121,USD,UN Comtrade 공개 API,2026-09-30
2021-12,수입시장,수입액,일본|3304|442|룩셈부르크,2930.913,USD,UN Comtrade 공개 API,2026-09-30
2021-12,수입시장,수입액,일본|3304|458|말레이시아,1884585.745,USD,UN Comtrade 공개 API,2026-09-30
2021-12,수입시장,수입액,일본|3304|484|멕시코,6997.224,USD,UN Comtrade 공개 API,2026-09-30
2021-12,수입시장,수입액,일본|3304|504|504,22787.187,USD,UN Comtrade 공개 API,2026-09-30
2021-12,수입시장,수입액,일본|3304|528|네덜란드,138870.698,USD,UN Comtrade 공개 API,2026-09-30
2021-12,수입시장,수입액,일본|3304|554|뉴질랜드,99659.837,USD,UN Comtrade 공개 API,2026-09-30
2021-12,수입시장,수입액,일본|3304|608|필리핀,160100.013,USD,UN Comtrade 공개 API,2026-09-30
2021-12,수입시장,수입액,일본|3304|616|폴란드,284096.108,USD,UN Comtrade 공개 API,2026-09-30
2021-12,수입시장,수입액,일본|3304|643|러시아,11054.734,USD,UN Comtrade 공개 API,2026-09-30
2021-12,수입시장,수입액,일본|3304|702|싱가포르,5729.803,USD,UN Comtrade 공개 API,2026-09-30
2021-12,수입시장,수입액,일본|3304|704|베트남,1316895.216,USD,UN Comtrade 공개 API,2026-09-30
2021-12,수입시장,수입액,일본|3304|705|슬로베니아,55132.847,USD,UN Comtrade 공개 API,2026-09-30
2021-12,수입시장,수입액,일본|3304|710|남아공,938675.439,USD,UN Comtrade 공개 API,2026-09-30
2021-12,수입시장,수입액,일본|3304|724|스페인,137251.215,USD,UN Comtrade 공개 API,2026-09-30
2021-12,수입시장,수입액,일본|3304|752|스웨덴,44835.045,USD,UN Comtrade 공개 API,2026-09-30
2021-12,수입시장,수입액,일본|3304|764|태국,848547.67,USD,UN Comtrade 공개 API,2026-09-30
2021-12,수입시장,수입액,일본|3304|788|788,18395.219,USD,UN Comtrade 공개 API,2026-09-30
2021-12,수입시장,수입액,일본|3304|826|영국,2535318.803,USD,UN Comtrade 공개 API,2026-09-30
2021-12,수입시장,수입액,일본|3304|276|독일,1990978.76,USD,UN Comtrade 공개 API,2026-09-30
2021-12,수입시장,수입액,일본|3304|410|한국,38395283.599,USD,UN Comtrade 공개 API,2026-09-30
2021-12,수입시장,수입액,일본|3304|156|중국,9132724.347,USD,UN Comtrade 공개 API,2026-09-30
2022-01,수입시장,수입액,일본|3304|300|그리스,12790.157,USD,UN Comtrade 공개 API,2026-09-30
2022-01,수입시장,수입액,일본|3304|208|덴마크,39101.835,USD,UN Comtrade 공개 API,2026-09-30
2022-01,수입시장,수입액,일본|3304|699|인도,555932.14,USD,UN Comtrade 공개 API,2026-09-30
2022-01,수입시장,수입액,일본|3304|704|베트남,2352091.586,USD,UN Comtrade 공개 API,2026-09-30
2022-01,수입시장,수입액,일본|3304|757|스위스,921875.162,USD,UN Comtrade 공개 API,2026-09-30
2022-01,수입시장,수입액,일본|3304|484|멕시코,2542.359,USD,UN Comtrade 공개 API,2026-09-30
2022-01,수입시장,수입액,일본|3304|490|대만,1787330.842,USD,UN Comtrade 공개 API,2026-09-30
2022-01,수입시장,수입액,일본|3304|442|룩셈부르크,2011.25,USD,UN Comtrade 공개 API,2026-09-30
2022-01,수입시장,수입액,일본|3304|642|루마니아,6347.192,USD,UN Comtrade 공개 API,2026-09-30
2022-01,수입시장,수입액,일본|3304|554|뉴질랜드,101076.196,USD,UN Comtrade 공개 API,2026-09-30
2022-01,수입시장,수입액,일본|3304|203|체코,22219.524,USD,UN Comtrade 공개 API,2026-09-30
2022-01,수입시장,수입액,일본|3304|156|중국,10155114.742,USD,UN Comtrade 공개 API,2026-09-30
2022-01,수입시장,수입액,일본|3304|100|불가리아,4736.45,USD,UN Comtrade 공개 API,2026-09-30
2022-01,수입시장,수입액,일본|3304|36|호주,2105552.386,USD,UN Comtrade 공개 API,2026-09-30
2022-01,수입시장,수입액,일본|3304|826|영국,1890070.02,USD,UN Comtrade 공개 API,2026-09-30
2022-01,수입시장,수입액,일본|3304|352|352,52989.037,USD,UN Comtrade 공개 API,2026-09-30
2022-01,수입시장,수입액,일본|3304|344|홍콩,76436.207,USD,UN Comtrade 공개 API,2026-09-30
2022-01,수입시장,수입액,일본|3304|428|라트비아,7139.502,USD,UN Comtrade 공개 API,2026-09-30
2022-01,수입시장,수입액,일본|3304|458|말레이시아,1037857.245,USD,UN Comtrade 공개 API,2026-09-30
2022-01,수입시장,수입액,일본|3304|410|한국,39542481.203,USD,UN Comtrade 공개 API,2026-09-30
2022-01,수입시장,수입액,일본|3304|643|러시아,81320.671,USD,UN Comtrade 공개 API,2026-09-30
2022-01,수입시장,수입액,일본|3304|792|튀르키예,2481.412,USD,UN Comtrade 공개 API,2026-09-30
2022-01,수입시장,수입액,일본|3304|752|스웨덴,29985.909,USD,UN Comtrade 공개 API,2026-09-30
2022-01,수입시장,수입액,일본|3304|702|싱가포르,60346.207,USD,UN Comtrade 공개 API,2026-09-30
2022-01,수입시장,수입액,일본|3304|528|네덜란드,30160.043,USD,UN Comtrade 공개 API,2026-09-30
2022-01,수입시장,수입액,일본|3304|804|우크라이나,12058.793,USD,UN Comtrade 공개 API,2026-09-30
2022-01,수입시장,수입액,일본|3304|524|524,13852.376,USD,UN Comtrade 공개 API,2026-09-30
2022-01,수입시장,수입액,일본|3304|251|프랑스,39349314.135,USD,UN Comtrade 공개 API,2026-09-30
2022-01,수입시장,수입액,일본|3304|56|벨기에,951495.389,USD,UN Comtrade 공개 API,2026-09-30
2022-01,수입시장,수입액,일본|3304|710|남아공,697015.669,USD,UN Comtrade 공개 API,2026-09-30
2022-01,수입시장,수입액,일본|3304|124|캐나다,689057.736,USD,UN Comtrade 공개 API,2026-09-30
2022-01,수입시장,수입액,일본|3304|144|스리랑카,10526.412,USD,UN Comtrade 공개 API,2026-09-30
2022-01,수입시장,수입액,일본|3304|76|브라질,70115.136,USD,UN Comtrade 공개 API,2026-09-30
2022-01,수입시장,수입액,일본|3304|376|이스라엘,672680.415,USD,UN Comtrade 공개 API,2026-09-30
2022-01,수입시장,수입액,일본|3304|380|이탈리아,4136819.122,USD,UN Comtrade 공개 API,2026-09-30
2022-01,수입시장,수입액,일본|3304|842|미국,13170596.683,USD,UN Comtrade 공개 API,2026-09-30
2022-01,수입시장,수입액,일본|3304|764|태국,1058178.707,USD,UN Comtrade 공개 API,2026-09-30
2022-01,수입시장,수입액,일본|3304|705|슬로베니아,8105.947,USD,UN Comtrade 공개 API,2026-09-30
2022-01,수입시장,수입액,일본|3304|504|504,35392.776,USD,UN Comtrade 공개 API,2026-09-30
2022-01,수입시장,수입액,일본|3304|608|필리핀,294069.13,USD,UN Comtrade 공개 API,2026-09-30
2022-01,수입시장,수입액,일본|3304|724|스페인,151662.181,USD,UN Comtrade 공개 API,2026-09-30
2022-01,수입시장,수입액,일본|3304|0|전체,123861151.471,USD,UN Comtrade 공개 API,2026-09-30
2022-01,수입시장,수입액,일본|3304|276|독일,1539981.918,USD,UN Comtrade 공개 API,2026-09-30
2022-01,수입시장,수입액,일본|3304|616|폴란드,120239.665,USD,UN Comtrade 공개 API,2026-09-30
2022-02,수입시장,수입액,일본|3304|348|헝가리,11856.607,USD,UN Comtrade 공개 API,2026-09-30
2022-02,수입시장,수입액,일본|3304|710|남아공,636220.66,USD,UN Comtrade 공개 API,2026-09-30
2022-02,수입시장,수입액,일본|3304|156|중국,6986969.926,USD,UN Comtrade 공개 API,2026-09-30
2022-02,수입시장,수입액,일본|3304|642|루마니아,3558.718,USD,UN Comtrade 공개 API,2026-09-30
2022-02,수입시장,수입액,일본|3304|400|요르단,8436.766,USD,UN Comtrade 공개 API,2026-09-30
2022-02,수입시장,수입액,일본|3304|804|우크라이나,4391.979,USD,UN Comtrade 공개 API,2026-09-30
2022-02,수입시장,수입액,일본|3304|504|504,58293.537,USD,UN Comtrade 공개 API,2026-09-30
2022-02,수입시장,수입액,일본|3304|458|말레이시아,513010.899,USD,UN Comtrade 공개 API,2026-09-30
2022-02,수입시장,수입액,일본|3304|233|에스토니아,3211.526,USD,UN Comtrade 공개 API,2026-09-30
2022-02,수입시장,수입액,일본|3304|616|폴란드,97994.942,USD,UN Comtrade 공개 API,2026-09-30
2022-02,수입시장,수입액,일본|3304|440|리투아니아,32583.969,USD,UN Comtrade 공개 API,2026-09-30
2022-02,수입시장,수입액,일본|3304|764|태국,1624806.481,USD,UN Comtrade 공개 API,2026-09-30
2022-02,수입시장,수입액,일본|3304|608|필리핀,136802.328,USD,UN Comtrade 공개 API,2026-09-30
2022-02,수입시장,수입액,일본|3304|208|덴마크,55481.282,USD,UN Comtrade 공개 API,2026-09-30
2022-02,수입시장,수입액,일본|3304|702|싱가포르,14234.872,USD,UN Comtrade 공개 API,2026-09-30
2022-02,수입시장,수입액,일본|3304|490|대만,1838937.147,USD,UN Comtrade 공개 API,2026-09-30
2022-02,수입시장,수입액,일본|3304|524|524,3471.92,USD,UN Comtrade 공개 API,2026-09-30
2022-02,수입시장,수입액,일본|3304|376|이스라엘,1478005.024,USD,UN Comtrade 공개 API,2026-09-30
2022-02,수입시장,수입액,일본|3304|380|이탈리아,4367319.488,USD,UN Comtrade 공개 API,2026-09-30
2022-02,수입시장,수입액,일본|3304|100|불가리아,16960.329,USD,UN Comtrade 공개 API,2026-09-30
2022-02,수입시장,수입액,일본|3304|842|미국,20332422.82,USD,UN Comtrade 공개 API,2026-09-30
2022-02,수입시장,수입액,일본|3304|410|한국,38098228.78,USD,UN Comtrade 공개 API,2026-09-30
2022-02,수입시장,수입액,일본|3304|344|홍콩,70410.538,USD,UN Comtrade 공개 API,2026-09-30
2022-02,수입시장,수입액,일본|3304|276|독일,2032192.894,USD,UN Comtrade 공개 API,2026-09-30
2022-02,수입시장,수입액,일본|3304|699|인도,235326.738,USD,UN Comtrade 공개 API,2026-09-30
2022-02,수입시장,수입액,일본|3304|40|오스트리아,7004.599,USD,UN Comtrade 공개 API,2026-09-30
2022-02,수입시장,수입액,일본|3304|442|룩셈부르크,5294.678,USD,UN Comtrade 공개 API,2026-09-30
2022-02,수입시장,수입액,일본|3304|203|체코,22428.603,USD,UN Comtrade 공개 API,2026-09-30
2022-02,수입시장,수입액,일본|3304|554|뉴질랜드,130986.862,USD,UN Comtrade 공개 API,2026-09-30
2022-02,수입시장,수입액,일본|3304|752|스웨덴,23938.888,USD,UN Comtrade 공개 API,2026-09-30
2022-02,수입시장,수입액,일본|3304|705|슬로베니아,4678.412,USD,UN Comtrade 공개 API,2026-09-30
2022-02,수입시장,수입액,일본|3304|36|호주,1920110.637,USD,UN Comtrade 공개 API,2026-09-30
2022-02,수입시장,수입액,일본|3304|124|캐나다,1454413.327,USD,UN Comtrade 공개 API,2026-09-30
2022-02,수입시장,수입액,일본|3304|76|브라질,50976.465,USD,UN Comtrade 공개 API,2026-09-30
2022-02,수입시장,수입액,일본|3304|56|벨기에,894661.705,USD,UN Comtrade 공개 API,2026-09-30
2022-02,수입시장,수입액,일본|3304|704|베트남,1487474.686,USD,UN Comtrade 공개 API,2026-09-30
2022-02,수입시장,수입액,일본|3304|826|영국,1662667.769,USD,UN Comtrade 공개 API,2026-09-30
2022-02,수입시장,수입액,일본|3304|643|러시아,18765.728,USD,UN Comtrade 공개 API,2026-09-30
2022-02,수입시장,수입액,일본|3304|792|튀르키예,6197.377,USD,UN Comtrade 공개 API,2026-09-30
2022-02,수입시장,수입액,일본|3304|757|스위스,631412.051,USD,UN Comtrade 공개 API,2026-09-30
2022-02,수입시장,수입액,일본|3304|724|스페인,128113.848,USD,UN Comtrade 공개 API,2026-09-30
2022-02,수입시장,수입액,일본|3304|528|네덜란드,41576.242,USD,UN Comtrade 공개 API,2026-09-30
2022-02,수입시장,수입액,일본|3304|484|멕시코,6223.417,USD,UN Comtrade 공개 API,2026-09-30
2022-02,수입시장,수입액,일본|3304|251|프랑스,29655717.153,USD,UN Comtrade 공개 API,2026-09-30
2022-02,수입시장,수입액,일본|3304|144|스리랑카,23122.987,USD,UN Comtrade 공개 API,2026-09-30
2022-02,수입시장,수입액,일본|3304|0|전체,116836895.604,USD,UN Comtrade 공개 API,2026-09-30
2022-03,수입시장,수입액,일본|3304|757|스위스,1388485.853,USD,UN Comtrade 공개 API,2026-09-30
2022-03,수입시장,수입액,일본|3304|699|인도,171294.039,USD,UN Comtrade 공개 API,2026-09-30
2022-03,수입시장,수입액,일본|3304|251|프랑스,35081677.361,USD,UN Comtrade 공개 API,2026-09-30
2022-03,수입시장,수입액,일본|3304|490|대만,1504375.131,USD,UN Comtrade 공개 API,2026-09-30
2022-03,수입시장,수입액,일본|3304|842|미국,15097696.273,USD,UN Comtrade 공개 API,2026-09-30
2022-03,수입시장,수입액,일본|3304|0|전체,125620356.766,USD,UN Comtrade 공개 API,2026-09-30
2022-03,수입시장,수입액,일본|3304|36|호주,1010322.619,USD,UN Comtrade 공개 API,2026-09-30
2022-03,수입시장,수입액,일본|3304|40|오스트리아,3991.235,USD,UN Comtrade 공개 API,2026-09-30
2022-03,수입시장,수입액,일본|3304|56|벨기에,1565247.801,USD,UN Comtrade 공개 API,2026-09-30
2022-03,수입시장,수입액,일본|3304|76|브라질,15745.551,USD,UN Comtrade 공개 API,2026-09-30
2022-03,수입시장,수입액,일본|3304|100|불가리아,7754.641,USD,UN Comtrade 공개 API,2026-09-30
2022-03,수입시장,수입액,일본|3304|124|캐나다,1290763.87,USD,UN Comtrade 공개 API,2026-09-30
2022-03,수입시장,수입액,일본|3304|191|크로아티아,2666.449,USD,UN Comtrade 공개 API,2026-09-30
2022-03,수입시장,수입액,일본|3304|203|체코,93081.012,USD,UN Comtrade 공개 API,2026-09-30
2022-03,수입시장,수입액,일본|3304|208|덴마크,72196.64,USD,UN Comtrade 공개 API,2026-09-30
2022-03,수입시장,수입액,일본|3304|233|에스토니아,3290.871,USD,UN Comtrade 공개 API,2026-09-30
2022-03,수입시장,수입액,일본|3304|360|인도네시아,23668.955,USD,UN Comtrade 공개 API,2026-09-30
2022-03,수입시장,수입액,일본|3304|372|아일랜드,35296.698,USD,UN Comtrade 공개 API,2026-09-30
2022-03,수입시장,수입액,일본|3304|376|이스라엘,1006829.233,USD,UN Comtrade 공개 API,2026-09-30
2022-03,수입시장,수입액,일본|3304|380|이탈리아,4779542.471,USD,UN Comtrade 공개 API,2026-09-30
2022-03,수입시장,수입액,일본|3304|442|룩셈부르크,9484.458,USD,UN Comtrade 공개 API,2026-09-30
2022-03,수입시장,수입액,일본|3304|458|말레이시아,1514720.278,USD,UN Comtrade 공개 API,2026-09-30
2022-03,수입시장,수입액,일본|3304|484|멕시코,4775.982,USD,UN Comtrade 공개 API,2026-09-30
2022-03,수입시장,수입액,일본|3304|504|504,9864.174,USD,UN Comtrade 공개 API,2026-09-30
2022-03,수입시장,수입액,일본|3304|528|네덜란드,128200.509,USD,UN Comtrade 공개 API,2026-09-30
2022-03,수입시장,수입액,일본|3304|554|뉴질랜드,190642.671,USD,UN Comtrade 공개 API,2026-09-30
2022-03,수입시장,수입액,일본|3304|608|필리핀,213957.224,USD,UN Comtrade 공개 API,2026-09-30
2022-03,수입시장,수입액,일본|3304|616|폴란드,275201.172,USD,UN Comtrade 공개 API,2026-09-30
2022-03,수입시장,수입액,일본|3304|620|포르투갈,2134.847,USD,UN Comtrade 공개 API,2026-09-30
2022-03,수입시장,수입액,일본|3304|642|루마니아,11669.934,USD,UN Comtrade 공개 API,2026-09-30
2022-03,수입시장,수입액,일본|3304|702|싱가포르,40874.302,USD,UN Comtrade 공개 API,2026-09-30
2022-03,수입시장,수입액,일본|3304|704|베트남,2241201.081,USD,UN Comtrade 공개 API,2026-09-30
2022-03,수입시장,수입액,일본|3304|710|남아공,285436.624,USD,UN Comtrade 공개 API,2026-09-30
2022-03,수입시장,수입액,일본|3304|724|스페인,220606.471,USD,UN Comtrade 공개 API,2026-09-30
2022-03,수입시장,수입액,일본|3304|752|스웨덴,39195.114,USD,UN Comtrade 공개 API,2026-09-30
2022-03,수입시장,수입액,일본|3304|764|태국,1206736.971,USD,UN Comtrade 공개 API,2026-09-30
2022-03,수입시장,수입액,일본|3304|792|튀르키예,1721.379,USD,UN Comtrade 공개 API,2026-09-30
2022-03,수입시장,수입액,일본|3304|826|영국,2251875.315,USD,UN Comtrade 공개 API,2026-09-30
2022-03,수입시장,수입액,일본|3304|276|독일,1229528.36,USD,UN Comtrade 공개 API,2026-09-30
2022-03,수입시장,수입액,일본|3304|410|한국,44113353.864,USD,UN Comtrade 공개 API,2026-09-30
2022-03,수입시장,수입액,일본|3304|156|중국,8475249.334,USD,UN Comtrade 공개 API,2026-09-30
2022-04,수입시장,수입액,일본|3304|757|스위스,1096923.428,USD,UN Comtrade 공개 API,2026-09-30
2022-04,수입시장,수입액,일본|3304|699|인도,56526.11,USD,UN Comtrade 공개 API,2026-09-30
2022-04,수입시장,수입액,일본|3304|251|프랑스,29797871.56,USD,UN Comtrade 공개 API,2026-09-30
2022-04,수입시장,수입액,일본|3304|490|대만,2319551.1,USD,UN Comtrade 공개 API,2026-09-30
2022-04,수입시장,수입액,일본|3304|842|미국,17540230.171,USD,UN Comtrade 공개 API,2026-09-30
2022-04,수입시장,수입액,일본|3304|0|전체,122155918.258,USD,UN Comtrade 공개 API,2026-09-30
2022-04,수입시장,수입액,일본|3304|36|호주,1006838.159,USD,UN Comtrade 공개 API,2026-09-30
2022-04,수입시장,수입액,일본|3304|40|오스트리아,2590.615,USD,UN Comtrade 공개 API,2026-09-30
2022-04,수입시장,수입액,일본|3304|56|벨기에,790303.942,USD,UN Comtrade 공개 API,2026-09-30
2022-04,수입시장,수입액,일본|3304|76|브라질,3081.802,USD,UN Comtrade 공개 API,2026-09-30
2022-04,수입시장,수입액,일본|3304|100|불가리아,19679.167,USD,UN Comtrade 공개 API,2026-09-30
2022-04,수입시장,수입액,일본|3304|124|캐나다,598978.706,USD,UN Comtrade 공개 API,2026-09-30
2022-04,수입시장,수입액,일본|3304|144|스리랑카,15448.621,USD,UN Comtrade 공개 API,2026-09-30
2022-04,수입시장,수입액,일본|3304|203|체코,42978.857,USD,UN Comtrade 공개 API,2026-09-30
2022-04,수입시장,수입액,일본|3304|208|덴마크,88366.115,USD,UN Comtrade 공개 API,2026-09-30
2022-04,수입시장,수입액,일본|3304|246|핀란드,2265.798,USD,UN Comtrade 공개 API,2026-09-30
2022-04,수입시장,수입액,일본|3304|300|그리스,3335.318,USD,UN Comtrade 공개 API,2026-09-30
2022-04,수입시장,수입액,일본|3304|344|홍콩,70406.102,USD,UN Comtrade 공개 API,2026-09-30
2022-04,수입시장,수입액,일본|3304|348|헝가리,8358.1,USD,UN Comtrade 공개 API,2026-09-30
2022-04,수입시장,수입액,일본|3304|352|352,33559.159,USD,UN Comtrade 공개 API,2026-09-30
2022-04,수입시장,수입액,일본|3304|360|인도네시아,65858.662,USD,UN Comtrade 공개 API,2026-09-30
2022-04,수입시장,수입액,일본|3304|372|아일랜드,64559.393,USD,UN Comtrade 공개 API,2026-09-30
2022-04,수입시장,수입액,일본|3304|376|이스라엘,1463554.867,USD,UN Comtrade 공개 API,2026-09-30
2022-04,수입시장,수입액,일본|3304|380|이탈리아,5029738.421,USD,UN Comtrade 공개 API,2026-09-30
2022-04,수입시장,수입액,일본|3304|428|라트비아,7233.124,USD,UN Comtrade 공개 API,2026-09-30
2022-04,수입시장,수입액,일본|3304|440|리투아니아,16217.091,USD,UN Comtrade 공개 API,2026-09-30
2022-04,수입시장,수입액,일본|3304|442|룩셈부르크,1837.99,USD,UN Comtrade 공개 API,2026-09-30
2022-04,수입시장,수입액,일본|3304|458|말레이시아,701288.192,USD,UN Comtrade 공개 API,2026-09-30
2022-04,수입시장,수입액,일본|3304|484|멕시코,5664.495,USD,UN Comtrade 공개 API,2026-09-30
2022-04,수입시장,수입액,일본|3304|504|504,38835.458,USD,UN Comtrade 공개 API,2026-09-30
2022-04,수입시장,수입액,일본|3304|524|524,10861.569,USD,UN Comtrade 공개 API,2026-09-30
2022-04,수입시장,수입액,일본|3304|528|네덜란드,57350.036,USD,UN Comtrade 공개 API,2026-09-30
2022-04,수입시장,수입액,일본|3304|554|뉴질랜드,65169.416,USD,UN Comtrade 공개 API,2026-09-30
2022-04,수입시장,수입액,일본|3304|608|필리핀,251416.412,USD,UN Comtrade 공개 API,2026-09-30
2022-04,수입시장,수입액,일본|3304|616|폴란드,75492.264,USD,UN Comtrade 공개 API,2026-09-30
2022-04,수입시장,수입액,일본|3304|620|포르투갈,2313.332,USD,UN Comtrade 공개 API,2026-09-30
2022-04,수입시장,수입액,일본|3304|643|러시아,96613.302,USD,UN Comtrade 공개 API,2026-09-30
2022-04,수입시장,수입액,일본|3304|702|싱가포르,43977.076,USD,UN Comtrade 공개 API,2026-09-30
2022-04,수입시장,수입액,일본|3304|704|베트남,2063103.984,USD,UN Comtrade 공개 API,2026-09-30
2022-04,수입시장,수입액,일본|3304|705|슬로베니아,5474.358,USD,UN Comtrade 공개 API,2026-09-30
2022-04,수입시장,수입액,일본|3304|710|남아공,3093812.243,USD,UN Comtrade 공개 API,2026-09-30
2022-04,수입시장,수입액,일본|3304|724|스페인,115729.981,USD,UN Comtrade 공개 API,2026-09-30
2022-04,수입시장,수입액,일본|3304|752|스웨덴,67514.437,USD,UN Comtrade 공개 API,2026-09-30
2022-04,수입시장,수입액,일본|3304|764|태국,1503840.118,USD,UN Comtrade 공개 API,2026-09-30
2022-04,수입시장,수입액,일본|3304|792|튀르키예,5102.006,USD,UN Comtrade 공개 API,2026-09-30
2022-04,수입시장,수입액,일본|3304|826|영국,1709378.085,USD,UN Comtrade 공개 API,2026-09-30
2022-04,수입시장,수입액,일본|3304|276|독일,1731204.215,USD,UN Comtrade 공개 API,2026-09-30
2022-04,수입시장,수입액,일본|3304|410|한국,45896317.537,USD,UN Comtrade 공개 API,2026-09-30
2022-04,수입시장,수입액,일본|3304|156|중국,4469167.364,USD,UN Comtrade 공개 API,2026-09-30
2022-05,수입시장,수입액,일본|3304|144|스리랑카,17178.98,USD,UN Comtrade 공개 API,2026-09-30
2022-05,수입시장,수입액,일본|3304|554|뉴질랜드,312255.498,USD,UN Comtrade 공개 API,2026-09-30
2022-05,수입시장,수입액,일본|3304|56|벨기에,758831.372,USD,UN Comtrade 공개 API,2026-09-30
2022-05,수입시장,수입액,일본|3304|757|스위스,1226636.555,USD,UN Comtrade 공개 API,2026-09-30
2022-05,수입시장,수입액,일본|3304|203|체코,7161.788,USD,UN Comtrade 공개 API,2026-09-30
2022-05,수입시장,수입액,일본|3304|376|이스라엘,1847004.111,USD,UN Comtrade 공개 API,2026-09-30
2022-05,수입시장,수입액,일본|3304|702|싱가포르,18870.496,USD,UN Comtrade 공개 API,2026-09-30
2022-05,수입시장,수입액,일본|3304|710|남아공,889466.105,USD,UN Comtrade 공개 API,2026-09-30
2022-05,수입시장,수입액,일본|3304|504|504,4345.18,USD,UN Comtrade 공개 API,2026-09-30
2022-05,수입시장,수입액,일본|3304|246|핀란드,5338.364,USD,UN Comtrade 공개 API,2026-09-30
2022-05,수입시장,수입액,일본|3304|440|리투아니아,3677.884,USD,UN Comtrade 공개 API,2026-09-30
2022-05,수입시장,수입액,일본|3304|826|영국,2201873.41,USD,UN Comtrade 공개 API,2026-09-30
2022-05,수입시장,수입액,일본|3304|124|캐나다,782497.085,USD,UN Comtrade 공개 API,2026-09-30
2022-05,수입시장,수입액,일본|3304|76|브라질,6137.567,USD,UN Comtrade 공개 API,2026-09-30
2022-05,수입시장,수입액,일본|3304|458|말레이시아,818220.672,USD,UN Comtrade 공개 API,2026-09-30
2022-05,수입시장,수입액,일본|3304|208|덴마크,64828.534,USD,UN Comtrade 공개 API,2026-09-30
2022-05,수입시장,수입액,일본|3304|616|폴란드,218570.313,USD,UN Comtrade 공개 API,2026-09-30
2022-05,수입시장,수입액,일본|3304|608|필리핀,231078.224,USD,UN Comtrade 공개 API,2026-09-30
2022-05,수입시장,수입액,일본|3304|752|스웨덴,11227.635,USD,UN Comtrade 공개 API,2026-09-30
2022-05,수입시장,수입액,일본|3304|724|스페인,91264.299,USD,UN Comtrade 공개 API,2026-09-30
2022-05,수입시장,수입액,일본|3304|36|호주,1475770.554,USD,UN Comtrade 공개 API,2026-09-30
2022-05,수입시장,수입액,일본|3304|156|중국,5941405.151,USD,UN Comtrade 공개 API,2026-09-30
2022-05,수입시장,수입액,일본|3304|528|네덜란드,9730.1,USD,UN Comtrade 공개 API,2026-09-30
2022-05,수입시장,수입액,일본|3304|764|태국,1485042.857,USD,UN Comtrade 공개 API,2026-09-30
2022-05,수입시장,수입액,일본|3304|0|전체,126743833.81,USD,UN Comtrade 공개 API,2026-09-30
2022-05,수입시장,수입액,일본|3304|380|이탈리아,5200497.646,USD,UN Comtrade 공개 API,2026-09-30
2022-05,수입시장,수입액,일본|3304|490|대만,1336996.367,USD,UN Comtrade 공개 API,2026-09-30
2022-05,수입시장,수입액,일본|3304|699|인도,199412.725,USD,UN Comtrade 공개 API,2026-09-30
2022-05,수입시장,수입액,일본|3304|360|인도네시아,9039.526,USD,UN Comtrade 공개 API,2026-09-30
2022-05,수입시장,수입액,일본|3304|344|홍콩,35304.587,USD,UN Comtrade 공개 API,2026-09-30
2022-05,수입시장,수입액,일본|3304|410|한국,45963647.688,USD,UN Comtrade 공개 API,2026-09-30
2022-05,수입시장,수입액,일본|3304|276|독일,1276769.069,USD,UN Comtrade 공개 API,2026-09-30
2022-05,수입시장,수입액,일본|3304|704|베트남,2896077.988,USD,UN Comtrade 공개 API,2026-09-30
2022-05,수입시장,수입액,일본|3304|620|포르투갈,1769.109,USD,UN Comtrade 공개 API,2026-09-30
2022-05,수입시장,수입액,일본|3304|348|헝가리,12298.411,USD,UN Comtrade 공개 API,2026-09-30
2022-05,수입시장,수입액,일본|3304|251|프랑스,36066367.387,USD,UN Comtrade 공개 API,2026-09-30
2022-05,수입시장,수입액,일본|3304|842|미국,15317240.573,USD,UN Comtrade 공개 API,2026-09-30
2022-06,수입시장,수입액,일본|3304|144|스리랑카,21009.639,USD,UN Comtrade 공개 API,2026-09-30
2022-06,수입시장,수입액,일본|3304|704|베트남,2656317.928,USD,UN Comtrade 공개 API,2026-09-30
2022-06,수입시장,수입액,일본|3304|643|러시아,5089.848,USD,UN Comtrade 공개 API,2026-09-30
2022-06,수입시장,수입액,일본|3304|276|독일,1668274.449,USD,UN Comtrade 공개 API,2026-09-30
2022-06,수입시장,수입액,일본|3304|208|덴마크,36712.681,USD,UN Comtrade 공개 API,2026-09-30
2022-06,수입시장,수입액,일본|3304|804|우크라이나,1517.238,USD,UN Comtrade 공개 API,2026-09-30
2022-06,수입시장,수입액,일본|3304|752|스웨덴,14208.226,USD,UN Comtrade 공개 API,2026-09-30
2022-06,수입시장,수입액,일본|3304|528|네덜란드,63283.035,USD,UN Comtrade 공개 API,2026-09-30
2022-06,수입시장,수입액,일본|3304|504|504,81654.324,USD,UN Comtrade 공개 API,2026-09-30
2022-06,수입시장,수입액,일본|3304|124|캐나다,971869.571,USD,UN Comtrade 공개 API,2026-09-30
2022-06,수입시장,수입액,일본|3304|36|호주,1925210.897,USD,UN Comtrade 공개 API,2026-09-30
2022-06,수입시장,수입액,일본|3304|258|258,15994.531,USD,UN Comtrade 공개 API,2026-09-30
2022-06,수입시장,수입액,일본|3304|300|그리스,3258.699,USD,UN Comtrade 공개 API,2026-09-30
2022-06,수입시장,수입액,일본|3304|251|프랑스,29957002.056,USD,UN Comtrade 공개 API,2026-09-30
2022-06,수입시장,수입액,일본|3304|705|슬로베니아,25935.058,USD,UN Comtrade 공개 API,2026-09-30
2022-06,수입시장,수입액,일본|3304|246|핀란드,2742.987,USD,UN Comtrade 공개 API,2026-09-30
2022-06,수입시장,수입액,일본|3304|0|전체,118751957.45,USD,UN Comtrade 공개 API,2026-09-30
2022-06,수입시장,수입액,일본|3304|764|태국,910798.863,USD,UN Comtrade 공개 API,2026-09-30
2022-06,수입시장,수입액,일본|3304|826|영국,1679747.161,USD,UN Comtrade 공개 API,2026-09-30
2022-06,수입시장,수입액,일본|3304|702|싱가포르,7586.191,USD,UN Comtrade 공개 API,2026-09-30
2022-06,수입시장,수입액,일본|3304|699|인도,98493.426,USD,UN Comtrade 공개 API,2026-09-30
2022-06,수입시장,수입액,일본|3304|376|이스라엘,1414835.87,USD,UN Comtrade 공개 API,2026-09-30
2022-06,수입시장,수입액,일본|3304|203|체코,10097.482,USD,UN Comtrade 공개 API,2026-09-30
2022-06,수입시장,수입액,일본|3304|442|룩셈부르크,5994.212,USD,UN Comtrade 공개 API,2026-09-30
2022-06,수입시장,수입액,일본|3304|380|이탈리아,6165121.947,USD,UN Comtrade 공개 API,2026-09-30
2022-06,수입시장,수입액,일본|3304|56|벨기에,973521.342,USD,UN Comtrade 공개 API,2026-09-30
2022-06,수입시장,수입액,일본|3304|242|242,3176.484,USD,UN Comtrade 공개 API,2026-09-30
2022-06,수입시장,수입액,일본|3304|233|에스토니아,1958.209,USD,UN Comtrade 공개 API,2026-09-30
2022-06,수입시장,수입액,일본|3304|410|한국,35409298.571,USD,UN Comtrade 공개 API,2026-09-30
2022-06,수입시장,수입액,일본|3304|710|남아공,1435897.827,USD,UN Comtrade 공개 API,2026-09-30
2022-06,수입시장,수입액,일본|3304|724|스페인,75607.793,USD,UN Comtrade 공개 API,2026-09-30
2022-06,수입시장,수입액,일본|3304|616|폴란드,196927.06,USD,UN Comtrade 공개 API,2026-09-30
2022-06,수입시장,수입액,일본|3304|842|미국,20019936.155,USD,UN Comtrade 공개 API,2026-09-30
2022-06,수입시장,수입액,일본|3304|608|필리핀,219506.256,USD,UN Comtrade 공개 API,2026-09-30
2022-06,수입시장,수입액,일본|3304|352|352,18857.104,USD,UN Comtrade 공개 API,2026-09-30
2022-06,수입시장,수입액,일본|3304|484|멕시코,13273.966,USD,UN Comtrade 공개 API,2026-09-30
2022-06,수입시장,수입액,일본|3304|490|대만,1297806.725,USD,UN Comtrade 공개 API,2026-09-30
2022-06,수입시장,수입액,일본|3304|458|말레이시아,1353959.488,USD,UN Comtrade 공개 API,2026-09-30
2022-06,수입시장,수입액,일본|3304|76|브라질,1913.364,USD,UN Comtrade 공개 API,2026-09-30
2022-06,수입시장,수입액,일본|3304|703|슬로바키아,62670.161,USD,UN Comtrade 공개 API,2026-09-30
2022-06,수입시장,수입액,일본|3304|757|스위스,1277290.376,USD,UN Comtrade 공개 API,2026-09-30
2022-06,수입시장,수입액,일본|3304|554|뉴질랜드,159130.637,USD,UN Comtrade 공개 API,2026-09-30
2022-06,수입시장,수입액,일본|3304|156|중국,8476354.128,USD,UN Comtrade 공개 API,2026-09-30
2022-06,수입시장,수입액,일본|3304|100|불가리아,12115.484,USD,UN Comtrade 공개 API,2026-09-30
2022-07,수입시장,수입액,일본|3304|757|스위스,1058117.179,USD,UN Comtrade 공개 API,2026-09-30
2022-07,수입시장,수입액,일본|3304|699|인도,85015.387,USD,UN Comtrade 공개 API,2026-09-30
2022-07,수입시장,수입액,일본|3304|251|프랑스,34115264.026,USD,UN Comtrade 공개 API,2026-09-30
2022-07,수입시장,수입액,일본|3304|490|대만,1759232.636,USD,UN Comtrade 공개 API,2026-09-30
2022-07,수입시장,수입액,일본|3304|842|미국,21412723.157,USD,UN Comtrade 공개 API,2026-09-30
2022-07,수입시장,수입액,일본|3304|0|전체,132247195.245,USD,UN Comtrade 공개 API,2026-09-30
2022-07,수입시장,수입액,일본|3304|642|루마니아,5200.546,USD,UN Comtrade 공개 API,2026-09-30
2022-07,수입시장,수입액,일본|3304|643|러시아,15199.344,USD,UN Comtrade 공개 API,2026-09-30
2022-07,수입시장,수입액,일본|3304|702|싱가포르,27655.784,USD,UN Comtrade 공개 API,2026-09-30
2022-07,수입시장,수입액,일본|3304|704|베트남,2325360.655,USD,UN Comtrade 공개 API,2026-09-30
2022-07,수입시장,수입액,일본|3304|710|남아공,49964.735,USD,UN Comtrade 공개 API,2026-09-30
2022-07,수입시장,수입액,일본|3304|724|스페인,137927.829,USD,UN Comtrade 공개 API,2026-09-30
2022-07,수입시장,수입액,일본|3304|752|스웨덴,46629.364,USD,UN Comtrade 공개 API,2026-09-30
2022-07,수입시장,수입액,일본|3304|764|태국,1251181.031,USD,UN Comtrade 공개 API,2026-09-30
2022-07,수입시장,수입액,일본|3304|784|UAE,102957.635,USD,UN Comtrade 공개 API,2026-09-30
2022-07,수입시장,수입액,일본|3304|792|튀르키예,18088.536,USD,UN Comtrade 공개 API,2026-09-30
2022-07,수입시장,수입액,일본|3304|826|영국,2033318.207,USD,UN Comtrade 공개 API,2026-09-30
2022-07,수입시장,수입액,일본|3304|36|호주,1272663.454,USD,UN Comtrade 공개 API,2026-09-30
2022-07,수입시장,수입액,일본|3304|40|오스트리아,2516.157,USD,UN Comtrade 공개 API,2026-09-30
2022-07,수입시장,수입액,일본|3304|56|벨기에,895013.151,USD,UN Comtrade 공개 API,2026-09-30
2022-07,수입시장,수입액,일본|3304|76|브라질,78008.183,USD,UN Comtrade 공개 API,2026-09-30
2022-07,수입시장,수입액,일본|3304|100|불가리아,24422.815,USD,UN Comtrade 공개 API,2026-09-30
2022-07,수입시장,수입액,일본|3304|124|캐나다,2032199.102,USD,UN Comtrade 공개 API,2026-09-30
2022-07,수입시장,수입액,일본|3304|144|스리랑카,21006.986,USD,UN Comtrade 공개 API,2026-09-30
2022-07,수입시장,수입액,일본|3304|203|체코,1960.262,USD,UN Comtrade 공개 API,2026-09-30
2022-07,수입시장,수입액,일본|3304|208|덴마크,95036.129,USD,UN Comtrade 공개 API,2026-09-30
2022-07,수입시장,수입액,일본|3304|233|에스토니아,4154.585,USD,UN Comtrade 공개 API,2026-09-30
2022-07,수입시장,수입액,일본|3304|300|그리스,1967.576,USD,UN Comtrade 공개 API,2026-09-30
2022-07,수입시장,수입액,일본|3304|344|홍콩,19229.584,USD,UN Comtrade 공개 API,2026-09-30
2022-07,수입시장,수입액,일본|3304|348|헝가리,4542.249,USD,UN Comtrade 공개 API,2026-09-30
2022-07,수입시장,수입액,일본|3304|352|352,51332.529,USD,UN Comtrade 공개 API,2026-09-30
2022-07,수입시장,수입액,일본|3304|372|아일랜드,2976.965,USD,UN Comtrade 공개 API,2026-09-30
2022-07,수입시장,수입액,일본|3304|376|이스라엘,1526663.655,USD,UN Comtrade 공개 API,2026-09-30
2022-07,수입시장,수입액,일본|3304|380|이탈리아,6160459.421,USD,UN Comtrade 공개 API,2026-09-30
2022-07,수입시장,수입액,일본|3304|442|룩셈부르크,11520.196,USD,UN Comtrade 공개 API,2026-09-30
2022-07,수입시장,수입액,일본|3304|458|말레이시아,2739114.886,USD,UN Comtrade 공개 API,2026-09-30
2022-07,수입시장,수입액,일본|3304|484|멕시코,1718.886,USD,UN Comtrade 공개 API,2026-09-30
2022-07,수입시장,수입액,일본|3304|504|504,17715.501,USD,UN Comtrade 공개 API,2026-09-30
2022-07,수입시장,수입액,일본|3304|528|네덜란드,24466.701,USD,UN Comtrade 공개 API,2026-09-30
2022-07,수입시장,수입액,일본|3304|554|뉴질랜드,103308.727,USD,UN Comtrade 공개 API,2026-09-30
2022-07,수입시장,수입액,일본|3304|608|필리핀,234126.95,USD,UN Comtrade 공개 API,2026-09-30
2022-07,수입시장,수입액,일본|3304|616|폴란드,188770.293,USD,UN Comtrade 공개 API,2026-09-30
2022-07,수입시장,수입액,일본|3304|276|독일,2476154.532,USD,UN Comtrade 공개 API,2026-09-30
2022-07,수입시장,수입액,일본|3304|410|한국,37750408.765,USD,UN Comtrade 공개 API,2026-09-30
2022-07,수입시장,수입액,일본|3304|156|중국,12061900.955,USD,UN Comtrade 공개 API,2026-09-30
2022-08,수입시장,수입액,일본|3304|757|스위스,787548.786,USD,UN Comtrade 공개 API,2026-09-30
2022-08,수입시장,수입액,일본|3304|699|인도,275046.848,USD,UN Comtrade 공개 API,2026-09-30
2022-08,수입시장,수입액,일본|3304|251|프랑스,30457419.678,USD,UN Comtrade 공개 API,2026-09-30
2022-08,수입시장,수입액,일본|3304|490|대만,1578624.573,USD,UN Comtrade 공개 API,2026-09-30
2022-08,수입시장,수입액,일본|3304|842|미국,14802885.589,USD,UN Comtrade 공개 API,2026-09-30
2022-08,수입시장,수입액,일본|3304|0|전체,131141749.909,USD,UN Comtrade 공개 API,2026-09-30
2022-08,수입시장,수입액,일본|3304|36|호주,473645.785,USD,UN Comtrade 공개 API,2026-09-30
2022-08,수입시장,수입액,일본|3304|56|벨기에,1216223.473,USD,UN Comtrade 공개 API,2026-09-30
2022-08,수입시장,수입액,일본|3304|76|브라질,60417.436,USD,UN Comtrade 공개 API,2026-09-30
2022-08,수입시장,수입액,일본|3304|100|불가리아,39011.43,USD,UN Comtrade 공개 API,2026-09-30
2022-08,수입시장,수입액,일본|3304|124|캐나다,1583963.134,USD,UN Comtrade 공개 API,2026-09-30
2022-08,수입시장,수입액,일본|3304|144|스리랑카,4436.478,USD,UN Comtrade 공개 API,2026-09-30
2022-08,수입시장,수입액,일본|3304|203|체코,38028.011,USD,UN Comtrade 공개 API,2026-09-30
2022-08,수입시장,수입액,일본|3304|208|덴마크,7216.671,USD,UN Comtrade 공개 API,2026-09-30
2022-08,수입시장,수입액,일본|3304|233|에스토니아,13361.193,USD,UN Comtrade 공개 API,2026-09-30
2022-08,수입시장,수입액,일본|3304|246|핀란드,18337.442,USD,UN Comtrade 공개 API,2026-09-30
2022-08,수입시장,수입액,일본|3304|276|독일,1762479.615,USD,UN Comtrade 공개 API,2026-09-30
2022-08,수입시장,수입액,일본|3304|300|그리스,4976.249,USD,UN Comtrade 공개 API,2026-09-30
2022-08,수입시장,수입액,일본|3304|344|홍콩,50080.442,USD,UN Comtrade 공개 API,2026-09-30
2022-08,수입시장,수입액,일본|3304|360|인도네시아,4850.549,USD,UN Comtrade 공개 API,2026-09-30
2022-08,수입시장,수입액,일본|3304|376|이스라엘,1824590.307,USD,UN Comtrade 공개 API,2026-09-30
2022-08,수입시장,수입액,일본|3304|380|이탈리아,5017545.706,USD,UN Comtrade 공개 API,2026-09-30
2022-08,수입시장,수입액,일본|3304|428|라트비아,5301.591,USD,UN Comtrade 공개 API,2026-09-30
2022-08,수입시장,수입액,일본|3304|442|룩셈부르크,13553.44,USD,UN Comtrade 공개 API,2026-09-30
2022-08,수입시장,수입액,일본|3304|458|말레이시아,3827978.072,USD,UN Comtrade 공개 API,2026-09-30
2022-08,수입시장,수입액,일본|3304|504|504,9856.375,USD,UN Comtrade 공개 API,2026-09-30
2022-08,수입시장,수입액,일본|3304|524|524,23054.897,USD,UN Comtrade 공개 API,2026-09-30
2022-08,수입시장,수입액,일본|3304|528|네덜란드,28874.078,USD,UN Comtrade 공개 API,2026-09-30
2022-08,수입시장,수입액,일본|3304|554|뉴질랜드,116553.671,USD,UN Comtrade 공개 API,2026-09-30
2022-08,수입시장,수입액,일본|3304|608|필리핀,214503.711,USD,UN Comtrade 공개 API,2026-09-30
2022-08,수입시장,수입액,일본|3304|616|폴란드,222267.548,USD,UN Comtrade 공개 API,2026-09-30
2022-08,수입시장,수입액,일본|3304|620|포르투갈,6351.558,USD,UN Comtrade 공개 API,2026-09-30
2022-08,수입시장,수입액,일본|3304|642|루마니아,2632.31,USD,UN Comtrade 공개 API,2026-09-30
2022-08,수입시장,수입액,일본|3304|643|러시아,1656.285,USD,UN Comtrade 공개 API,2026-09-30
2022-08,수입시장,수입액,일본|3304|702|싱가포르,5390.321,USD,UN Comtrade 공개 API,2026-09-30
2022-08,수입시장,수입액,일본|3304|704|베트남,2411654.653,USD,UN Comtrade 공개 API,2026-09-30
2022-08,수입시장,수입액,일본|3304|710|남아공,1196858.247,USD,UN Comtrade 공개 API,2026-09-30
2022-08,수입시장,수입액,일본|3304|724|스페인,83952.952,USD,UN Comtrade 공개 API,2026-09-30
2022-08,수입시장,수입액,일본|3304|752|스웨덴,14181.941,USD,UN Comtrade 공개 API,2026-09-30
2022-08,수입시장,수입액,일본|3304|764|태국,2386218.845,USD,UN Comtrade 공개 API,2026-09-30
2022-08,수입시장,수입액,일본|3304|792|튀르키예,2129.509,USD,UN Comtrade 공개 API,2026-09-30
2022-08,수입시장,수입액,일본|3304|826|영국,2486165.301,USD,UN Comtrade 공개 API,2026-09-30
2022-08,수입시장,수입액,일본|3304|410|한국,46763687.172,USD,UN Comtrade 공개 API,2026-09-30
2022-08,수입시장,수입액,일본|3304|156|중국,11298238.034,USD,UN Comtrade 공개 API,2026-09-30
2022-09,수입시장,수입액,일본|3304|757|스위스,612854.692,USD,UN Comtrade 공개 API,2026-09-30
2022-09,수입시장,수입액,일본|3304|699|인도,305485.201,USD,UN Comtrade 공개 API,2026-09-30
2022-09,수입시장,수입액,일본|3304|251|프랑스,33376880.518,USD,UN Comtrade 공개 API,2026-09-30
2022-09,수입시장,수입액,일본|3304|490|대만,1521424.194,USD,UN Comtrade 공개 API,2026-09-30
2022-09,수입시장,수입액,일본|3304|842|미국,20065547.647,USD,UN Comtrade 공개 API,2026-09-30
2022-09,수입시장,수입액,일본|3304|643|러시아,7788.397,USD,UN Comtrade 공개 API,2026-09-30
2022-09,수입시장,수입액,일본|3304|616|폴란드,113057.37,USD,UN Comtrade 공개 API,2026-09-30
2022-09,수입시장,수입액,일본|3304|554|뉴질랜드,349033.225,USD,UN Comtrade 공개 API,2026-09-30
2022-09,수입시장,수입액,일본|3304|591|591,1549.305,USD,UN Comtrade 공개 API,2026-09-30
2022-09,수입시장,수입액,일본|3304|608|필리핀,163674.969,USD,UN Comtrade 공개 API,2026-09-30
2022-09,수입시장,수입액,일본|3304|528|네덜란드,3761.6,USD,UN Comtrade 공개 API,2026-09-30
2022-09,수입시장,수입액,일본|3304|504|504,48628.627,USD,UN Comtrade 공개 API,2026-09-30
2022-09,수입시장,수입액,일본|3304|702|싱가포르,36464.491,USD,UN Comtrade 공개 API,2026-09-30
2022-09,수입시장,수입액,일본|3304|704|베트남,1225241.8,USD,UN Comtrade 공개 API,2026-09-30
2022-09,수입시장,수입액,일본|3304|752|스웨덴,105869.155,USD,UN Comtrade 공개 API,2026-09-30
2022-09,수입시장,수입액,일본|3304|705|슬로베니아,6232.113,USD,UN Comtrade 공개 API,2026-09-30
2022-09,수입시장,수입액,일본|3304|710|남아공,1577268.952,USD,UN Comtrade 공개 API,2026-09-30
2022-09,수입시장,수입액,일본|3304|724|스페인,18486.974,USD,UN Comtrade 공개 API,2026-09-30
2022-09,수입시장,수입액,일본|3304|826|영국,1654280.562,USD,UN Comtrade 공개 API,2026-09-30
2022-09,수입시장,수입액,일본|3304|764|태국,1411172.322,USD,UN Comtrade 공개 API,2026-09-30
2022-09,수입시장,수입액,일본|3304|858|858,204717.586,USD,UN Comtrade 공개 API,2026-09-30
2022-09,수입시장,수입액,일본|3304|400|요르단,2582.175,USD,UN Comtrade 공개 API,2026-09-30
2022-09,수입시장,수입액,일본|3304|380|이탈리아,6058556.029,USD,UN Comtrade 공개 API,2026-09-30
2022-09,수입시장,수입액,일본|3304|376|이스라엘,1028047.415,USD,UN Comtrade 공개 API,2026-09-30
2022-09,수입시장,수입액,일본|3304|458|말레이시아,1680283.757,USD,UN Comtrade 공개 API,2026-09-30
2022-09,수입시장,수입액,일본|3304|428|라트비아,2812.477,USD,UN Comtrade 공개 API,2026-09-30
2022-09,수입시장,수입액,일본|3304|440|리투아니아,3838.367,USD,UN Comtrade 공개 API,2026-09-30
2022-09,수입시장,수입액,일본|3304|360|인도네시아,1968.036,USD,UN Comtrade 공개 API,2026-09-30
2022-09,수입시장,수입액,일본|3304|344|홍콩,7258.004,USD,UN Comtrade 공개 API,2026-09-30
2022-09,수입시장,수입액,일본|3304|348|헝가리,5659.847,USD,UN Comtrade 공개 API,2026-09-30
2022-09,수입시장,수입액,일본|3304|276|독일,1559207.688,USD,UN Comtrade 공개 API,2026-09-30
2022-09,수입시장,수입액,일본|3304|124|캐나다,2518890.288,USD,UN Comtrade 공개 API,2026-09-30
2022-09,수입시장,수입액,일본|3304|56|벨기에,1030085.239,USD,UN Comtrade 공개 API,2026-09-30
2022-09,수입시장,수입액,일본|3304|36|호주,1405700.904,USD,UN Comtrade 공개 API,2026-09-30
2022-09,수입시장,수입액,일본|3304|246|핀란드,2917.159,USD,UN Comtrade 공개 API,2026-09-30
2022-09,수입시장,수입액,일본|3304|242|242,3845.346,USD,UN Comtrade 공개 API,2026-09-30
2022-09,수입시장,수입액,일본|3304|208|덴마크,36059.718,USD,UN Comtrade 공개 API,2026-09-30
2022-09,수입시장,수입액,일본|3304|233|에스토니아,2100.634,USD,UN Comtrade 공개 API,2026-09-30
2022-09,수입시장,수입액,일본|3304|203|체코,55160.83,USD,UN Comtrade 공개 API,2026-09-30
2022-09,수입시장,수입액,일본|3304|144|스리랑카,46025.516,USD,UN Comtrade 공개 API,2026-09-30
2022-09,수입시장,수입액,일본|3304|410|한국,37237203.48,USD,UN Comtrade 공개 API,2026-09-30
2022-09,수입시장,수입액,일본|3304|156|중국,9699833.826,USD,UN Comtrade 공개 API,2026-09-30
2022-09,수입시장,수입액,일본|3304|0|전체,125201022.625,USD,UN Comtrade 공개 API,2026-09-30
2022-09,수입시장,수입액,일본|3304|442|룩셈부르크,1444.622,USD,UN Comtrade 공개 API,2026-09-30
2022-09,수입시장,수입액,일본|3304|100|불가리아,2121.57,USD,UN Comtrade 공개 API,2026-09-30
2022-10,수입시장,수입액,일본|3304|757|스위스,1269527.81,USD,UN Comtrade 공개 API,2026-09-30
2022-10,수입시장,수입액,일본|3304|699|인도,136544.352,USD,UN Comtrade 공개 API,2026-09-30
2022-10,수입시장,수입액,일본|3304|251|프랑스,32581975.947,USD,UN Comtrade 공개 API,2026-09-30
2022-10,수입시장,수입액,일본|3304|490|대만,1675236.082,USD,UN Comtrade 공개 API,2026-09-30
2022-10,수입시장,수입액,일본|3304|842|미국,15698702.871,USD,UN Comtrade 공개 API,2026-09-30
2022-10,수입시장,수입액,일본|3304|0|전체,121797786.184,USD,UN Comtrade 공개 API,2026-09-30
2022-10,수입시장,수입액,일본|3304|36|호주,1667372.912,USD,UN Comtrade 공개 API,2026-09-30
2022-10,수입시장,수입액,일본|3304|40|오스트리아,2503.154,USD,UN Comtrade 공개 API,2026-09-30
2022-10,수입시장,수입액,일본|3304|56|벨기에,682701.352,USD,UN Comtrade 공개 API,2026-09-30
2022-10,수입시장,수입액,일본|3304|76|브라질,36935.131,USD,UN Comtrade 공개 API,2026-09-30
2022-10,수입시장,수입액,일본|3304|124|캐나다,1469814.172,USD,UN Comtrade 공개 API,2026-09-30
2022-10,수입시장,수입액,일본|3304|203|체코,2047.417,USD,UN Comtrade 공개 API,2026-09-30
2022-10,수입시장,수입액,일본|3304|208|덴마크,65401.711,USD,UN Comtrade 공개 API,2026-09-30
2022-10,수입시장,수입액,일본|3304|233|에스토니아,1659.7,USD,UN Comtrade 공개 API,2026-09-30
2022-10,수입시장,수입액,일본|3304|246|핀란드,14263.899,USD,UN Comtrade 공개 API,2026-09-30
2022-10,수입시장,수입액,일본|3304|288|288,1911.376,USD,UN Comtrade 공개 API,2026-09-30
2022-10,수입시장,수입액,일본|3304|344|홍콩,67496.742,USD,UN Comtrade 공개 API,2026-09-30
2022-10,수입시장,수입액,일본|3304|348|헝가리,11277.799,USD,UN Comtrade 공개 API,2026-09-30
2022-10,수입시장,수입액,일본|3304|352|352,89038.834,USD,UN Comtrade 공개 API,2026-09-30
2022-10,수입시장,수입액,일본|3304|360|인도네시아,3135.745,USD,UN Comtrade 공개 API,2026-09-30
2022-10,수입시장,수입액,일본|3304|376|이스라엘,1363634.172,USD,UN Comtrade 공개 API,2026-09-30
2022-10,수입시장,수입액,일본|3304|380|이탈리아,3693744.42,USD,UN Comtrade 공개 API,2026-09-30
2022-10,수입시장,수입액,일본|3304|440|리투아니아,27725.156,USD,UN Comtrade 공개 API,2026-09-30
2022-10,수입시장,수입액,일본|3304|442|룩셈부르크,6904.081,USD,UN Comtrade 공개 API,2026-09-30
2022-10,수입시장,수입액,일본|3304|458|말레이시아,545361.161,USD,UN Comtrade 공개 API,2026-09-30
2022-10,수입시장,수입액,일본|3304|484|멕시코,13236.789,USD,UN Comtrade 공개 API,2026-09-30
2022-10,수입시장,수입액,일본|3304|504|504,38622.04,USD,UN Comtrade 공개 API,2026-09-30
2022-10,수입시장,수입액,일본|3304|516|516,2135.844,USD,UN Comtrade 공개 API,2026-09-30
2022-10,수입시장,수입액,일본|3304|528|네덜란드,19576.3,USD,UN Comtrade 공개 API,2026-09-30
2022-10,수입시장,수입액,일본|3304|554|뉴질랜드,54348.379,USD,UN Comtrade 공개 API,2026-09-30
2022-10,수입시장,수입액,일본|3304|608|필리핀,251478.591,USD,UN Comtrade 공개 API,2026-09-30
2022-10,수입시장,수입액,일본|3304|616|폴란드,137972.782,USD,UN Comtrade 공개 API,2026-09-30
2022-10,수입시장,수입액,일본|3304|702|싱가포르,25800.176,USD,UN Comtrade 공개 API,2026-09-30
2022-10,수입시장,수입액,일본|3304|704|베트남,2257668.415,USD,UN Comtrade 공개 API,2026-09-30
2022-10,수입시장,수입액,일본|3304|705|슬로베니아,7305.402,USD,UN Comtrade 공개 API,2026-09-30
2022-10,수입시장,수입액,일본|3304|710|남아공,2003584.64,USD,UN Comtrade 공개 API,2026-09-30
2022-10,수입시장,수입액,일본|3304|724|스페인,77108.039,USD,UN Comtrade 공개 API,2026-09-30
2022-10,수입시장,수입액,일본|3304|752|스웨덴,21582.905,USD,UN Comtrade 공개 API,2026-09-30
2022-10,수입시장,수입액,일본|3304|764|태국,1151532.649,USD,UN Comtrade 공개 API,2026-09-30
2022-10,수입시장,수입액,일본|3304|826|영국,1997136.296,USD,UN Comtrade 공개 API,2026-09-30
2022-10,수입시장,수입액,일본|3304|276|독일,1730468.728,USD,UN Comtrade 공개 API,2026-09-30
2022-10,수입시장,수입액,일본|3304|410|한국,40556746.981,USD,UN Comtrade 공개 API,2026-09-30
2022-10,수입시장,수입액,일본|3304|156|중국,10336565.231,USD,UN Comtrade 공개 API,2026-09-30
2022-11,수입시장,수입액,일본|3304|757|스위스,683125.566,USD,UN Comtrade 공개 API,2026-09-30
2022-11,수입시장,수입액,일본|3304|699|인도,71278.528,USD,UN Comtrade 공개 API,2026-09-30
2022-11,수입시장,수입액,일본|3304|251|프랑스,32826205.595,USD,UN Comtrade 공개 API,2026-09-30
2022-11,수입시장,수입액,일본|3304|490|대만,1498109.407,USD,UN Comtrade 공개 API,2026-09-30
2022-11,수입시장,수입액,일본|3304|842|미국,17172376.657,USD,UN Comtrade 공개 API,2026-09-30
2022-11,수입시장,수입액,일본|3304|36|호주,295301.758,USD,UN Comtrade 공개 API,2026-09-30
2022-11,수입시장,수입액,일본|3304|56|벨기에,1090344.416,USD,UN Comtrade 공개 API,2026-09-30
2022-11,수입시장,수입액,일본|3304|76|브라질,59683.514,USD,UN Comtrade 공개 API,2026-09-30
2022-11,수입시장,수입액,일본|3304|100|불가리아,45637.863,USD,UN Comtrade 공개 API,2026-09-30
2022-11,수입시장,수입액,일본|3304|124|캐나다,1233587.649,USD,UN Comtrade 공개 API,2026-09-30
2022-11,수입시장,수입액,일본|3304|144|스리랑카,20130.232,USD,UN Comtrade 공개 API,2026-09-30
2022-11,수입시장,수입액,일본|3304|170|콜롬비아,1890.491,USD,UN Comtrade 공개 API,2026-09-30
2022-11,수입시장,수입액,일본|3304|203|체코,16916.397,USD,UN Comtrade 공개 API,2026-09-30
2022-11,수입시장,수입액,일본|3304|208|덴마크,78224.333,USD,UN Comtrade 공개 API,2026-09-30
2022-11,수입시장,수입액,일본|3304|233|에스토니아,4180.087,USD,UN Comtrade 공개 API,2026-09-30
2022-11,수입시장,수입액,일본|3304|246|핀란드,17175.464,USD,UN Comtrade 공개 API,2026-09-30
2022-11,수입시장,수입액,일본|3304|344|홍콩,7652.989,USD,UN Comtrade 공개 API,2026-09-30
2022-11,수입시장,수입액,일본|3304|348|헝가리,2919.759,USD,UN Comtrade 공개 API,2026-09-30
2022-11,수입시장,수입액,일본|3304|376|이스라엘,1751477.266,USD,UN Comtrade 공개 API,2026-09-30
2022-11,수입시장,수입액,일본|3304|380|이탈리아,4929155.247,USD,UN Comtrade 공개 API,2026-09-30
2022-11,수입시장,수입액,일본|3304|400|요르단,3766.979,USD,UN Comtrade 공개 API,2026-09-30
2022-11,수입시장,수입액,일본|3304|428|라트비아,2184.568,USD,UN Comtrade 공개 API,2026-09-30
2022-11,수입시장,수입액,일본|3304|458|말레이시아,305433.392,USD,UN Comtrade 공개 API,2026-09-30
2022-11,수입시장,수입액,일본|3304|484|멕시코,18463.799,USD,UN Comtrade 공개 API,2026-09-30
2022-11,수입시장,수입액,일본|3304|504|504,34729.027,USD,UN Comtrade 공개 API,2026-09-30
2022-11,수입시장,수입액,일본|3304|528|네덜란드,37410.724,USD,UN Comtrade 공개 API,2026-09-30
2022-11,수입시장,수입액,일본|3304|554|뉴질랜드,63072.395,USD,UN Comtrade 공개 API,2026-09-30
2022-11,수입시장,수입액,일본|3304|608|필리핀,313786.563,USD,UN Comtrade 공개 API,2026-09-30
2022-11,수입시장,수입액,일본|3304|616|폴란드,111552.996,USD,UN Comtrade 공개 API,2026-09-30
2022-11,수입시장,수입액,일본|3304|620|포르투갈,2618.681,USD,UN Comtrade 공개 API,2026-09-30
2022-11,수입시장,수입액,일본|3304|643|러시아,9242.402,USD,UN Comtrade 공개 API,2026-09-30
2022-11,수입시장,수입액,일본|3304|702|싱가포르,83111.603,USD,UN Comtrade 공개 API,2026-09-30
2022-11,수입시장,수입액,일본|3304|704|베트남,1704284.999,USD,UN Comtrade 공개 API,2026-09-30
2022-11,수입시장,수입액,일본|3304|705|슬로베니아,4985.296,USD,UN Comtrade 공개 API,2026-09-30
2022-11,수입시장,수입액,일본|3304|710|남아공,827489.091,USD,UN Comtrade 공개 API,2026-09-30
2022-11,수입시장,수입액,일본|3304|724|스페인,61924.096,USD,UN Comtrade 공개 API,2026-09-30
2022-11,수입시장,수입액,일본|3304|752|스웨덴,84385.935,USD,UN Comtrade 공개 API,2026-09-30
2022-11,수입시장,수입액,일본|3304|764|태국,826571.853,USD,UN Comtrade 공개 API,2026-09-30
2022-11,수입시장,수입액,일본|3304|792|튀르키예,10082.621,USD,UN Comtrade 공개 API,2026-09-30
2022-11,수입시장,수입액,일본|3304|826|영국,1872678.77,USD,UN Comtrade 공개 API,2026-09-30
2022-11,수입시장,수입액,일본|3304|276|독일,1423357.977,USD,UN Comtrade 공개 API,2026-09-30
2022-11,수입시장,수입액,일본|3304|410|한국,42932996.678,USD,UN Comtrade 공개 API,2026-09-30
2022-11,수입시장,수입액,일본|3304|156|중국,8597219.696,USD,UN Comtrade 공개 API,2026-09-30
2022-11,수입시장,수입액,일본|3304|0|전체,121150145.85,USD,UN Comtrade 공개 API,2026-09-30
2022-11,수입시장,수입액,일본|3304|442|룩셈부르크,13422.489,USD,UN Comtrade 공개 API,2026-09-30
2022-12,수입시장,수입액,일본|3304|757|스위스,739279.194,USD,UN Comtrade 공개 API,2026-09-30
2022-12,수입시장,수입액,일본|3304|699|인도,110919.57,USD,UN Comtrade 공개 API,2026-09-30
2022-12,수입시장,수입액,일본|3304|251|프랑스,40858875.219,USD,UN Comtrade 공개 API,2026-09-30
2022-12,수입시장,수입액,일본|3304|490|대만,1024468.245,USD,UN Comtrade 공개 API,2026-09-30
2022-12,수입시장,수입액,일본|3304|842|미국,14174835.821,USD,UN Comtrade 공개 API,2026-09-30
2022-12,수입시장,수입액,일본|3304|0|전체,120913164.395,USD,UN Comtrade 공개 API,2026-09-30
2022-12,수입시장,수입액,일본|3304|376|이스라엘,1245295.736,USD,UN Comtrade 공개 API,2026-09-30
2022-12,수입시장,수입액,일본|3304|608|필리핀,225051.311,USD,UN Comtrade 공개 API,2026-09-30
2022-12,수입시장,수입액,일본|3304|484|멕시코,18061.998,USD,UN Comtrade 공개 API,2026-09-30
2022-12,수입시장,수입액,일본|3304|233|에스토니아,1801.769,USD,UN Comtrade 공개 API,2026-09-30
2022-12,수입시장,수입액,일본|3304|352|352,6461.262,USD,UN Comtrade 공개 API,2026-09-30
2022-12,수입시장,수입액,일본|3304|360|인도네시아,14163.087,USD,UN Comtrade 공개 API,2026-09-30
2022-12,수입시장,수입액,일본|3304|203|체코,35090.194,USD,UN Comtrade 공개 API,2026-09-30
2022-12,수입시장,수입액,일본|3304|826|영국,2018875.004,USD,UN Comtrade 공개 API,2026-09-30
2022-12,수입시장,수입액,일본|3304|764|태국,1046436.537,USD,UN Comtrade 공개 API,2026-09-30
2022-12,수입시장,수입액,일본|3304|724|스페인,626949.223,USD,UN Comtrade 공개 API,2026-09-30
2022-12,수입시장,수입액,일본|3304|704|베트남,1741801.3,USD,UN Comtrade 공개 API,2026-09-30
2022-12,수입시장,수입액,일본|3304|616|폴란드,389632.589,USD,UN Comtrade 공개 API,2026-09-30
2022-12,수입시장,수입액,일본|3304|56|벨기에,684450.767,USD,UN Comtrade 공개 API,2026-09-30
2022-12,수입시장,수입액,일본|3304|380|이탈리아,6259737.569,USD,UN Comtrade 공개 API,2026-09-30
2022-12,수입시장,수입액,일본|3304|442|룩셈부르크,4275.51,USD,UN Comtrade 공개 API,2026-09-30
2022-12,수입시장,수입액,일본|3304|124|캐나다,1498230.164,USD,UN Comtrade 공개 API,2026-09-30
2022-12,수입시장,수입액,일본|3304|504|504,47540.123,USD,UN Comtrade 공개 API,2026-09-30
2022-12,수입시장,수입액,일본|3304|524|524,25497.988,USD,UN Comtrade 공개 API,2026-09-30
2022-12,수입시장,수입액,일본|3304|348|헝가리,10315.867,USD,UN Comtrade 공개 API,2026-09-30
2022-12,수입시장,수입액,일본|3304|705|슬로베니아,2695.269,USD,UN Comtrade 공개 API,2026-09-30
2022-12,수입시장,수입액,일본|3304|246|핀란드,3463.237,USD,UN Comtrade 공개 API,2026-09-30
2022-12,수입시장,수입액,일본|3304|710|남아공,1627521.873,USD,UN Comtrade 공개 API,2026-09-30
2022-12,수입시장,수입액,일본|3304|300|그리스,4888.407,USD,UN Comtrade 공개 API,2026-09-30
2022-12,수입시장,수입액,일본|3304|36|호주,998733.959,USD,UN Comtrade 공개 API,2026-09-30
2022-12,수입시장,수입액,일본|3304|752|스웨덴,63992.344,USD,UN Comtrade 공개 API,2026-09-30
2022-12,수입시장,수입액,일본|3304|144|스리랑카,6904.32,USD,UN Comtrade 공개 API,2026-09-30
2022-12,수입시장,수입액,일본|3304|528|네덜란드,35296.954,USD,UN Comtrade 공개 API,2026-09-30
2022-12,수입시장,수입액,일본|3304|100|불가리아,13675.724,USD,UN Comtrade 공개 API,2026-09-30
2022-12,수입시장,수입액,일본|3304|276|독일,2162189.499,USD,UN Comtrade 공개 API,2026-09-30
2022-12,수입시장,수입액,일본|3304|702|싱가포르,19996.684,USD,UN Comtrade 공개 API,2026-09-30
2022-12,수입시장,수입액,일본|3304|458|말레이시아,336369.634,USD,UN Comtrade 공개 API,2026-09-30
2022-12,수입시장,수입액,일본|3304|76|브라질,16481.758,USD,UN Comtrade 공개 API,2026-09-30
2022-12,수입시장,수입액,일본|3304|208|덴마크,51195.352,USD,UN Comtrade 공개 API,2026-09-30
2022-12,수입시장,수입액,일본|3304|554|뉴질랜드,139400.815,USD,UN Comtrade 공개 API,2026-09-30
2022-12,수입시장,수입액,일본|3304|410|한국,34238421.979,USD,UN Comtrade 공개 API,2026-09-30
2022-12,수입시장,수입액,일본|3304|156|중국,8383890.538,USD,UN Comtrade 공개 API,2026-09-30
2023-01,수입시장,수입액,일본|3304|156|중국,12350176.948,USD,UN Comtrade 공개 API,2026-09-30
2023-01,수입시장,수입액,일본|3304|842|미국,16753149.286,USD,UN Comtrade 공개 API,2026-09-30
2023-01,수입시장,수입액,일본|3304|410|한국,42857352.772,USD,UN Comtrade 공개 API,2026-09-30
2023-01,수입시장,수입액,일본|3304|490|대만,2357054.743,USD,UN Comtrade 공개 API,2026-09-30
2023-01,수입시장,수입액,일본|3304|276|독일,1806037.796,USD,UN Comtrade 공개 API,2026-09-30
2023-01,수입시장,수입액,일본|3304|764|태국,942548.775,USD,UN Comtrade 공개 API,2026-09-30
2023-01,수입시장,수입액,일본|3304|251|프랑스,27685130.044,USD,UN Comtrade 공개 API,2026-09-30
2023-01,수입시장,수입액,일본|3304|704|베트남,2423486.418,USD,UN Comtrade 공개 API,2026-09-30
2023-01,수입시장,수입액,일본|3304|380|이탈리아,3544193.913,USD,UN Comtrade 공개 API,2026-09-30
2023-01,수입시장,수입액,일본|3304|826|영국,2097580.708,USD,UN Comtrade 공개 API,2026-09-30
2023-01,수입시장,수입액,일본|3304|699|인도,84353.42,USD,UN Comtrade 공개 API,2026-09-30
2023-01,수입시장,수입액,일본|3304|360|인도네시아,1618.788,USD,UN Comtrade 공개 API,2026-09-30
2023-01,수입시장,수입액,일본|3304|458|말레이시아,265205.005,USD,UN Comtrade 공개 API,2026-09-30
2023-01,수입시장,수입액,일본|3304|724|스페인,32843.746,USD,UN Comtrade 공개 API,2026-09-30
2023-01,수입시장,수입액,일본|3304|528|네덜란드,55230.584,USD,UN Comtrade 공개 API,2026-09-30
2023-01,수입시장,수입액,일본|3304|608|필리핀,233504.383,USD,UN Comtrade 공개 API,2026-09-30
2023-01,수입시장,수입액,일본|3304|56|벨기에,515557.056,USD,UN Comtrade 공개 API,2026-09-30
2023-01,수입시장,수입액,일본|3304|757|스위스,1340087.763,USD,UN Comtrade 공개 API,2026-09-30
2023-01,수입시장,수입액,일본|3304|124|캐나다,1227071.825,USD,UN Comtrade 공개 API,2026-09-30
2023-01,수입시장,수입액,일본|3304|752|스웨덴,25072.031,USD,UN Comtrade 공개 API,2026-09-30
2023-01,수입시장,수입액,일본|3304|40|오스트리아,3743.926,USD,UN Comtrade 공개 API,2026-09-30
2023-01,수입시장,수입액,일본|3304|36|호주,1637860.322,USD,UN Comtrade 공개 API,2026-09-30
2023-01,수입시장,수입액,일본|3304|702|싱가포르,2531.753,USD,UN Comtrade 공개 API,2026-09-30
2023-01,수입시장,수입액,일본|3304|208|덴마크,85181.994,USD,UN Comtrade 공개 API,2026-09-30
2023-01,수입시장,수입액,일본|3304|616|폴란드,691989.58,USD,UN Comtrade 공개 API,2026-09-30
2023-01,수입시장,수입액,일본|3304|76|브라질,48064.955,USD,UN Comtrade 공개 API,2026-09-30
2023-01,수입시장,수입액,일본|3304|203|체코,16617.509,USD,UN Comtrade 공개 API,2026-09-30
2023-01,수입시장,수입액,일본|3304|376|이스라엘,738804.002,USD,UN Comtrade 공개 API,2026-09-30
2023-01,수입시장,수입액,일본|3304|352|352,90728.835,USD,UN Comtrade 공개 API,2026-09-30
2023-01,수입시장,수입액,일본|3304|800|800,2462.706,USD,UN Comtrade 공개 API,2026-09-30
2023-01,수입시장,수입액,일본|3304|710|남아공,810889.926,USD,UN Comtrade 공개 API,2026-09-30
2023-01,수입시장,수입액,일본|3304|642|루마니아,2807.945,USD,UN Comtrade 공개 API,2026-09-30
2023-01,수입시장,수입액,일본|3304|643|러시아,4587.844,USD,UN Comtrade 공개 API,2026-09-30
2023-01,수입시장,수입액,일본|3304|496|몽골,3145.512,USD,UN Comtrade 공개 API,2026-09-30
2023-01,수입시장,수입액,일본|3304|504|504,37707.782,USD,UN Comtrade 공개 API,2026-09-30
2023-01,수입시장,수입액,일본|3304|524|524,8354.786,USD,UN Comtrade 공개 API,2026-09-30
2023-01,수입시장,수입액,일본|3304|442|룩셈부르크,5991.816,USD,UN Comtrade 공개 API,2026-09-30
2023-01,수입시장,수입액,일본|3304|344|홍콩,10004.262,USD,UN Comtrade 공개 API,2026-09-30
2023-01,수입시장,수입액,일본|3304|348|헝가리,1864.291,USD,UN Comtrade 공개 API,2026-09-30
2023-01,수입시장,수입액,일본|3304|554|뉴질랜드,30396.385,USD,UN Comtrade 공개 API,2026-09-30
2023-01,수입시장,수입액,일본|3304|0|전체,120830992.135,USD,UN Comtrade 공개 API,2026-09-30
2023-02,수입시장,수입액,일본|3304|156|중국,6512477.531,USD,UN Comtrade 공개 API,2026-09-30
2023-02,수입시장,수입액,일본|3304|842|미국,15935747.006,USD,UN Comtrade 공개 API,2026-09-30
2023-02,수입시장,수입액,일본|3304|410|한국,47825146.343,USD,UN Comtrade 공개 API,2026-09-30
2023-02,수입시장,수입액,일본|3304|276|독일,1928653.931,USD,UN Comtrade 공개 API,2026-09-30
2023-02,수입시장,수입액,일본|3304|490|대만,658484.552,USD,UN Comtrade 공개 API,2026-09-30
2023-02,수입시장,수입액,일본|3304|764|태국,867495.661,USD,UN Comtrade 공개 API,2026-09-30
2023-02,수입시장,수입액,일본|3304|251|프랑스,35756911.878,USD,UN Comtrade 공개 API,2026-09-30
2023-02,수입시장,수입액,일본|3304|380|이탈리아,4411188.81,USD,UN Comtrade 공개 API,2026-09-30
2023-02,수입시장,수입액,일본|3304|826|영국,2156694.162,USD,UN Comtrade 공개 API,2026-09-30
2023-02,수입시장,수입액,일본|3304|704|베트남,2166159.699,USD,UN Comtrade 공개 API,2026-09-30
2023-02,수입시장,수입액,일본|3304|699|인도,10581.791,USD,UN Comtrade 공개 API,2026-09-30
2023-02,수입시장,수입액,일본|3304|458|말레이시아,866379.406,USD,UN Comtrade 공개 API,2026-09-30
2023-02,수입시장,수입액,일본|3304|724|스페인,62133.138,USD,UN Comtrade 공개 API,2026-09-30
2023-02,수입시장,수입액,일본|3304|528|네덜란드,28773.722,USD,UN Comtrade 공개 API,2026-09-30
2023-02,수입시장,수입액,일본|3304|56|벨기에,885219.972,USD,UN Comtrade 공개 API,2026-09-30
2023-02,수입시장,수입액,일본|3304|752|스웨덴,42161.233,USD,UN Comtrade 공개 API,2026-09-30
2023-02,수입시장,수입액,일본|3304|757|스위스,1069205.862,USD,UN Comtrade 공개 API,2026-09-30
2023-02,수입시장,수입액,일본|3304|608|필리핀,177612.681,USD,UN Comtrade 공개 API,2026-09-30
2023-02,수입시장,수입액,일본|3304|124|캐나다,1330454.664,USD,UN Comtrade 공개 API,2026-09-30
2023-02,수입시장,수입액,일본|3304|484|멕시코,49311.296,USD,UN Comtrade 공개 API,2026-09-30
2023-02,수입시장,수입액,일본|3304|40|오스트리아,6531.597,USD,UN Comtrade 공개 API,2026-09-30
2023-02,수입시장,수입액,일본|3304|36|호주,2585154.869,USD,UN Comtrade 공개 API,2026-09-30
2023-02,수입시장,수입액,일본|3304|616|폴란드,187425.161,USD,UN Comtrade 공개 API,2026-09-30
2023-02,수입시장,수입액,일본|3304|702|싱가포르,10875.939,USD,UN Comtrade 공개 API,2026-09-30
2023-02,수입시장,수입액,일본|3304|208|덴마크,56121.957,USD,UN Comtrade 공개 API,2026-09-30
2023-02,수입시장,수입액,일본|3304|76|브라질,12497.525,USD,UN Comtrade 공개 API,2026-09-30
2023-02,수입시장,수입액,일본|3304|792|튀르키예,2556.826,USD,UN Comtrade 공개 API,2026-09-30
2023-02,수입시장,수입액,일본|3304|203|체코,40509.478,USD,UN Comtrade 공개 API,2026-09-30
2023-02,수입시장,수입액,일본|3304|246|핀란드,2677.502,USD,UN Comtrade 공개 API,2026-09-30
2023-02,수입시장,수입액,일본|3304|688|세르비아,4065.278,USD,UN Comtrade 공개 API,2026-09-30
2023-02,수입시장,수입액,일본|3304|554|뉴질랜드,95635.857,USD,UN Comtrade 공개 API,2026-09-30
2023-02,수입시장,수입액,일본|3304|400|요르단,2428.608,USD,UN Comtrade 공개 API,2026-09-30
2023-02,수입시장,수입액,일본|3304|376|이스라엘,1514289.709,USD,UN Comtrade 공개 API,2026-09-30
2023-02,수입시장,수입액,일본|3304|705|슬로베니아,3748.503,USD,UN Comtrade 공개 API,2026-09-30
2023-02,수입시장,수입액,일본|3304|710|남아공,802330.534,USD,UN Comtrade 공개 API,2026-09-30
2023-02,수입시장,수입액,일본|3304|620|포르투갈,1614.044,USD,UN Comtrade 공개 API,2026-09-30
2023-02,수입시장,수입액,일본|3304|300|그리스,4472.56,USD,UN Comtrade 공개 API,2026-09-30
2023-02,수입시장,수입액,일본|3304|344|홍콩,168184.856,USD,UN Comtrade 공개 API,2026-09-30
2023-02,수입시장,수입액,일본|3304|258|258,3748.503,USD,UN Comtrade 공개 API,2026-09-30
2023-02,수입시장,수입액,일본|3304|233|에스토니아,3122.496,USD,UN Comtrade 공개 API,2026-09-30
2023-02,수입시장,수입액,일본|3304|242|242,1810.142,USD,UN Comtrade 공개 API,2026-09-30
2023-02,수입시장,수입액,일본|3304|422|레바논,3386.475,USD,UN Comtrade 공개 API,2026-09-30
2023-02,수입시장,수입액,일본|3304|428|라트비아,4646.032,USD,UN Comtrade 공개 API,2026-09-30
2023-02,수입시장,수입액,일본|3304|442|룩셈부르크,12912.349,USD,UN Comtrade 공개 API,2026-09-30
2023-02,수입시장,수입액,일본|3304|100|불가리아,60820.785,USD,UN Comtrade 공개 API,2026-09-30
2023-02,수입시장,수입액,일본|3304|0|전체,128332360.922,USD,UN Comtrade 공개 API,2026-09-30
2023-03,수입시장,수입액,일본|3304|156|중국,11191662.67,USD,UN Comtrade 공개 API,2026-09-30
2023-03,수입시장,수입액,일본|3304|842|미국,21244801.661,USD,UN Comtrade 공개 API,2026-09-30
2023-03,수입시장,수입액,일본|3304|410|한국,51361536.694,USD,UN Comtrade 공개 API,2026-09-30
2023-03,수입시장,수입액,일본|3304|276|독일,1095371.068,USD,UN Comtrade 공개 API,2026-09-30
2023-03,수입시장,수입액,일본|3304|490|대만,1274929.563,USD,UN Comtrade 공개 API,2026-09-30
2023-03,수입시장,수입액,일본|3304|251|프랑스,33193980.933,USD,UN Comtrade 공개 API,2026-09-30
2023-03,수입시장,수입액,일본|3304|764|태국,1263087.996,USD,UN Comtrade 공개 API,2026-09-30
2023-03,수입시장,수입액,일본|3304|704|베트남,1816937.122,USD,UN Comtrade 공개 API,2026-09-30
2023-03,수입시장,수입액,일본|3304|380|이탈리아,5591094.708,USD,UN Comtrade 공개 API,2026-09-30
2023-03,수입시장,수입액,일본|3304|699|인도,209771.3,USD,UN Comtrade 공개 API,2026-09-30
2023-03,수입시장,수입액,일본|3304|826|영국,2081635.361,USD,UN Comtrade 공개 API,2026-09-30
2023-03,수입시장,수입액,일본|3304|458|말레이시아,965405.204,USD,UN Comtrade 공개 API,2026-09-30
2023-03,수입시장,수입액,일본|3304|724|스페인,114336.49,USD,UN Comtrade 공개 API,2026-09-30
2023-03,수입시장,수입액,일본|3304|528|네덜란드,26111.215,USD,UN Comtrade 공개 API,2026-09-30
2023-03,수입시장,수입액,일본|3304|608|필리핀,306177.342,USD,UN Comtrade 공개 API,2026-09-30
2023-03,수입시장,수입액,일본|3304|56|벨기에,690456.726,USD,UN Comtrade 공개 API,2026-09-30
2023-03,수입시장,수입액,일본|3304|757|스위스,1386509.247,USD,UN Comtrade 공개 API,2026-09-30
2023-03,수입시장,수입액,일본|3304|484|멕시코,18303.999,USD,UN Comtrade 공개 API,2026-09-30
2023-03,수입시장,수입액,일본|3304|752|스웨덴,42024.488,USD,UN Comtrade 공개 API,2026-09-30
2023-03,수입시장,수입액,일본|3304|124|캐나다,1058658.476,USD,UN Comtrade 공개 API,2026-09-30
2023-03,수입시장,수입액,일본|3304|36|호주,1606478.489,USD,UN Comtrade 공개 API,2026-09-30
2023-03,수입시장,수입액,일본|3304|40|오스트리아,1785.574,USD,UN Comtrade 공개 API,2026-09-30
2023-03,수입시장,수입액,일본|3304|702|싱가포르,11565.139,USD,UN Comtrade 공개 API,2026-09-30
2023-03,수입시장,수입액,일본|3304|208|덴마크,88785.602,USD,UN Comtrade 공개 API,2026-09-30
2023-03,수입시장,수입액,일본|3304|616|폴란드,672429.155,USD,UN Comtrade 공개 API,2026-09-30
2023-03,수입시장,수입액,일본|3304|76|브라질,9241.652,USD,UN Comtrade 공개 API,2026-09-30
2023-03,수입시장,수입액,일본|3304|203|체코,42412.981,USD,UN Comtrade 공개 API,2026-09-30
2023-03,수입시장,수입액,일본|3304|792|튀르키예,7493.433,USD,UN Comtrade 공개 API,2026-09-30
2023-03,수입시장,수입액,일본|3304|246|핀란드,3974.583,USD,UN Comtrade 공개 API,2026-09-30
2023-03,수입시장,수입액,일본|3304|554|뉴질랜드,121964.401,USD,UN Comtrade 공개 API,2026-09-30
2023-03,수입시장,수입액,일본|3304|348|헝가리,22868.792,USD,UN Comtrade 공개 API,2026-09-30
2023-03,수입시장,수입액,일본|3304|352|352,2495.321,USD,UN Comtrade 공개 API,2026-09-30
2023-03,수입시장,수입액,일본|3304|100|불가리아,8150.883,USD,UN Comtrade 공개 API,2026-09-30
2023-03,수입시장,수입액,일본|3304|784|UAE,8023.875,USD,UN Comtrade 공개 API,2026-09-30
2023-03,수입시장,수입액,일본|3304|504|504,37922.898,USD,UN Comtrade 공개 API,2026-09-30
2023-03,수입시장,수입액,일본|3304|376|이스라엘,910919.056,USD,UN Comtrade 공개 API,2026-09-30
2023-03,수입시장,수입액,일본|3304|300|그리스,2203.951,USD,UN Comtrade 공개 API,2026-09-30
2023-03,수입시장,수입액,일본|3304|344|홍콩,208889.719,USD,UN Comtrade 공개 API,2026-09-30
2023-03,수입시장,수입액,일본|3304|233|에스토니아,2495.321,USD,UN Comtrade 공개 API,2026-09-30
2023-03,수입시장,수입액,일본|3304|144|스리랑카,10974.928,USD,UN Comtrade 공개 API,2026-09-30
2023-03,수입시장,수입액,일본|3304|705|슬로베니아,10997.341,USD,UN Comtrade 공개 API,2026-09-30
2023-03,수입시장,수입액,일본|3304|710|남아공,590337.587,USD,UN Comtrade 공개 API,2026-09-30
2023-03,수입시장,수입액,일본|3304|643|러시아,71116.639,USD,UN Comtrade 공개 API,2026-09-30
2023-03,수입시장,수입액,일본|3304|442|룩셈부르크,8113.528,USD,UN Comtrade 공개 API,2026-09-30
2023-03,수입시장,수입액,일본|3304|0|전체,139394433.109,USD,UN Comtrade 공개 API,2026-09-30
2023-04,수입시장,수입액,일본|3304|100|불가리아,11654.938,USD,UN Comtrade 공개 API,2026-09-30
2023-04,수입시장,수입액,일본|3304|144|스리랑카,8647.454,USD,UN Comtrade 공개 API,2026-09-30
2023-04,수입시장,수입액,일본|3304|218|218,7754.959,USD,UN Comtrade 공개 API,2026-09-30
2023-04,수입시장,수입액,일본|3304|344|홍콩,395990.388,USD,UN Comtrade 공개 API,2026-09-30
2023-04,수입시장,수입액,일본|3304|348|헝가리,16259.913,USD,UN Comtrade 공개 API,2026-09-30
2023-04,수입시장,수입액,일본|3304|428|라트비아,2647.486,USD,UN Comtrade 공개 API,2026-09-30
2023-04,수입시장,수입액,일본|3304|442|룩셈부르크,2047.489,USD,UN Comtrade 공개 API,2026-09-30
2023-04,수입시장,수입액,일본|3304|504|504,32902.325,USD,UN Comtrade 공개 API,2026-09-30
2023-04,수입시장,수입액,일본|3304|591|591,1537.492,USD,UN Comtrade 공개 API,2026-09-30
2023-04,수입시장,수입액,일본|3304|643|러시아,30457.338,USD,UN Comtrade 공개 API,2026-09-30
2023-04,수입시장,수입액,일본|3304|710|남아공,1007604.626,USD,UN Comtrade 공개 API,2026-09-30
2023-04,수입시장,수입액,일본|3304|784|UAE,26467.359,USD,UN Comtrade 공개 API,2026-09-30
2023-04,수입시장,수입액,일본|3304|376|이스라엘,1178296.216,USD,UN Comtrade 공개 API,2026-09-30
2023-04,수입시장,수입액,일본|3304|554|뉴질랜드,97439.48,USD,UN Comtrade 공개 API,2026-09-30
2023-04,수입시장,수입액,일본|3304|76|브라질,8467.455,USD,UN Comtrade 공개 API,2026-09-30
2023-04,수입시장,수입액,일본|3304|203|체코,27824.852,USD,UN Comtrade 공개 API,2026-09-30
2023-04,수입시장,수입액,일본|3304|246|핀란드,4874.974,USD,UN Comtrade 공개 API,2026-09-30
2023-04,수입시장,수입액,일본|3304|792|튀르키예,4754.975,USD,UN Comtrade 공개 API,2026-09-30
2023-04,수입시장,수입액,일본|3304|208|덴마크,18532.401,USD,UN Comtrade 공개 API,2026-09-30
2023-04,수입시장,수입액,일본|3304|702|싱가포르,11504.939,USD,UN Comtrade 공개 API,2026-09-30
2023-04,수입시장,수입액,일본|3304|616|폴란드,292393.441,USD,UN Comtrade 공개 API,2026-09-30
2023-04,수입시장,수입액,일본|3304|484|멕시코,4762.475,USD,UN Comtrade 공개 API,2026-09-30
2023-04,수입시장,수입액,일본|3304|36|호주,896815.217,USD,UN Comtrade 공개 API,2026-09-30
2023-04,수입시장,수입액,일본|3304|124|캐나다,1631016.301,USD,UN Comtrade 공개 API,2026-09-30
2023-04,수입시장,수입액,일본|3304|608|필리핀,207951.391,USD,UN Comtrade 공개 API,2026-09-30
2023-04,수입시장,수입액,일본|3304|752|스웨덴,67312.141,USD,UN Comtrade 공개 API,2026-09-30
2023-04,수입시장,수입액,일본|3304|757|스위스,1994501.863,USD,UN Comtrade 공개 API,2026-09-30
2023-04,수입시장,수입액,일본|3304|56|벨기에,1034874.481,USD,UN Comtrade 공개 API,2026-09-30
2023-04,수입시장,수입액,일본|3304|528|네덜란드,21277.387,USD,UN Comtrade 공개 API,2026-09-30
2023-04,수입시장,수입액,일본|3304|458|말레이시아,873070.344,USD,UN Comtrade 공개 API,2026-09-30
2023-04,수입시장,수입액,일본|3304|724|스페인,84037.052,USD,UN Comtrade 공개 API,2026-09-30
2023-04,수입시장,수입액,일본|3304|360|인도네시아,6659.964,USD,UN Comtrade 공개 API,2026-09-30
2023-04,수입시장,수입액,일본|3304|699|인도,140069.253,USD,UN Comtrade 공개 API,2026-09-30
2023-04,수입시장,수입액,일본|3304|826|영국,2807917.524,USD,UN Comtrade 공개 API,2026-09-30
2023-04,수입시장,수입액,일본|3304|704|베트남,1365150.219,USD,UN Comtrade 공개 API,2026-09-30
2023-04,수입시장,수입액,일본|3304|380|이탈리아,6062607.666,USD,UN Comtrade 공개 API,2026-09-30
2023-04,수입시장,수입액,일본|3304|764|태국,1477979.617,USD,UN Comtrade 공개 API,2026-09-30
2023-04,수입시장,수입액,일본|3304|251|프랑스,36134904.779,USD,UN Comtrade 공개 API,2026-09-30
2023-04,수입시장,수입액,일본|3304|490|대만,1432462.36,USD,UN Comtrade 공개 API,2026-09-30
2023-04,수입시장,수입액,일본|3304|276|독일,1201051.094,USD,UN Comtrade 공개 API,2026-09-30
2023-04,수입시장,수입액,일본|3304|410|한국,52789135.956,USD,UN Comtrade 공개 API,2026-09-30
2023-04,수입시장,수입액,일본|3304|842|미국,8998114.51,USD,UN Comtrade 공개 API,2026-09-30
2023-04,수입시장,수입액,일본|3304|156|중국,10321669.951,USD,UN Comtrade 공개 API,2026-09-30
2023-04,수입시장,수입액,일본|3304|0|전체,132741402.042,USD,UN Comtrade 공개 API,2026-09-30
2023-05,수입시장,수입액,일본|3304|156|중국,9202055.457,USD,UN Comtrade 공개 API,2026-09-30
2023-05,수입시장,수입액,일본|3304|842|미국,15856301.877,USD,UN Comtrade 공개 API,2026-09-30
2023-05,수입시장,수입액,일본|3304|410|한국,49667388.579,USD,UN Comtrade 공개 API,2026-09-30
2023-05,수입시장,수입액,일본|3304|490|대만,1896688.92,USD,UN Comtrade 공개 API,2026-09-30
2023-05,수입시장,수입액,일본|3304|276|독일,2210542.957,USD,UN Comtrade 공개 API,2026-09-30
2023-05,수입시장,수입액,일본|3304|764|태국,1036143.266,USD,UN Comtrade 공개 API,2026-09-30
2023-05,수입시장,수입액,일본|3304|251|프랑스,31572605.276,USD,UN Comtrade 공개 API,2026-09-30
2023-05,수입시장,수입액,일본|3304|380|이탈리아,3703556.356,USD,UN Comtrade 공개 API,2026-09-30
2023-05,수입시장,수입액,일본|3304|704|베트남,2194915.491,USD,UN Comtrade 공개 API,2026-09-30
2023-05,수입시장,수입액,일본|3304|826|영국,2628191.357,USD,UN Comtrade 공개 API,2026-09-30
2023-05,수입시장,수입액,일본|3304|699|인도,163060.653,USD,UN Comtrade 공개 API,2026-09-30
2023-05,수입시장,수입액,일본|3304|724|스페인,42115.438,USD,UN Comtrade 공개 API,2026-09-30
2023-05,수입시장,수입액,일본|3304|458|말레이시아,1279127.037,USD,UN Comtrade 공개 API,2026-09-30
2023-05,수입시장,수입액,일본|3304|528|네덜란드,57793.926,USD,UN Comtrade 공개 API,2026-09-30
2023-05,수입시장,수입액,일본|3304|124|캐나다,1549356.828,USD,UN Comtrade 공개 API,2026-09-30
2023-05,수입시장,수입액,일본|3304|757|스위스,1011360.904,USD,UN Comtrade 공개 API,2026-09-30
2023-05,수입시장,수입액,일본|3304|484|멕시코,29192.165,USD,UN Comtrade 공개 API,2026-09-30
2023-05,수입시장,수입액,일본|3304|56|벨기에,1104987.21,USD,UN Comtrade 공개 API,2026-09-30
2023-05,수입시장,수입액,일본|3304|608|필리핀,179526.346,USD,UN Comtrade 공개 API,2026-09-30
2023-05,수입시장,수입액,일본|3304|36|호주,1332707.961,USD,UN Comtrade 공개 API,2026-09-30
2023-05,수입시장,수입액,일본|3304|752|스웨덴,118838.715,USD,UN Comtrade 공개 API,2026-09-30
2023-05,수입시장,수입액,일본|3304|702|싱가포르,15488.976,USD,UN Comtrade 공개 API,2026-09-30
2023-05,수입시장,수입액,일본|3304|616|폴란드,361020.703,USD,UN Comtrade 공개 API,2026-09-30
2023-05,수입시장,수입액,일본|3304|208|덴마크,47706.047,USD,UN Comtrade 공개 API,2026-09-30
2023-05,수입시장,수입액,일본|3304|203|체코,60745.943,USD,UN Comtrade 공개 API,2026-09-30
2023-05,수입시장,수입액,일본|3304|246|핀란드,6873.461,USD,UN Comtrade 공개 API,2026-09-30
2023-05,수입시장,수입액,일본|3304|76|브라질,82335.753,USD,UN Comtrade 공개 API,2026-09-30
2023-05,수입시장,수입액,일본|3304|554|뉴질랜드,52640.652,USD,UN Comtrade 공개 API,2026-09-30
2023-05,수입시장,수입액,일본|3304|710|남아공,519241.506,USD,UN Comtrade 공개 API,2026-09-30
2023-05,수입시장,수입액,일본|3304|400|요르단,2368.902,USD,UN Comtrade 공개 API,2026-09-30
2023-05,수입시장,수입액,일본|3304|376|이스라엘,612051.452,USD,UN Comtrade 공개 API,2026-09-30
2023-05,수입시장,수입액,일본|3304|344|홍콩,247415.44,USD,UN Comtrade 공개 API,2026-09-30
2023-05,수입시장,수입액,일본|3304|100|불가리아,9162.185,USD,UN Comtrade 공개 API,2026-09-30
2023-05,수입시장,수입액,일본|3304|352|352,35504.378,USD,UN Comtrade 공개 API,2026-09-30
2023-05,수입시장,수입액,일본|3304|144|스리랑카,3236.285,USD,UN Comtrade 공개 API,2026-09-30
2023-05,수입시장,수입액,일본|3304|643|러시아,11436.331,USD,UN Comtrade 공개 API,2026-09-30
2023-05,수입시장,수입액,일본|3304|442|룩셈부르크,55366.712,USD,UN Comtrade 공개 API,2026-09-30
2023-05,수입시장,수입액,일본|3304|705|슬로베니아,6261.191,USD,UN Comtrade 공개 API,2026-09-30
2023-05,수입시장,수입액,일본|3304|0|전체,128965312.636,USD,UN Comtrade 공개 API,2026-09-30
2023-06,수입시장,수입액,일본|3304|156|중국,9246825.808,USD,UN Comtrade 공개 API,2026-09-30
2023-06,수입시장,수입액,일본|3304|842|미국,10500019.011,USD,UN Comtrade 공개 API,2026-09-30
2023-06,수입시장,수입액,일본|3304|410|한국,44144302.442,USD,UN Comtrade 공개 API,2026-09-30
2023-06,수입시장,수입액,일본|3304|490|대만,1522861.502,USD,UN Comtrade 공개 API,2026-09-30
2023-06,수입시장,수입액,일본|3304|276|독일,1745008.786,USD,UN Comtrade 공개 API,2026-09-30
2023-06,수입시장,수입액,일본|3304|764|태국,1333273.339,USD,UN Comtrade 공개 API,2026-09-30
2023-06,수입시장,수입액,일본|3304|251|프랑스,34430470.024,USD,UN Comtrade 공개 API,2026-09-30
2023-06,수입시장,수입액,일본|3304|380|이탈리아,4427268.286,USD,UN Comtrade 공개 API,2026-09-30
2023-06,수입시장,수입액,일본|3304|704|베트남,1339691.651,USD,UN Comtrade 공개 API,2026-09-30
2023-06,수입시장,수입액,일본|3304|826|영국,2229867.656,USD,UN Comtrade 공개 API,2026-09-30
2023-06,수입시장,수입액,일본|3304|699|인도,292614.12,USD,UN Comtrade 공개 API,2026-09-30
2023-06,수입시장,수입액,일본|3304|724|스페인,228445.165,USD,UN Comtrade 공개 API,2026-09-30
2023-06,수입시장,수입액,일본|3304|458|말레이시아,1028113.047,USD,UN Comtrade 공개 API,2026-09-30
2023-06,수입시장,수입액,일본|3304|528|네덜란드,85187.866,USD,UN Comtrade 공개 API,2026-09-30
2023-06,수입시장,수입액,일본|3304|757|스위스,1534862.188,USD,UN Comtrade 공개 API,2026-09-30
2023-06,수입시장,수입액,일본|3304|56|벨기에,1217495.768,USD,UN Comtrade 공개 API,2026-09-30
2023-06,수입시장,수입액,일본|3304|124|캐나다,2079101.073,USD,UN Comtrade 공개 API,2026-09-30
2023-06,수입시장,수입액,일본|3304|608|필리핀,236868.314,USD,UN Comtrade 공개 API,2026-09-30
2023-06,수입시장,수입액,일본|3304|36|호주,1133944.359,USD,UN Comtrade 공개 API,2026-09-30
2023-06,수입시장,수입액,일본|3304|752|스웨덴,35102.36,USD,UN Comtrade 공개 API,2026-09-30
2023-06,수입시장,수입액,일본|3304|484|멕시코,10789.282,USD,UN Comtrade 공개 API,2026-09-30
2023-06,수입시장,수입액,일본|3304|702|싱가포르,22237.398,USD,UN Comtrade 공개 API,2026-09-30
2023-06,수입시장,수입액,일본|3304|208|덴마크,240013.712,USD,UN Comtrade 공개 API,2026-09-30
2023-06,수입시장,수입액,일본|3304|40|오스트리아,6312.049,USD,UN Comtrade 공개 API,2026-09-30
2023-06,수입시장,수입액,일본|3304|616|폴란드,258198.931,USD,UN Comtrade 공개 API,2026-09-30
2023-06,수입시장,수입액,일본|3304|76|브라질,6014.511,USD,UN Comtrade 공개 API,2026-09-30
2023-06,수입시장,수입액,일본|3304|203|체코,71883.682,USD,UN Comtrade 공개 API,2026-09-30
2023-06,수입시장,수입액,일본|3304|246|핀란드,1891.489,USD,UN Comtrade 공개 API,2026-09-30
2023-06,수입시장,수입액,일본|3304|554|뉴질랜드,36965.512,USD,UN Comtrade 공개 API,2026-09-30
2023-06,수입시장,수입액,일본|3304|348|헝가리,4349.717,USD,UN Comtrade 공개 API,2026-09-30
2023-06,수입시장,수입액,일본|3304|372|아일랜드,27387.633,USD,UN Comtrade 공개 API,2026-09-30
2023-06,수입시장,수입액,일본|3304|376|이스라엘,870956.489,USD,UN Comtrade 공개 API,2026-09-30
2023-06,수입시장,수입액,일본|3304|300|그리스,6786.692,USD,UN Comtrade 공개 API,2026-09-30
2023-06,수입시장,수입액,일본|3304|344|홍콩,42810.002,USD,UN Comtrade 공개 API,2026-09-30
2023-06,수입시장,수입액,일본|3304|233|에스토니아,1438.099,USD,UN Comtrade 공개 API,2026-09-30
2023-06,수입시장,수입액,일본|3304|191|크로아티아,4463.065,USD,UN Comtrade 공개 API,2026-09-30
2023-06,수입시장,수입액,일본|3304|784|UAE,37298.471,USD,UN Comtrade 공개 API,2026-09-30
2023-06,수입시장,수입액,일본|3304|504|504,41690.694,USD,UN Comtrade 공개 API,2026-09-30
2023-06,수입시장,수입액,일본|3304|352|352,41974.063,USD,UN Comtrade 공개 API,2026-09-30
2023-06,수입시장,수입액,일본|3304|258|258,6453.734,USD,UN Comtrade 공개 API,2026-09-30
2023-06,수입시장,수입액,일본|3304|710|남아공,1539268.579,USD,UN Comtrade 공개 API,2026-09-30
2023-06,수입시장,수입액,일본|3304|642|루마니아,2890.366,USD,UN Comtrade 공개 API,2026-09-30
2023-06,수입시장,수입액,일본|3304|442|룩셈부르크,12269.886,USD,UN Comtrade 공개 API,2026-09-30
2023-06,수입시장,수입액,일본|3304|144|스리랑카,22655.368,USD,UN Comtrade 공개 API,2026-09-30
2023-06,수입시장,수입액,일본|3304|0|전체,122108322.187,USD,UN Comtrade 공개 API,2026-09-30
2023-07,수입시장,수입액,일본|3304|156|중국,10486347.576,USD,UN Comtrade 공개 API,2026-09-30
2023-07,수입시장,수입액,일본|3304|842|미국,15087761.848,USD,UN Comtrade 공개 API,2026-09-30
2023-07,수입시장,수입액,일본|3304|410|한국,46546321.763,USD,UN Comtrade 공개 API,2026-09-30
2023-07,수입시장,수입액,일본|3304|490|대만,1361954.609,USD,UN Comtrade 공개 API,2026-09-30
2023-07,수입시장,수입액,일본|3304|276|독일,1488685.544,USD,UN Comtrade 공개 API,2026-09-30
2023-07,수입시장,수입액,일본|3304|764|태국,960077.887,USD,UN Comtrade 공개 API,2026-09-30
2023-07,수입시장,수입액,일본|3304|251|프랑스,37281991.546,USD,UN Comtrade 공개 API,2026-09-30
2023-07,수입시장,수입액,일본|3304|380|이탈리아,6324107.219,USD,UN Comtrade 공개 API,2026-09-30
2023-07,수입시장,수입액,일본|3304|704|베트남,708703.469,USD,UN Comtrade 공개 API,2026-09-30
2023-07,수입시장,수입액,일본|3304|826|영국,2690573.921,USD,UN Comtrade 공개 API,2026-09-30
2023-07,수입시장,수입액,일본|3304|699|인도,244274.249,USD,UN Comtrade 공개 API,2026-09-30
2023-07,수입시장,수입액,일본|3304|724|스페인,90363.864,USD,UN Comtrade 공개 API,2026-09-30
2023-07,수입시장,수입액,일본|3304|528|네덜란드,20838.999,USD,UN Comtrade 공개 API,2026-09-30
2023-07,수입시장,수입액,일본|3304|458|말레이시아,1898990.168,USD,UN Comtrade 공개 API,2026-09-30
2023-07,수입시장,수입액,일본|3304|56|벨기에,1021842.266,USD,UN Comtrade 공개 API,2026-09-30
2023-07,수입시장,수입액,일본|3304|124|캐나다,1669825.081,USD,UN Comtrade 공개 API,2026-09-30
2023-07,수입시장,수입액,일본|3304|757|스위스,1299196.207,USD,UN Comtrade 공개 API,2026-09-30
2023-07,수입시장,수입액,일본|3304|608|필리핀,194786.064,USD,UN Comtrade 공개 API,2026-09-30
2023-07,수입시장,수입액,일본|3304|484|멕시코,29309.502,USD,UN Comtrade 공개 API,2026-09-30
2023-07,수입시장,수입액,일본|3304|36|호주,1704992.223,USD,UN Comtrade 공개 API,2026-09-30
2023-07,수입시장,수입액,일본|3304|752|스웨덴,130330.721,USD,UN Comtrade 공개 API,2026-09-30
2023-07,수입시장,수입액,일본|3304|40|오스트리아,3926.394,USD,UN Comtrade 공개 API,2026-09-30
2023-07,수입시장,수입액,일본|3304|702|싱가포르,3613.987,USD,UN Comtrade 공개 API,2026-09-30
2023-07,수입시장,수입액,일본|3304|616|폴란드,128953.288,USD,UN Comtrade 공개 API,2026-09-30
2023-07,수입시장,수입액,일본|3304|76|브라질,7710.785,USD,UN Comtrade 공개 API,2026-09-30
2023-07,수입시장,수입액,일본|3304|208|덴마크,95603.789,USD,UN Comtrade 공개 API,2026-09-30
2023-07,수입시장,수입액,일본|3304|246|핀란드,4395.005,USD,UN Comtrade 공개 API,2026-09-30
2023-07,수입시장,수입액,일본|3304|792|튀르키예,13312.819,USD,UN Comtrade 공개 API,2026-09-30
2023-07,수입시장,수입액,일본|3304|554|뉴질랜드,198449.752,USD,UN Comtrade 공개 API,2026-09-30
2023-07,수입시장,수입액,일본|3304|376|이스라엘,1055142.063,USD,UN Comtrade 공개 API,2026-09-30
2023-07,수입시장,수입액,일본|3304|100|불가리아,4018.696,USD,UN Comtrade 공개 API,2026-09-30
2023-07,수입시장,수입액,일본|3304|144|스리랑카,15080.761,USD,UN Comtrade 공개 API,2026-09-30
2023-07,수입시장,수입액,일본|3304|300|그리스,3926.394,USD,UN Comtrade 공개 API,2026-09-30
2023-07,수입시장,수입액,일본|3304|344|홍콩,74466.583,USD,UN Comtrade 공개 API,2026-09-30
2023-07,수입시장,수입액,일본|3304|348|헝가리,2385.657,USD,UN Comtrade 공개 API,2026-09-30
2023-07,수입시장,수입액,일본|3304|352|352,43098.032,USD,UN Comtrade 공개 API,2026-09-30
2023-07,수입시장,수입액,일본|3304|442|룩셈부르크,3237.678,USD,UN Comtrade 공개 API,2026-09-30
2023-07,수입시장,수입액,일본|3304|504|504,58157.492,USD,UN Comtrade 공개 API,2026-09-30
2023-07,수입시장,수입액,일본|3304|620|포르투갈,4089.698,USD,UN Comtrade 공개 API,2026-09-30
2023-07,수입시장,수입액,일본|3304|642|루마니아,9059.817,USD,UN Comtrade 공개 API,2026-09-30
2023-07,수입시장,수입액,일본|3304|710|남아공,830073.775,USD,UN Comtrade 공개 API,2026-09-30
2023-07,수입시장,수입액,일본|3304|203|체코,29316.602,USD,UN Comtrade 공개 API,2026-09-30
2023-07,수입시장,수입액,일본|3304|0|전체,133829293.787,USD,UN Comtrade 공개 API,2026-09-30
2023-08,수입시장,수입액,일본|3304|156|중국,12089352.202,USD,UN Comtrade 공개 API,2026-09-30
2023-08,수입시장,수입액,일본|3304|842|미국,17622324.658,USD,UN Comtrade 공개 API,2026-09-30
2023-08,수입시장,수입액,일본|3304|410|한국,50178648.43,USD,UN Comtrade 공개 API,2026-09-30
2023-08,수입시장,수입액,일본|3304|276|독일,1780617.202,USD,UN Comtrade 공개 API,2026-09-30
2023-08,수입시장,수입액,일본|3304|490|대만,1867256.72,USD,UN Comtrade 공개 API,2026-09-30
2023-08,수입시장,수입액,일본|3304|251|프랑스,35147317.142,USD,UN Comtrade 공개 API,2026-09-30
2023-08,수입시장,수입액,일본|3304|764|태국,1018724.074,USD,UN Comtrade 공개 API,2026-09-30
2023-08,수입시장,수입액,일본|3304|704|베트남,1525948.271,USD,UN Comtrade 공개 API,2026-09-30
2023-08,수입시장,수입액,일본|3304|699|인도,264028.458,USD,UN Comtrade 공개 API,2026-09-30
2023-08,수입시장,수입액,일본|3304|380|이탈리아,5876069.921,USD,UN Comtrade 공개 API,2026-09-30
2023-08,수입시장,수입액,일본|3304|826|영국,3621715.598,USD,UN Comtrade 공개 API,2026-09-30
2023-08,수입시장,수입액,일본|3304|360|인도네시아,12633.635,USD,UN Comtrade 공개 API,2026-09-30
2023-08,수입시장,수입액,일본|3304|458|말레이시아,1529740.434,USD,UN Comtrade 공개 API,2026-09-30
2023-08,수입시장,수입액,일본|3304|724|스페인,72797.089,USD,UN Comtrade 공개 API,2026-09-30
2023-08,수입시장,수입액,일본|3304|528|네덜란드,36284.572,USD,UN Comtrade 공개 API,2026-09-30
2023-08,수입시장,수입액,일본|3304|608|필리핀,79718.303,USD,UN Comtrade 공개 API,2026-09-30
2023-08,수입시장,수입액,일본|3304|757|스위스,1060665.807,USD,UN Comtrade 공개 API,2026-09-30
2023-08,수입시장,수입액,일본|3304|124|캐나다,1434390.684,USD,UN Comtrade 공개 API,2026-09-30
2023-08,수입시장,수입액,일본|3304|56|벨기에,1374869.618,USD,UN Comtrade 공개 API,2026-09-30
2023-08,수입시장,수입액,일본|3304|36|호주,530136.043,USD,UN Comtrade 공개 API,2026-09-30
2023-08,수입시장,수입액,일본|3304|484|멕시코,7936.603,USD,UN Comtrade 공개 API,2026-09-30
2023-08,수입시장,수입액,일본|3304|752|스웨덴,51964.37,USD,UN Comtrade 공개 API,2026-09-30
2023-08,수입시장,수입액,일본|3304|702|싱가포르,6900.493,USD,UN Comtrade 공개 API,2026-09-30
2023-08,수입시장,수입액,일본|3304|208|덴마크,17855.629,USD,UN Comtrade 공개 API,2026-09-30
2023-08,수입시장,수입액,일본|3304|616|폴란드,282174.197,USD,UN Comtrade 공개 API,2026-09-30
2023-08,수입시장,수입액,일본|3304|76|브라질,51625.908,USD,UN Comtrade 공개 API,2026-09-30
2023-08,수입시장,수입액,일본|3304|792|튀르키예,1940.979,USD,UN Comtrade 공개 API,2026-09-30
2023-08,수입시장,수입액,일본|3304|203|체코,15230.817,USD,UN Comtrade 공개 API,2026-09-30
2023-08,수입시장,수입액,일본|3304|554|뉴질랜드,37755.848,USD,UN Comtrade 공개 API,2026-09-30
2023-08,수입시장,수입액,일본|3304|246|핀란드,6679.456,USD,UN Comtrade 공개 API,2026-09-30
2023-08,수입시장,수입액,일본|3304|504|504,14367.392,USD,UN Comtrade 공개 API,2026-09-30
2023-08,수입시장,수입액,일본|3304|524|524,27367.119,USD,UN Comtrade 공개 API,2026-09-30
2023-08,수입시장,수입액,일본|3304|300|그리스,7273.492,USD,UN Comtrade 공개 API,2026-09-30
2023-08,수입시장,수입액,일본|3304|344|홍콩,116279.172,USD,UN Comtrade 공개 API,2026-09-30
2023-08,수입시장,수입액,일본|3304|710|남아공,428742.318,USD,UN Comtrade 공개 API,2026-09-30
2023-08,수입시장,수입액,일본|3304|352|352,6700.178,USD,UN Comtrade 공개 API,2026-09-30
2023-08,수입시장,수입액,일본|3304|348|헝가리,12833.949,USD,UN Comtrade 공개 API,2026-09-30
2023-08,수입시장,수입액,일본|3304|376|이스라엘,1431931.65,USD,UN Comtrade 공개 API,2026-09-30
2023-08,수입시장,수입액,일본|3304|100|불가리아,2203.461,USD,UN Comtrade 공개 API,2026-09-30
2023-08,수입시장,수입액,일본|3304|442|룩셈부르크,2196.553,USD,UN Comtrade 공개 API,2026-09-30
2023-08,수입시장,수입액,일본|3304|450|450,1595.609,USD,UN Comtrade 공개 API,2026-09-30
2023-08,수입시장,수입액,일본|3304|144|스리랑카,27249.693,USD,UN Comtrade 공개 API,2026-09-30
2023-08,수입시장,수입액,일본|3304|0|전체,139682043.744,USD,UN Comtrade 공개 API,2026-09-30
2023-09,수입시장,수입액,일본|3304|156|중국,12119255.259,USD,UN Comtrade 공개 API,2026-09-30
2023-09,수입시장,수입액,일본|3304|842|미국,16464483.4,USD,UN Comtrade 공개 API,2026-09-30
2023-09,수입시장,수입액,일본|3304|410|한국,49666191.497,USD,UN Comtrade 공개 API,2026-09-30
2023-09,수입시장,수입액,일본|3304|490|대만,1465525.931,USD,UN Comtrade 공개 API,2026-09-30
2023-09,수입시장,수입액,일본|3304|276|독일,1392755.212,USD,UN Comtrade 공개 API,2026-09-30
2023-09,수입시장,수입액,일본|3304|764|태국,924936.681,USD,UN Comtrade 공개 API,2026-09-30
2023-09,수입시장,수입액,일본|3304|251|프랑스,45859034.869,USD,UN Comtrade 공개 API,2026-09-30
2023-09,수입시장,수입액,일본|3304|380|이탈리아,7693926.535,USD,UN Comtrade 공개 API,2026-09-30
2023-09,수입시장,수입액,일본|3304|826|영국,2493554.463,USD,UN Comtrade 공개 API,2026-09-30
2023-09,수입시장,수입액,일본|3304|704|베트남,1439637.91,USD,UN Comtrade 공개 API,2026-09-30
2023-09,수입시장,수입액,일본|3304|699|인도,452089.444,USD,UN Comtrade 공개 API,2026-09-30
2023-09,수입시장,수입액,일본|3304|724|스페인,109792.28,USD,UN Comtrade 공개 API,2026-09-30
2023-09,수입시장,수입액,일본|3304|458|말레이시아,816558.935,USD,UN Comtrade 공개 API,2026-09-30
2023-09,수입시장,수입액,일본|3304|528|네덜란드,5184.372,USD,UN Comtrade 공개 API,2026-09-30
2023-09,수입시장,수입액,일본|3304|608|필리핀,158231.644,USD,UN Comtrade 공개 API,2026-09-30
2023-09,수입시장,수입액,일본|3304|56|벨기에,1177427.792,USD,UN Comtrade 공개 API,2026-09-30
2023-09,수입시장,수입액,일본|3304|124|캐나다,2541256.102,USD,UN Comtrade 공개 API,2026-09-30
2023-09,수입시장,수입액,일본|3304|757|스위스,1596116.613,USD,UN Comtrade 공개 API,2026-09-30
2023-09,수입시장,수입액,일본|3304|484|멕시코,19444.78,USD,UN Comtrade 공개 API,2026-09-30
2023-09,수입시장,수입액,일본|3304|752|스웨덴,344896.117,USD,UN Comtrade 공개 API,2026-09-30
2023-09,수입시장,수입액,일본|3304|36|호주,1350278.554,USD,UN Comtrade 공개 API,2026-09-30
2023-09,수입시장,수입액,일본|3304|40|오스트리아,2903.519,USD,UN Comtrade 공개 API,2026-09-30
2023-09,수입시장,수입액,일본|3304|616|폴란드,389606.252,USD,UN Comtrade 공개 API,2026-09-30
2023-09,수입시장,수입액,일본|3304|208|덴마크,32629.058,USD,UN Comtrade 공개 API,2026-09-30
2023-09,수입시장,수입액,일본|3304|792|튀르키예,14883.074,USD,UN Comtrade 공개 API,2026-09-30
2023-09,수입시장,수입액,일본|3304|203|체코,27248.411,USD,UN Comtrade 공개 API,2026-09-30
2023-09,수입시장,수입액,일본|3304|76|브라질,13177.51,USD,UN Comtrade 공개 API,2026-09-30
2023-09,수입시장,수입액,일본|3304|246|핀란드,2984.737,USD,UN Comtrade 공개 API,2026-09-30
2023-09,수입시장,수입액,일본|3304|554|뉴질랜드,101880.36,USD,UN Comtrade 공개 API,2026-09-30
2023-09,수입시장,수입액,일본|3304|376|이스라엘,1377005.82,USD,UN Comtrade 공개 API,2026-09-30
2023-09,수입시장,수입액,일본|3304|504|504,23932.037,USD,UN Comtrade 공개 API,2026-09-30
2023-09,수입시장,수입액,일본|3304|705|슬로베니아,9806.991,USD,UN Comtrade 공개 API,2026-09-30
2023-09,수입시장,수입액,일본|3304|710|남아공,570808.861,USD,UN Comtrade 공개 API,2026-09-30
2023-09,수입시장,수입액,일본|3304|643|러시아,6565.067,USD,UN Comtrade 공개 API,2026-09-30
2023-09,수입시장,수입액,일본|3304|620|포르투갈,1664.955,USD,UN Comtrade 공개 API,2026-09-30
2023-09,수입시장,수입액,일본|3304|524|524,9854.368,USD,UN Comtrade 공개 API,2026-09-30
2023-09,수입시장,수입액,일본|3304|352|352,13881.394,USD,UN Comtrade 공개 API,2026-09-30
2023-09,수입시장,수입액,일본|3304|300|그리스,8534.587,USD,UN Comtrade 공개 API,2026-09-30
2023-09,수입시장,수입액,일본|3304|344|홍콩,11708.83,USD,UN Comtrade 공개 API,2026-09-30
2023-09,수입시장,수입액,일본|3304|144|스리랑카,2314.694,USD,UN Comtrade 공개 API,2026-09-30
2023-09,수입시장,수입액,일본|3304|784|UAE,4142.083,USD,UN Comtrade 공개 API,2026-09-30
2023-09,수입시장,수입액,일본|3304|428|라트비아,7823.935,USD,UN Comtrade 공개 API,2026-09-30
2023-09,수입시장,수입액,일본|3304|400|요르단,3600.635,USD,UN Comtrade 공개 API,2026-09-30
2023-09,수입시장,수입액,일본|3304|0|전체,150727535.568,USD,UN Comtrade 공개 API,2026-09-30
2023-10,수입시장,수입액,일본|3304|156|중국,10215896.376,USD,UN Comtrade 공개 API,2026-09-30
2023-10,수입시장,수입액,일본|3304|842|미국,13179220.512,USD,UN Comtrade 공개 API,2026-09-30
2023-10,수입시장,수입액,일본|3304|410|한국,40790508.24,USD,UN Comtrade 공개 API,2026-09-30
2023-10,수입시장,수입액,일본|3304|276|독일,1041319.228,USD,UN Comtrade 공개 API,2026-09-30
2023-10,수입시장,수입액,일본|3304|490|대만,1399837.202,USD,UN Comtrade 공개 API,2026-09-30
2023-10,수입시장,수입액,일본|3304|764|태국,1316962.356,USD,UN Comtrade 공개 API,2026-09-30
2023-10,수입시장,수입액,일본|3304|251|프랑스,42342365.142,USD,UN Comtrade 공개 API,2026-09-30
2023-10,수입시장,수입액,일본|3304|380|이탈리아,5992716.752,USD,UN Comtrade 공개 API,2026-09-30
2023-10,수입시장,수입액,일본|3304|704|베트남,1398258.888,USD,UN Comtrade 공개 API,2026-09-30
2023-10,수입시장,수입액,일본|3304|826|영국,2505706.786,USD,UN Comtrade 공개 API,2026-09-30
2023-10,수입시장,수입액,일본|3304|699|인도,207668.634,USD,UN Comtrade 공개 API,2026-09-30
2023-10,수입시장,수입액,일본|3304|528|네덜란드,37344.508,USD,UN Comtrade 공개 API,2026-09-30
2023-10,수입시장,수입액,일본|3304|724|스페인,46921.394,USD,UN Comtrade 공개 API,2026-09-30
2023-10,수입시장,수입액,일본|3304|458|말레이시아,1498575.438,USD,UN Comtrade 공개 API,2026-09-30
2023-10,수입시장,수입액,일본|3304|124|캐나다,1254297.951,USD,UN Comtrade 공개 API,2026-09-30
2023-10,수입시장,수입액,일본|3304|757|스위스,1002683.981,USD,UN Comtrade 공개 API,2026-09-30
2023-10,수입시장,수입액,일본|3304|56|벨기에,592034.839,USD,UN Comtrade 공개 API,2026-09-30
2023-10,수입시장,수입액,일본|3304|608|필리핀,244297.55,USD,UN Comtrade 공개 API,2026-09-30
2023-10,수입시장,수입액,일본|3304|484|멕시코,10513.174,USD,UN Comtrade 공개 API,2026-09-30
2023-10,수입시장,수입액,일본|3304|36|호주,1330692.348,USD,UN Comtrade 공개 API,2026-09-30
2023-10,수입시장,수입액,일본|3304|752|스웨덴,79403.893,USD,UN Comtrade 공개 API,2026-09-30
2023-10,수입시장,수입액,일본|3304|702|싱가포르,7771.189,USD,UN Comtrade 공개 API,2026-09-30
2023-10,수입시장,수입액,일본|3304|616|폴란드,178610.273,USD,UN Comtrade 공개 API,2026-09-30
2023-10,수입시장,수입액,일본|3304|208|덴마크,185920.006,USD,UN Comtrade 공개 API,2026-09-30
2023-10,수입시장,수입액,일본|3304|76|브라질,27346.292,USD,UN Comtrade 공개 API,2026-09-30
2023-10,수입시장,수입액,일본|3304|203|체코,32763.385,USD,UN Comtrade 공개 API,2026-09-30
2023-10,수입시장,수입액,일본|3304|246|핀란드,14351.954,USD,UN Comtrade 공개 API,2026-09-30
2023-10,수입시장,수입액,일본|3304|554|뉴질랜드,92144.095,USD,UN Comtrade 공개 API,2026-09-30
2023-10,수입시장,수입액,일본|3304|642|루마니아,5029.203,USD,UN Comtrade 공개 API,2026-09-30
2023-10,수입시장,수입액,일본|3304|643|러시아,11335.77,USD,UN Comtrade 공개 API,2026-09-30
2023-10,수입시장,수입액,일본|3304|516|516,2140.086,USD,UN Comtrade 공개 API,2026-09-30
2023-10,수입시장,수입액,일본|3304|300|그리스,4955.638,USD,UN Comtrade 공개 API,2026-09-30
2023-10,수입시장,수입액,일본|3304|344|홍콩,5343.528,USD,UN Comtrade 공개 API,2026-09-30
2023-10,수입시장,수입액,일본|3304|348|헝가리,6159.436,USD,UN Comtrade 공개 API,2026-09-30
2023-10,수입시장,수입액,일본|3304|710|남아공,964851.266,USD,UN Comtrade 공개 API,2026-09-30
2023-10,수입시장,수입액,일본|3304|620|포르투갈,3504.391,USD,UN Comtrade 공개 API,2026-09-30
2023-10,수입시장,수입액,일본|3304|428|라트비아,3604.708,USD,UN Comtrade 공개 API,2026-09-30
2023-10,수입시장,수입액,일본|3304|442|룩셈부르크,3691.649,USD,UN Comtrade 공개 API,2026-09-30
2023-10,수입시장,수입액,일본|3304|376|이스라엘,749210.81,USD,UN Comtrade 공개 API,2026-09-30
2023-10,수입시장,수입액,일본|3304|352|352,21434.303,USD,UN Comtrade 공개 API,2026-09-30
2023-10,수입시장,수입액,일본|3304|504|504,9663.828,USD,UN Comtrade 공개 API,2026-09-30
2023-10,수입시장,수입액,일본|3304|100|불가리아,19789.111,USD,UN Comtrade 공개 API,2026-09-30
2023-10,수입시장,수입액,일본|3304|703|슬로바키아,1772.259,USD,UN Comtrade 공개 API,2026-09-30
2023-10,수입시장,수입액,일본|3304|144|스리랑카,25353.336,USD,UN Comtrade 공개 API,2026-09-30
2023-10,수입시장,수입액,일본|3304|0|전체,128863971.71,USD,UN Comtrade 공개 API,2026-09-30
2023-11,수입시장,수입액,일본|3304|156|중국,10229246.929,USD,UN Comtrade 공개 API,2026-09-30
2023-11,수입시장,수입액,일본|3304|842|미국,11032258.566,USD,UN Comtrade 공개 API,2026-09-30
2023-11,수입시장,수입액,일본|3304|410|한국,58594729.347,USD,UN Comtrade 공개 API,2026-09-30
2023-11,수입시장,수입액,일본|3304|490|대만,1167741.481,USD,UN Comtrade 공개 API,2026-09-30
2023-11,수입시장,수입액,일본|3304|276|독일,1395251.323,USD,UN Comtrade 공개 API,2026-09-30
2023-11,수입시장,수입액,일본|3304|764|태국,1442895.581,USD,UN Comtrade 공개 API,2026-09-30
2023-11,수입시장,수입액,일본|3304|251|프랑스,33427822.873,USD,UN Comtrade 공개 API,2026-09-30
2023-11,수입시장,수입액,일본|3304|380|이탈리아,3615844.819,USD,UN Comtrade 공개 API,2026-09-30
2023-11,수입시장,수입액,일본|3304|704|베트남,2064960.479,USD,UN Comtrade 공개 API,2026-09-30
2023-11,수입시장,수입액,일본|3304|826|영국,2552514.938,USD,UN Comtrade 공개 API,2026-09-30
2023-11,수입시장,수입액,일본|3304|699|인도,44420.813,USD,UN Comtrade 공개 API,2026-09-30
2023-11,수입시장,수입액,일본|3304|724|스페인,26801.981,USD,UN Comtrade 공개 API,2026-09-30
2023-11,수입시장,수입액,일본|3304|528|네덜란드,29785.169,USD,UN Comtrade 공개 API,2026-09-30
2023-11,수입시장,수입액,일본|3304|458|말레이시아,2642451.067,USD,UN Comtrade 공개 API,2026-09-30
2023-11,수입시장,수입액,일본|3304|56|벨기에,590684.69,USD,UN Comtrade 공개 API,2026-09-30
2023-11,수입시장,수입액,일본|3304|757|스위스,1349322.232,USD,UN Comtrade 공개 API,2026-09-30
2023-11,수입시장,수입액,일본|3304|608|필리핀,117772.549,USD,UN Comtrade 공개 API,2026-09-30
2023-11,수입시장,수입액,일본|3304|124|캐나다,1077391.577,USD,UN Comtrade 공개 API,2026-09-30
2023-11,수입시장,수입액,일본|3304|752|스웨덴,92805.863,USD,UN Comtrade 공개 API,2026-09-30
2023-11,수입시장,수입액,일본|3304|36|호주,1201270.652,USD,UN Comtrade 공개 API,2026-09-30
2023-11,수입시장,수입액,일본|3304|484|멕시코,15196.243,USD,UN Comtrade 공개 API,2026-09-30
2023-11,수입시장,수입액,일본|3304|40|오스트리아,3483.724,USD,UN Comtrade 공개 API,2026-09-30
2023-11,수입시장,수입액,일본|3304|616|폴란드,321483.62,USD,UN Comtrade 공개 API,2026-09-30
2023-11,수입시장,수입액,일본|3304|702|싱가포르,76862.155,USD,UN Comtrade 공개 API,2026-09-30
2023-11,수입시장,수입액,일본|3304|208|덴마크,17959.196,USD,UN Comtrade 공개 API,2026-09-30
2023-11,수입시장,수입액,일본|3304|792|튀르키예,5018.698,USD,UN Comtrade 공개 API,2026-09-30
2023-11,수입시장,수입액,일본|3304|76|브라질,86892.876,USD,UN Comtrade 공개 API,2026-09-30
2023-11,수입시장,수입액,일본|3304|246|핀란드,8015.234,USD,UN Comtrade 공개 API,2026-09-30
2023-11,수입시장,수입액,일본|3304|554|뉴질랜드,132107.871,USD,UN Comtrade 공개 API,2026-09-30
2023-11,수입시장,수입액,일본|3304|376|이스라엘,1504187.761,USD,UN Comtrade 공개 API,2026-09-30
2023-11,수입시장,수입액,일본|3304|300|그리스,1868.664,USD,UN Comtrade 공개 API,2026-09-30
2023-11,수입시장,수입액,일본|3304|344|홍콩,12633.503,USD,UN Comtrade 공개 API,2026-09-30
2023-11,수입시장,수입액,일본|3304|348|헝가리,3196.75,USD,UN Comtrade 공개 API,2026-09-30
2023-11,수입시장,수입액,일본|3304|352|352,44180.556,USD,UN Comtrade 공개 API,2026-09-30
2023-11,수입시장,수입액,일본|3304|100|불가리아,9997.352,USD,UN Comtrade 공개 API,2026-09-30
2023-11,수입시장,수입액,일본|3304|642|루마니아,7995.212,USD,UN Comtrade 공개 API,2026-09-30
2023-11,수입시장,수입액,일본|3304|643|러시아,18359.624,USD,UN Comtrade 공개 API,2026-09-30
2023-11,수입시장,수입액,일본|3304|504|504,18466.405,USD,UN Comtrade 공개 API,2026-09-30
2023-11,수입시장,수입액,일본|3304|524|524,8736.004,USD,UN Comtrade 공개 API,2026-09-30
2023-11,수입시장,수입액,일본|3304|144|스리랑카,3003.21,USD,UN Comtrade 공개 API,2026-09-30
2023-11,수입시장,수입액,일본|3304|442|룩셈부르크,6974.121,USD,UN Comtrade 공개 API,2026-09-30
2023-11,수입시장,수입액,일본|3304|710|남아공,2264086.65,USD,UN Comtrade 공개 API,2026-09-30
2023-11,수입시장,수입액,일본|3304|203|체코,47303.894,USD,UN Comtrade 공개 API,2026-09-30
2023-11,수입시장,수입액,일본|3304|0|전체,137313982.252,USD,UN Comtrade 공개 API,2026-09-30
2023-12,수입시장,수입액,일본|3304|156|중국,9818780.999,USD,UN Comtrade 공개 API,2026-09-30
2023-12,수입시장,수입액,일본|3304|410|한국,46128735.665,USD,UN Comtrade 공개 API,2026-09-30
2023-12,수입시장,수입액,일본|3304|842|미국,12979646.167,USD,UN Comtrade 공개 API,2026-09-30
2023-12,수입시장,수입액,일본|3304|490|대만,1337975.971,USD,UN Comtrade 공개 API,2026-09-30
2023-12,수입시장,수입액,일본|3304|276|독일,1377203.601,USD,UN Comtrade 공개 API,2026-09-30
2023-12,수입시장,수입액,일본|3304|251|프랑스,38665070.755,USD,UN Comtrade 공개 API,2026-09-30
2023-12,수입시장,수입액,일본|3304|764|태국,1659613.515,USD,UN Comtrade 공개 API,2026-09-30
2023-12,수입시장,수입액,일본|3304|380|이탈리아,4898242.83,USD,UN Comtrade 공개 API,2026-09-30
2023-12,수입시장,수입액,일본|3304|704|베트남,1887301.022,USD,UN Comtrade 공개 API,2026-09-30
2023-12,수입시장,수입액,일본|3304|699|인도,170463.268,USD,UN Comtrade 공개 API,2026-09-30
2023-12,수입시장,수입액,일본|3304|826|영국,1831030.52,USD,UN Comtrade 공개 API,2026-09-30
2023-12,수입시장,수입액,일본|3304|360|인도네시아,2246.12,USD,UN Comtrade 공개 API,2026-09-30
2023-12,수입시장,수입액,일본|3304|724|스페인,46740.04,USD,UN Comtrade 공개 API,2026-09-30
2023-12,수입시장,수입액,일본|3304|458|말레이시아,1505273.937,USD,UN Comtrade 공개 API,2026-09-30
2023-12,수입시장,수입액,일본|3304|528|네덜란드,22226.226,USD,UN Comtrade 공개 API,2026-09-30
2023-12,수입시장,수입액,일본|3304|124|캐나다,1656835.237,USD,UN Comtrade 공개 API,2026-09-30
2023-12,수입시장,수입액,일본|3304|757|스위스,992425.882,USD,UN Comtrade 공개 API,2026-09-30
2023-12,수입시장,수입액,일본|3304|56|벨기에,844416.907,USD,UN Comtrade 공개 API,2026-09-30
2023-12,수입시장,수입액,일본|3304|484|멕시코,5777.713,USD,UN Comtrade 공개 API,2026-09-30
2023-12,수입시장,수입액,일본|3304|608|필리핀,126784.863,USD,UN Comtrade 공개 API,2026-09-30
2023-12,수입시장,수입액,일본|3304|36|호주,1360319.686,USD,UN Comtrade 공개 API,2026-09-30
2023-12,수입시장,수입액,일본|3304|752|스웨덴,30713.106,USD,UN Comtrade 공개 API,2026-09-30
2023-12,수입시장,수입액,일본|3304|702|싱가포르,47811.267,USD,UN Comtrade 공개 API,2026-09-30
2023-12,수입시장,수입액,일본|3304|40|오스트리아,2273.765,USD,UN Comtrade 공개 API,2026-09-30
2023-12,수입시장,수입액,일본|3304|208|덴마크,68689.82,USD,UN Comtrade 공개 API,2026-09-30
2023-12,수입시장,수입액,일본|3304|616|폴란드,645258.586,USD,UN Comtrade 공개 API,2026-09-30
2023-12,수입시장,수입액,일본|3304|76|브라질,17229.472,USD,UN Comtrade 공개 API,2026-09-30
2023-12,수입시장,수입액,일본|3304|792|튀르키예,5072.777,USD,UN Comtrade 공개 API,2026-09-30
2023-12,수입시장,수입액,일본|3304|203|체코,43975.584,USD,UN Comtrade 공개 API,2026-09-30
2023-12,수입시장,수입액,일본|3304|554|뉴질랜드,539884.435,USD,UN Comtrade 공개 API,2026-09-30
2023-12,수입시장,수입액,일본|3304|100|불가리아,16697.314,USD,UN Comtrade 공개 API,2026-09-30
2023-12,수입시장,수입액,일본|3304|144|스리랑카,7740.477,USD,UN Comtrade 공개 API,2026-09-30
2023-12,수입시장,수입액,일본|3304|233|에스토니아,6192.381,USD,UN Comtrade 공개 API,2026-09-30
2023-12,수입시장,수입액,일본|3304|300|그리스,7885.611,USD,UN Comtrade 공개 API,2026-09-30
2023-12,수입시장,수입액,일본|3304|344|홍콩,25750.908,USD,UN Comtrade 공개 API,2026-09-30
2023-12,수입시장,수입액,일본|3304|348|헝가리,20885.465,USD,UN Comtrade 공개 API,2026-09-30
2023-12,수입시장,수입액,일본|3304|352|352,56616.059,USD,UN Comtrade 공개 API,2026-09-30
2023-12,수입시장,수입액,일본|3304|376|이스라엘,642770.576,USD,UN Comtrade 공개 API,2026-09-30
2023-12,수입시장,수입액,일본|3304|400|요르단,6600.139,USD,UN Comtrade 공개 API,2026-09-30
2023-12,수입시장,수입액,일본|3304|428|라트비아,6703.806,USD,UN Comtrade 공개 API,2026-09-30
2023-12,수입시장,수입액,일본|3304|504|504,25032.149,USD,UN Comtrade 공개 API,2026-09-30
2023-12,수입시장,수입액,일본|3304|642|루마니아,18432.01,USD,UN Comtrade 공개 API,2026-09-30
2023-12,수입시장,수입액,일본|3304|705|슬로베니아,5010.577,USD,UN Comtrade 공개 API,2026-09-30
2023-12,수입시장,수입액,일본|3304|710|남아공,1595851.337,USD,UN Comtrade 공개 API,2026-09-30
2023-12,수입시장,수입액,일본|3304|784|UAE,49331.717,USD,UN Comtrade 공개 API,2026-09-30
2023-12,수입시장,수입액,일본|3304|442|룩셈부르크,4913.821,USD,UN Comtrade 공개 API,2026-09-30
2023-12,수입시장,수입액,일본|3304|0|전체,131214434.082,USD,UN Comtrade 공개 API,2026-09-30
2024-01,수입시장,수입액,일본|3304|156|중국,14384476.369,USD,UN Comtrade 공개 API,2026-09-30
2024-01,수입시장,수입액,일본|3304|842|미국,11618710.072,USD,UN Comtrade 공개 API,2026-09-30
2024-01,수입시장,수입액,일본|3304|410|한국,44168463.285,USD,UN Comtrade 공개 API,2026-09-30
2024-01,수입시장,수입액,일본|3304|490|대만,1315522.645,USD,UN Comtrade 공개 API,2026-09-30
2024-01,수입시장,수입액,일본|3304|276|독일,778131.955,USD,UN Comtrade 공개 API,2026-09-30
2024-01,수입시장,수입액,일본|3304|764|태국,1219021.572,USD,UN Comtrade 공개 API,2026-09-30
2024-01,수입시장,수입액,일본|3304|251|프랑스,30769161.131,USD,UN Comtrade 공개 API,2026-09-30
2024-01,수입시장,수입액,일본|3304|704|베트남,1651394.383,USD,UN Comtrade 공개 API,2026-09-30
2024-01,수입시장,수입액,일본|3304|380|이탈리아,4049628.789,USD,UN Comtrade 공개 API,2026-09-30
2024-01,수입시장,수입액,일본|3304|699|인도,210083.49,USD,UN Comtrade 공개 API,2026-09-30
2024-01,수입시장,수입액,일본|3304|826|영국,2238965.358,USD,UN Comtrade 공개 API,2026-09-30
2024-01,수입시장,수입액,일본|3304|458|말레이시아,632139.306,USD,UN Comtrade 공개 API,2026-09-30
2024-01,수입시장,수입액,일본|3304|724|스페인,39822.376,USD,UN Comtrade 공개 API,2026-09-30
2024-01,수입시장,수입액,일본|3304|528|네덜란드,51182.663,USD,UN Comtrade 공개 API,2026-09-30
2024-01,수입시장,수입액,일본|3304|36|호주,2440204.735,USD,UN Comtrade 공개 API,2026-09-30
2024-01,수입시장,수입액,일본|3304|608|필리핀,97735.294,USD,UN Comtrade 공개 API,2026-09-30
2024-01,수입시장,수입액,일본|3304|56|벨기에,691054.602,USD,UN Comtrade 공개 API,2026-09-30
2024-01,수입시장,수입액,일본|3304|124|캐나다,771135.763,USD,UN Comtrade 공개 API,2026-09-30
2024-01,수입시장,수입액,일본|3304|757|스위스,844827.615,USD,UN Comtrade 공개 API,2026-09-30
2024-01,수입시장,수입액,일본|3304|484|멕시코,12110.366,USD,UN Comtrade 공개 API,2026-09-30
2024-01,수입시장,수입액,일본|3304|752|스웨덴,138280.473,USD,UN Comtrade 공개 API,2026-09-30
2024-01,수입시장,수입액,일본|3304|702|싱가포르,59951.769,USD,UN Comtrade 공개 API,2026-09-30
2024-01,수입시장,수입액,일본|3304|40|오스트리아,5550.585,USD,UN Comtrade 공개 API,2026-09-30
2024-01,수입시장,수입액,일본|3304|208|덴마크,15778.935,USD,UN Comtrade 공개 API,2026-09-30
2024-01,수입시장,수입액,일본|3304|616|폴란드,217972.957,USD,UN Comtrade 공개 API,2026-09-30
2024-01,수입시장,수입액,일본|3304|76|브라질,11128.445,USD,UN Comtrade 공개 API,2026-09-30
2024-01,수입시장,수입액,일본|3304|554|뉴질랜드,13412.776,USD,UN Comtrade 공개 API,2026-09-30
2024-01,수입시장,수입액,일본|3304|16|16,17954.164,USD,UN Comtrade 공개 API,2026-09-30
2024-01,수입시장,수입액,일본|3304|144|스리랑카,3225.34,USD,UN Comtrade 공개 API,2026-09-30
2024-01,수입시장,수입액,일본|3304|246|핀란드,13937.832,USD,UN Comtrade 공개 API,2026-09-30
2024-01,수입시장,수입액,일본|3304|258|258,1391.056,USD,UN Comtrade 공개 API,2026-09-30
2024-01,수입시장,수입액,일본|3304|344|홍콩,139807.907,USD,UN Comtrade 공개 API,2026-09-30
2024-01,수입시장,수입액,일본|3304|348|헝가리,5973.356,USD,UN Comtrade 공개 API,2026-09-30
2024-01,수입시장,수입액,일본|3304|352|352,34101.319,USD,UN Comtrade 공개 API,2026-09-30
2024-01,수입시장,수입액,일본|3304|376|이스라엘,555372.129,USD,UN Comtrade 공개 API,2026-09-30
2024-01,수입시장,수입액,일본|3304|504|504,16604.021,USD,UN Comtrade 공개 API,2026-09-30
2024-01,수입시장,수입액,일본|3304|591|591,1506.977,USD,UN Comtrade 공개 API,2026-09-30
2024-01,수입시장,수입액,일본|3304|710|남아공,1446322.784,USD,UN Comtrade 공개 API,2026-09-30
2024-01,수입시장,수입액,일본|3304|784|UAE,18683.786,USD,UN Comtrade 공개 API,2026-09-30
2024-01,수입시장,수입액,일본|3304|203|체코,42379.464,USD,UN Comtrade 공개 API,2026-09-30
2024-01,수입시장,수입액,일본|3304|0|전체,120743107.844,USD,UN Comtrade 공개 API,2026-09-30
2024-02,수입시장,수입액,일본|3304|156|중국,10486305.099,USD,UN Comtrade 공개 API,2026-09-30
2024-02,수입시장,수입액,일본|3304|842|미국,17550434.63,USD,UN Comtrade 공개 API,2026-09-30
2024-02,수입시장,수입액,일본|3304|410|한국,63428973.34,USD,UN Comtrade 공개 API,2026-09-30
2024-02,수입시장,수입액,일본|3304|490|대만,1021267.993,USD,UN Comtrade 공개 API,2026-09-30
2024-02,수입시장,수입액,일본|3304|276|독일,1222149.139,USD,UN Comtrade 공개 API,2026-09-30
2024-02,수입시장,수입액,일본|3304|764|태국,1521579.795,USD,UN Comtrade 공개 API,2026-09-30
2024-02,수입시장,수입액,일본|3304|251|프랑스,41816695.022,USD,UN Comtrade 공개 API,2026-09-30
2024-02,수입시장,수입액,일본|3304|704|베트남,1069217.33,USD,UN Comtrade 공개 API,2026-09-30
2024-02,수입시장,수입액,일본|3304|380|이탈리아,3974459.82,USD,UN Comtrade 공개 API,2026-09-30
2024-02,수입시장,수입액,일본|3304|826|영국,2854736.034,USD,UN Comtrade 공개 API,2026-09-30
2024-02,수입시장,수입액,일본|3304|699|인도,104748.181,USD,UN Comtrade 공개 API,2026-09-30
2024-02,수입시장,수입액,일본|3304|724|스페인,51604.277,USD,UN Comtrade 공개 API,2026-09-30
2024-02,수입시장,수입액,일본|3304|528|네덜란드,13066.747,USD,UN Comtrade 공개 API,2026-09-30
2024-02,수입시장,수입액,일본|3304|458|말레이시아,913387.005,USD,UN Comtrade 공개 API,2026-09-30
2024-02,수입시장,수입액,일본|3304|757|스위스,1579824.55,USD,UN Comtrade 공개 API,2026-09-30
2024-02,수입시장,수입액,일본|3304|608|필리핀,118578.047,USD,UN Comtrade 공개 API,2026-09-30
2024-02,수입시장,수입액,일본|3304|56|벨기에,1005416.53,USD,UN Comtrade 공개 API,2026-09-30
2024-02,수입시장,수입액,일본|3304|484|멕시코,18013.635,USD,UN Comtrade 공개 API,2026-09-30
2024-02,수입시장,수입액,일본|3304|36|호주,763065.868,USD,UN Comtrade 공개 API,2026-09-30
2024-02,수입시장,수입액,일본|3304|752|스웨덴,107004.07,USD,UN Comtrade 공개 API,2026-09-30
2024-02,수입시장,수입액,일본|3304|124|캐나다,1054182.538,USD,UN Comtrade 공개 API,2026-09-30
2024-02,수입시장,수입액,일본|3304|208|덴마크,36067.434,USD,UN Comtrade 공개 API,2026-09-30
2024-02,수입시장,수입액,일본|3304|702|싱가포르,101809.502,USD,UN Comtrade 공개 API,2026-09-30
2024-02,수입시장,수입액,일본|3304|616|폴란드,991185.022,USD,UN Comtrade 공개 API,2026-09-30
2024-02,수입시장,수입액,일본|3304|203|체코,52360.703,USD,UN Comtrade 공개 API,2026-09-30
2024-02,수입시장,수입액,일본|3304|76|브라질,42989.061,USD,UN Comtrade 공개 API,2026-09-30
2024-02,수입시장,수입액,일본|3304|792|튀르키예,20631,USD,UN Comtrade 공개 API,2026-09-30
2024-02,수입시장,수입액,일본|3304|246|핀란드,5174.485,USD,UN Comtrade 공개 API,2026-09-30
2024-02,수입시장,수입액,일본|3304|554|뉴질랜드,10596.649,USD,UN Comtrade 공개 API,2026-09-30
2024-02,수입시장,수입액,일본|3304|400|요르단,4371.202,USD,UN Comtrade 공개 API,2026-09-30
2024-02,수입시장,수입액,일본|3304|376|이스라엘,1397271.658,USD,UN Comtrade 공개 API,2026-09-30
2024-02,수입시장,수입액,일본|3304|442|룩셈부르크,4371.202,USD,UN Comtrade 공개 API,2026-09-30
2024-02,수입시장,수입액,일본|3304|620|포르투갈,1378.97,USD,UN Comtrade 공개 API,2026-09-30
2024-02,수입시장,수입액,일본|3304|144|스리랑카,11112.09,USD,UN Comtrade 공개 API,2026-09-30
2024-02,수입시장,수입액,일본|3304|784|UAE,26662.321,USD,UN Comtrade 공개 API,2026-09-30
2024-02,수입시장,수입액,일본|3304|504|504,59750.912,USD,UN Comtrade 공개 API,2026-09-30
2024-02,수입시장,수입액,일본|3304|524|524,8186.799,USD,UN Comtrade 공개 API,2026-09-30
2024-02,수입시장,수입액,일본|3304|705|슬로베니아,12517.836,USD,UN Comtrade 공개 API,2026-09-30
2024-02,수입시장,수입액,일본|3304|710|남아공,119555.376,USD,UN Comtrade 공개 API,2026-09-30
2024-02,수입시장,수입액,일본|3304|643|러시아,73788.293,USD,UN Comtrade 공개 API,2026-09-30
2024-02,수입시장,수입액,일본|3304|288|288,2496.873,USD,UN Comtrade 공개 API,2026-09-30
2024-02,수입시장,수입액,일본|3304|300|그리스,1526.239,USD,UN Comtrade 공개 API,2026-09-30
2024-02,수입시장,수입액,일본|3304|344|홍콩,89191.256,USD,UN Comtrade 공개 API,2026-09-30
2024-02,수입시장,수입액,일본|3304|348|헝가리,10041.045,USD,UN Comtrade 공개 API,2026-09-30
2024-02,수입시장,수입액,일본|3304|0|전체,153757745.578,USD,UN Comtrade 공개 API,2026-09-30
2024-03,수입시장,수입액,일본|3304|156|중국,9389787.315,USD,UN Comtrade 공개 API,2026-09-30
2024-03,수입시장,수입액,일본|3304|842|미국,10098465.136,USD,UN Comtrade 공개 API,2026-09-30
2024-03,수입시장,수입액,일본|3304|410|한국,55185321.261,USD,UN Comtrade 공개 API,2026-09-30
2024-03,수입시장,수입액,일본|3304|490|대만,1071050.143,USD,UN Comtrade 공개 API,2026-09-30
2024-03,수입시장,수입액,일본|3304|276|독일,706151.507,USD,UN Comtrade 공개 API,2026-09-30
2024-03,수입시장,수입액,일본|3304|251|프랑스,38918279.382,USD,UN Comtrade 공개 API,2026-09-30
2024-03,수입시장,수입액,일본|3304|764|태국,996664.235,USD,UN Comtrade 공개 API,2026-09-30
2024-03,수입시장,수입액,일본|3304|380|이탈리아,4812260.318,USD,UN Comtrade 공개 API,2026-09-30
2024-03,수입시장,수입액,일본|3304|704|베트남,1117793.633,USD,UN Comtrade 공개 API,2026-09-30
2024-03,수입시장,수입액,일본|3304|826|영국,2310387.542,USD,UN Comtrade 공개 API,2026-09-30
2024-03,수입시장,수입액,일본|3304|699|인도,66018.329,USD,UN Comtrade 공개 API,2026-09-30
2024-03,수입시장,수입액,일본|3304|724|스페인,66185.413,USD,UN Comtrade 공개 API,2026-09-30
2024-03,수입시장,수입액,일본|3304|458|말레이시아,477152.518,USD,UN Comtrade 공개 API,2026-09-30
2024-03,수입시장,수입액,일본|3304|528|네덜란드,7037.589,USD,UN Comtrade 공개 API,2026-09-30
2024-03,수입시장,수입액,일본|3304|757|스위스,1363066.628,USD,UN Comtrade 공개 API,2026-09-30
2024-03,수입시장,수입액,일본|3304|56|벨기에,700657.777,USD,UN Comtrade 공개 API,2026-09-30
2024-03,수입시장,수입액,일본|3304|124|캐나다,2241782.749,USD,UN Comtrade 공개 API,2026-09-30
2024-03,수입시장,수입액,일본|3304|608|필리핀,175999.866,USD,UN Comtrade 공개 API,2026-09-30
2024-03,수입시장,수입액,일본|3304|484|멕시코,36979.086,USD,UN Comtrade 공개 API,2026-09-30
2024-03,수입시장,수입액,일본|3304|36|호주,1090739.351,USD,UN Comtrade 공개 API,2026-09-30
2024-03,수입시장,수입액,일본|3304|752|스웨덴,71211.307,USD,UN Comtrade 공개 API,2026-09-30
2024-03,수입시장,수입액,일본|3304|208|덴마크,54837.051,USD,UN Comtrade 공개 API,2026-09-30
2024-03,수입시장,수입액,일본|3304|702|싱가포르,1824.56,USD,UN Comtrade 공개 API,2026-09-30
2024-03,수입시장,수입액,일본|3304|616|폴란드,281062.442,USD,UN Comtrade 공개 API,2026-09-30
2024-03,수입시장,수입액,일본|3304|76|브라질,2085.211,USD,UN Comtrade 공개 API,2026-09-30
2024-03,수입시장,수입액,일본|3304|203|체코,28832.058,USD,UN Comtrade 공개 API,2026-09-30
2024-03,수입시장,수입액,일본|3304|246|핀란드,1423.558,USD,UN Comtrade 공개 API,2026-09-30
2024-03,수입시장,수입액,일본|3304|554|뉴질랜드,71498.692,USD,UN Comtrade 공개 API,2026-09-30
2024-03,수입시장,수입액,일본|3304|376|이스라엘,716584.248,USD,UN Comtrade 공개 API,2026-09-30
2024-03,수입시장,수입액,일본|3304|100|불가리아,17871.331,USD,UN Comtrade 공개 API,2026-09-30
2024-03,수입시장,수입액,일본|3304|233|에스토니아,4484.541,USD,UN Comtrade 공개 API,2026-09-30
2024-03,수입시장,수입액,일본|3304|344|홍콩,132651.528,USD,UN Comtrade 공개 API,2026-09-30
2024-03,수입시장,수입액,일본|3304|348|헝가리,4076.856,USD,UN Comtrade 공개 API,2026-09-30
2024-03,수입시장,수입액,일본|3304|352|352,7725.976,USD,UN Comtrade 공개 API,2026-09-30
2024-03,수입시장,수입액,일본|3304|400|요르단,1363.407,USD,UN Comtrade 공개 API,2026-09-30
2024-03,수입시장,수입액,일본|3304|442|룩셈부르크,7766.076,USD,UN Comtrade 공개 API,2026-09-30
2024-03,수입시장,수입액,일본|3304|504|504,50613.161,USD,UN Comtrade 공개 API,2026-09-30
2024-03,수입시장,수입액,일본|3304|643|러시아,7184.623,USD,UN Comtrade 공개 API,2026-09-30
2024-03,수입시장,수입액,일본|3304|710|남아공,1006896.474,USD,UN Comtrade 공개 API,2026-09-30
2024-03,수입시장,수입액,일본|3304|0|전체,133301772.877,USD,UN Comtrade 공개 API,2026-09-30
2024-04,수입시장,수입액,일본|3304|156|중국,9440576.297,USD,UN Comtrade 공개 API,2026-09-30
2024-04,수입시장,수입액,일본|3304|410|한국,64742326.097,USD,UN Comtrade 공개 API,2026-09-30
2024-04,수입시장,수입액,일본|3304|842|미국,14522848.544,USD,UN Comtrade 공개 API,2026-09-30
2024-04,수입시장,수입액,일본|3304|490|대만,1440128.451,USD,UN Comtrade 공개 API,2026-09-30
2024-04,수입시장,수입액,일본|3304|276|독일,1472429.082,USD,UN Comtrade 공개 API,2026-09-30
2024-04,수입시장,수입액,일본|3304|764|태국,1518950.854,USD,UN Comtrade 공개 API,2026-09-30
2024-04,수입시장,수입액,일본|3304|251|프랑스,40640906.651,USD,UN Comtrade 공개 API,2026-09-30
2024-04,수입시장,수입액,일본|3304|704|베트남,953878.82,USD,UN Comtrade 공개 API,2026-09-30
2024-04,수입시장,수입액,일본|3304|380|이탈리아,6513706.379,USD,UN Comtrade 공개 API,2026-09-30
2024-04,수입시장,수입액,일본|3304|699|인도,317016.745,USD,UN Comtrade 공개 API,2026-09-30
2024-04,수입시장,수입액,일본|3304|826|영국,2601354.38,USD,UN Comtrade 공개 API,2026-09-30
2024-04,수입시장,수입액,일본|3304|360|인도네시아,2802.516,USD,UN Comtrade 공개 API,2026-09-30
2024-04,수입시장,수입액,일본|3304|724|스페인,79376.389,USD,UN Comtrade 공개 API,2026-09-30
2024-04,수입시장,수입액,일본|3304|458|말레이시아,1596182.992,USD,UN Comtrade 공개 API,2026-09-30
2024-04,수입시장,수입액,일본|3304|528|네덜란드,43197.857,USD,UN Comtrade 공개 API,2026-09-30
2024-04,수입시장,수입액,일본|3304|56|벨기에,1103507.126,USD,UN Comtrade 공개 API,2026-09-30
2024-04,수입시장,수입액,일본|3304|484|멕시코,8577.004,USD,UN Comtrade 공개 API,2026-09-30
2024-04,수입시장,수입액,일본|3304|757|스위스,985469.046,USD,UN Comtrade 공개 API,2026-09-30
2024-04,수입시장,수입액,일본|3304|608|필리핀,146115.384,USD,UN Comtrade 공개 API,2026-09-30
2024-04,수입시장,수입액,일본|3304|124|캐나다,1800727.584,USD,UN Comtrade 공개 API,2026-09-30
2024-04,수입시장,수입액,일본|3304|36|호주,902084.407,USD,UN Comtrade 공개 API,2026-09-30
2024-04,수입시장,수입액,일본|3304|752|스웨덴,152613.312,USD,UN Comtrade 공개 API,2026-09-30
2024-04,수입시장,수입액,일본|3304|40|오스트리아,3304.362,USD,UN Comtrade 공개 API,2026-09-30
2024-04,수입시장,수입액,일본|3304|616|폴란드,554259.534,USD,UN Comtrade 공개 API,2026-09-30
2024-04,수입시장,수입액,일본|3304|208|덴마크,9235.269,USD,UN Comtrade 공개 API,2026-09-30
2024-04,수입시장,수입액,일본|3304|702|싱가포르,9626.318,USD,UN Comtrade 공개 API,2026-09-30
2024-04,수입시장,수입액,일본|3304|76|브라질,13465.114,USD,UN Comtrade 공개 API,2026-09-30
2024-04,수입시장,수입액,일본|3304|554|뉴질랜드,23958.256,USD,UN Comtrade 공개 API,2026-09-30
2024-04,수입시장,수입액,일본|3304|620|포르투갈,1785.79,USD,UN Comtrade 공개 API,2026-09-30
2024-04,수입시장,수입액,일본|3304|710|남아공,993974.357,USD,UN Comtrade 공개 API,2026-09-30
2024-04,수입시장,수입액,일본|3304|784|UAE,72865.426,USD,UN Comtrade 공개 API,2026-09-30
2024-04,수입시장,수입액,일본|3304|144|스리랑카,15446.428,USD,UN Comtrade 공개 API,2026-09-30
2024-04,수입시장,수입액,일본|3304|170|콜롬비아,23026.257,USD,UN Comtrade 공개 API,2026-09-30
2024-04,수입시장,수입액,일본|3304|344|홍콩,48542.191,USD,UN Comtrade 공개 API,2026-09-30
2024-04,수입시장,수입액,일본|3304|348|헝가리,8290.235,USD,UN Comtrade 공개 API,2026-09-30
2024-04,수입시장,수입액,일본|3304|352|352,5605.033,USD,UN Comtrade 공개 API,2026-09-30
2024-04,수입시장,수입액,일본|3304|376|이스라엘,1662302.826,USD,UN Comtrade 공개 API,2026-09-30
2024-04,수입시장,수입액,일본|3304|442|룩셈부르크,27914.367,USD,UN Comtrade 공개 API,2026-09-30
2024-04,수입시장,수입액,일본|3304|504|504,26415.346,USD,UN Comtrade 공개 API,2026-09-30
2024-04,수입시장,수입액,일본|3304|203|체코,111377.216,USD,UN Comtrade 공개 API,2026-09-30
2024-04,수입시장,수입액,일본|3304|0|전체,154596170.243,USD,UN Comtrade 공개 API,2026-09-30
2024-05,수입시장,수입액,일본|3304|156|중국,12409517.733,USD,UN Comtrade 공개 API,2026-09-30
2024-05,수입시장,수입액,일본|3304|842|미국,14870556.873,USD,UN Comtrade 공개 API,2026-09-30
2024-05,수입시장,수입액,일본|3304|410|한국,52364082.278,USD,UN Comtrade 공개 API,2026-09-30
2024-05,수입시장,수입액,일본|3304|276|독일,1498598.695,USD,UN Comtrade 공개 API,2026-09-30
2024-05,수입시장,수입액,일본|3304|490|대만,1543255.06,USD,UN Comtrade 공개 API,2026-09-30
2024-05,수입시장,수입액,일본|3304|764|태국,987520.013,USD,UN Comtrade 공개 API,2026-09-30
2024-05,수입시장,수입액,일본|3304|251|프랑스,38332361.694,USD,UN Comtrade 공개 API,2026-09-30
2024-05,수입시장,수입액,일본|3304|704|베트남,1337878.059,USD,UN Comtrade 공개 API,2026-09-30
2024-05,수입시장,수입액,일본|3304|380|이탈리아,4898497.719,USD,UN Comtrade 공개 API,2026-09-30
2024-05,수입시장,수입액,일본|3304|826|영국,3061802.101,USD,UN Comtrade 공개 API,2026-09-30
2024-05,수입시장,수입액,일본|3304|699|인도,350671.941,USD,UN Comtrade 공개 API,2026-09-30
2024-05,수입시장,수입액,일본|3304|360|인도네시아,3715.492,USD,UN Comtrade 공개 API,2026-09-30
2024-05,수입시장,수입액,일본|3304|724|스페인,137838.332,USD,UN Comtrade 공개 API,2026-09-30
2024-05,수입시장,수입액,일본|3304|458|말레이시아,568982.696,USD,UN Comtrade 공개 API,2026-09-30
2024-05,수입시장,수입액,일본|3304|528|네덜란드,28186.488,USD,UN Comtrade 공개 API,2026-09-30
2024-05,수입시장,수입액,일본|3304|757|스위스,866459.047,USD,UN Comtrade 공개 API,2026-09-30
2024-05,수입시장,수입액,일본|3304|56|벨기에,1158246.852,USD,UN Comtrade 공개 API,2026-09-30
2024-05,수입시장,수입액,일본|3304|124|캐나다,1628359.036,USD,UN Comtrade 공개 API,2026-09-30
2024-05,수입시장,수입액,일본|3304|608|필리핀,173180.345,USD,UN Comtrade 공개 API,2026-09-30
2024-05,수입시장,수입액,일본|3304|36|호주,894760.843,USD,UN Comtrade 공개 API,2026-09-30
2024-05,수입시장,수입액,일본|3304|752|스웨덴,166780.731,USD,UN Comtrade 공개 API,2026-09-30
2024-05,수입시장,수입액,일본|3304|484|멕시코,38070.977,USD,UN Comtrade 공개 API,2026-09-30
2024-05,수입시장,수입액,일본|3304|702|싱가포르,6495.704,USD,UN Comtrade 공개 API,2026-09-30
2024-05,수입시장,수입액,일본|3304|208|덴마크,15886.93,USD,UN Comtrade 공개 API,2026-09-30
2024-05,수입시장,수입액,일본|3304|616|폴란드,176979.115,USD,UN Comtrade 공개 API,2026-09-30
2024-05,수입시장,수입액,일본|3304|203|체코,52234.687,USD,UN Comtrade 공개 API,2026-09-30
2024-05,수입시장,수입액,일본|3304|76|브라질,116307.699,USD,UN Comtrade 공개 API,2026-09-30
2024-05,수입시장,수입액,일본|3304|554|뉴질랜드,146499.271,USD,UN Comtrade 공개 API,2026-09-30
2024-05,수입시장,수입액,일본|3304|591|591,1550.257,USD,UN Comtrade 공개 API,2026-09-30
2024-05,수입시장,수입액,일본|3304|504|504,37129.292,USD,UN Comtrade 공개 API,2026-09-30
2024-05,수입시장,수입액,일본|3304|170|콜롬비아,5906.35,USD,UN Comtrade 공개 API,2026-09-30
2024-05,수입시장,수입액,일본|3304|144|스리랑카,32074.942,USD,UN Comtrade 공개 API,2026-09-30
2024-05,수입시장,수입액,일본|3304|100|불가리아,107223.963,USD,UN Comtrade 공개 API,2026-09-30
2024-05,수입시장,수입액,일본|3304|710|남아공,957411.719,USD,UN Comtrade 공개 API,2026-09-30
2024-05,수입시장,수입액,일본|3304|442|룩셈부르크,52676.702,USD,UN Comtrade 공개 API,2026-09-30
2024-05,수입시장,수입액,일본|3304|372|아일랜드,14368.703,USD,UN Comtrade 공개 API,2026-09-30
2024-05,수입시장,수입액,일본|3304|376|이스라엘,1008115.367,USD,UN Comtrade 공개 API,2026-09-30
2024-05,수입시장,수입액,일본|3304|348|헝가리,19006.661,USD,UN Comtrade 공개 API,2026-09-30
2024-05,수입시장,수입액,일본|3304|352|352,53394.177,USD,UN Comtrade 공개 API,2026-09-30
2024-05,수입시장,수입액,일본|3304|784|UAE,10666.023,USD,UN Comtrade 공개 API,2026-09-30
2024-05,수입시장,수입액,일본|3304|0|전체,140133250.569,USD,UN Comtrade 공개 API,2026-09-30
2024-06,수입시장,수입액,일본|3304|156|중국,11373951.028,USD,UN Comtrade 공개 API,2026-09-30
2024-06,수입시장,수입액,일본|3304|842|미국,11656631.934,USD,UN Comtrade 공개 API,2026-09-30
2024-06,수입시장,수입액,일본|3304|410|한국,48368658.99,USD,UN Comtrade 공개 API,2026-09-30
2024-06,수입시장,수입액,일본|3304|276|독일,2047179.264,USD,UN Comtrade 공개 API,2026-09-30
2024-06,수입시장,수입액,일본|3304|490|대만,1262112.933,USD,UN Comtrade 공개 API,2026-09-30
2024-06,수입시장,수입액,일본|3304|764|태국,952540.812,USD,UN Comtrade 공개 API,2026-09-30
2024-06,수입시장,수입액,일본|3304|251|프랑스,35017677.765,USD,UN Comtrade 공개 API,2026-09-30
2024-06,수입시장,수입액,일본|3304|380|이탈리아,6710112.101,USD,UN Comtrade 공개 API,2026-09-30
2024-06,수입시장,수입액,일본|3304|704|베트남,1034348.652,USD,UN Comtrade 공개 API,2026-09-30
2024-06,수입시장,수입액,일본|3304|826|영국,2783037.966,USD,UN Comtrade 공개 API,2026-09-30
2024-06,수입시장,수입액,일본|3304|699|인도,245309.467,USD,UN Comtrade 공개 API,2026-09-30
2024-06,수입시장,수입액,일본|3304|360|인도네시아,6367.971,USD,UN Comtrade 공개 API,2026-09-30
2024-06,수입시장,수입액,일본|3304|724|스페인,118235.171,USD,UN Comtrade 공개 API,2026-09-30
2024-06,수입시장,수입액,일본|3304|458|말레이시아,1522223.973,USD,UN Comtrade 공개 API,2026-09-30
2024-06,수입시장,수입액,일본|3304|528|네덜란드,14205.962,USD,UN Comtrade 공개 API,2026-09-30
2024-06,수입시장,수입액,일본|3304|757|스위스,2275019.579,USD,UN Comtrade 공개 API,2026-09-30
2024-06,수입시장,수입액,일본|3304|56|벨기에,898549.285,USD,UN Comtrade 공개 API,2026-09-30
2024-06,수입시장,수입액,일본|3304|752|스웨덴,28988.527,USD,UN Comtrade 공개 API,2026-09-30
2024-06,수입시장,수입액,일본|3304|608|필리핀,107571.195,USD,UN Comtrade 공개 API,2026-09-30
2024-06,수입시장,수입액,일본|3304|36|호주,1564778.497,USD,UN Comtrade 공개 API,2026-09-30
2024-06,수입시장,수입액,일본|3304|124|캐나다,2353855.7,USD,UN Comtrade 공개 API,2026-09-30
2024-06,수입시장,수입액,일본|3304|484|멕시코,8192.823,USD,UN Comtrade 공개 API,2026-09-30
2024-06,수입시장,수입액,일본|3304|616|폴란드,398806.093,USD,UN Comtrade 공개 API,2026-09-30
2024-06,수입시장,수입액,일본|3304|40|오스트리아,1381.311,USD,UN Comtrade 공개 API,2026-09-30
2024-06,수입시장,수입액,일본|3304|702|싱가포르,57704.593,USD,UN Comtrade 공개 API,2026-09-30
2024-06,수입시장,수입액,일본|3304|208|덴마크,17412.125,USD,UN Comtrade 공개 API,2026-09-30
2024-06,수입시장,수입액,일본|3304|76|브라질,4486.093,USD,UN Comtrade 공개 API,2026-09-30
2024-06,수입시장,수입액,일본|3304|792|튀르키예,5366.838,USD,UN Comtrade 공개 API,2026-09-30
2024-06,수입시장,수입액,일본|3304|784|UAE,112469.147,USD,UN Comtrade 공개 API,2026-09-30
2024-06,수입시장,수입액,일본|3304|554|뉴질랜드,5518.909,USD,UN Comtrade 공개 API,2026-09-30
2024-06,수입시장,수입액,일본|3304|504|504,26504.701,USD,UN Comtrade 공개 API,2026-09-30
2024-06,수입시장,수입액,일본|3304|170|콜롬비아,20764.022,USD,UN Comtrade 공개 API,2026-09-30
2024-06,수입시장,수입액,일본|3304|204|204,1438.338,USD,UN Comtrade 공개 API,2026-09-30
2024-06,수입시장,수입액,일본|3304|428|라트비아,7742.946,USD,UN Comtrade 공개 API,2026-09-30
2024-06,수입시장,수입액,일본|3304|442|룩셈부르크,61842.19,USD,UN Comtrade 공개 API,2026-09-30
2024-06,수입시장,수입액,일본|3304|100|불가리아,21663.776,USD,UN Comtrade 공개 API,2026-09-30
2024-06,수입시장,수입액,일본|3304|400|요르단,1704.462,USD,UN Comtrade 공개 API,2026-09-30
2024-06,수입시장,수입액,일본|3304|376|이스라엘,1249015.821,USD,UN Comtrade 공개 API,2026-09-30
2024-06,수입시장,수입액,일본|3304|642|루마니아,5943.44,USD,UN Comtrade 공개 API,2026-09-30
2024-06,수입시장,수입액,일본|3304|710|남아공,706242.883,USD,UN Comtrade 공개 API,2026-09-30
2024-06,수입시장,수입액,일본|3304|344|홍콩,160238.438,USD,UN Comtrade 공개 API,2026-09-30
2024-06,수입시장,수입액,일본|3304|348|헝가리,3979.19,USD,UN Comtrade 공개 API,2026-09-30
2024-06,수입시장,수입액,일본|3304|233|에스토니아,1913.56,USD,UN Comtrade 공개 API,2026-09-30
2024-06,수입시장,수입액,일본|3304|144|스리랑카,4448.076,USD,UN Comtrade 공개 API,2026-09-30
2024-06,수입시장,수입액,일본|3304|203|체코,34659.506,USD,UN Comtrade 공개 API,2026-09-30
2024-06,수입시장,수입액,일본|3304|0|전체,133260796.054,USD,UN Comtrade 공개 API,2026-09-30
2024-07,수입시장,수입액,일본|3304|156|중국,12918124.126,USD,UN Comtrade 공개 API,2026-09-30
2024-07,수입시장,수입액,일본|3304|842|미국,16339513.555,USD,UN Comtrade 공개 API,2026-09-30
2024-07,수입시장,수입액,일본|3304|410|한국,59518523.439,USD,UN Comtrade 공개 API,2026-09-30
2024-07,수입시장,수입액,일본|3304|490|대만,1456663.844,USD,UN Comtrade 공개 API,2026-09-30
2024-07,수입시장,수입액,일본|3304|276|독일,1019610.172,USD,UN Comtrade 공개 API,2026-09-30
2024-07,수입시장,수입액,일본|3304|764|태국,1261218.909,USD,UN Comtrade 공개 API,2026-09-30
2024-07,수입시장,수입액,일본|3304|251|프랑스,43212025.688,USD,UN Comtrade 공개 API,2026-09-30
2024-07,수입시장,수입액,일본|3304|380|이탈리아,7877743.153,USD,UN Comtrade 공개 API,2026-09-30
2024-07,수입시장,수입액,일본|3304|704|베트남,1494174.311,USD,UN Comtrade 공개 API,2026-09-30
2024-07,수입시장,수입액,일본|3304|699|인도,174486.747,USD,UN Comtrade 공개 API,2026-09-30
2024-07,수입시장,수입액,일본|3304|826|영국,3314620.58,USD,UN Comtrade 공개 API,2026-09-30
2024-07,수입시장,수입액,일본|3304|724|스페인,25560.622,USD,UN Comtrade 공개 API,2026-09-30
2024-07,수입시장,수입액,일본|3304|360|인도네시아,3670.536,USD,UN Comtrade 공개 API,2026-09-30
2024-07,수입시장,수입액,일본|3304|458|말레이시아,1756411.586,USD,UN Comtrade 공개 API,2026-09-30
2024-07,수입시장,수입액,일본|3304|528|네덜란드,54081.763,USD,UN Comtrade 공개 API,2026-09-30
2024-07,수입시장,수입액,일본|3304|56|벨기에,1642314.345,USD,UN Comtrade 공개 API,2026-09-30
2024-07,수입시장,수입액,일본|3304|757|스위스,1516387.709,USD,UN Comtrade 공개 API,2026-09-30
2024-07,수입시장,수입액,일본|3304|124|캐나다,2907622.193,USD,UN Comtrade 공개 API,2026-09-30
2024-07,수입시장,수입액,일본|3304|608|필리핀,14352.492,USD,UN Comtrade 공개 API,2026-09-30
2024-07,수입시장,수입액,일본|3304|36|호주,1148535.363,USD,UN Comtrade 공개 API,2026-09-30
2024-07,수입시장,수입액,일본|3304|484|멕시코,1635.576,USD,UN Comtrade 공개 API,2026-09-30
2024-07,수입시장,수입액,일본|3304|752|스웨덴,29972.872,USD,UN Comtrade 공개 API,2026-09-30
2024-07,수입시장,수입액,일본|3304|702|싱가포르,19113.412,USD,UN Comtrade 공개 API,2026-09-30
2024-07,수입시장,수입액,일본|3304|616|폴란드,507028.411,USD,UN Comtrade 공개 API,2026-09-30
2024-07,수입시장,수입액,일본|3304|40|오스트리아,3163.381,USD,UN Comtrade 공개 API,2026-09-30
2024-07,수입시장,수입액,일본|3304|208|덴마크,11157.414,USD,UN Comtrade 공개 API,2026-09-30
2024-07,수입시장,수입액,일본|3304|246|핀란드,1711.649,USD,UN Comtrade 공개 API,2026-09-30
2024-07,수입시장,수입액,일본|3304|554|뉴질랜드,65727.314,USD,UN Comtrade 공개 API,2026-09-30
2024-07,수입시장,수입액,일본|3304|376|이스라엘,2417361.6,USD,UN Comtrade 공개 API,2026-09-30
2024-07,수입시장,수입액,일본|3304|344|홍콩,32717.85,USD,UN Comtrade 공개 API,2026-09-30
2024-07,수입시장,수입액,일본|3304|348|헝가리,8976.647,USD,UN Comtrade 공개 API,2026-09-30
2024-07,수입시장,수입액,일본|3304|352|352,35012.727,USD,UN Comtrade 공개 API,2026-09-30
2024-07,수입시장,수입액,일본|3304|748|748,1508.787,USD,UN Comtrade 공개 API,2026-09-30
2024-07,수입시장,수입액,일본|3304|705|슬로베니아,5344.148,USD,UN Comtrade 공개 API,2026-09-30
2024-07,수입시장,수입액,일본|3304|204|204,3404.279,USD,UN Comtrade 공개 API,2026-09-30
2024-07,수입시장,수입액,일본|3304|710|남아공,790553.526,USD,UN Comtrade 공개 API,2026-09-30
2024-07,수입시장,수입액,일본|3304|442|룩셈부르크,110382.329,USD,UN Comtrade 공개 API,2026-09-30
2024-07,수입시장,수입액,일본|3304|504|504,56230.833,USD,UN Comtrade 공개 API,2026-09-30
2024-07,수입시장,수입액,일본|3304|524|524,2408.987,USD,UN Comtrade 공개 API,2026-09-30
2024-07,수입시장,수입액,일본|3304|620|포르투갈,2827.39,USD,UN Comtrade 공개 API,2026-09-30
2024-07,수입시장,수입액,일본|3304|643|러시아,12469.678,USD,UN Comtrade 공개 API,2026-09-30
2024-07,수입시장,수입액,일본|3304|300|그리스,2212.465,USD,UN Comtrade 공개 API,2026-09-30
2024-07,수입시장,수입액,일본|3304|372|아일랜드,8640.657,USD,UN Comtrade 공개 API,2026-09-30
2024-07,수입시장,수입액,일본|3304|144|스리랑카,11195.451,USD,UN Comtrade 공개 API,2026-09-30
2024-07,수입시장,수입액,일본|3304|100|불가리아,10796.066,USD,UN Comtrade 공개 API,2026-09-30
2024-07,수입시장,수입액,일본|3304|203|체코,45986.298,USD,UN Comtrade 공개 API,2026-09-30
2024-07,수입시장,수입액,일본|3304|0|전체,161853180.877,USD,UN Comtrade 공개 API,2026-09-30
2024-08,수입시장,수입액,일본|3304|156|중국,14152014.093,USD,UN Comtrade 공개 API,2026-09-30
2024-08,수입시장,수입액,일본|3304|842|미국,14358711.571,USD,UN Comtrade 공개 API,2026-09-30
2024-08,수입시장,수입액,일본|3304|410|한국,67174136.595,USD,UN Comtrade 공개 API,2026-09-30
2024-08,수입시장,수입액,일본|3304|490|대만,1550682.422,USD,UN Comtrade 공개 API,2026-09-30
2024-08,수입시장,수입액,일본|3304|276|독일,1544650.954,USD,UN Comtrade 공개 API,2026-09-30
2024-08,수입시장,수입액,일본|3304|764|태국,933051.811,USD,UN Comtrade 공개 API,2026-09-30
2024-08,수입시장,수입액,일본|3304|251|프랑스,42669571.318,USD,UN Comtrade 공개 API,2026-09-30
2024-08,수입시장,수입액,일본|3304|704|베트남,1291370.294,USD,UN Comtrade 공개 API,2026-09-30
2024-08,수입시장,수입액,일본|3304|380|이탈리아,7721422.077,USD,UN Comtrade 공개 API,2026-09-30
2024-08,수입시장,수입액,일본|3304|699|인도,421443.754,USD,UN Comtrade 공개 API,2026-09-30
2024-08,수입시장,수입액,일본|3304|826|영국,4046883.059,USD,UN Comtrade 공개 API,2026-09-30
2024-08,수입시장,수입액,일본|3304|458|말레이시아,1696914.768,USD,UN Comtrade 공개 API,2026-09-30
2024-08,수입시장,수입액,일본|3304|724|스페인,69136.224,USD,UN Comtrade 공개 API,2026-09-30
2024-08,수입시장,수입액,일본|3304|528|네덜란드,53503.642,USD,UN Comtrade 공개 API,2026-09-30
2024-08,수입시장,수입액,일본|3304|757|스위스,1895317.267,USD,UN Comtrade 공개 API,2026-09-30
2024-08,수입시장,수입액,일본|3304|56|벨기에,1560044.192,USD,UN Comtrade 공개 API,2026-09-30
2024-08,수입시장,수입액,일본|3304|608|필리핀,3979.949,USD,UN Comtrade 공개 API,2026-09-30
2024-08,수입시장,수입액,일본|3304|124|캐나다,1830947.408,USD,UN Comtrade 공개 API,2026-09-30
2024-08,수입시장,수입액,일본|3304|36|호주,1950044.982,USD,UN Comtrade 공개 API,2026-09-30
2024-08,수입시장,수입액,일본|3304|484|멕시코,19496.278,USD,UN Comtrade 공개 API,2026-09-30
2024-08,수입시장,수입액,일본|3304|752|스웨덴,126346.278,USD,UN Comtrade 공개 API,2026-09-30
2024-08,수입시장,수입액,일본|3304|616|폴란드,332305.21,USD,UN Comtrade 공개 API,2026-09-30
2024-08,수입시장,수입액,일본|3304|208|덴마크,14702.56,USD,UN Comtrade 공개 API,2026-09-30
2024-08,수입시장,수입액,일본|3304|792|튀르키예,1436.064,USD,UN Comtrade 공개 API,2026-09-30
2024-08,수입시장,수입액,일본|3304|76|브라질,77889.376,USD,UN Comtrade 공개 API,2026-09-30
2024-08,수입시장,수입액,일본|3304|554|뉴질랜드,60649.77,USD,UN Comtrade 공개 API,2026-09-30
2024-08,수입시장,수입액,일본|3304|246|핀란드,9587.437,USD,UN Comtrade 공개 API,2026-09-30
2024-08,수입시장,수입액,일본|3304|203|체코,64561.334,USD,UN Comtrade 공개 API,2026-09-30
2024-08,수입시장,수입액,일본|3304|348|헝가리,15078.672,USD,UN Comtrade 공개 API,2026-09-30
2024-08,수입시장,수입액,일본|3304|784|UAE,104374.499,USD,UN Comtrade 공개 API,2026-09-30
2024-08,수입시장,수입액,일본|3304|643|러시아,11522.704,USD,UN Comtrade 공개 API,2026-09-30
2024-08,수입시장,수입액,일본|3304|404|404,1518.125,USD,UN Comtrade 공개 API,2026-09-30
2024-08,수입시장,수입액,일본|3304|504|504,30533.456,USD,UN Comtrade 공개 API,2026-09-30
2024-08,수입시장,수입액,일본|3304|524|524,39799.488,USD,UN Comtrade 공개 API,2026-09-30
2024-08,수입시장,수입액,일본|3304|442|룩셈부르크,102322.979,USD,UN Comtrade 공개 API,2026-09-30
2024-08,수입시장,수입액,일본|3304|100|불가리아,10059.286,USD,UN Comtrade 공개 API,2026-09-30
2024-08,수입시장,수입액,일본|3304|144|스리랑카,4137.232,USD,UN Comtrade 공개 API,2026-09-30
2024-08,수입시장,수입액,일본|3304|300|그리스,2345.571,USD,UN Comtrade 공개 API,2026-09-30
2024-08,수입시장,수입액,일본|3304|344|홍콩,239795.334,USD,UN Comtrade 공개 API,2026-09-30
2024-08,수입시장,수입액,일본|3304|376|이스라엘,1529674.858,USD,UN Comtrade 공개 API,2026-09-30
2024-08,수입시장,수입액,일본|3304|710|남아공,801193.782,USD,UN Comtrade 공개 API,2026-09-30
2024-08,수입시장,수입액,일본|3304|0|전체,168523156.675,USD,UN Comtrade 공개 API,2026-09-30
2024-09,수입시장,수입액,일본|3304|156|중국,10790589.602,USD,UN Comtrade 공개 API,2026-09-30
2024-09,수입시장,수입액,일본|3304|842|미국,12610766.194,USD,UN Comtrade 공개 API,2026-09-30
2024-09,수입시장,수입액,일본|3304|410|한국,59927446.72,USD,UN Comtrade 공개 API,2026-09-30
2024-09,수입시장,수입액,일본|3304|276|독일,2259910.455,USD,UN Comtrade 공개 API,2026-09-30
2024-09,수입시장,수입액,일본|3304|490|대만,1371791.746,USD,UN Comtrade 공개 API,2026-09-30
2024-09,수입시장,수입액,일본|3304|764|태국,808563.181,USD,UN Comtrade 공개 API,2026-09-30
2024-09,수입시장,수입액,일본|3304|380|이탈리아,6485842.323,USD,UN Comtrade 공개 API,2026-09-30
2024-09,수입시장,수입액,일본|3304|251|프랑스,49569287.568,USD,UN Comtrade 공개 API,2026-09-30
2024-09,수입시장,수입액,일본|3304|704|베트남,987845.9,USD,UN Comtrade 공개 API,2026-09-30
2024-09,수입시장,수입액,일본|3304|699|인도,239148.36,USD,UN Comtrade 공개 API,2026-09-30
2024-09,수입시장,수입액,일본|3304|826|영국,4792072.023,USD,UN Comtrade 공개 API,2026-09-30
2024-09,수입시장,수입액,일본|3304|360|인도네시아,11227.426,USD,UN Comtrade 공개 API,2026-09-30
2024-09,수입시장,수입액,일본|3304|458|말레이시아,1842233.457,USD,UN Comtrade 공개 API,2026-09-30
2024-09,수입시장,수입액,일본|3304|724|스페인,115653.658,USD,UN Comtrade 공개 API,2026-09-30
2024-09,수입시장,수입액,일본|3304|528|네덜란드,11506.715,USD,UN Comtrade 공개 API,2026-09-30
2024-09,수입시장,수입액,일본|3304|757|스위스,1363503.839,USD,UN Comtrade 공개 API,2026-09-30
2024-09,수입시장,수입액,일본|3304|56|벨기에,1767153.537,USD,UN Comtrade 공개 API,2026-09-30
2024-09,수입시장,수입액,일본|3304|124|캐나다,1778939.542,USD,UN Comtrade 공개 API,2026-09-30
2024-09,수입시장,수입액,일본|3304|752|스웨덴,153881.367,USD,UN Comtrade 공개 API,2026-09-30
2024-09,수입시장,수입액,일본|3304|608|필리핀,80840.259,USD,UN Comtrade 공개 API,2026-09-30
2024-09,수입시장,수입액,일본|3304|36|호주,641024.572,USD,UN Comtrade 공개 API,2026-09-30
2024-09,수입시장,수입액,일본|3304|40|오스트리아,6514.421,USD,UN Comtrade 공개 API,2026-09-30
2024-09,수입시장,수입액,일본|3304|616|폴란드,810266.845,USD,UN Comtrade 공개 API,2026-09-30
2024-09,수입시장,수입액,일본|3304|702|싱가포르,4754.899,USD,UN Comtrade 공개 API,2026-09-30
2024-09,수입시장,수입액,일본|3304|203|체코,24758.988,USD,UN Comtrade 공개 API,2026-09-30
2024-09,수입시장,수입액,일본|3304|208|덴마크,5229.69,USD,UN Comtrade 공개 API,2026-09-30
2024-09,수입시장,수입액,일본|3304|792|튀르키예,2730.052,USD,UN Comtrade 공개 API,2026-09-30
2024-09,수입시장,수입액,일본|3304|76|브라질,19864.444,USD,UN Comtrade 공개 API,2026-09-30
2024-09,수입시장,수입액,일본|3304|246|핀란드,2045.793,USD,UN Comtrade 공개 API,2026-09-30
2024-09,수입시장,수입액,일본|3304|170|콜롬비아,5543.891,USD,UN Comtrade 공개 API,2026-09-30
2024-09,수입시장,수입액,일본|3304|204|204,2764.963,USD,UN Comtrade 공개 API,2026-09-30
2024-09,수입시장,수입액,일본|3304|100|불가리아,2471.709,USD,UN Comtrade 공개 API,2026-09-30
2024-09,수입시장,수입액,일본|3304|504|504,17930.367,USD,UN Comtrade 공개 API,2026-09-30
2024-09,수입시장,수입액,일본|3304|524|524,13531.562,USD,UN Comtrade 공개 API,2026-09-30
2024-09,수입시장,수입액,일본|3304|288|288,2311.118,USD,UN Comtrade 공개 API,2026-09-30
2024-09,수입시장,수입액,일본|3304|300|그리스,25701.589,USD,UN Comtrade 공개 API,2026-09-30
2024-09,수입시장,수입액,일본|3304|344|홍콩,247652.716,USD,UN Comtrade 공개 API,2026-09-30
2024-09,수입시장,수입액,일본|3304|348|헝가리,1996.918,USD,UN Comtrade 공개 API,2026-09-30
2024-09,수입시장,수입액,일본|3304|442|룩셈부르크,201542.069,USD,UN Comtrade 공개 API,2026-09-30
2024-09,수입시장,수입액,일본|3304|643|러시아,13908.602,USD,UN Comtrade 공개 API,2026-09-30
2024-09,수입시장,수입액,일본|3304|376|이스라엘,717130.879,USD,UN Comtrade 공개 API,2026-09-30
2024-09,수입시장,수입액,일본|3304|144|스리랑카,13803.869,USD,UN Comtrade 공개 API,2026-09-30
2024-09,수입시장,수입액,일본|3304|784|UAE,226196.323,USD,UN Comtrade 공개 API,2026-09-30
2024-09,수입시장,수입액,일본|3304|710|남아공,961669.52,USD,UN Comtrade 공개 API,2026-09-30
2024-09,수입시장,수입액,일본|3304|554|뉴질랜드,100921.152,USD,UN Comtrade 공개 API,2026-09-30
2024-09,수입시장,수입액,일본|3304|0|전체,161040470.82,USD,UN Comtrade 공개 API,2026-09-30
2024-10,수입시장,수입액,일본|3304|156|중국,11477134.647,USD,UN Comtrade 공개 API,2026-09-30
2024-10,수입시장,수입액,일본|3304|842|미국,16950518.254,USD,UN Comtrade 공개 API,2026-09-30
2024-10,수입시장,수입액,일본|3304|410|한국,78945329.546,USD,UN Comtrade 공개 API,2026-09-30
2024-10,수입시장,수입액,일본|3304|276|독일,1679876.702,USD,UN Comtrade 공개 API,2026-09-30
2024-10,수입시장,수입액,일본|3304|490|대만,1146348.064,USD,UN Comtrade 공개 API,2026-09-30
2024-10,수입시장,수입액,일본|3304|764|태국,1232041.465,USD,UN Comtrade 공개 API,2026-09-30
2024-10,수입시장,수입액,일본|3304|251|프랑스,40159562.008,USD,UN Comtrade 공개 API,2026-09-30
2024-10,수입시장,수입액,일본|3304|380|이탈리아,8767052.442,USD,UN Comtrade 공개 API,2026-09-30
2024-10,수입시장,수입액,일본|3304|704|베트남,1384868.715,USD,UN Comtrade 공개 API,2026-09-30
2024-10,수입시장,수입액,일본|3304|699|인도,293738.158,USD,UN Comtrade 공개 API,2026-09-30
2024-10,수입시장,수입액,일본|3304|826|영국,4624182.189,USD,UN Comtrade 공개 API,2026-09-30
2024-10,수입시장,수입액,일본|3304|360|인도네시아,15505.279,USD,UN Comtrade 공개 API,2026-09-30
2024-10,수입시장,수입액,일본|3304|724|스페인,156830.552,USD,UN Comtrade 공개 API,2026-09-30
2024-10,수입시장,수입액,일본|3304|458|말레이시아,3181609.775,USD,UN Comtrade 공개 API,2026-09-30
2024-10,수입시장,수입액,일본|3304|528|네덜란드,22990.586,USD,UN Comtrade 공개 API,2026-09-30
2024-10,수입시장,수입액,일본|3304|56|벨기에,1814572.131,USD,UN Comtrade 공개 API,2026-09-30
2024-10,수입시장,수입액,일본|3304|757|스위스,1395074.129,USD,UN Comtrade 공개 API,2026-09-30
2024-10,수입시장,수입액,일본|3304|124|캐나다,2099080.638,USD,UN Comtrade 공개 API,2026-09-30
2024-10,수입시장,수입액,일본|3304|608|필리핀,17289.723,USD,UN Comtrade 공개 API,2026-09-30
2024-10,수입시장,수입액,일본|3304|484|멕시코,7090.992,USD,UN Comtrade 공개 API,2026-09-30
2024-10,수입시장,수입액,일본|3304|36|호주,712514.362,USD,UN Comtrade 공개 API,2026-09-30
2024-10,수입시장,수입액,일본|3304|752|스웨덴,75487.986,USD,UN Comtrade 공개 API,2026-09-30
2024-10,수입시장,수입액,일본|3304|702|싱가포르,2285.692,USD,UN Comtrade 공개 API,2026-09-30
2024-10,수입시장,수입액,일본|3304|616|폴란드,1023448.677,USD,UN Comtrade 공개 API,2026-09-30
2024-10,수입시장,수입액,일본|3304|203|체코,76817.965,USD,UN Comtrade 공개 API,2026-09-30
2024-10,수입시장,수입액,일본|3304|792|튀르키예,7451.891,USD,UN Comtrade 공개 API,2026-09-30
2024-10,수입시장,수입액,일본|3304|76|브라질,2880.507,USD,UN Comtrade 공개 API,2026-09-30
2024-10,수입시장,수입액,일본|3304|208|덴마크,20270.479,USD,UN Comtrade 공개 API,2026-09-30
2024-10,수입시장,수입액,일본|3304|246|핀란드,6108.545,USD,UN Comtrade 공개 API,2026-09-30
2024-10,수입시장,수입액,일본|3304|554|뉴질랜드,55645.239,USD,UN Comtrade 공개 API,2026-09-30
2024-10,수입시장,수입액,일본|3304|376|이스라엘,988641.998,USD,UN Comtrade 공개 API,2026-09-30
2024-10,수입시장,수입액,일본|3304|400|요르단,5961.513,USD,UN Comtrade 공개 API,2026-09-30
2024-10,수입시장,수입액,일본|3304|372|아일랜드,3715.92,USD,UN Comtrade 공개 API,2026-09-30
2024-10,수입시장,수입액,일본|3304|344|홍콩,131654.524,USD,UN Comtrade 공개 API,2026-09-30
2024-10,수입시장,수입액,일본|3304|348|헝가리,19014.017,USD,UN Comtrade 공개 API,2026-09-30
2024-10,수입시장,수입액,일본|3304|352|352,53473.163,USD,UN Comtrade 공개 API,2026-09-30
2024-10,수입시장,수입액,일본|3304|170|콜롬비아,2492.875,USD,UN Comtrade 공개 API,2026-09-30
2024-10,수입시장,수입액,일본|3304|504|504,94381.704,USD,UN Comtrade 공개 API,2026-09-30
2024-10,수입시장,수입액,일본|3304|300|그리스,12725.022,USD,UN Comtrade 공개 API,2026-09-30
2024-10,수입시장,수입액,일본|3304|620|포르투갈,1837.91,USD,UN Comtrade 공개 API,2026-09-30
2024-10,수입시장,수입액,일본|3304|642|루마니아,5299.865,USD,UN Comtrade 공개 API,2026-09-30
2024-10,수입시장,수입액,일본|3304|643|러시아,108349.822,USD,UN Comtrade 공개 API,2026-09-30
2024-10,수입시장,수입액,일본|3304|442|룩셈부르크,204135.021,USD,UN Comtrade 공개 API,2026-09-30
2024-10,수입시장,수입액,일본|3304|204|204,2258.959,USD,UN Comtrade 공개 API,2026-09-30
2024-10,수입시장,수입액,일본|3304|144|스리랑카,12183.674,USD,UN Comtrade 공개 API,2026-09-30
2024-10,수입시장,수입액,일본|3304|100|불가리아,18793.468,USD,UN Comtrade 공개 API,2026-09-30
2024-10,수입시장,수입액,일본|3304|710|남아공,1322500.066,USD,UN Comtrade 공개 API,2026-09-30
2024-10,수입시장,수입액,일본|3304|0|전체,180341026.862,USD,UN Comtrade 공개 API,2026-09-30
2024-11,수입시장,수입액,일본|3304|156|중국,10521824.604,USD,UN Comtrade 공개 API,2026-09-30
2024-11,수입시장,수입액,일본|3304|842|미국,12315739.488,USD,UN Comtrade 공개 API,2026-09-30
2024-11,수입시장,수입액,일본|3304|410|한국,76846524.612,USD,UN Comtrade 공개 API,2026-09-30
2024-11,수입시장,수입액,일본|3304|490|대만,1499723.412,USD,UN Comtrade 공개 API,2026-09-30
2024-11,수입시장,수입액,일본|3304|276|독일,1883497.992,USD,UN Comtrade 공개 API,2026-09-30
2024-11,수입시장,수입액,일본|3304|764|태국,723883.968,USD,UN Comtrade 공개 API,2026-09-30
2024-11,수입시장,수입액,일본|3304|251|프랑스,35212049.688,USD,UN Comtrade 공개 API,2026-09-30
2024-11,수입시장,수입액,일본|3304|704|베트남,1115143.824,USD,UN Comtrade 공개 API,2026-09-30
2024-11,수입시장,수입액,일본|3304|380|이탈리아,6193854.9,USD,UN Comtrade 공개 API,2026-09-30
2024-11,수입시장,수입액,일본|3304|699|인도,175011.336,USD,UN Comtrade 공개 API,2026-09-30
2024-11,수입시장,수입액,일본|3304|826|영국,3495130.5,USD,UN Comtrade 공개 API,2026-09-30
2024-11,수입시장,수입액,일본|3304|360|인도네시아,6907.488,USD,UN Comtrade 공개 API,2026-09-30
2024-11,수입시장,수입액,일본|3304|458|말레이시아,2007852.252,USD,UN Comtrade 공개 API,2026-09-30
2024-11,수입시장,수입액,일본|3304|724|스페인,36803.148,USD,UN Comtrade 공개 API,2026-09-30
2024-11,수입시장,수입액,일본|3304|528|네덜란드,29298.396,USD,UN Comtrade 공개 API,2026-09-30
2024-11,수입시장,수입액,일본|3304|757|스위스,1205337.18,USD,UN Comtrade 공개 API,2026-09-30
2024-11,수입시장,수입액,일본|3304|124|캐나다,1811689.98,USD,UN Comtrade 공개 API,2026-09-30
2024-11,수입시장,수입액,일본|3304|608|필리핀,5336.424,USD,UN Comtrade 공개 API,2026-09-30
2024-11,수입시장,수입액,일본|3304|56|벨기에,1016699.136,USD,UN Comtrade 공개 API,2026-09-30
2024-11,수입시장,수입액,일본|3304|36|호주,914112.552,USD,UN Comtrade 공개 API,2026-09-30
2024-11,수입시장,수입액,일본|3304|752|스웨덴,50631.108,USD,UN Comtrade 공개 API,2026-09-30
2024-11,수입시장,수입액,일본|3304|484|멕시코,9809.412,USD,UN Comtrade 공개 API,2026-09-30
2024-11,수입시장,수입액,일본|3304|40|오스트리아,2583.816,USD,UN Comtrade 공개 API,2026-09-30
2024-11,수입시장,수입액,일본|3304|208|덴마크,4563.876,USD,UN Comtrade 공개 API,2026-09-30
2024-11,수입시장,수입액,일본|3304|616|폴란드,468806.796,USD,UN Comtrade 공개 API,2026-09-30
2024-11,수입시장,수입액,일본|3304|792|튀르키예,53396.7,USD,UN Comtrade 공개 API,2026-09-30
2024-11,수입시장,수입액,일본|3304|76|브라질,100236.48,USD,UN Comtrade 공개 API,2026-09-30
2024-11,수입시장,수입액,일본|3304|203|체코,101950.368,USD,UN Comtrade 공개 API,2026-09-30
2024-11,수입시장,수입액,일본|3304|246|핀란드,14016.228,USD,UN Comtrade 공개 API,2026-09-30
2024-11,수입시장,수입액,일본|3304|554|뉴질랜드,64374.672,USD,UN Comtrade 공개 API,2026-09-30
2024-11,수입시장,수입액,일본|3304|504|504,18774.864,USD,UN Comtrade 공개 API,2026-09-30
2024-11,수입시장,수입액,일본|3304|348|헝가리,3317.412,USD,UN Comtrade 공개 API,2026-09-30
2024-11,수입시장,수입액,일본|3304|710|남아공,1085605.224,USD,UN Comtrade 공개 API,2026-09-30
2024-11,수입시장,수입액,일본|3304|442|룩셈부르크,199979.568,USD,UN Comtrade 공개 API,2026-09-30
2024-11,수입시장,수입액,일본|3304|376|이스라엘,617285.328,USD,UN Comtrade 공개 API,2026-09-30
2024-11,수입시장,수입액,일본|3304|144|스리랑카,6245.304,USD,UN Comtrade 공개 API,2026-09-30
2024-11,수입시장,수입액,일본|3304|100|불가리아,4810.572,USD,UN Comtrade 공개 API,2026-09-30
2024-11,수입시장,수입액,일본|3304|643|러시아,3642.012,USD,UN Comtrade 공개 API,2026-09-30
2024-11,수입시장,수입액,일본|3304|300|그리스,2901.924,USD,UN Comtrade 공개 API,2026-09-30
2024-11,수입시장,수입액,일본|3304|344|홍콩,212775.3,USD,UN Comtrade 공개 API,2026-09-30
2024-11,수입시장,수입액,일본|3304|4|4,2083.932,USD,UN Comtrade 공개 API,2026-09-30
2024-11,수입시장,수입액,일본|3304|0|전체,160044211.776,USD,UN Comtrade 공개 API,2026-09-30
2024-12,수입시장,수입액,일본|3304|156|중국,10109304.877,USD,UN Comtrade 공개 API,2026-09-30
2024-12,수입시장,수입액,일본|3304|842|미국,12554288.145,USD,UN Comtrade 공개 API,2026-09-30
2024-12,수입시장,수입액,일본|3304|410|한국,58952419.387,USD,UN Comtrade 공개 API,2026-09-30
2024-12,수입시장,수입액,일본|3304|490|대만,1224888.079,USD,UN Comtrade 공개 API,2026-09-30
2024-12,수입시장,수입액,일본|3304|276|독일,1170953.322,USD,UN Comtrade 공개 API,2026-09-30
2024-12,수입시장,수입액,일본|3304|764|태국,935072.361,USD,UN Comtrade 공개 API,2026-09-30
2024-12,수입시장,수입액,일본|3304|251|프랑스,35545397.449,USD,UN Comtrade 공개 API,2026-09-30
2024-12,수입시장,수입액,일본|3304|380|이탈리아,5491097.127,USD,UN Comtrade 공개 API,2026-09-30
2024-12,수입시장,수입액,일본|3304|704|베트남,974438.308,USD,UN Comtrade 공개 API,2026-09-30
2024-12,수입시장,수입액,일본|3304|699|인도,238090.542,USD,UN Comtrade 공개 API,2026-09-30
2024-12,수입시장,수입액,일본|3304|826|영국,2249274.717,USD,UN Comtrade 공개 API,2026-09-30
2024-12,수입시장,수입액,일본|3304|724|스페인,128601.545,USD,UN Comtrade 공개 API,2026-09-30
2024-12,수입시장,수입액,일본|3304|458|말레이시아,447849.929,USD,UN Comtrade 공개 API,2026-09-30
2024-12,수입시장,수입액,일본|3304|528|네덜란드,79433.451,USD,UN Comtrade 공개 API,2026-09-30
2024-12,수입시장,수입액,일본|3304|56|벨기에,523578.89,USD,UN Comtrade 공개 API,2026-09-30
2024-12,수입시장,수입액,일본|3304|757|스위스,1079947.437,USD,UN Comtrade 공개 API,2026-09-30
2024-12,수입시장,수입액,일본|3304|608|필리핀,6825.441,USD,UN Comtrade 공개 API,2026-09-30
2024-12,수입시장,수입액,일본|3304|124|캐나다,883668.461,USD,UN Comtrade 공개 API,2026-09-30
2024-12,수입시장,수입액,일본|3304|36|호주,3394965.383,USD,UN Comtrade 공개 API,2026-09-30
2024-12,수입시장,수입액,일본|3304|752|스웨덴,71657.3,USD,UN Comtrade 공개 API,2026-09-30
2024-12,수입시장,수입액,일본|3304|40|오스트리아,4530.624,USD,UN Comtrade 공개 API,2026-09-30
2024-12,수입시장,수입액,일본|3304|702|싱가포르,164518.709,USD,UN Comtrade 공개 API,2026-09-30
2024-12,수입시장,수입액,일본|3304|484|멕시코,16529.239,USD,UN Comtrade 공개 API,2026-09-30
2024-12,수입시장,수입액,일본|3304|208|덴마크,22862.934,USD,UN Comtrade 공개 API,2026-09-30
2024-12,수입시장,수입액,일본|3304|792|튀르키예,19492.831,USD,UN Comtrade 공개 API,2026-09-30
2024-12,수입시장,수입액,일본|3304|616|폴란드,841043.874,USD,UN Comtrade 공개 API,2026-09-30
2024-12,수입시장,수입액,일본|3304|76|브라질,6674.639,USD,UN Comtrade 공개 API,2026-09-30
2024-12,수입시장,수입액,일본|3304|203|체코,14418.007,USD,UN Comtrade 공개 API,2026-09-30
2024-12,수입시장,수입액,일본|3304|554|뉴질랜드,86108.09,USD,UN Comtrade 공개 API,2026-09-30
2024-12,수입시장,수입액,일본|3304|504|504,23000.623,USD,UN Comtrade 공개 API,2026-09-30
2024-12,수입시장,수입액,일본|3304|524|524,3756.943,USD,UN Comtrade 공개 API,2026-09-30
2024-12,수입시장,수입액,일본|3304|428|라트비아,8294.124,USD,UN Comtrade 공개 API,2026-09-30
2024-12,수입시장,수입액,일본|3304|442|룩셈부르크,167705.226,USD,UN Comtrade 공개 API,2026-09-30
2024-12,수입시장,수입액,일본|3304|710|남아공,1288487.293,USD,UN Comtrade 공개 API,2026-09-30
2024-12,수입시장,수입액,일본|3304|233|에스토니아,7815.491,USD,UN Comtrade 공개 API,2026-09-30
2024-12,수입시장,수입액,일본|3304|376|이스라엘,1632283.662,USD,UN Comtrade 공개 API,2026-09-30
2024-12,수입시장,수입액,일본|3304|348|헝가리,2399.723,USD,UN Comtrade 공개 API,2026-09-30
2024-12,수입시장,수입액,일본|3304|144|스리랑카,19361.699,USD,UN Comtrade 공개 API,2026-09-30
2024-12,수입시장,수입액,일본|3304|100|불가리아,14975.32,USD,UN Comtrade 공개 API,2026-09-30
2024-12,수입시장,수입액,일본|3304|344|홍콩,27360.775,USD,UN Comtrade 공개 API,2026-09-30
2024-12,수입시장,수입액,일본|3304|0|전체,140433371.98,USD,UN Comtrade 공개 API,2026-09-30
2025-01,수입시장,수입액,일본|3304|156|중국,15381392.791,USD,UN Comtrade 공개 API,2026-09-30
2025-01,수입시장,수입액,일본|3304|842|미국,15389928.113,USD,UN Comtrade 공개 API,2026-09-30
2025-01,수입시장,수입액,일본|3304|410|한국,65424052.543,USD,UN Comtrade 공개 API,2026-09-30
2025-01,수입시장,수입액,일본|3304|490|대만,2048413.465,USD,UN Comtrade 공개 API,2026-09-30
2025-01,수입시장,수입액,일본|3304|276|독일,970891.336,USD,UN Comtrade 공개 API,2026-09-30
2025-01,수입시장,수입액,일본|3304|764|태국,1765974.209,USD,UN Comtrade 공개 API,2026-09-30
2025-01,수입시장,수입액,일본|3304|251|프랑스,27334252.027,USD,UN Comtrade 공개 API,2026-09-30
2025-01,수입시장,수입액,일본|3304|704|베트남,2412555.257,USD,UN Comtrade 공개 API,2026-09-30
2025-01,수입시장,수입액,일본|3304|380|이탈리아,9389730.659,USD,UN Comtrade 공개 API,2026-09-30
2025-01,수입시장,수입액,일본|3304|826|영국,3164494.792,USD,UN Comtrade 공개 API,2026-09-30
2025-01,수입시장,수입액,일본|3304|699|인도,348688.703,USD,UN Comtrade 공개 API,2026-09-30
2025-01,수입시장,수입액,일본|3304|360|인도네시아,3343.8,USD,UN Comtrade 공개 API,2026-09-30
2025-01,수입시장,수입액,일본|3304|458|말레이시아,794219.75,USD,UN Comtrade 공개 API,2026-09-30
2025-01,수입시장,수입액,일본|3304|724|스페인,59107.907,USD,UN Comtrade 공개 API,2026-09-30
2025-01,수입시장,수입액,일본|3304|528|네덜란드,40304.624,USD,UN Comtrade 공개 API,2026-09-30
2025-01,수입시장,수입액,일본|3304|56|벨기에,1299875.272,USD,UN Comtrade 공개 API,2026-09-30
2025-01,수입시장,수입액,일본|3304|757|스위스,838053.586,USD,UN Comtrade 공개 API,2026-09-30
2025-01,수입시장,수입액,일본|3304|124|캐나다,1297023.771,USD,UN Comtrade 공개 API,2026-09-30
2025-01,수입시장,수입액,일본|3304|752|스웨덴,156308.288,USD,UN Comtrade 공개 API,2026-09-30
2025-01,수입시장,수입액,일본|3304|608|필리핀,2250.512,USD,UN Comtrade 공개 API,2026-09-30
2025-01,수입시장,수입액,일본|3304|36|호주,782078.494,USD,UN Comtrade 공개 API,2026-09-30
2025-01,수입시장,수입액,일본|3304|484|멕시코,3196.75,USD,UN Comtrade 공개 API,2026-09-30
2025-01,수입시장,수입액,일본|3304|616|폴란드,154160.072,USD,UN Comtrade 공개 API,2026-09-30
2025-01,수입시장,수입액,일본|3304|702|싱가포르,13854.715,USD,UN Comtrade 공개 API,2026-09-30
2025-01,수입시장,수입액,일본|3304|40|오스트리아,1719.851,USD,UN Comtrade 공개 API,2026-09-30
2025-01,수입시장,수입액,일본|3304|208|덴마크,35720.484,USD,UN Comtrade 공개 API,2026-09-30
2025-01,수입시장,수입액,일본|3304|792|튀르키예,9379.265,USD,UN Comtrade 공개 API,2026-09-30
2025-01,수입시장,수입액,일본|3304|76|브라질,3535.606,USD,UN Comtrade 공개 API,2026-09-30
2025-01,수입시장,수입액,일본|3304|203|체코,51640.299,USD,UN Comtrade 공개 API,2026-09-30
2025-01,수입시장,수입액,일본|3304|554|뉴질랜드,181735.237,USD,UN Comtrade 공개 API,2026-09-30
2025-01,수입시장,수입액,일본|3304|784|UAE,26085.48,USD,UN Comtrade 공개 API,2026-09-30
2025-01,수입시장,수입액,일본|3304|710|남아공,1114233.606,USD,UN Comtrade 공개 API,2026-09-30
2025-01,수입시장,수입액,일본|3304|643|러시아,20484.774,USD,UN Comtrade 공개 API,2026-09-30
2025-01,수입시장,수입액,일본|3304|620|포르투갈,1726.245,USD,UN Comtrade 공개 API,2026-09-30
2025-01,수입시장,수입액,일본|3304|504|504,65878.624,USD,UN Comtrade 공개 API,2026-09-30
2025-01,수입시장,수입액,일본|3304|524|524,7000.882,USD,UN Comtrade 공개 API,2026-09-30
2025-01,수입시장,수입액,일본|3304|376|이스라엘,869579.935,USD,UN Comtrade 공개 API,2026-09-30
2025-01,수입시장,수입액,일본|3304|348|헝가리,1508.866,USD,UN Comtrade 공개 API,2026-09-30
2025-01,수입시장,수입액,일본|3304|352|352,29103.212,USD,UN Comtrade 공개 API,2026-09-30
2025-01,수입시장,수입액,일본|3304|344|홍콩,73474.102,USD,UN Comtrade 공개 API,2026-09-30
2025-01,수입시장,수입액,일본|3304|258|258,6508.583,USD,UN Comtrade 공개 API,2026-09-30
2025-01,수입시장,수입액,일본|3304|144|스리랑카,7141.539,USD,UN Comtrade 공개 API,2026-09-30
2025-01,수입시장,수입액,일본|3304|100|불가리아,10338.289,USD,UN Comtrade 공개 API,2026-09-30
2025-01,수입시장,수입액,일본|3304|442|룩셈부르크,93613.627,USD,UN Comtrade 공개 API,2026-09-30
2025-01,수입시장,수입액,일본|3304|0|전체,151684559.948,USD,UN Comtrade 공개 API,2026-09-30
2025-02,수입시장,수입액,일본|3304|156|중국,7978338.103,USD,UN Comtrade 공개 API,2026-09-30
2025-02,수입시장,수입액,일본|3304|842|미국,10687668.108,USD,UN Comtrade 공개 API,2026-09-30
2025-02,수입시장,수입액,일본|3304|410|한국,68992216.077,USD,UN Comtrade 공개 API,2026-09-30
2025-02,수입시장,수입액,일본|3304|276|독일,1304469.559,USD,UN Comtrade 공개 API,2026-09-30
2025-02,수입시장,수입액,일본|3304|490|대만,1167978.487,USD,UN Comtrade 공개 API,2026-09-30
2025-02,수입시장,수입액,일본|3304|764|태국,1074036.411,USD,UN Comtrade 공개 API,2026-09-30
2025-02,수입시장,수입액,일본|3304|251|프랑스,29569591.06,USD,UN Comtrade 공개 API,2026-09-30
2025-02,수입시장,수입액,일본|3304|704|베트남,1045674.801,USD,UN Comtrade 공개 API,2026-09-30
2025-02,수입시장,수입액,일본|3304|380|이탈리아,4551104.017,USD,UN Comtrade 공개 API,2026-09-30
2025-02,수입시장,수입액,일본|3304|699|인도,74279.781,USD,UN Comtrade 공개 API,2026-09-30
2025-02,수입시장,수입액,일본|3304|826|영국,2485615.466,USD,UN Comtrade 공개 API,2026-09-30
2025-02,수입시장,수입액,일본|3304|360|인도네시아,3553.427,USD,UN Comtrade 공개 API,2026-09-30
2025-02,수입시장,수입액,일본|3304|724|스페인,96232.062,USD,UN Comtrade 공개 API,2026-09-30
2025-02,수입시장,수입액,일본|3304|458|말레이시아,729485.62,USD,UN Comtrade 공개 API,2026-09-30
2025-02,수입시장,수입액,일본|3304|528|네덜란드,66936.032,USD,UN Comtrade 공개 API,2026-09-30
2025-02,수입시장,수입액,일본|3304|608|필리핀,47405.346,USD,UN Comtrade 공개 API,2026-09-30
2025-02,수입시장,수입액,일본|3304|752|스웨덴,61882.27,USD,UN Comtrade 공개 API,2026-09-30
2025-02,수입시장,수입액,일본|3304|56|벨기에,689884.652,USD,UN Comtrade 공개 API,2026-09-30
2025-02,수입시장,수입액,일본|3304|757|스위스,1011825.12,USD,UN Comtrade 공개 API,2026-09-30
2025-02,수입시장,수입액,일본|3304|124|캐나다,1455963.988,USD,UN Comtrade 공개 API,2026-09-30
2025-02,수입시장,수입액,일본|3304|484|멕시코,1730.65,USD,UN Comtrade 공개 API,2026-09-30
2025-02,수입시장,수입액,일본|3304|36|호주,1592869.626,USD,UN Comtrade 공개 API,2026-09-30
2025-02,수입시장,수입액,일본|3304|616|폴란드,120645.42,USD,UN Comtrade 공개 API,2026-09-30
2025-02,수입시장,수입액,일본|3304|40|오스트리아,4823.448,USD,UN Comtrade 공개 API,2026-09-30
2025-02,수입시장,수입액,일본|3304|208|덴마크,14213.707,USD,UN Comtrade 공개 API,2026-09-30
2025-02,수입시장,수입액,일본|3304|702|싱가포르,34303.729,USD,UN Comtrade 공개 API,2026-09-30
2025-02,수입시장,수입액,일본|3304|76|브라질,70357.851,USD,UN Comtrade 공개 API,2026-09-30
2025-02,수입시장,수입액,일본|3304|203|체코,265269.891,USD,UN Comtrade 공개 API,2026-09-30
2025-02,수입시장,수입액,일본|3304|246|핀란드,2684.811,USD,UN Comtrade 공개 API,2026-09-30
2025-02,수입시장,수입액,일본|3304|784|UAE,16984.064,USD,UN Comtrade 공개 API,2026-09-30
2025-02,수입시장,수입액,일본|3304|705|슬로베니아,9989.078,USD,UN Comtrade 공개 API,2026-09-30
2025-02,수입시장,수입액,일본|3304|710|남아공,1419653.23,USD,UN Comtrade 공개 API,2026-09-30
2025-02,수입시장,수입액,일본|3304|620|포르투갈,5060.343,USD,UN Comtrade 공개 API,2026-09-30
2025-02,수입시장,수입액,일본|3304|642|루마니아,10311.518,USD,UN Comtrade 공개 API,2026-09-30
2025-02,수입시장,수입액,일본|3304|554|뉴질랜드,6902.861,USD,UN Comtrade 공개 API,2026-09-30
2025-02,수입시장,수입액,일본|3304|504|504,13331.931,USD,UN Comtrade 공개 API,2026-09-30
2025-02,수입시장,수입액,일본|3304|524|524,1934.643,USD,UN Comtrade 공개 API,2026-09-30
2025-02,수입시장,수입액,일본|3304|376|이스라엘,878703.224,USD,UN Comtrade 공개 API,2026-09-30
2025-02,수입시장,수입액,일본|3304|344|홍콩,305022.208,USD,UN Comtrade 공개 API,2026-09-30
2025-02,수입시장,수입액,일본|3304|144|스리랑카,2566.364,USD,UN Comtrade 공개 API,2026-09-30
2025-02,수입시장,수입액,일본|3304|100|불가리아,2303.147,USD,UN Comtrade 공개 API,2026-09-30
2025-02,수입시장,수입액,일본|3304|400|요르단,1730.65,USD,UN Comtrade 공개 API,2026-09-30
2025-02,수입시장,수입액,일본|3304|348|헝가리,4382.56,USD,UN Comtrade 공개 API,2026-09-30
2025-02,수입시장,수입액,일본|3304|0|전체,137879915.344,USD,UN Comtrade 공개 API,2026-09-30
2025-03,수입시장,수입액,일본|3304|156|중국,10479034.06,USD,UN Comtrade 공개 API,2026-09-30
2025-03,수입시장,수입액,일본|3304|842|미국,12794517.218,USD,UN Comtrade 공개 API,2026-09-30
2025-03,수입시장,수입액,일본|3304|410|한국,65466275.578,USD,UN Comtrade 공개 API,2026-09-30
2025-03,수입시장,수입액,일본|3304|490|대만,795059.955,USD,UN Comtrade 공개 API,2026-09-30
2025-03,수입시장,수입액,일본|3304|276|독일,1037459.961,USD,UN Comtrade 공개 API,2026-09-30
2025-03,수입시장,수입액,일본|3304|764|태국,1265460.764,USD,UN Comtrade 공개 API,2026-09-30
2025-03,수입시장,수입액,일본|3304|251|프랑스,39093376.099,USD,UN Comtrade 공개 API,2026-09-30
2025-03,수입시장,수입액,일본|3304|380|이탈리아,6659363.671,USD,UN Comtrade 공개 API,2026-09-30
2025-03,수입시장,수입액,일본|3304|704|베트남,1006214.761,USD,UN Comtrade 공개 API,2026-09-30
2025-03,수입시장,수입액,일본|3304|699|인도,155575.756,USD,UN Comtrade 공개 API,2026-09-30
2025-03,수입시장,수입액,일본|3304|826|영국,3848783.863,USD,UN Comtrade 공개 API,2026-09-30
2025-03,수입시장,수입액,일본|3304|360|인도네시아,4069.049,USD,UN Comtrade 공개 API,2026-09-30
2025-03,수입시장,수입액,일본|3304|724|스페인,125986.331,USD,UN Comtrade 공개 API,2026-09-30
2025-03,수입시장,수입액,일본|3304|458|말레이시아,608118.335,USD,UN Comtrade 공개 API,2026-09-30
2025-03,수입시장,수입액,일본|3304|528|네덜란드,22537.301,USD,UN Comtrade 공개 API,2026-09-30
2025-03,수입시장,수입액,일본|3304|124|캐나다,1440972.848,USD,UN Comtrade 공개 API,2026-09-30
2025-03,수입시장,수입액,일본|3304|56|벨기에,1024582.461,USD,UN Comtrade 공개 API,2026-09-30
2025-03,수입시장,수입액,일본|3304|757|스위스,1285490.941,USD,UN Comtrade 공개 API,2026-09-30
2025-03,수입시장,수입액,일본|3304|36|호주,1119732.507,USD,UN Comtrade 공개 API,2026-09-30
2025-03,수입시장,수입액,일본|3304|752|스웨덴,78015.799,USD,UN Comtrade 공개 API,2026-09-30
2025-03,수입시장,수입액,일본|3304|40|오스트리아,4477.965,USD,UN Comtrade 공개 API,2026-09-30
2025-03,수입시장,수입액,일본|3304|702|싱가포르,96101.949,USD,UN Comtrade 공개 API,2026-09-30
2025-03,수입시장,수입액,일본|3304|616|폴란드,543476.098,USD,UN Comtrade 공개 API,2026-09-30
2025-03,수입시장,수입액,일본|3304|208|덴마크,1850.177,USD,UN Comtrade 공개 API,2026-09-30
2025-03,수입시장,수입액,일본|3304|203|체코,177710.845,USD,UN Comtrade 공개 API,2026-09-30
2025-03,수입시장,수입액,일본|3304|246|핀란드,3043.407,USD,UN Comtrade 공개 API,2026-09-30
2025-03,수입시장,수입액,일본|3304|76|브라질,26063.364,USD,UN Comtrade 공개 API,2026-09-30
2025-03,수입시장,수입액,일본|3304|554|뉴질랜드,60653.63,USD,UN Comtrade 공개 API,2026-09-30
2025-03,수입시장,수입액,일본|3304|376|이스라엘,1720611.019,USD,UN Comtrade 공개 API,2026-09-30
2025-03,수입시장,수입액,일본|3304|784|UAE,2460.199,USD,UN Comtrade 공개 API,2026-09-30
2025-03,수입시장,수입액,일본|3304|710|남아공,107464.45,USD,UN Comtrade 공개 API,2026-09-30
2025-03,수입시장,수입액,일본|3304|144|스리랑카,35320.952,USD,UN Comtrade 공개 API,2026-09-30
2025-03,수입시장,수입액,일본|3304|344|홍콩,71218.409,USD,UN Comtrade 공개 API,2026-09-30
2025-03,수입시장,수입액,일본|3304|348|헝가리,12435.067,USD,UN Comtrade 공개 API,2026-09-30
2025-03,수입시장,수입액,일본|3304|504|504,36748.806,USD,UN Comtrade 공개 API,2026-09-30
2025-03,수입시장,수입액,일본|3304|428|라트비아,4692.478,USD,UN Comtrade 공개 API,2026-09-30
2025-03,수입시장,수입액,일본|3304|442|룩셈부르크,44967.346,USD,UN Comtrade 공개 API,2026-09-30
2025-03,수입시장,수입액,일본|3304|352|352,5992.965,USD,UN Comtrade 공개 API,2026-09-30
2025-03,수입시장,수입액,일본|3304|0|전체,151265916.383,USD,UN Comtrade 공개 API,2026-09-30
2025-04,수입시장,수입액,일본|3304|156|중국,10869624.312,USD,UN Comtrade 공개 API,2026-09-30
2025-04,수입시장,수입액,일본|3304|842|미국,13115176.004,USD,UN Comtrade 공개 API,2026-09-30
2025-04,수입시장,수입액,일본|3304|410|한국,74475773.423,USD,UN Comtrade 공개 API,2026-09-30
2025-04,수입시장,수입액,일본|3304|276|독일,1816822.657,USD,UN Comtrade 공개 API,2026-09-30
2025-04,수입시장,수입액,일본|3304|490|대만,1997607.337,USD,UN Comtrade 공개 API,2026-09-30
2025-04,수입시장,수입액,일본|3304|764|태국,1083925.459,USD,UN Comtrade 공개 API,2026-09-30
2025-04,수입시장,수입액,일본|3304|251|프랑스,44344882.7,USD,UN Comtrade 공개 API,2026-09-30
2025-04,수입시장,수입액,일본|3304|380|이탈리아,7108557.761,USD,UN Comtrade 공개 API,2026-09-30
2025-04,수입시장,수입액,일본|3304|704|베트남,955347.611,USD,UN Comtrade 공개 API,2026-09-30
2025-04,수입시장,수입액,일본|3304|699|인도,268119.27,USD,UN Comtrade 공개 API,2026-09-30
2025-04,수입시장,수입액,일본|3304|826|영국,3230036.228,USD,UN Comtrade 공개 API,2026-09-30
2025-04,수입시장,수입액,일본|3304|360|인도네시아,86545.047,USD,UN Comtrade 공개 API,2026-09-30
2025-04,수입시장,수입액,일본|3304|724|스페인,212290.235,USD,UN Comtrade 공개 API,2026-09-30
2025-04,수입시장,수입액,일본|3304|458|말레이시아,1314423.675,USD,UN Comtrade 공개 API,2026-09-30
2025-04,수입시장,수입액,일본|3304|528|네덜란드,95853.349,USD,UN Comtrade 공개 API,2026-09-30
2025-04,수입시장,수입액,일본|3304|56|벨기에,1083274.432,USD,UN Comtrade 공개 API,2026-09-30
2025-04,수입시장,수입액,일본|3304|757|스위스,1363603.922,USD,UN Comtrade 공개 API,2026-09-30
2025-04,수입시장,수입액,일본|3304|608|필리핀,277870.824,USD,UN Comtrade 공개 API,2026-09-30
2025-04,수입시장,수입액,일본|3304|124|캐나다,1565394.614,USD,UN Comtrade 공개 API,2026-09-30
2025-04,수입시장,수입액,일본|3304|752|스웨덴,52199.905,USD,UN Comtrade 공개 API,2026-09-30
2025-04,수입시장,수입액,일본|3304|484|멕시코,6690.342,USD,UN Comtrade 공개 API,2026-09-30
2025-04,수입시장,수입액,일본|3304|36|호주,427911.789,USD,UN Comtrade 공개 API,2026-09-30
2025-04,수입시장,수입액,일본|3304|40|오스트리아,1606.79,USD,UN Comtrade 공개 API,2026-09-30
2025-04,수입시장,수입액,일본|3304|616|폴란드,514304.467,USD,UN Comtrade 공개 API,2026-09-30
2025-04,수입시장,수입액,일본|3304|702|싱가포르,13706.198,USD,UN Comtrade 공개 API,2026-09-30
2025-04,수입시장,수입액,일본|3304|208|덴마크,2396.334,USD,UN Comtrade 공개 API,2026-09-30
2025-04,수입시장,수입액,일본|3304|792|튀르키예,8013.174,USD,UN Comtrade 공개 API,2026-09-30
2025-04,수입시장,수입액,일본|3304|203|체코,286382.657,USD,UN Comtrade 공개 API,2026-09-30
2025-04,수입시장,수입액,일본|3304|76|브라질,57165.718,USD,UN Comtrade 공개 API,2026-09-30
2025-04,수입시장,수입액,일본|3304|554|뉴질랜드,98727.564,USD,UN Comtrade 공개 API,2026-09-30
2025-04,수입시장,수입액,일본|3304|710|남아공,1065281.152,USD,UN Comtrade 공개 API,2026-09-30
2025-04,수입시장,수입액,일본|3304|504|504,9945.478,USD,UN Comtrade 공개 API,2026-09-30
2025-04,수입시장,수입액,일본|3304|442|룩셈부르크,9924.7,USD,UN Comtrade 공개 API,2026-09-30
2025-04,수입시장,수입액,일본|3304|400|요르단,42690.754,USD,UN Comtrade 공개 API,2026-09-30
2025-04,수입시장,수입액,일본|3304|620|포르투갈,2174.707,USD,UN Comtrade 공개 API,2026-09-30
2025-04,수입시장,수입액,일본|3304|348|헝가리,3850.756,USD,UN Comtrade 공개 API,2026-09-30
2025-04,수입시장,수입액,일본|3304|352|352,37413.28,USD,UN Comtrade 공개 API,2026-09-30
2025-04,수입시장,수입액,일본|3304|144|스리랑카,2624.886,USD,UN Comtrade 공개 API,2026-09-30
2025-04,수입시장,수입액,일본|3304|784|UAE,64236.98,USD,UN Comtrade 공개 API,2026-09-30
2025-04,수입시장,수입액,일본|3304|376|이스라엘,1192286.839,USD,UN Comtrade 공개 API,2026-09-30
2025-04,수입시장,수입액,일본|3304|344|홍콩,90845.981,USD,UN Comtrade 공개 API,2026-09-30
2025-04,수입시장,수입액,일본|3304|100|불가리아,4100.085,USD,UN Comtrade 공개 API,2026-09-30
2025-04,수입시장,수입액,일본|3304|0|전체,169259609.395,USD,UN Comtrade 공개 API,2026-09-30
2025-05,수입시장,수입액,일본|3304|156|중국,9583760.803,USD,UN Comtrade 공개 API,2026-09-30
2025-05,수입시장,수입액,일본|3304|842|미국,16134943.391,USD,UN Comtrade 공개 API,2026-09-30
2025-05,수입시장,수입액,일본|3304|410|한국,72663316.173,USD,UN Comtrade 공개 API,2026-09-30
2025-05,수입시장,수입액,일본|3304|490|대만,1101829.55,USD,UN Comtrade 공개 API,2026-09-30
2025-05,수입시장,수입액,일본|3304|276|독일,1075904.474,USD,UN Comtrade 공개 API,2026-09-30
2025-05,수입시장,수입액,일본|3304|764|태국,1097943.549,USD,UN Comtrade 공개 API,2026-09-30
2025-05,수입시장,수입액,일본|3304|704|베트남,1117035.339,USD,UN Comtrade 공개 API,2026-09-30
2025-05,수입시장,수입액,일본|3304|699|인도,85112.385,USD,UN Comtrade 공개 API,2026-09-30
2025-05,수입시장,수입액,일본|3304|380|이탈리아,6348323.697,USD,UN Comtrade 공개 API,2026-09-30
2025-05,수입시장,수입액,일본|3304|251|프랑스,39887980.133,USD,UN Comtrade 공개 API,2026-09-30
2025-05,수입시장,수입액,일본|3304|826|영국,4122542.694,USD,UN Comtrade 공개 API,2026-09-30
2025-05,수입시장,수입액,일본|3304|360|인도네시아,4231.116,USD,UN Comtrade 공개 API,2026-09-30
2025-05,수입시장,수입액,일본|3304|724|스페인,46756.248,USD,UN Comtrade 공개 API,2026-09-30
2025-05,수입시장,수입액,일본|3304|458|말레이시아,871126.74,USD,UN Comtrade 공개 API,2026-09-30
2025-05,수입시장,수입액,일본|3304|528|네덜란드,81336.821,USD,UN Comtrade 공개 API,2026-09-30
2025-05,수입시장,수입액,일본|3304|124|캐나다,1145293.396,USD,UN Comtrade 공개 API,2026-09-30
2025-05,수입시장,수입액,일본|3304|56|벨기에,1263971.714,USD,UN Comtrade 공개 API,2026-09-30
2025-05,수입시장,수입액,일본|3304|752|스웨덴,72481.157,USD,UN Comtrade 공개 API,2026-09-30
2025-05,수입시장,수입액,일본|3304|608|필리핀,600852.988,USD,UN Comtrade 공개 API,2026-09-30
2025-05,수입시장,수입액,일본|3304|36|호주,1170355.684,USD,UN Comtrade 공개 API,2026-09-30
2025-05,수입시장,수입액,일본|3304|484|멕시코,5087.002,USD,UN Comtrade 공개 API,2026-09-30
2025-05,수입시장,수입액,일본|3304|40|오스트리아,1601.336,USD,UN Comtrade 공개 API,2026-09-30
2025-05,수입시장,수입액,일본|3304|616|폴란드,421392.928,USD,UN Comtrade 공개 API,2026-09-30
2025-05,수입시장,수입액,일본|3304|702|싱가포르,32785.973,USD,UN Comtrade 공개 API,2026-09-30
2025-05,수입시장,수입액,일본|3304|208|덴마크,1773.894,USD,UN Comtrade 공개 API,2026-09-30
2025-05,수입시장,수입액,일본|3304|76|브라질,8393.209,USD,UN Comtrade 공개 API,2026-09-30
2025-05,수입시장,수입액,일본|3304|554|뉴질랜드,104880.6,USD,UN Comtrade 공개 API,2026-09-30
2025-05,수입시장,수입액,일본|3304|246|핀란드,2740.217,USD,UN Comtrade 공개 API,2026-09-30
2025-05,수입시장,수입액,일본|3304|710|남아공,1156557.966,USD,UN Comtrade 공개 API,2026-09-30
2025-05,수입시장,수입액,일본|3304|784|UAE,51132.312,USD,UN Comtrade 공개 API,2026-09-30
2025-05,수입시장,수입액,일본|3304|620|포르투갈,4072.363,USD,UN Comtrade 공개 API,2026-09-30
2025-05,수입시장,수입액,일본|3304|442|룩셈부르크,63880.879,USD,UN Comtrade 공개 API,2026-09-30
2025-05,수입시장,수입액,일본|3304|400|요르단,6971.333,USD,UN Comtrade 공개 API,2026-09-30
2025-05,수입시장,수입액,일본|3304|344|홍콩,118374.617,USD,UN Comtrade 공개 API,2026-09-30
2025-05,수입시장,수입액,일본|3304|348|헝가리,5190.537,USD,UN Comtrade 공개 API,2026-09-30
2025-05,수입시장,수입액,일본|3304|204|204,2712.608,USD,UN Comtrade 공개 API,2026-09-30
2025-05,수입시장,수입액,일본|3304|144|스리랑카,10726.19,USD,UN Comtrade 공개 API,2026-09-30
2025-05,수입시장,수입액,일본|3304|100|불가리아,4251.823,USD,UN Comtrade 공개 API,2026-09-30
2025-05,수입시장,수입액,일본|3304|376|이스라엘,902697.906,USD,UN Comtrade 공개 API,2026-09-30
2025-05,수입시장,수입액,일본|3304|504|504,6046.424,USD,UN Comtrade 공개 API,2026-09-30
2025-05,수입시장,수입액,일본|3304|524|524,12500.083,USD,UN Comtrade 공개 API,2026-09-30
2025-05,수입시장,수입액,일본|3304|757|스위스,1580553.065,USD,UN Comtrade 공개 API,2026-09-30
2025-05,수입시장,수입액,일본|3304|203|체코,151298.635,USD,UN Comtrade 공개 API,2026-09-30
2025-05,수입시장,수입액,일본|3304|0|전체,163130719.951,USD,UN Comtrade 공개 API,2026-09-30
2025-06,수입시장,수입액,일본|3304|156|중국,10262412.483,USD,UN Comtrade 공개 API,2026-09-30
2025-06,수입시장,수입액,일본|3304|842|미국,9701847.947,USD,UN Comtrade 공개 API,2026-09-30
2025-06,수입시장,수입액,일본|3304|410|한국,67986714.887,USD,UN Comtrade 공개 API,2026-09-30
2025-06,수입시장,수입액,일본|3304|490|대만,1288416.516,USD,UN Comtrade 공개 API,2026-09-30
2025-06,수입시장,수입액,일본|3304|276|독일,1336444.336,USD,UN Comtrade 공개 API,2026-09-30
2025-06,수입시장,수입액,일본|3304|764|태국,1143225.47,USD,UN Comtrade 공개 API,2026-09-30
2025-06,수입시장,수입액,일본|3304|380|이탈리아,8560048.498,USD,UN Comtrade 공개 API,2026-09-30
2025-06,수입시장,수입액,일본|3304|251|프랑스,39155216.205,USD,UN Comtrade 공개 API,2026-09-30
2025-06,수입시장,수입액,일본|3304|704|베트남,1759709.396,USD,UN Comtrade 공개 API,2026-09-30
2025-06,수입시장,수입액,일본|3304|699|인도,397326.715,USD,UN Comtrade 공개 API,2026-09-30
2025-06,수입시장,수입액,일본|3304|826|영국,3363844.1,USD,UN Comtrade 공개 API,2026-09-30
2025-06,수입시장,수입액,일본|3304|360|인도네시아,2720.515,USD,UN Comtrade 공개 API,2026-09-30
2025-06,수입시장,수입액,일본|3304|724|스페인,78708.029,USD,UN Comtrade 공개 API,2026-09-30
2025-06,수입시장,수입액,일본|3304|458|말레이시아,1195690.567,USD,UN Comtrade 공개 API,2026-09-30
2025-06,수입시장,수입액,일본|3304|528|네덜란드,45078.864,USD,UN Comtrade 공개 API,2026-09-30
2025-06,수입시장,수입액,일본|3304|757|스위스,1322834.838,USD,UN Comtrade 공개 API,2026-09-30
2025-06,수입시장,수입액,일본|3304|56|벨기에,1154896.687,USD,UN Comtrade 공개 API,2026-09-30
2025-06,수입시장,수입액,일본|3304|752|스웨덴,36197.386,USD,UN Comtrade 공개 API,2026-09-30
2025-06,수입시장,수입액,일본|3304|124|캐나다,1624237.441,USD,UN Comtrade 공개 API,2026-09-30
2025-06,수입시장,수입액,일본|3304|608|필리핀,110011.258,USD,UN Comtrade 공개 API,2026-09-30
2025-06,수입시장,수입액,일본|3304|36|호주,107484.571,USD,UN Comtrade 공개 API,2026-09-30
2025-06,수입시장,수입액,일본|3304|484|멕시코,9352.203,USD,UN Comtrade 공개 API,2026-09-30
2025-06,수입시장,수입액,일본|3304|702|싱가포르,8881.478,USD,UN Comtrade 공개 API,2026-09-30
2025-06,수입시장,수입액,일본|3304|208|덴마크,5233.357,USD,UN Comtrade 공개 API,2026-09-30
2025-06,수입시장,수입액,일본|3304|616|폴란드,287446.983,USD,UN Comtrade 공개 API,2026-09-30
2025-06,수입시장,수입액,일본|3304|76|브라질,59283.691,USD,UN Comtrade 공개 API,2026-09-30
2025-06,수입시장,수입액,일본|3304|792|튀르키예,2637.446,USD,UN Comtrade 공개 API,2026-09-30
2025-06,수입시장,수입액,일본|3304|203|체코,169585.69,USD,UN Comtrade 공개 API,2026-09-30
2025-06,수입시장,수입액,일본|3304|554|뉴질랜드,175234.393,USD,UN Comtrade 공개 API,2026-09-30
2025-06,수입시장,수입액,일본|3304|710|남아공,1402235.111,USD,UN Comtrade 공개 API,2026-09-30
2025-06,수입시장,수입액,일본|3304|504|504,43701.301,USD,UN Comtrade 공개 API,2026-09-30
2025-06,수입시장,수입액,일본|3304|440|리투아니아,4942.615,USD,UN Comtrade 공개 API,2026-09-30
2025-06,수입시장,수입액,일본|3304|442|룩셈부르크,21854.112,USD,UN Comtrade 공개 API,2026-09-30
2025-06,수입시장,수입액,일본|3304|446|마카오,1398.331,USD,UN Comtrade 공개 API,2026-09-30
2025-06,수입시장,수입액,일본|3304|144|스리랑카,4492.657,USD,UN Comtrade 공개 API,2026-09-30
2025-06,수입시장,수입액,일본|3304|44|44,2180.565,USD,UN Comtrade 공개 API,2026-09-30
2025-06,수입시장,수입액,일본|3304|108|108,1938.28,USD,UN Comtrade 공개 API,2026-09-30
2025-06,수입시장,수입액,일본|3304|784|UAE,16558.453,USD,UN Comtrade 공개 API,2026-09-30
2025-06,수입시장,수입액,일본|3304|643|러시아,5011.839,USD,UN Comtrade 공개 API,2026-09-30
2025-06,수입시장,수입액,일본|3304|620|포르투갈,4831.856,USD,UN Comtrade 공개 API,2026-09-30
2025-06,수입시장,수입액,일본|3304|372|아일랜드,1640.616,USD,UN Comtrade 공개 API,2026-09-30
2025-06,수입시장,수입액,일본|3304|376|이스라엘,1528126.423,USD,UN Comtrade 공개 API,2026-09-30
2025-06,수입시장,수입액,일본|3304|344|홍콩,126784.305,USD,UN Comtrade 공개 API,2026-09-30
2025-06,수입시장,수입액,일본|3304|348|헝가리,2132.108,USD,UN Comtrade 공개 API,2026-09-30
2025-06,수입시장,수입액,일본|3304|0|전체,154518550.52,USD,UN Comtrade 공개 API,2026-09-30
2025-07,수입시장,수입액,일본|3304|156|중국,14079220.176,USD,UN Comtrade 공개 API,2026-09-30
2025-07,수입시장,수입액,일본|3304|842|미국,11767254.012,USD,UN Comtrade 공개 API,2026-09-30
2025-07,수입시장,수입액,일본|3304|410|한국,64844635.698,USD,UN Comtrade 공개 API,2026-09-30
2025-07,수입시장,수입액,일본|3304|276|독일,1680092.411,USD,UN Comtrade 공개 API,2026-09-30
2025-07,수입시장,수입액,일본|3304|490|대만,811826.244,USD,UN Comtrade 공개 API,2026-09-30
2025-07,수입시장,수입액,일본|3304|764|태국,1433823.351,USD,UN Comtrade 공개 API,2026-09-30
2025-07,수입시장,수입액,일본|3304|251|프랑스,35284229.286,USD,UN Comtrade 공개 API,2026-09-30
2025-07,수입시장,수입액,일본|3304|704|베트남,1711466.088,USD,UN Comtrade 공개 API,2026-09-30
2025-07,수입시장,수입액,일본|3304|380|이탈리아,9555791.235,USD,UN Comtrade 공개 API,2026-09-30
2025-07,수입시장,수입액,일본|3304|826|영국,4359462.995,USD,UN Comtrade 공개 API,2026-09-30
2025-07,수입시장,수입액,일본|3304|699|인도,542949.882,USD,UN Comtrade 공개 API,2026-09-30
2025-07,수입시장,수입액,일본|3304|360|인도네시아,17607.676,USD,UN Comtrade 공개 API,2026-09-30
2025-07,수입시장,수입액,일본|3304|458|말레이시아,1914672.971,USD,UN Comtrade 공개 API,2026-09-30
2025-07,수입시장,수입액,일본|3304|724|스페인,211312.544,USD,UN Comtrade 공개 API,2026-09-30
2025-07,수입시장,수입액,일본|3304|528|네덜란드,8596.088,USD,UN Comtrade 공개 API,2026-09-30
2025-07,수입시장,수입액,일본|3304|757|스위스,1128982.376,USD,UN Comtrade 공개 API,2026-09-30
2025-07,수입시장,수입액,일본|3304|56|벨기에,1578253.973,USD,UN Comtrade 공개 API,2026-09-30
2025-07,수입시장,수입액,일본|3304|608|필리핀,795070.003,USD,UN Comtrade 공개 API,2026-09-30
2025-07,수입시장,수입액,일본|3304|124|캐나다,2394242.031,USD,UN Comtrade 공개 API,2026-09-30
2025-07,수입시장,수입액,일본|3304|36|호주,1730579.101,USD,UN Comtrade 공개 API,2026-09-30
2025-07,수입시장,수입액,일본|3304|752|스웨덴,194338.336,USD,UN Comtrade 공개 API,2026-09-30
2025-07,수입시장,수입액,일본|3304|40|오스트리아,4257.175,USD,UN Comtrade 공개 API,2026-09-30
2025-07,수입시장,수입액,일본|3304|702|싱가포르,99863.108,USD,UN Comtrade 공개 API,2026-09-30
2025-07,수입시장,수입액,일본|3304|616|폴란드,336459.866,USD,UN Comtrade 공개 API,2026-09-30
2025-07,수입시장,수입액,일본|3304|203|체코,175763.43,USD,UN Comtrade 공개 API,2026-09-30
2025-07,수입시장,수입액,일본|3304|208|덴마크,48899.615,USD,UN Comtrade 공개 API,2026-09-30
2025-07,수입시장,수입액,일본|3304|76|브라질,70887.072,USD,UN Comtrade 공개 API,2026-09-30
2025-07,수입시장,수입액,일본|3304|554|뉴질랜드,107267.187,USD,UN Comtrade 공개 API,2026-09-30
2025-07,수입시장,수입액,일본|3304|376|이스라엘,1728161.025,USD,UN Comtrade 공개 API,2026-09-30
2025-07,수입시장,수입액,일본|3304|710|남아공,1202219.409,USD,UN Comtrade 공개 API,2026-09-30
2025-07,수입시장,수입액,일본|3304|643|러시아,8963.908,USD,UN Comtrade 공개 API,2026-09-30
2025-07,수입시장,수입액,일본|3304|642|루마니아,2888.068,USD,UN Comtrade 공개 API,2026-09-30
2025-07,수입시장,수입액,일본|3304|504|504,23165.843,USD,UN Comtrade 공개 API,2026-09-30
2025-07,수입시장,수입액,일본|3304|442|룩셈부르크,34234.498,USD,UN Comtrade 공개 API,2026-09-30
2025-07,수입시장,수입액,일본|3304|348|헝가리,3044.732,USD,UN Comtrade 공개 API,2026-09-30
2025-07,수입시장,수입액,일본|3304|352|352,107028.785,USD,UN Comtrade 공개 API,2026-09-30
2025-07,수입시장,수입액,일본|3304|344|홍콩,48361.508,USD,UN Comtrade 공개 API,2026-09-30
2025-07,수입시장,수입액,일본|3304|144|스리랑카,11845.164,USD,UN Comtrade 공개 API,2026-09-30
2025-07,수입시장,수입액,일본|3304|100|불가리아,4366.159,USD,UN Comtrade 공개 API,2026-09-30
2025-07,수입시장,수입액,일본|3304|400|요르단,86137.976,USD,UN Comtrade 공개 API,2026-09-30
2025-07,수입시장,수입액,일본|3304|404|404,1696.059,USD,UN Comtrade 공개 API,2026-09-30
2025-07,수입시장,수입액,일본|3304|0|전체,160149917.062,USD,UN Comtrade 공개 API,2026-09-30
2025-08,수입시장,수입액,일본|3304|156|중국,12910623.079,USD,UN Comtrade 공개 API,2026-09-30
2025-08,수입시장,수입액,일본|3304|842|미국,10902516.872,USD,UN Comtrade 공개 API,2026-09-30
2025-08,수입시장,수입액,일본|3304|410|한국,54874128.26,USD,UN Comtrade 공개 API,2026-09-30
2025-08,수입시장,수입액,일본|3304|490|대만,1238536.221,USD,UN Comtrade 공개 API,2026-09-30
2025-08,수입시장,수입액,일본|3304|276|독일,1153549.127,USD,UN Comtrade 공개 API,2026-09-30
2025-08,수입시장,수입액,일본|3304|764|태국,735920.515,USD,UN Comtrade 공개 API,2026-09-30
2025-08,수입시장,수입액,일본|3304|251|프랑스,33965691.428,USD,UN Comtrade 공개 API,2026-09-30
2025-08,수입시장,수입액,일본|3304|704|베트남,1036673.25,USD,UN Comtrade 공개 API,2026-09-30
2025-08,수입시장,수입액,일본|3304|380|이탈리아,9873360.409,USD,UN Comtrade 공개 API,2026-09-30
2025-08,수입시장,수입액,일본|3304|699|인도,175750.602,USD,UN Comtrade 공개 API,2026-09-30
2025-08,수입시장,수입액,일본|3304|826|영국,3404264.707,USD,UN Comtrade 공개 API,2026-09-30
2025-08,수입시장,수입액,일본|3304|360|인도네시아,7686.084,USD,UN Comtrade 공개 API,2026-09-30
2025-08,수입시장,수입액,일본|3304|458|말레이시아,3430573.461,USD,UN Comtrade 공개 API,2026-09-30
2025-08,수입시장,수입액,일본|3304|724|스페인,118514.672,USD,UN Comtrade 공개 API,2026-09-30
2025-08,수입시장,수입액,일본|3304|528|네덜란드,66493.09,USD,UN Comtrade 공개 API,2026-09-30
2025-08,수입시장,수입액,일본|3304|124|캐나다,1813793.883,USD,UN Comtrade 공개 API,2026-09-30
2025-08,수입시장,수입액,일본|3304|56|벨기에,1309295.595,USD,UN Comtrade 공개 API,2026-09-30
2025-08,수입시장,수입액,일본|3304|608|필리핀,674635.001,USD,UN Comtrade 공개 API,2026-09-30
2025-08,수입시장,수입액,일본|3304|757|스위스,1359976.345,USD,UN Comtrade 공개 API,2026-09-30
2025-08,수입시장,수입액,일본|3304|752|스웨덴,89998.285,USD,UN Comtrade 공개 API,2026-09-30
2025-08,수입시장,수입액,일본|3304|484|멕시코,14762.698,USD,UN Comtrade 공개 API,2026-09-30
2025-08,수입시장,수입액,일본|3304|616|폴란드,312048.23,USD,UN Comtrade 공개 API,2026-09-30
2025-08,수입시장,수입액,일본|3304|36|호주,1230640.209,USD,UN Comtrade 공개 API,2026-09-30
2025-08,수입시장,수입액,일본|3304|702|싱가포르,15988.409,USD,UN Comtrade 공개 API,2026-09-30
2025-08,수입시장,수입액,일본|3304|792|튀르키예,2681.664,USD,UN Comtrade 공개 API,2026-09-30
2025-08,수입시장,수입액,일본|3304|208|덴마크,6169.183,USD,UN Comtrade 공개 API,2026-09-30
2025-08,수입시장,수입액,일본|3304|246|핀란드,12758.222,USD,UN Comtrade 공개 API,2026-09-30
2025-08,수입시장,수입액,일본|3304|203|체코,94501.585,USD,UN Comtrade 공개 API,2026-09-30
2025-08,수입시장,수입액,일본|3304|76|브라질,29037.821,USD,UN Comtrade 공개 API,2026-09-30
2025-08,수입시장,수입액,일본|3304|554|뉴질랜드,66168.039,USD,UN Comtrade 공개 API,2026-09-30
2025-08,수입시장,수입액,일본|3304|376|이스라엘,802521.955,USD,UN Comtrade 공개 API,2026-09-30
2025-08,수입시장,수입액,일본|3304|784|UAE,16516.615,USD,UN Comtrade 공개 API,2026-09-30
2025-08,수입시장,수입액,일본|3304|710|남아공,1022384.583,USD,UN Comtrade 공개 API,2026-09-30
2025-08,수입시장,수입액,일본|3304|620|포르투갈,5519.082,USD,UN Comtrade 공개 API,2026-09-30
2025-08,수입시장,수입액,일본|3304|643|러시아,7510.015,USD,UN Comtrade 공개 API,2026-09-30
2025-08,수입시장,수입액,일본|3304|504|504,36737.449,USD,UN Comtrade 공개 API,2026-09-30
2025-08,수입시장,수입액,일본|3304|524|524,37760.003,USD,UN Comtrade 공개 API,2026-09-30
2025-08,수입시장,수입액,일본|3304|428|라트비아,3866.743,USD,UN Comtrade 공개 API,2026-09-30
2025-08,수입시장,수입액,일본|3304|442|룩셈부르크,19875.468,USD,UN Comtrade 공개 API,2026-09-30
2025-08,수입시장,수입액,일본|3304|400|요르단,6622.899,USD,UN Comtrade 공개 API,2026-09-30
2025-08,수입시장,수입액,일본|3304|344|홍콩,4543.931,USD,UN Comtrade 공개 API,2026-09-30
2025-08,수입시장,수입액,일본|3304|348|헝가리,5708.695,USD,UN Comtrade 공개 API,2026-09-30
2025-08,수입시장,수입액,일본|3304|242|242,2376.93,USD,UN Comtrade 공개 API,2026-09-30
2025-08,수입시장,수입액,일본|3304|144|스리랑카,8153.344,USD,UN Comtrade 공개 API,2026-09-30
2025-08,수입시장,수입액,일본|3304|100|불가리아,2532.683,USD,UN Comtrade 공개 API,2026-09-30
2025-08,수입시장,수입액,일본|3304|0|전체,142909367.342,USD,UN Comtrade 공개 API,2026-09-30
2025-09,수입시장,수입액,일본|3304|156|중국,13462151.195,USD,UN Comtrade 공개 API,2026-09-30
2025-09,수입시장,수입액,일본|3304|842|미국,12128190.411,USD,UN Comtrade 공개 API,2026-09-30
2025-09,수입시장,수입액,일본|3304|410|한국,66111219.165,USD,UN Comtrade 공개 API,2026-09-30
2025-09,수입시장,수입액,일본|3304|276|독일,2251106.551,USD,UN Comtrade 공개 API,2026-09-30
2025-09,수입시장,수입액,일본|3304|490|대만,1394505.974,USD,UN Comtrade 공개 API,2026-09-30
2025-09,수입시장,수입액,일본|3304|764|태국,1018678.41,USD,UN Comtrade 공개 API,2026-09-30
2025-09,수입시장,수입액,일본|3304|251|프랑스,33087950.135,USD,UN Comtrade 공개 API,2026-09-30
2025-09,수입시장,수입액,일본|3304|380|이탈리아,9682641.821,USD,UN Comtrade 공개 API,2026-09-30
2025-09,수입시장,수입액,일본|3304|699|인도,431898.939,USD,UN Comtrade 공개 API,2026-09-30
2025-09,수입시장,수입액,일본|3304|704|베트남,1143668.175,USD,UN Comtrade 공개 API,2026-09-30
2025-09,수입시장,수입액,일본|3304|826|영국,2692216.685,USD,UN Comtrade 공개 API,2026-09-30
2025-09,수입시장,수입액,일본|3304|458|말레이시아,1990834.542,USD,UN Comtrade 공개 API,2026-09-30
2025-09,수입시장,수입액,일본|3304|724|스페인,228421.414,USD,UN Comtrade 공개 API,2026-09-30
2025-09,수입시장,수입액,일본|3304|528|네덜란드,61754.878,USD,UN Comtrade 공개 API,2026-09-30
2025-09,수입시장,수입액,일본|3304|56|벨기에,928546.564,USD,UN Comtrade 공개 API,2026-09-30
2025-09,수입시장,수입액,일본|3304|757|스위스,1239375.396,USD,UN Comtrade 공개 API,2026-09-30
2025-09,수입시장,수입액,일본|3304|124|캐나다,2353605.592,USD,UN Comtrade 공개 API,2026-09-30
2025-09,수입시장,수입액,일본|3304|608|필리핀,302117.731,USD,UN Comtrade 공개 API,2026-09-30
2025-09,수입시장,수입액,일본|3304|752|스웨덴,124415.332,USD,UN Comtrade 공개 API,2026-09-30
2025-09,수입시장,수입액,일본|3304|484|멕시코,4156.188,USD,UN Comtrade 공개 API,2026-09-30
2025-09,수입시장,수입액,일본|3304|36|호주,864527.746,USD,UN Comtrade 공개 API,2026-09-30
2025-09,수입시장,수입액,일본|3304|40|오스트리아,4615.734,USD,UN Comtrade 공개 API,2026-09-30
2025-09,수입시장,수입액,일본|3304|702|싱가포르,19375.272,USD,UN Comtrade 공개 API,2026-09-30
2025-09,수입시장,수입액,일본|3304|616|폴란드,475515.265,USD,UN Comtrade 공개 API,2026-09-30
2025-09,수입시장,수입액,일본|3304|208|덴마크,3230.338,USD,UN Comtrade 공개 API,2026-09-30
2025-09,수입시장,수입액,일본|3304|792|튀르키예,8434.021,USD,UN Comtrade 공개 API,2026-09-30
2025-09,수입시장,수입액,일본|3304|203|체코,218858.802,USD,UN Comtrade 공개 API,2026-09-30
2025-09,수입시장,수입액,일본|3304|554|뉴질랜드,97031.795,USD,UN Comtrade 공개 API,2026-09-30
2025-09,수입시장,수입액,일본|3304|705|슬로베니아,9589.645,USD,UN Comtrade 공개 API,2026-09-30
2025-09,수입시장,수입액,일본|3304|710|남아공,1180472.406,USD,UN Comtrade 공개 API,2026-09-30
2025-09,수입시장,수입액,일본|3304|620|포르투갈,1844.942,USD,UN Comtrade 공개 API,2026-09-30
2025-09,수입시장,수입액,일본|3304|442|룩셈부르크,70391.64,USD,UN Comtrade 공개 API,2026-09-30
2025-09,수입시장,수입액,일본|3304|400|요르단,73682.801,USD,UN Comtrade 공개 API,2026-09-30
2025-09,수입시장,수입액,일본|3304|376|이스라엘,1872900.16,USD,UN Comtrade 공개 API,2026-09-30
2025-09,수입시장,수입액,일본|3304|348|헝가리,2615.358,USD,UN Comtrade 공개 API,2026-09-30
2025-09,수입시장,수입액,일본|3304|344|홍콩,44420.531,USD,UN Comtrade 공개 API,2026-09-30
2025-09,수입시장,수입액,일본|3304|144|스리랑카,11562.989,USD,UN Comtrade 공개 API,2026-09-30
2025-09,수입시장,수입액,일본|3304|100|불가리아,94382.647,USD,UN Comtrade 공개 API,2026-09-30
2025-09,수입시장,수입액,일본|3304|604|페루,3487.143,USD,UN Comtrade 공개 API,2026-09-30
2025-09,수입시장,수입액,일본|3304|504|504,9413.936,USD,UN Comtrade 공개 API,2026-09-30
2025-09,수입시장,수입액,일본|3304|0|전체,155703808.271,USD,UN Comtrade 공개 API,2026-09-30
2025-10,수입시장,수입액,일본|3304|156|중국,13157214.271,USD,UN Comtrade 공개 API,2026-09-30
2025-10,수입시장,수입액,일본|3304|842|미국,10801361.292,USD,UN Comtrade 공개 API,2026-09-30
2025-10,수입시장,수입액,일본|3304|410|한국,63922663.756,USD,UN Comtrade 공개 API,2026-09-30
2025-10,수입시장,수입액,일본|3304|490|대만,1572320.399,USD,UN Comtrade 공개 API,2026-09-30
2025-10,수입시장,수입액,일본|3304|276|독일,1529134.917,USD,UN Comtrade 공개 API,2026-09-30
2025-10,수입시장,수입액,일본|3304|251|프랑스,37275040.018,USD,UN Comtrade 공개 API,2026-09-30
2025-10,수입시장,수입액,일본|3304|764|태국,1293277.272,USD,UN Comtrade 공개 API,2026-09-30
2025-10,수입시장,수입액,일본|3304|380|이탈리아,7163323.224,USD,UN Comtrade 공개 API,2026-09-30
2025-10,수입시장,수입액,일본|3304|704|베트남,1506097.812,USD,UN Comtrade 공개 API,2026-09-30
2025-10,수입시장,수입액,일본|3304|699|인도,250876.383,USD,UN Comtrade 공개 API,2026-09-30
2025-10,수입시장,수입액,일본|3304|826|영국,3954304.131,USD,UN Comtrade 공개 API,2026-09-30
2025-10,수입시장,수입액,일본|3304|724|스페인,207671.07,USD,UN Comtrade 공개 API,2026-09-30
2025-10,수입시장,수입액,일본|3304|360|인도네시아,14873.31,USD,UN Comtrade 공개 API,2026-09-30
2025-10,수입시장,수입액,일본|3304|458|말레이시아,3219040.399,USD,UN Comtrade 공개 API,2026-09-30
2025-10,수입시장,수입액,일본|3304|528|네덜란드,5896.441,USD,UN Comtrade 공개 API,2026-09-30
2025-10,수입시장,수입액,일본|3304|608|필리핀,95936.155,USD,UN Comtrade 공개 API,2026-09-30
2025-10,수입시장,수입액,일본|3304|757|스위스,1728595.919,USD,UN Comtrade 공개 API,2026-09-30
2025-10,수입시장,수입액,일본|3304|56|벨기에,1020758.57,USD,UN Comtrade 공개 API,2026-09-30
2025-10,수입시장,수입액,일본|3304|752|스웨덴,135690.86,USD,UN Comtrade 공개 API,2026-09-30
2025-10,수입시장,수입액,일본|3304|124|캐나다,2051300.474,USD,UN Comtrade 공개 API,2026-09-30
2025-10,수입시장,수입액,일본|3304|484|멕시코,14674.999,USD,UN Comtrade 공개 API,2026-09-30
2025-10,수입시장,수입액,일본|3304|36|호주,498850.817,USD,UN Comtrade 공개 API,2026-09-30
2025-10,수입시장,수입액,일본|3304|616|폴란드,870769.502,USD,UN Comtrade 공개 API,2026-09-30
2025-10,수입시장,수입액,일본|3304|702|싱가포르,66268.859,USD,UN Comtrade 공개 API,2026-09-30
2025-10,수입시장,수입액,일본|3304|792|튀르키예,2663.975,USD,UN Comtrade 공개 API,2026-09-30
2025-10,수입시장,수입액,일본|3304|208|덴마크,12612.567,USD,UN Comtrade 공개 API,2026-09-30
2025-10,수입시장,수입액,일본|3304|203|체코,116666.244,USD,UN Comtrade 공개 API,2026-09-30
2025-10,수입시장,수입액,일본|3304|76|브라질,97787.055,USD,UN Comtrade 공개 API,2026-09-30
2025-10,수입시장,수입액,일본|3304|554|뉴질랜드,190398.199,USD,UN Comtrade 공개 API,2026-09-30
2025-10,수입시장,수입액,일본|3304|784|UAE,44699.254,USD,UN Comtrade 공개 API,2026-09-30
2025-10,수입시장,수입액,일본|3304|710|남아공,1005548.132,USD,UN Comtrade 공개 API,2026-09-30
2025-10,수입시장,수입액,일본|3304|643|러시아,3913.333,USD,UN Comtrade 공개 API,2026-09-30
2025-10,수입시장,수입액,일본|3304|504|504,27155.359,USD,UN Comtrade 공개 API,2026-09-30
2025-10,수입시장,수입액,일본|3304|440|리투아니아,3820.788,USD,UN Comtrade 공개 API,2026-09-30
2025-10,수입시장,수입액,일본|3304|442|룩셈부르크,60167.497,USD,UN Comtrade 공개 API,2026-09-30
2025-10,수입시장,수입액,일본|3304|348|헝가리,12936.475,USD,UN Comtrade 공개 API,2026-09-30
2025-10,수입시장,수입액,일본|3304|352|352,42352.577,USD,UN Comtrade 공개 API,2026-09-30
2025-10,수입시장,수입액,일본|3304|344|홍콩,19917.015,USD,UN Comtrade 공개 API,2026-09-30
2025-10,수입시장,수입액,일본|3304|376|이스라엘,1452130.833,USD,UN Comtrade 공개 API,2026-09-30
2025-10,수입시장,수입액,일본|3304|233|에스토니아,4937.939,USD,UN Comtrade 공개 API,2026-09-30
2025-10,수입시장,수입액,일본|3304|144|스리랑카,4878.446,USD,UN Comtrade 공개 API,2026-09-30
2025-10,수입시장,수입액,일본|3304|0|전체,155458526.537,USD,UN Comtrade 공개 API,2026-09-30
2025-11,수입시장,수입액,일본|3304|156|중국,11262706.5,USD,UN Comtrade 공개 API,2026-09-30
2025-11,수입시장,수입액,일본|3304|842|미국,11714016.285,USD,UN Comtrade 공개 API,2026-09-30
2025-11,수입시장,수입액,일본|3304|410|한국,63224962.36,USD,UN Comtrade 공개 API,2026-09-30
2025-11,수입시장,수입액,일본|3304|276|독일,1048886.392,USD,UN Comtrade 공개 API,2026-09-30
2025-11,수입시장,수입액,일본|3304|490|대만,1311317.662,USD,UN Comtrade 공개 API,2026-09-30
2025-11,수입시장,수입액,일본|3304|764|태국,1166218.55,USD,UN Comtrade 공개 API,2026-09-30
2025-11,수입시장,수입액,일본|3304|251|프랑스,35477865.142,USD,UN Comtrade 공개 API,2026-09-30
2025-11,수입시장,수입액,일본|3304|704|베트남,847292.108,USD,UN Comtrade 공개 API,2026-09-30
2025-11,수입시장,수입액,일본|3304|380|이탈리아,8084344.996,USD,UN Comtrade 공개 API,2026-09-30
2025-11,수입시장,수입액,일본|3304|699|인도,527243.117,USD,UN Comtrade 공개 API,2026-09-30
2025-11,수입시장,수입액,일본|3304|826|영국,3431883.349,USD,UN Comtrade 공개 API,2026-09-30
2025-11,수입시장,수입액,일본|3304|360|인도네시아,1361.252,USD,UN Comtrade 공개 API,2026-09-30
2025-11,수입시장,수입액,일본|3304|724|스페인,40585.946,USD,UN Comtrade 공개 API,2026-09-30
2025-11,수입시장,수입액,일본|3304|458|말레이시아,2009807.536,USD,UN Comtrade 공개 API,2026-09-30
2025-11,수입시장,수입액,일본|3304|528|네덜란드,45592.256,USD,UN Comtrade 공개 API,2026-09-30
2025-11,수입시장,수입액,일본|3304|757|스위스,1115774.819,USD,UN Comtrade 공개 API,2026-09-30
2025-11,수입시장,수입액,일본|3304|752|스웨덴,157492.309,USD,UN Comtrade 공개 API,2026-09-30
2025-11,수입시장,수입액,일본|3304|124|캐나다,1500731.647,USD,UN Comtrade 공개 API,2026-09-30
2025-11,수입시장,수입액,일본|3304|56|벨기에,894226.261,USD,UN Comtrade 공개 API,2026-09-30
2025-11,수입시장,수입액,일본|3304|36|호주,1007235.96,USD,UN Comtrade 공개 API,2026-09-30
2025-11,수입시장,수입액,일본|3304|608|필리핀,502050.283,USD,UN Comtrade 공개 API,2026-09-30
2025-11,수입시장,수입액,일본|3304|702|싱가포르,13483.489,USD,UN Comtrade 공개 API,2026-09-30
2025-11,수입시장,수입액,일본|3304|616|폴란드,551816.614,USD,UN Comtrade 공개 API,2026-09-30
2025-11,수입시장,수입액,일본|3304|208|덴마크,11302.905,USD,UN Comtrade 공개 API,2026-09-30
2025-11,수입시장,수입액,일본|3304|203|체코,220942.123,USD,UN Comtrade 공개 API,2026-09-30
2025-11,수입시장,수입액,일본|3304|246|핀란드,10128.745,USD,UN Comtrade 공개 API,2026-09-30
2025-11,수입시장,수입액,일본|3304|554|뉴질랜드,29147.561,USD,UN Comtrade 공개 API,2026-09-30
2025-11,수입시장,수입액,일본|3304|710|남아공,1137341.949,USD,UN Comtrade 공개 API,2026-09-30
2025-11,수입시장,수입액,일본|3304|620|포르투갈,6257.887,USD,UN Comtrade 공개 API,2026-09-30
2025-11,수입시장,수입액,일본|3304|504|504,16838.232,USD,UN Comtrade 공개 API,2026-09-30
2025-11,수입시장,수입액,일본|3304|430|430,4180.527,USD,UN Comtrade 공개 API,2026-09-30
2025-11,수입시장,수입액,일본|3304|442|룩셈부르크,55482.298,USD,UN Comtrade 공개 API,2026-09-30
2025-11,수입시장,수입액,일본|3304|344|홍콩,67585.181,USD,UN Comtrade 공개 API,2026-09-30
2025-11,수입시장,수입액,일본|3304|144|스리랑카,11902.888,USD,UN Comtrade 공개 API,2026-09-30
2025-11,수입시장,수입액,일본|3304|100|불가리아,32437.79,USD,UN Comtrade 공개 API,2026-09-30
2025-11,수입시장,수입액,일본|3304|108|108,2916.046,USD,UN Comtrade 공개 API,2026-09-30
2025-11,수입시장,수입액,일본|3304|400|요르단,2051.555,USD,UN Comtrade 공개 API,2026-09-30
2025-11,수입시장,수입액,일본|3304|376|이스라엘,2363242.678,USD,UN Comtrade 공개 API,2026-09-30
2025-11,수입시장,수입액,일본|3304|784|UAE,14122.18,USD,UN Comtrade 공개 API,2026-09-30
2025-11,수입시장,수입액,일본|3304|0|전체,149925394.656,USD,UN Comtrade 공개 API,2026-09-30
2025-11,수입시장,수입액,일본|3304|40|오스트리아,2619.281,USD,UN Comtrade 공개 API,2026-09-30
2025-12,수입시장,수입액,일본|3304|156|중국,10441045.675,USD,UN Comtrade 공개 API,2026-09-30
2025-12,수입시장,수입액,일본|3304|842|미국,10000077.66,USD,UN Comtrade 공개 API,2026-09-30
2025-12,수입시장,수입액,일본|3304|410|한국,63062230.296,USD,UN Comtrade 공개 API,2026-09-30
2025-12,수입시장,수입액,일본|3304|490|대만,1057191.646,USD,UN Comtrade 공개 API,2026-09-30
2025-12,수입시장,수입액,일본|3304|276|독일,1543173.155,USD,UN Comtrade 공개 API,2026-09-30
2025-12,수입시장,수입액,일본|3304|764|태국,1271546.198,USD,UN Comtrade 공개 API,2026-09-30
2025-12,수입시장,수입액,일본|3304|251|프랑스,44094703.893,USD,UN Comtrade 공개 API,2026-09-30
2025-12,수입시장,수입액,일본|3304|704|베트남,1719666.849,USD,UN Comtrade 공개 API,2026-09-30
2025-12,수입시장,수입액,일본|3304|380|이탈리아,6918818.381,USD,UN Comtrade 공개 API,2026-09-30
2025-12,수입시장,수입액,일본|3304|699|인도,174165.078,USD,UN Comtrade 공개 API,2026-09-30
2025-12,수입시장,수입액,일본|3304|826|영국,2681154.304,USD,UN Comtrade 공개 API,2026-09-30
2025-12,수입시장,수입액,일본|3304|724|스페인,96801.143,USD,UN Comtrade 공개 API,2026-09-30
2025-12,수입시장,수입액,일본|3304|458|말레이시아,587600.257,USD,UN Comtrade 공개 API,2026-09-30
2025-12,수입시장,수입액,일본|3304|528|네덜란드,10860.46,USD,UN Comtrade 공개 API,2026-09-30
2025-12,수입시장,수입액,일본|3304|757|스위스,1152337.739,USD,UN Comtrade 공개 API,2026-09-30
2025-12,수입시장,수입액,일본|3304|124|캐나다,1285915.618,USD,UN Comtrade 공개 API,2026-09-30
2025-12,수입시장,수입액,일본|3304|608|필리핀,511512.891,USD,UN Comtrade 공개 API,2026-09-30
2025-12,수입시장,수입액,일본|3304|36|호주,413075.944,USD,UN Comtrade 공개 API,2026-09-30
2025-12,수입시장,수입액,일본|3304|56|벨기에,789740.801,USD,UN Comtrade 공개 API,2026-09-30
2025-12,수입시장,수입액,일본|3304|752|스웨덴,53705.71,USD,UN Comtrade 공개 API,2026-09-30
2025-12,수입시장,수입액,일본|3304|484|멕시코,15684.479,USD,UN Comtrade 공개 API,2026-09-30
2025-12,수입시장,수입액,일본|3304|702|싱가포르,83798.1,USD,UN Comtrade 공개 API,2026-09-30
2025-12,수입시장,수입액,일본|3304|616|폴란드,788265.37,USD,UN Comtrade 공개 API,2026-09-30
2025-12,수입시장,수입액,일본|3304|792|튀르키예,13631.705,USD,UN Comtrade 공개 API,2026-09-30
2025-12,수입시장,수입액,일본|3304|76|브라질,17384.433,USD,UN Comtrade 공개 API,2026-09-30
2025-12,수입시장,수입액,일본|3304|208|덴마크,45654.986,USD,UN Comtrade 공개 API,2026-09-30
2025-12,수입시장,수입액,일본|3304|203|체코,170046.699,USD,UN Comtrade 공개 API,2026-09-30
2025-12,수입시장,수입액,일본|3304|554|뉴질랜드,194603.013,USD,UN Comtrade 공개 API,2026-09-30
2025-12,수입시장,수입액,일본|3304|643|러시아,95364.201,USD,UN Comtrade 공개 API,2026-09-30
2025-12,수입시장,수입액,일본|3304|710|남아공,587029.329,USD,UN Comtrade 공개 API,2026-09-30
2025-12,수입시장,수입액,일본|3304|348|헝가리,4503.274,USD,UN Comtrade 공개 API,2026-09-30
2025-12,수입시장,수입액,일본|3304|352|352,84439.592,USD,UN Comtrade 공개 API,2026-09-30
2025-12,수입시장,수입액,일본|3304|376|이스라엘,2619962.382,USD,UN Comtrade 공개 API,2026-09-30
2025-12,수입시장,수입액,일본|3304|191|크로아티아,5144.766,USD,UN Comtrade 공개 API,2026-09-30
2025-12,수입시장,수입액,일본|3304|144|스리랑카,3624.43,USD,UN Comtrade 공개 API,2026-09-30
2025-12,수입시장,수입액,일본|3304|100|불가리아,2136.168,USD,UN Comtrade 공개 API,2026-09-30
2025-12,수입시장,수입액,일본|3304|344|홍콩,159609.625,USD,UN Comtrade 공개 API,2026-09-30
2025-12,수입시장,수입액,일본|3304|504|504,4516.104,USD,UN Comtrade 공개 API,2026-09-30
2025-12,수입시장,수입액,일본|3304|591|591,5850.407,USD,UN Comtrade 공개 API,2026-09-30
2025-12,수입시장,수입액,일본|3304|620|포르투갈,19603.996,USD,UN Comtrade 공개 API,2026-09-30
2025-12,수입시장,수입액,일본|3304|442|룩셈부르크,94171.026,USD,UN Comtrade 공개 API,2026-09-30
2025-12,수입시장,수입액,일본|3304|450|450,7357.913,USD,UN Comtrade 공개 API,2026-09-30
2025-12,수입시장,수입액,일본|3304|0|전체,152887705.694,USD,UN Comtrade 공개 API,2026-09-30
2026-01,수입시장,수입액,일본|3304|156|중국,14014611.54,USD,UN Comtrade 공개 API,2026-09-30
2026-01,수입시장,수입액,일본|3304|842|미국,11543417.188,USD,UN Comtrade 공개 API,2026-09-30
2026-01,수입시장,수입액,일본|3304|410|한국,77221759.598,USD,UN Comtrade 공개 API,2026-09-30
2026-01,수입시장,수입액,일본|3304|490|대만,1312711.89,USD,UN Comtrade 공개 API,2026-09-30
2026-01,수입시장,수입액,일본|3304|276|독일,1048590.323,USD,UN Comtrade 공개 API,2026-09-30
2026-01,수입시장,수입액,일본|3304|764|태국,1022636.476,USD,UN Comtrade 공개 API,2026-09-30
2026-01,수입시장,수입액,일본|3304|251|프랑스,36676884.126,USD,UN Comtrade 공개 API,2026-09-30
2026-01,수입시장,수입액,일본|3304|704|베트남,1747927.142,USD,UN Comtrade 공개 API,2026-09-30
2026-01,수입시장,수입액,일본|3304|380|이탈리아,6931279.381,USD,UN Comtrade 공개 API,2026-09-30
2026-01,수입시장,수입액,일본|3304|699|인도,160689.166,USD,UN Comtrade 공개 API,2026-09-30
2026-01,수입시장,수입액,일본|3304|826|영국,2801502.698,USD,UN Comtrade 공개 API,2026-09-30
2026-01,수입시장,수입액,일본|3304|724|스페인,131767.159,USD,UN Comtrade 공개 API,2026-09-30
2026-01,수입시장,수입액,일본|3304|360|인도네시아,59675.976,USD,UN Comtrade 공개 API,2026-09-30
2026-01,수입시장,수입액,일본|3304|458|말레이시아,611109.057,USD,UN Comtrade 공개 API,2026-09-30
2026-01,수입시장,수입액,일본|3304|528|네덜란드,4429.899,USD,UN Comtrade 공개 API,2026-09-30
2026-01,수입시장,수입액,일본|3304|56|벨기에,898209.928,USD,UN Comtrade 공개 API,2026-09-30
2026-01,수입시장,수입액,일본|3304|124|캐나다,1546009.274,USD,UN Comtrade 공개 API,2026-09-30
2026-01,수입시장,수입액,일본|3304|752|스웨덴,128505.374,USD,UN Comtrade 공개 API,2026-09-30
2026-01,수입시장,수입액,일본|3304|757|스위스,1539830.395,USD,UN Comtrade 공개 API,2026-09-30
2026-01,수입시장,수입액,일본|3304|608|필리핀,295564.915,USD,UN Comtrade 공개 API,2026-09-30
2026-01,수입시장,수입액,일본|3304|36|호주,887607.533,USD,UN Comtrade 공개 API,2026-09-30
2026-01,수입시장,수입액,일본|3304|484|멕시코,12325.843,USD,UN Comtrade 공개 API,2026-09-30
2026-01,수입시장,수입액,일본|3304|40|오스트리아,3702.221,USD,UN Comtrade 공개 API,2026-09-30
2026-01,수입시장,수입액,일본|3304|702|싱가포르,34871.094,USD,UN Comtrade 공개 API,2026-09-30
2026-01,수입시장,수입액,일본|3304|616|폴란드,307839.693,USD,UN Comtrade 공개 API,2026-09-30
2026-01,수입시장,수입액,일본|3304|203|체코,152231.506,USD,UN Comtrade 공개 API,2026-09-30
2026-01,수입시장,수입액,일본|3304|792|튀르키예,35751.967,USD,UN Comtrade 공개 API,2026-09-30
2026-01,수입시장,수입액,일본|3304|208|덴마크,1474.505,USD,UN Comtrade 공개 API,2026-09-30
2026-01,수입시장,수입액,일본|3304|76|브라질,11304.541,USD,UN Comtrade 공개 API,2026-09-30
2026-01,수입시장,수입액,일본|3304|246|핀란드,6644.849,USD,UN Comtrade 공개 API,2026-09-30
2026-01,수입시장,수입액,일본|3304|784|UAE,138048.169,USD,UN Comtrade 공개 API,2026-09-30
2026-01,수입시장,수입액,일본|3304|710|남아공,1358581.134,USD,UN Comtrade 공개 API,2026-09-30
2026-01,수입시장,수입액,일본|3304|554|뉴질랜드,14253.552,USD,UN Comtrade 공개 API,2026-09-30
2026-01,수입시장,수입액,일본|3304|504|504,65159.093,USD,UN Comtrade 공개 API,2026-09-30
2026-01,수입시장,수입액,일본|3304|442|룩셈부르크,88004.351,USD,UN Comtrade 공개 API,2026-09-30
2026-01,수입시장,수입액,일본|3304|450|450,7321.462,USD,UN Comtrade 공개 API,2026-09-30
2026-01,수입시장,수입액,일본|3304|400|요르단,1410.674,USD,UN Comtrade 공개 API,2026-09-30
2026-01,수입시장,수입액,일본|3304|372|아일랜드,3944.781,USD,UN Comtrade 공개 API,2026-09-30
2026-01,수입시장,수입액,일본|3304|376|이스라엘,2095195.49,USD,UN Comtrade 공개 API,2026-09-30
2026-01,수입시장,수입액,일본|3304|348|헝가리,1646.85,USD,UN Comtrade 공개 API,2026-09-30
2026-01,수입시장,수입액,일본|3304|352|352,3357.532,USD,UN Comtrade 공개 API,2026-09-30
2026-01,수입시장,수입액,일본|3304|288|288,3134.122,USD,UN Comtrade 공개 API,2026-09-30
2026-01,수입시장,수입액,일본|3304|300|그리스,2246.865,USD,UN Comtrade 공개 API,2026-09-30
2026-01,수입시장,수입액,일본|3304|344|홍콩,54339.671,USD,UN Comtrade 공개 API,2026-09-30
2026-01,수입시장,수입액,일본|3304|144|스리랑카,10564.097,USD,UN Comtrade 공개 API,2026-09-30
2026-01,수입시장,수입액,일본|3304|100|불가리아,1780.896,USD,UN Comtrade 공개 API,2026-09-30
2026-01,수입시장,수입액,일본|3304|0|전체,164999853.997,USD,UN Comtrade 공개 API,2026-09-30
2026-02,수입시장,수입액,일본|3304|156|중국,14636768.378,USD,UN Comtrade 공개 API,2026-09-30
2026-02,수입시장,수입액,일본|3304|842|미국,9484988.109,USD,UN Comtrade 공개 API,2026-09-30
2026-02,수입시장,수입액,일본|3304|410|한국,68089522.144,USD,UN Comtrade 공개 API,2026-09-30
2026-02,수입시장,수입액,일본|3304|490|대만,1602553.84,USD,UN Comtrade 공개 API,2026-09-30
2026-02,수입시장,수입액,일본|3304|276|독일,1401915.635,USD,UN Comtrade 공개 API,2026-09-30
2026-02,수입시장,수입액,일본|3304|764|태국,1461650.866,USD,UN Comtrade 공개 API,2026-09-30
2026-02,수입시장,수입액,일본|3304|251|프랑스,36849355.948,USD,UN Comtrade 공개 API,2026-09-30
2026-02,수입시장,수입액,일본|3304|704|베트남,2094135.484,USD,UN Comtrade 공개 API,2026-09-30
2026-02,수입시장,수입액,일본|3304|380|이탈리아,7870274.574,USD,UN Comtrade 공개 API,2026-09-30
2026-02,수입시장,수입액,일본|3304|699|인도,257989.181,USD,UN Comtrade 공개 API,2026-09-30
2026-02,수입시장,수입액,일본|3304|826|영국,1915606.403,USD,UN Comtrade 공개 API,2026-09-30
2026-02,수입시장,수입액,일본|3304|724|스페인,57035.224,USD,UN Comtrade 공개 API,2026-09-30
2026-02,수입시장,수입액,일본|3304|458|말레이시아,1345163.944,USD,UN Comtrade 공개 API,2026-09-30
2026-02,수입시장,수입액,일본|3304|528|네덜란드,12320.794,USD,UN Comtrade 공개 API,2026-09-30
2026-02,수입시장,수입액,일본|3304|56|벨기에,1024791.076,USD,UN Comtrade 공개 API,2026-09-30
2026-02,수입시장,수입액,일본|3304|757|스위스,1017303.229,USD,UN Comtrade 공개 API,2026-09-30
2026-02,수입시장,수입액,일본|3304|608|필리핀,223269.287,USD,UN Comtrade 공개 API,2026-09-30
2026-02,수입시장,수입액,일본|3304|752|스웨덴,38850.454,USD,UN Comtrade 공개 API,2026-09-30
2026-02,수입시장,수입액,일본|3304|124|캐나다,1183949.703,USD,UN Comtrade 공개 API,2026-09-30
2026-02,수입시장,수입액,일본|3304|484|멕시코,10883.798,USD,UN Comtrade 공개 API,2026-09-30
2026-02,수입시장,수입액,일본|3304|36|호주,628238.067,USD,UN Comtrade 공개 API,2026-09-30
2026-02,수입시장,수입액,일본|3304|40|오스트리아,14962.805,USD,UN Comtrade 공개 API,2026-09-30
2026-02,수입시장,수입액,일본|3304|616|폴란드,219834.672,USD,UN Comtrade 공개 API,2026-09-30
2026-02,수입시장,수입액,일본|3304|702|싱가포르,73647.676,USD,UN Comtrade 공개 API,2026-09-30
2026-02,수입시장,수입액,일본|3304|208|덴마크,3170.414,USD,UN Comtrade 공개 API,2026-09-30
2026-02,수입시장,수입액,일본|3304|76|브라질,43277.434,USD,UN Comtrade 공개 API,2026-09-30
2026-02,수입시장,수입액,일본|3304|203|체코,416535.635,USD,UN Comtrade 공개 API,2026-09-30
2026-02,수입시장,수입액,일본|3304|100|불가리아,6785.458,USD,UN Comtrade 공개 API,2026-09-30
2026-02,수입시장,수입액,일본|3304|344|홍콩,16586.676,USD,UN Comtrade 공개 API,2026-09-30
2026-02,수입시장,수입액,일본|3304|348|헝가리,15884.287,USD,UN Comtrade 공개 API,2026-09-30
2026-02,수입시장,수입액,일본|3304|144|스리랑카,14647.053,USD,UN Comtrade 공개 API,2026-09-30
2026-02,수입시장,수입액,일본|3304|784|UAE,14311.969,USD,UN Comtrade 공개 API,2026-09-30
2026-02,수입시장,수입액,일본|3304|710|남아공,1122493.942,USD,UN Comtrade 공개 API,2026-09-30
2026-02,수입시장,수입액,일본|3304|620|포르투갈,51093.921,USD,UN Comtrade 공개 API,2026-09-30
2026-02,수입시장,수입액,일본|3304|554|뉴질랜드,85504.507,USD,UN Comtrade 공개 API,2026-09-30
2026-02,수입시장,수입액,일본|3304|524|524,10071.863,USD,UN Comtrade 공개 API,2026-09-30
2026-02,수입시장,수입액,일본|3304|442|룩셈부르크,115120.809,USD,UN Comtrade 공개 API,2026-09-30
2026-02,수입시장,수입액,일본|3304|450|450,3692.372,USD,UN Comtrade 공개 API,2026-09-30
2026-02,수입시장,수입액,일본|3304|376|이스라엘,1663197.665,USD,UN Comtrade 공개 API,2026-09-30
2026-02,수입시장,수입액,일본|3304|0|전체,155097385.295,USD,UN Comtrade 공개 API,2026-09-30
2026-03,수입시장,수입액,일본|3304|156|중국,10217369.264,USD,UN Comtrade 공개 API,2026-09-30
2026-03,수입시장,수입액,일본|3304|842|미국,10543055.918,USD,UN Comtrade 공개 API,2026-09-30
2026-03,수입시장,수입액,일본|3304|410|한국,70387543.763,USD,UN Comtrade 공개 API,2026-09-30
2026-03,수입시장,수입액,일본|3304|490|대만,1256075.875,USD,UN Comtrade 공개 API,2026-09-30
2026-03,수입시장,수입액,일본|3304|276|독일,854766.73,USD,UN Comtrade 공개 API,2026-09-30
2026-03,수입시장,수입액,일본|3304|764|태국,1536030.999,USD,UN Comtrade 공개 API,2026-09-30
2026-03,수입시장,수입액,일본|3304|251|프랑스,38120895.503,USD,UN Comtrade 공개 API,2026-09-30
2026-03,수입시장,수입액,일본|3304|380|이탈리아,10359304.047,USD,UN Comtrade 공개 API,2026-09-30
2026-03,수입시장,수입액,일본|3304|704|베트남,1304467.46,USD,UN Comtrade 공개 API,2026-09-30
2026-03,수입시장,수입액,일본|3304|699|인도,187811.293,USD,UN Comtrade 공개 API,2026-09-30
2026-03,수입시장,수입액,일본|3304|826|영국,2169017.145,USD,UN Comtrade 공개 API,2026-09-30
2026-03,수입시장,수입액,일본|3304|458|말레이시아,1253995.736,USD,UN Comtrade 공개 API,2026-09-30
2026-03,수입시장,수입액,일본|3304|724|스페인,216807.163,USD,UN Comtrade 공개 API,2026-09-30
2026-03,수입시장,수입액,일본|3304|528|네덜란드,11957.645,USD,UN Comtrade 공개 API,2026-09-30
2026-03,수입시장,수입액,일본|3304|608|필리핀,754050.206,USD,UN Comtrade 공개 API,2026-09-30
2026-03,수입시장,수입액,일본|3304|36|호주,1293820.933,USD,UN Comtrade 공개 API,2026-09-30
2026-03,수입시장,수입액,일본|3304|124|캐나다,1924613.478,USD,UN Comtrade 공개 API,2026-09-30
2026-03,수입시장,수입액,일본|3304|757|스위스,1307102.302,USD,UN Comtrade 공개 API,2026-09-30
2026-03,수입시장,수입액,일본|3304|56|벨기에,568911.576,USD,UN Comtrade 공개 API,2026-09-30
2026-03,수입시장,수입액,일본|3304|484|멕시코,7797.368,USD,UN Comtrade 공개 API,2026-09-30
2026-03,수입시장,수입액,일본|3304|752|스웨덴,102676.897,USD,UN Comtrade 공개 API,2026-09-30
2026-03,수입시장,수입액,일본|3304|616|폴란드,252623.366,USD,UN Comtrade 공개 API,2026-09-30
2026-03,수입시장,수입액,일본|3304|702|싱가포르,15575.825,USD,UN Comtrade 공개 API,2026-09-30
2026-03,수입시장,수입액,일본|3304|792|튀르키예,6669.05,USD,UN Comtrade 공개 API,2026-09-30
2026-03,수입시장,수입액,일본|3304|208|덴마크,10778.9,USD,UN Comtrade 공개 API,2026-09-30
2026-03,수입시장,수입액,일본|3304|76|브라질,6202.595,USD,UN Comtrade 공개 API,2026-09-30
2026-03,수입시장,수입액,일본|3304|203|체코,550688.302,USD,UN Comtrade 공개 API,2026-09-30
2026-03,수입시장,수입액,일본|3304|554|뉴질랜드,43437.074,USD,UN Comtrade 공개 API,2026-09-30
2026-03,수입시장,수입액,일본|3304|710|남아공,531929.235,USD,UN Comtrade 공개 API,2026-09-30
2026-03,수입시장,수입액,일본|3304|524|524,10955.396,USD,UN Comtrade 공개 API,2026-09-30
2026-03,수입시장,수입액,일본|3304|504|504,13338.1,USD,UN Comtrade 공개 API,2026-09-30
2026-03,수입시장,수입액,일본|3304|442|룩셈부르크,256581.932,USD,UN Comtrade 공개 API,2026-09-30
2026-03,수입시장,수입액,일본|3304|376|이스라엘,1969802.911,USD,UN Comtrade 공개 API,2026-09-30
2026-03,수입시장,수입액,일본|3304|348|헝가리,3208.456,USD,UN Comtrade 공개 API,2026-09-30
2026-03,수입시장,수입액,일본|3304|344|홍콩,74450.048,USD,UN Comtrade 공개 API,2026-09-30
2026-03,수입시장,수입액,일본|3304|144|스리랑카,3920.746,USD,UN Comtrade 공개 API,2026-09-30
2026-03,수입시장,수입액,일본|3304|100|불가리아,5238.167,USD,UN Comtrade 공개 API,2026-09-30
2026-03,수입시장,수입액,일본|3304|620|포르투갈,1544.345,USD,UN Comtrade 공개 API,2026-09-30
2026-03,수입시장,수입액,일본|3304|0|전체,158135015.75,USD,UN Comtrade 공개 API,2026-09-30
2026-05,수입시장,수입액,일본|3304|0|전체,147400636.488,USD,UN Comtrade 공개 API,2026-09-30
2026-05,수입시장,수입액,일본|3304|36|호주,503648.52,USD,UN Comtrade 공개 API,2026-09-30
2026-05,수입시장,수입액,일본|3304|40|오스트리아,1699.147,USD,UN Comtrade 공개 API,2026-09-30
2026-05,수입시장,수입액,일본|3304|56|벨기에,617560.822,USD,UN Comtrade 공개 API,2026-09-30
2026-05,수입시장,수입액,일본|3304|100|불가리아,2836.122,USD,UN Comtrade 공개 API,2026-09-30
2026-05,수입시장,수입액,일본|3304|124|캐나다,1858089.414,USD,UN Comtrade 공개 API,2026-09-30
2026-05,수입시장,수입액,일본|3304|144|스리랑카,17724.183,USD,UN Comtrade 공개 API,2026-09-30
2026-05,수입시장,수입액,일본|3304|152|칠레,5179.555,USD,UN Comtrade 공개 API,2026-09-30
2026-05,수입시장,수입액,일본|3304|156|중국,13129924.566,USD,UN Comtrade 공개 API,2026-09-30
2026-05,수입시장,수입액,일본|3304|203|체코,545173.388,USD,UN Comtrade 공개 API,2026-09-30
2026-05,수입시장,수입액,일본|3304|208|덴마크,12910.987,USD,UN Comtrade 공개 API,2026-09-30
2026-05,수입시장,수입액,일본|3304|251|프랑스,35249073.522,USD,UN Comtrade 공개 API,2026-09-30
2026-05,수입시장,수입액,일본|3304|276|독일,1272534.45,USD,UN Comtrade 공개 API,2026-09-30
2026-05,수입시장,수입액,일본|3304|344|홍콩,51043.879,USD,UN Comtrade 공개 API,2026-09-30
2026-05,수입시장,수입액,일본|3304|348|헝가리,9380.047,USD,UN Comtrade 공개 API,2026-09-30
2026-05,수입시장,수입액,일본|3304|360|인도네시아,1629.665,USD,UN Comtrade 공개 API,2026-09-30
2026-05,수입시장,수입액,일본|3304|376|이스라엘,1353872.407,USD,UN Comtrade 공개 API,2026-09-30
2026-05,수입시장,수입액,일본|3304|380|이탈리아,7562604.506,USD,UN Comtrade 공개 API,2026-09-30
2026-05,수입시장,수입액,일본|3304|400|요르단,6032.286,USD,UN Comtrade 공개 API,2026-09-30
2026-05,수입시장,수입액,일본|3304|410|한국,63932265.706,USD,UN Comtrade 공개 API,2026-09-30
2026-05,수입시장,수입액,일본|3304|428|라트비아,6360.746,USD,UN Comtrade 공개 API,2026-09-30
2026-05,수입시장,수입액,일본|3304|442|룩셈부르크,100761.287,USD,UN Comtrade 공개 API,2026-09-30
2026-05,수입시장,수입액,일본|3304|450|450,1288.572,USD,UN Comtrade 공개 API,2026-09-30
2026-05,수입시장,수입액,일본|3304|458|말레이시아,755924.411,USD,UN Comtrade 공개 API,2026-09-30
2026-05,수입시장,수입액,일본|3304|484|멕시코,10415.958,USD,UN Comtrade 공개 API,2026-09-30
2026-05,수입시장,수입액,일본|3304|490|대만,1543235.66,USD,UN Comtrade 공개 API,2026-09-30
2026-05,수입시장,수입액,일본|3304|504|504,32984.92,USD,UN Comtrade 공개 API,2026-09-30
2026-05,수입시장,수입액,일본|3304|528|네덜란드,21842.561,USD,UN Comtrade 공개 API,2026-09-30
2026-05,수입시장,수입액,일본|3304|554|뉴질랜드,106073.488,USD,UN Comtrade 공개 API,2026-09-30
2026-05,수입시장,수입액,일본|3304|616|폴란드,490863.863,USD,UN Comtrade 공개 API,2026-09-30
2026-05,수입시장,수입액,일본|3304|620|포르투갈,30995.213,USD,UN Comtrade 공개 API,2026-09-30
2026-05,수입시장,수입액,일본|3304|688|세르비아,1635.981,USD,UN Comtrade 공개 API,2026-09-30
2026-05,수입시장,수입액,일본|3304|699|인도,168859.796,USD,UN Comtrade 공개 API,2026-09-30
2026-05,수입시장,수입액,일본|3304|702|싱가포르,43723.021,USD,UN Comtrade 공개 API,2026-09-30
2026-05,수입시장,수입액,일본|3304|704|베트남,977192.457,USD,UN Comtrade 공개 API,2026-09-30
2026-05,수입시장,수입액,일본|3304|705|슬로베니아,2040.239,USD,UN Comtrade 공개 API,2026-09-30
2026-05,수입시장,수입액,일본|3304|710|남아공,1181235.326,USD,UN Comtrade 공개 API,2026-09-30
2026-05,수입시장,수입액,일본|3304|724|스페인,50437.492,USD,UN Comtrade 공개 API,2026-09-30
2026-05,수입시장,수입액,일본|3304|752|스웨덴,253804.492,USD,UN Comtrade 공개 API,2026-09-30
2026-05,수입시장,수입액,일본|3304|757|스위스,909618.219,USD,UN Comtrade 공개 API,2026-09-30
2026-05,수입시장,수입액,일본|3304|764|태국,1163245.848,USD,UN Comtrade 공개 API,2026-09-30
2026-05,수입시장,수입액,일본|3304|792|튀르키예,10441.224,USD,UN Comtrade 공개 API,2026-09-30
2026-05,수입시장,수입액,일본|3304|826|영국,2871254.51,USD,UN Comtrade 공개 API,2026-09-30
2026-05,수입시장,수입액,일본|3304|842|미국,10533218.033,USD,UN Comtrade 공개 API,2026-09-30
2026-06,수입시장,수입액,일본|3304|0|전체,154603452.794,USD,UN Comtrade 공개 API,2026-09-30
2026-06,수입시장,수입액,일본|3304|36|호주,377549.41,USD,UN Comtrade 공개 API,2026-09-30
2026-06,수입시장,수입액,일본|3304|56|벨기에,1070748.049,USD,UN Comtrade 공개 API,2026-09-30
2026-06,수입시장,수입액,일본|3304|76|브라질,19969.607,USD,UN Comtrade 공개 API,2026-09-30
2026-06,수입시장,수입액,일본|3304|100|불가리아,13634.593,USD,UN Comtrade 공개 API,2026-09-30
2026-06,수입시장,수입액,일본|3304|124|캐나다,1352979.768,USD,UN Comtrade 공개 API,2026-09-30
2026-06,수입시장,수입액,일본|3304|144|스리랑카,2570.099,USD,UN Comtrade 공개 API,2026-09-30
2026-06,수입시장,수입액,일본|3304|156|중국,12510134.238,USD,UN Comtrade 공개 API,2026-09-30
2026-06,수입시장,수입액,일본|3304|203|체코,387817.36,USD,UN Comtrade 공개 API,2026-09-30
2026-06,수입시장,수입액,일본|3304|208|덴마크,4773.041,USD,UN Comtrade 공개 API,2026-09-30
2026-06,수입시장,수입액,일본|3304|246|핀란드,8481.949,USD,UN Comtrade 공개 API,2026-09-30
2026-06,수입시장,수입액,일본|3304|251|프랑스,35907382.084,USD,UN Comtrade 공개 API,2026-09-30
2026-06,수입시장,수입액,일본|3304|276|독일,1422235.535,USD,UN Comtrade 공개 API,2026-09-30
2026-06,수입시장,수입액,일본|3304|300|그리스,57712.102,USD,UN Comtrade 공개 API,2026-09-30
2026-06,수입시장,수입액,일본|3304|344|홍콩,82367.628,USD,UN Comtrade 공개 API,2026-09-30
2026-06,수입시장,수입액,일본|3304|360|인도네시아,13796.391,USD,UN Comtrade 공개 API,2026-09-30
2026-06,수입시장,수입액,일본|3304|372|아일랜드,2912.364,USD,UN Comtrade 공개 API,2026-09-30
2026-06,수입시장,수입액,일본|3304|376|이스라엘,1312492.93,USD,UN Comtrade 공개 API,2026-09-30
2026-06,수입시장,수입액,일본|3304|380|이탈리아,10195806.761,USD,UN Comtrade 공개 API,2026-09-30
2026-06,수입시장,수입액,일본|3304|410|한국,65767918.629,USD,UN Comtrade 공개 API,2026-09-30
2026-06,수입시장,수입액,일본|3304|442|룩셈부르크,124453.777,USD,UN Comtrade 공개 API,2026-09-30
2026-06,수입시장,수입액,일본|3304|458|말레이시아,1452958.486,USD,UN Comtrade 공개 API,2026-09-30
2026-06,수입시장,수입액,일본|3304|484|멕시코,11468.989,USD,UN Comtrade 공개 API,2026-09-30
2026-06,수입시장,수입액,일본|3304|490|대만,1383416.461,USD,UN Comtrade 공개 API,2026-09-30
2026-06,수입시장,수입액,일본|3304|504|504,36311.205,USD,UN Comtrade 공개 API,2026-09-30
2026-06,수입시장,수입액,일본|3304|528|네덜란드,31052.77,USD,UN Comtrade 공개 API,2026-09-30
2026-06,수입시장,수입액,일본|3304|554|뉴질랜드,6092.317,USD,UN Comtrade 공개 API,2026-09-30
2026-06,수입시장,수입액,일본|3304|616|폴란드,291267.515,USD,UN Comtrade 공개 API,2026-09-30
2026-06,수입시장,수입액,일본|3304|620|포르투갈,3733.8,USD,UN Comtrade 공개 API,2026-09-30
2026-06,수입시장,수입액,일본|3304|643|러시아,84327.873,USD,UN Comtrade 공개 API,2026-09-30
2026-06,수입시장,수입액,일본|3304|699|인도,359172.891,USD,UN Comtrade 공개 API,2026-09-30
2026-06,수입시장,수입액,일본|3304|702|싱가포르,15289.911,USD,UN Comtrade 공개 API,2026-09-30
2026-06,수입시장,수입액,일본|3304|704|베트남,1213453.885,USD,UN Comtrade 공개 API,2026-09-30
2026-06,수입시장,수입액,일본|3304|710|남아공,1371891.465,USD,UN Comtrade 공개 API,2026-09-30
2026-06,수입시장,수입액,일본|3304|724|스페인,290620.323,USD,UN Comtrade 공개 API,2026-09-30
2026-06,수입시장,수입액,일본|3304|752|스웨덴,197567.804,USD,UN Comtrade 공개 API,2026-09-30
2026-06,수입시장,수입액,일본|3304|757|스위스,2463467.895,USD,UN Comtrade 공개 API,2026-09-30
2026-06,수입시장,수입액,일본|3304|764|태국,1343825.735,USD,UN Comtrade 공개 API,2026-09-30
2026-06,수입시장,수입액,일본|3304|826|영국,2733241.168,USD,UN Comtrade 공개 API,2026-09-30
2026-06,수입시장,수입액,일본|3304|842|미국,10678555.986,USD,UN Comtrade 공개 API,2026-09-30
2026-07,수입시장,수입액,일본|3304|0|전체,153285439.611,USD,UN Comtrade 공개 API,2026-09-30
2026-07,수입시장,수입액,일본|3304|36|호주,481290.729,USD,UN Comtrade 공개 API,2026-09-30
2026-07,수입시장,수입액,일본|3304|56|벨기에,926544.919,USD,UN Comtrade 공개 API,2026-09-30
2026-07,수입시장,수입액,일본|3304|76|브라질,69022.886,USD,UN Comtrade 공개 API,2026-09-30
2026-07,수입시장,수입액,일본|3304|124|캐나다,2296769.737,USD,UN Comtrade 공개 API,2026-09-30
2026-07,수입시장,수입액,일본|3304|144|스리랑카,6001.99,USD,UN Comtrade 공개 API,2026-09-30
2026-07,수입시장,수입액,일본|3304|156|중국,13948698.741,USD,UN Comtrade 공개 API,2026-09-30
2026-07,수입시장,수입액,일본|3304|203|체코,144601.224,USD,UN Comtrade 공개 API,2026-09-30
2026-07,수입시장,수입액,일본|3304|204|204,1537.395,USD,UN Comtrade 공개 API,2026-09-30
2026-07,수입시장,수입액,일본|3304|246|핀란드,4114.069,USD,UN Comtrade 공개 API,2026-09-30
2026-07,수입시장,수입액,일본|3304|251|프랑스,36203130.922,USD,UN Comtrade 공개 API,2026-09-30
2026-07,수입시장,수입액,일본|3304|276|독일,1790228.832,USD,UN Comtrade 공개 API,2026-09-30
2026-07,수입시장,수입액,일본|3304|300|그리스,65991.143,USD,UN Comtrade 공개 API,2026-09-30
2026-07,수입시장,수입액,일본|3304|344|홍콩,50813.98,USD,UN Comtrade 공개 API,2026-09-30
2026-07,수입시장,수입액,일본|3304|348|헝가리,7932.958,USD,UN Comtrade 공개 API,2026-09-30
2026-07,수입시장,수입액,일본|3304|352|352,43090.107,USD,UN Comtrade 공개 API,2026-09-30
2026-07,수입시장,수입액,일본|3304|360|인도네시아,10085.311,USD,UN Comtrade 공개 API,2026-09-30
2026-07,수입시장,수입액,일본|3304|376|이스라엘,1035189.549,USD,UN Comtrade 공개 API,2026-09-30
2026-07,수입시장,수입액,일본|3304|380|이탈리아,8286872.679,USD,UN Comtrade 공개 API,2026-09-30
2026-07,수입시장,수입액,일본|3304|410|한국,66513531.352,USD,UN Comtrade 공개 API,2026-09-30
2026-07,수입시장,수입액,일본|3304|428|라트비아,2115.456,USD,UN Comtrade 공개 API,2026-09-30
2026-07,수입시장,수입액,일본|3304|442|룩셈부르크,158142.599,USD,UN Comtrade 공개 API,2026-09-30
2026-07,수입시장,수입액,일본|3304|458|말레이시아,1377050.851,USD,UN Comtrade 공개 API,2026-09-30
2026-07,수입시장,수입액,일본|3304|484|멕시코,26775.271,USD,UN Comtrade 공개 API,2026-09-30
2026-07,수입시장,수입액,일본|3304|490|대만,1491728.219,USD,UN Comtrade 공개 API,2026-09-30
2026-07,수입시장,수입액,일본|3304|504|504,1672.686,USD,UN Comtrade 공개 API,2026-09-30
2026-07,수입시장,수입액,일본|3304|554|뉴질랜드,167047.191,USD,UN Comtrade 공개 API,2026-09-30
2026-07,수입시장,수입액,일본|3304|616|폴란드,201066.668,USD,UN Comtrade 공개 API,2026-09-30
2026-07,수입시장,수입액,일본|3304|620|포르투갈,9402.708,USD,UN Comtrade 공개 API,2026-09-30
2026-07,수입시장,수입액,일본|3304|643|러시아,3763.543,USD,UN Comtrade 공개 API,2026-09-30
2026-07,수입시장,수입액,일본|3304|699|인도,177685.965,USD,UN Comtrade 공개 API,2026-09-30
2026-07,수입시장,수입액,일본|3304|702|싱가포르,37168.062,USD,UN Comtrade 공개 API,2026-09-30
2026-07,수입시장,수입액,일본|3304|704|베트남,1274328.267,USD,UN Comtrade 공개 API,2026-09-30
2026-07,수입시장,수입액,일본|3304|705|슬로베니아,3800.44,USD,UN Comtrade 공개 API,2026-09-30
2026-07,수입시장,수입액,일본|3304|710|남아공,1041351.428,USD,UN Comtrade 공개 API,2026-09-30
2026-07,수입시장,수입액,일본|3304|724|스페인,107839.035,USD,UN Comtrade 공개 API,2026-09-30
2026-07,수입시장,수입액,일본|3304|752|스웨덴,214915.522,USD,UN Comtrade 공개 API,2026-09-30
2026-07,수입시장,수입액,일본|3304|757|스위스,983705.266,USD,UN Comtrade 공개 API,2026-09-30
2026-07,수입시장,수입액,일본|3304|764|태국,1528625.699,USD,UN Comtrade 공개 API,2026-09-30
2026-07,수입시장,수입액,일본|3304|826|영국,3974522.751,USD,UN Comtrade 공개 API,2026-09-30
2026-07,수입시장,수입액,일본|3304|842|미국,8617283.462,USD,UN Comtrade 공개 API,2026-09-30
