기준일,축,지표,구분,값,단위,출처,수집일
2020Q1,기업,매출액,코스맥스|연결,328492903236,원,DART OpenAPI,2026-09-30
2020Q1,기업,매출총이익,코스맥스|연결,46028361747,원,DART OpenAPI,2026-09-30
2020Q1,기업,판관비,코스맥스|연결,29983667930,원,DART OpenAPI,2026-09-30
2020Q1,기업,영업이익,코스맥스|연결,16044693817,원,DART OpenAPI,2026-09-30
2020Q1,기업,당기순이익,코스맥스|연결,1195835755,원,DART OpenAPI,2026-09-30
2020Q1,기업,지배주주순이익,코스맥스|연결,4802756584,원,DART OpenAPI,2026-09-30
2020Q1,기업,재고자산,코스맥스|연결,225381623614,원,DART OpenAPI,2026-09-30
2020Q1,기업,매출채권,코스맥스|연결,320811357003,원,DART OpenAPI,2026-09-30
2020Q1,기업,매출액,코스맥스|별도,201993684611,원,DART OpenAPI,2026-09-30
2020Q1,기업,매출총이익,코스맥스|별도,31820413255,원,DART OpenAPI,2026-09-30
2020Q1,기업,판관비,코스맥스|별도,15442335126,원,DART OpenAPI,2026-09-30
2020Q1,기업,영업이익,코스맥스|별도,16378078129,원,DART OpenAPI,2026-09-30
2020Q1,기업,당기순이익,코스맥스|별도,10798284568,원,DART OpenAPI,2026-09-30
2020Q1,기업,재고자산,코스맥스|별도,73467934715,원,DART OpenAPI,2026-09-30
2020Q1,기업,매출채권,코스맥스|별도,232315891217,원,DART OpenAPI,2026-09-30
2020Q1,기업,직원수,코스맥스|별도,1049,명,DART OpenAPI,2026-09-30
2020Q2,기업,매출액,코스맥스|연결,379220482717,원,DART OpenAPI,2026-09-30
2020Q2,기업,매출총이익,코스맥스|연결,63793198777,원,DART OpenAPI,2026-09-30
2020Q2,기업,판관비,코스맥스|연결,37577899277,원,DART OpenAPI,2026-09-30
2020Q2,기업,영업이익,코스맥스|연결,26215299500,원,DART OpenAPI,2026-09-30
2020Q2,기업,당기순이익,코스맥스|연결,13773039153,원,DART OpenAPI,2026-09-30
2020Q2,기업,지배주주순이익,코스맥스|연결,20261353480,원,DART OpenAPI,2026-09-30
2020Q2,기업,재고자산,코스맥스|연결,208294939279,원,DART OpenAPI,2026-09-30
2020Q2,기업,매출채권,코스맥스|연결,366046364406,원,DART OpenAPI,2026-09-30
2020Q2,기업,매출액,코스맥스|별도,208972628317,원,DART OpenAPI,2026-09-30
2020Q2,기업,매출총이익,코스맥스|별도,34693793001,원,DART OpenAPI,2026-09-30
2020Q2,기업,판관비,코스맥스|별도,13925678774,원,DART OpenAPI,2026-09-30
2020Q2,기업,영업이익,코스맥스|별도,20768114227,원,DART OpenAPI,2026-09-30
2020Q2,기업,당기순이익,코스맥스|별도,6944449545,원,DART OpenAPI,2026-09-30
2020Q2,기업,재고자산,코스맥스|별도,60663743863,원,DART OpenAPI,2026-09-30
2020Q2,기업,매출채권,코스맥스|별도,192379370074,원,DART OpenAPI,2026-09-30
2020Q2,기업,직원수,코스맥스|별도,1061,명,DART OpenAPI,2026-09-30
2020Q3,기업,매출액,코스맥스|연결,320695812831,원,DART OpenAPI,2026-09-30
2020Q3,기업,매출총이익,코스맥스|연결,49297377164,원,DART OpenAPI,2026-09-30
2020Q3,기업,판관비,코스맥스|연결,35402458257,원,DART OpenAPI,2026-09-30
2020Q3,기업,영업이익,코스맥스|연결,13894918907,원,DART OpenAPI,2026-09-30
2020Q3,기업,당기순이익,코스맥스|연결,624907940,원,DART OpenAPI,2026-09-30
2020Q3,기업,지배주주순이익,코스맥스|연결,5832850199,원,DART OpenAPI,2026-09-30
2020Q3,기업,재고자산,코스맥스|연결,204466443125,원,DART OpenAPI,2026-09-30
2020Q3,기업,매출채권,코스맥스|연결,307528437544,원,DART OpenAPI,2026-09-30
2020Q3,기업,매출액,코스맥스|별도,172103565497,원,DART OpenAPI,2026-09-30
2020Q3,기업,매출총이익,코스맥스|별도,26237920448,원,DART OpenAPI,2026-09-30
2020Q3,기업,판관비,코스맥스|별도,14819742612,원,DART OpenAPI,2026-09-30
2020Q3,기업,영업이익,코스맥스|별도,11418177836,원,DART OpenAPI,2026-09-30
2020Q3,기업,당기순이익,코스맥스|별도,4736450780,원,DART OpenAPI,2026-09-30
2020Q3,기업,재고자산,코스맥스|별도,54372118149,원,DART OpenAPI,2026-09-30
2020Q3,기업,매출채권,코스맥스|별도,180700420997,원,DART OpenAPI,2026-09-30
2020Q3,기업,직원수,코스맥스|별도,1057,명,DART OpenAPI,2026-09-30
2020FY,기업,매출액,코스맥스|연결,1382880688515,원,DART OpenAPI,2026-09-30
2020FY,기업,매출총이익,코스맥스|연결,210839293173,원,DART OpenAPI,2026-09-30
2020FY,기업,판관비,코스맥스|연결,144197866322,원,DART OpenAPI,2026-09-30
2020FY,기업,영업이익,코스맥스|연결,66641426851,원,DART OpenAPI,2026-09-30
2020FY,기업,당기순이익,코스맥스|연결,-29053381423,원,DART OpenAPI,2026-09-30
2020FY,기업,지배주주순이익,코스맥스|연결,21378297184,원,DART OpenAPI,2026-09-30
2020Q4,기업,재고자산,코스맥스|연결,193315147531,원,DART OpenAPI,2026-09-30
2020Q4,기업,매출채권,코스맥스|연결,297645008114,원,DART OpenAPI,2026-09-30
2020FY,기업,매출액,코스맥스|별도,765400192007,원,DART OpenAPI,2026-09-30
2020FY,기업,매출총이익,코스맥스|별도,121772536986,원,DART OpenAPI,2026-09-30
2020FY,기업,판관비,코스맥스|별도,55918752792,원,DART OpenAPI,2026-09-30
2020FY,기업,영업이익,코스맥스|별도,65853784194,원,DART OpenAPI,2026-09-30
2020FY,기업,당기순이익,코스맥스|별도,-34558144292,원,DART OpenAPI,2026-09-30
2020Q4,기업,재고자산,코스맥스|별도,54602125038,원,DART OpenAPI,2026-09-30
2020Q4,기업,매출채권,코스맥스|별도,185827931365,원,DART OpenAPI,2026-09-30
2020Q4,기업,직원수,코스맥스|별도,1058,명,DART OpenAPI,2026-09-30
2021Q1,기업,매출액,코스맥스|연결,344962474812,원,DART OpenAPI,2026-09-30
2021Q1,기업,매출총이익,코스맥스|연결,59757080840,원,DART OpenAPI,2026-09-30
2021Q1,기업,판관비,코스맥스|연결,36465384499,원,DART OpenAPI,2026-09-30
2021Q1,기업,영업이익,코스맥스|연결,23291696341,원,DART OpenAPI,2026-09-30
2021Q1,기업,당기순이익,코스맥스|연결,9820932834,원,DART OpenAPI,2026-09-30
2021Q1,기업,지배주주순이익,코스맥스|연결,16063962169,원,DART OpenAPI,2026-09-30
2021Q1,기업,재고자산,코스맥스|연결,200821751202,원,DART OpenAPI,2026-09-30
2021Q1,기업,매출채권,코스맥스|연결,320527496000,원,DART OpenAPI,2026-09-30
2021Q1,기업,매출액,코스맥스|별도,188472600191,원,DART OpenAPI,2026-09-30
2021Q1,기업,매출총이익,코스맥스|별도,31175853285,원,DART OpenAPI,2026-09-30
2021Q1,기업,판관비,코스맥스|별도,15268627007,원,DART OpenAPI,2026-09-30
2021Q1,기업,영업이익,코스맥스|별도,15907226278,원,DART OpenAPI,2026-09-30
2021Q1,기업,당기순이익,코스맥스|별도,20737978971,원,DART OpenAPI,2026-09-30
2021Q1,기업,재고자산,코스맥스|별도,57567328385,원,DART OpenAPI,2026-09-30
2021Q1,기업,매출채권,코스맥스|별도,210988135303,원,DART OpenAPI,2026-09-30
2021Q1,기업,직원수,코스맥스|별도,1089,명,DART OpenAPI,2026-09-30
2021Q2,기업,매출액,코스맥스|연결,430357766832,원,DART OpenAPI,2026-09-30
2021Q2,기업,매출총이익,코스맥스|연결,82518204429,원,DART OpenAPI,2026-09-30
2021Q2,기업,판관비,코스맥스|연결,38600831410,원,DART OpenAPI,2026-09-30
2021Q2,기업,영업이익,코스맥스|연결,43917373019,원,DART OpenAPI,2026-09-30
2021Q2,기업,당기순이익,코스맥스|연결,26081759417,원,DART OpenAPI,2026-09-30
2021Q2,기업,지배주주순이익,코스맥스|연결,32011520941,원,DART OpenAPI,2026-09-30
2021Q2,기업,재고자산,코스맥스|연결,197616282654,원,DART OpenAPI,2026-09-30
2021Q2,기업,매출채권,코스맥스|연결,378533260929,원,DART OpenAPI,2026-09-30
2021Q2,기업,매출액,코스맥스|별도,229992516018,원,DART OpenAPI,2026-09-30
2021Q2,기업,매출총이익,코스맥스|별도,43572605470,원,DART OpenAPI,2026-09-30
2021Q2,기업,판관비,코스맥스|별도,23125112738,원,DART OpenAPI,2026-09-30
2021Q2,기업,영업이익,코스맥스|별도,20447492732,원,DART OpenAPI,2026-09-30
2021Q2,기업,당기순이익,코스맥스|별도,17155100344,원,DART OpenAPI,2026-09-30
2021Q2,기업,재고자산,코스맥스|별도,61924878632,원,DART OpenAPI,2026-09-30
2021Q2,기업,매출채권,코스맥스|별도,208392290953,원,DART OpenAPI,2026-09-30
2021Q2,기업,직원수,코스맥스|별도,1106,명,DART OpenAPI,2026-09-30
2021Q3,기업,매출액,코스맥스|연결,394953082784,원,DART OpenAPI,2026-09-30
2021Q3,기업,매출총이익,코스맥스|연결,67698328372,원,DART OpenAPI,2026-09-30
2021Q3,기업,판관비,코스맥스|연결,42731032281,원,DART OpenAPI,2026-09-30
2021Q3,기업,영업이익,코스맥스|연결,24967296091,원,DART OpenAPI,2026-09-30
2021Q3,기업,당기순이익,코스맥스|연결,-1759590695,원,DART OpenAPI,2026-09-30
2021Q3,기업,지배주주순이익,코스맥스|연결,11175152051,원,DART OpenAPI,2026-09-30
2021Q3,기업,재고자산,코스맥스|연결,210933972095,원,DART OpenAPI,2026-09-30
2021Q3,기업,매출채권,코스맥스|연결,385408398535,원,DART OpenAPI,2026-09-30
2021Q3,기업,매출액,코스맥스|별도,217684275279,원,DART OpenAPI,2026-09-30
2021Q3,기업,매출총이익,코스맥스|별도,36576609888,원,DART OpenAPI,2026-09-30
2021Q3,기업,판관비,코스맥스|별도,15939748250,원,DART OpenAPI,2026-09-30
2021Q3,기업,영업이익,코스맥스|별도,20636861638,원,DART OpenAPI,2026-09-30
2021Q3,기업,당기순이익,코스맥스|별도,-11497302849,원,DART OpenAPI,2026-09-30
2021Q3,기업,재고자산,코스맥스|별도,61906053688,원,DART OpenAPI,2026-09-30
2021Q3,기업,매출채권,코스맥스|별도,216928733658,원,DART OpenAPI,2026-09-30
2021Q3,기업,직원수,코스맥스|별도,1126,명,DART OpenAPI,2026-09-30
2021FY,기업,매출액,코스맥스|연결,1591487621503,원,DART OpenAPI,2026-09-30
2021FY,기업,매출총이익,코스맥스|연결,277511153621,원,DART OpenAPI,2026-09-30
2021FY,기업,판관비,코스맥스|연결,154911243479,원,DART OpenAPI,2026-09-30
2021FY,기업,영업이익,코스맥스|연결,122599910142,원,DART OpenAPI,2026-09-30
2021FY,기업,당기순이익,코스맥스|연결,34336481889,원,DART OpenAPI,2026-09-30
2021FY,기업,지배주주순이익,코스맥스|연결,74435535611,원,DART OpenAPI,2026-09-30
2021Q4,기업,재고자산,코스맥스|연결,223572133949,원,DART OpenAPI,2026-09-30
2021Q4,기업,매출채권,코스맥스|연결,349979562147,원,DART OpenAPI,2026-09-30
2021FY,기업,매출액,코스맥스|별도,853145123069,원,DART OpenAPI,2026-09-30
2021FY,기업,매출총이익,코스맥스|별도,147359822263,원,DART OpenAPI,2026-09-30
2021FY,기업,판관비,코스맥스|별도,69762881370,원,DART OpenAPI,2026-09-30
2021FY,기업,영업이익,코스맥스|별도,77596940893,원,DART OpenAPI,2026-09-30
2021FY,기업,당기순이익,코스맥스|별도,20530242966,원,DART OpenAPI,2026-09-30
2021Q4,기업,재고자산,코스맥스|별도,60663050946,원,DART OpenAPI,2026-09-30
2021Q4,기업,매출채권,코스맥스|별도,213899380510,원,DART OpenAPI,2026-09-30
2021Q4,기업,직원수,코스맥스|별도,1164,명,DART OpenAPI,2026-09-30
2022Q1,기업,매출액,코스맥스|연결,397852341189,원,DART OpenAPI,2026-09-30
2022Q1,기업,매출총이익,코스맥스|연결,58196438314,원,DART OpenAPI,2026-09-30
2022Q1,기업,판관비,코스맥스|연결,44455206218,원,DART OpenAPI,2026-09-30
2022Q1,기업,영업이익,코스맥스|연결,13741232096,원,DART OpenAPI,2026-09-30
2022Q1,기업,당기순이익,코스맥스|연결,10187982255,원,DART OpenAPI,2026-09-30
2022Q1,기업,지배주주순이익,코스맥스|연결,15282719982,원,DART OpenAPI,2026-09-30
2022Q1,기업,재고자산,코스맥스|연결,220072109315,원,DART OpenAPI,2026-09-30
2022Q1,기업,매출채권,코스맥스|연결,363427220101,원,DART OpenAPI,2026-09-30
2022Q1,기업,매출액,코스맥스|별도,205141106602,원,DART OpenAPI,2026-09-30
2022Q1,기업,매출총이익,코스맥스|별도,30560329583,원,DART OpenAPI,2026-09-30
2022Q1,기업,판관비,코스맥스|별도,20907384735,원,DART OpenAPI,2026-09-30
2022Q1,기업,영업이익,코스맥스|별도,9652944848,원,DART OpenAPI,2026-09-30
2022Q1,기업,당기순이익,코스맥스|별도,10369995189,원,DART OpenAPI,2026-09-30
2022Q1,기업,재고자산,코스맥스|별도,64107686194,원,DART OpenAPI,2026-09-30
2022Q1,기업,매출채권,코스맥스|별도,230727698292,원,DART OpenAPI,2026-09-30
2022Q1,기업,직원수,코스맥스|별도,1185,명,DART OpenAPI,2026-09-30
2022Q2,기업,매출액,코스맥스|연결,405016250077,원,DART OpenAPI,2026-09-30
2022Q2,기업,매출총이익,코스맥스|연결,57925963001,원,DART OpenAPI,2026-09-30
2022Q2,기업,판관비,코스맥스|연결,40697801609,원,DART OpenAPI,2026-09-30
2022Q2,기업,영업이익,코스맥스|연결,17228161392,원,DART OpenAPI,2026-09-30
2022Q2,기업,당기순이익,코스맥스|연결,5324611082,원,DART OpenAPI,2026-09-30
2022Q2,기업,지배주주순이익,코스맥스|연결,11490222243,원,DART OpenAPI,2026-09-30
2022Q2,기업,재고자산,코스맥스|연결,227650891538,원,DART OpenAPI,2026-09-30
2022Q2,기업,매출채권,코스맥스|연결,363451917038,원,DART OpenAPI,2026-09-30
2022Q2,기업,매출액,코스맥스|별도,225475303625,원,DART OpenAPI,2026-09-30
2022Q2,기업,매출총이익,코스맥스|별도,39622724586,원,DART OpenAPI,2026-09-30
2022Q2,기업,판관비,코스맥스|별도,21009726826,원,DART OpenAPI,2026-09-30
2022Q2,기업,영업이익,코스맥스|별도,18612997760,원,DART OpenAPI,2026-09-30
2022Q2,기업,당기순이익,코스맥스|별도,23206566692,원,DART OpenAPI,2026-09-30
2022Q2,기업,재고자산,코스맥스|별도,69219785403,원,DART OpenAPI,2026-09-30
2022Q2,기업,매출채권,코스맥스|별도,205415788892,원,DART OpenAPI,2026-09-30
2022Q2,기업,직원수,코스맥스|별도,1189,명,DART OpenAPI,2026-09-30
2022Q3,기업,매출액,코스맥스|연결,396776160074,원,DART OpenAPI,2026-09-30
2022Q3,기업,매출총이익,코스맥스|연결,50738012363,원,DART OpenAPI,2026-09-30
2022Q3,기업,판관비,코스맥스|연결,30997370457,원,DART OpenAPI,2026-09-30
2022Q3,기업,영업이익,코스맥스|연결,19740641906,원,DART OpenAPI,2026-09-30
2022Q3,기업,당기순이익,코스맥스|연결,6749205983,원,DART OpenAPI,2026-09-30
2022Q3,기업,지배주주순이익,코스맥스|연결,11316842121,원,DART OpenAPI,2026-09-30
2022Q3,기업,재고자산,코스맥스|연결,233867786060,원,DART OpenAPI,2026-09-30
2022Q3,기업,매출채권,코스맥스|연결,361687058055,원,DART OpenAPI,2026-09-30
2022Q3,기업,매출액,코스맥스|별도,206710583634,원,DART OpenAPI,2026-09-30
2022Q3,기업,매출총이익,코스맥스|별도,30079007915,원,DART OpenAPI,2026-09-30
2022Q3,기업,판관비,코스맥스|별도,18413257555,원,DART OpenAPI,2026-09-30
2022Q3,기업,영업이익,코스맥스|별도,11665750360,원,DART OpenAPI,2026-09-30
2022Q3,기업,당기순이익,코스맥스|별도,21746303652,원,DART OpenAPI,2026-09-30
2022Q3,기업,재고자산,코스맥스|별도,72154209762,원,DART OpenAPI,2026-09-30
2022Q3,기업,매출채권,코스맥스|별도,212961737621,원,DART OpenAPI,2026-09-30
2022Q3,기업,직원수,코스맥스|별도,1151,명,DART OpenAPI,2026-09-30
2022FY,기업,매출액,코스맥스|연결,1600125770194,원,DART OpenAPI,2026-09-30
2022FY,기업,매출총이익,코스맥스|연결,205269949741,원,DART OpenAPI,2026-09-30
2022FY,기업,판관비,코스맥스|연결,152169095893,원,DART OpenAPI,2026-09-30
2022FY,기업,영업이익,코스맥스|연결,53100853848,원,DART OpenAPI,2026-09-30
2022FY,기업,당기순이익,코스맥스|연결,-16446826860,원,DART OpenAPI,2026-09-30
2022FY,기업,지배주주순이익,코스맥스|연결,20847690651,원,DART OpenAPI,2026-09-30
2022Q4,기업,재고자산,코스맥스|연결,202277824808,원,DART OpenAPI,2026-09-30
2022Q4,기업,매출채권,코스맥스|연결,302757293212,원,DART OpenAPI,2026-09-30
2022FY,기업,매출액,코스맥스|별도,853979768613,원,DART OpenAPI,2026-09-30
2022FY,기업,매출총이익,코스맥스|별도,116446972078,원,DART OpenAPI,2026-09-30
2022FY,기업,판관비,코스맥스|별도,73593686146,원,DART OpenAPI,2026-09-30
2022FY,기업,영업이익,코스맥스|별도,42853285932,원,DART OpenAPI,2026-09-30
2022FY,기업,당기순이익,코스맥스|별도,-100615051793,원,DART OpenAPI,2026-09-30
2022Q4,기업,재고자산,코스맥스|별도,79130073515,원,DART OpenAPI,2026-09-30
2022Q4,기업,매출채권,코스맥스|별도,207761361269,원,DART OpenAPI,2026-09-30
2022Q4,기업,직원수,코스맥스|별도,1194,명,DART OpenAPI,2026-09-30
2023Q1,기업,매출액,코스맥스|연결,403260875312,원,DART OpenAPI,2026-09-30
2023Q1,기업,매출총이익,코스맥스|연결,55525912755,원,DART OpenAPI,2026-09-30
2023Q1,기업,판관비,코스맥스|연결,41714046237,원,DART OpenAPI,2026-09-30
2023Q1,기업,영업이익,코스맥스|연결,13811866518,원,DART OpenAPI,2026-09-30
2023Q1,기업,당기순이익,코스맥스|연결,712275970,원,DART OpenAPI,2026-09-30
2023Q1,기업,지배주주순이익,코스맥스|연결,6702707131,원,DART OpenAPI,2026-09-30
2023Q1,기업,재고자산,코스맥스|연결,207908821976,원,DART OpenAPI,2026-09-30
2023Q1,기업,매출채권,코스맥스|연결,325218520671,원,DART OpenAPI,2026-09-30
2023Q1,기업,매출액,코스맥스|별도,243373978895,원,DART OpenAPI,2026-09-30
2023Q1,기업,매출총이익,코스맥스|별도,36173755966,원,DART OpenAPI,2026-09-30
2023Q1,기업,판관비,코스맥스|별도,23139406895,원,DART OpenAPI,2026-09-30
2023Q1,기업,영업이익,코스맥스|별도,13034349071,원,DART OpenAPI,2026-09-30
2023Q1,기업,당기순이익,코스맥스|별도,22726342402,원,DART OpenAPI,2026-09-30
2023Q1,기업,재고자산,코스맥스|별도,84342196648,원,DART OpenAPI,2026-09-30
2023Q1,기업,매출채권,코스맥스|별도,225615030017,원,DART OpenAPI,2026-09-30
2023Q1,기업,직원수,코스맥스|별도,1222,명,DART OpenAPI,2026-09-30
2023Q2,기업,매출액,코스맥스|연결,479265546131,원,DART OpenAPI,2026-09-30
2023Q2,기업,매출총이익,코스맥스|연결,82975316449,원,DART OpenAPI,2026-09-30
2023Q2,기업,판관비,코스맥스|연결,36928222789,원,DART OpenAPI,2026-09-30
2023Q2,기업,영업이익,코스맥스|연결,46047093660,원,DART OpenAPI,2026-09-30
2023Q2,기업,당기순이익,코스맥스|연결,27390096497,원,DART OpenAPI,2026-09-30
2023Q2,기업,지배주주순이익,코스맥스|연결,30448523543,원,DART OpenAPI,2026-09-30
2023Q2,기업,재고자산,코스맥스|연결,200457693125,원,DART OpenAPI,2026-09-30
2023Q2,기업,매출채권,코스맥스|연결,341531675423,원,DART OpenAPI,2026-09-30
2023Q2,기업,매출액,코스맥스|별도,278288583664,원,DART OpenAPI,2026-09-30
2023Q2,기업,매출총이익,코스맥스|별도,47160602045,원,DART OpenAPI,2026-09-30
2023Q2,기업,판관비,코스맥스|별도,16767101927,원,DART OpenAPI,2026-09-30
2023Q2,기업,영업이익,코스맥스|별도,30393500118,원,DART OpenAPI,2026-09-30
2023Q2,기업,당기순이익,코스맥스|별도,8591712464,원,DART OpenAPI,2026-09-30
2023Q2,기업,재고자산,코스맥스|별도,91729170946,원,DART OpenAPI,2026-09-30
2023Q2,기업,매출채권,코스맥스|별도,214420180930,원,DART OpenAPI,2026-09-30
2023Q2,기업,직원수,코스맥스|별도,1265,명,DART OpenAPI,2026-09-30
2023Q3,기업,매출액,코스맥스|연결,458266795254,원,DART OpenAPI,2026-09-30
2023Q3,기업,매출총이익,코스맥스|연결,78136200453,원,DART OpenAPI,2026-09-30
2023Q3,기업,판관비,코스맥스|연결,44831554104,원,DART OpenAPI,2026-09-30
2023Q3,기업,영업이익,코스맥스|연결,33304646349,원,DART OpenAPI,2026-09-30
2023Q3,기업,당기순이익,코스맥스|연결,10850874137,원,DART OpenAPI,2026-09-30
2023Q3,기업,지배주주순이익,코스맥스|연결,15238238578,원,DART OpenAPI,2026-09-30
2023Q3,기업,재고자산,코스맥스|연결,208329002996,원,DART OpenAPI,2026-09-30
2023Q3,기업,매출채권,코스맥스|연결,365550207543,원,DART OpenAPI,2026-09-30
2023Q3,기업,매출액,코스맥스|별도,288006671270,원,DART OpenAPI,2026-09-30
2023Q3,기업,매출총이익,코스맥스|별도,51211009503,원,DART OpenAPI,2026-09-30
2023Q3,기업,판관비,코스맥스|별도,25369367316,원,DART OpenAPI,2026-09-30
2023Q3,기업,영업이익,코스맥스|별도,25841642187,원,DART OpenAPI,2026-09-30
2023Q3,기업,당기순이익,코스맥스|별도,6734906039,원,DART OpenAPI,2026-09-30
2023Q3,기업,재고자산,코스맥스|별도,86957795458,원,DART OpenAPI,2026-09-30
2023Q3,기업,매출채권,코스맥스|별도,243789141005,원,DART OpenAPI,2026-09-30
2023Q3,기업,직원수,코스맥스|별도,1297,명,DART OpenAPI,2026-09-30
2023FY,기업,매출액,코스맥스|연결,1777494448320,원,DART OpenAPI,2026-09-30
2023FY,기업,매출총이익,코스맥스|연결,293646738083,원,DART OpenAPI,2026-09-30
2023FY,기업,판관비,코스맥스|연결,177960958227,원,DART OpenAPI,2026-09-30
2023FY,기업,영업이익,코스맥스|연결,115685779856,원,DART OpenAPI,2026-09-30
2023FY,기업,당기순이익,코스맥스|연결,37799983055,원,DART OpenAPI,2026-09-30
2023FY,기업,지배주주순이익,코스맥스|연결,57137182681,원,DART OpenAPI,2026-09-30
2023Q4,기업,재고자산,코스맥스|연결,218401261040,원,DART OpenAPI,2026-09-30
2023Q4,기업,매출채권,코스맥스|연결,271522375821,원,DART OpenAPI,2026-09-30
2023FY,기업,매출액,코스맥스|별도,1057537127679,원,DART OpenAPI,2026-09-30
2023FY,기업,매출총이익,코스맥스|별도,177698822098,원,DART OpenAPI,2026-09-30
2023FY,기업,판관비,코스맥스|별도,90921808539,원,DART OpenAPI,2026-09-30
2023FY,기업,영업이익,코스맥스|별도,86777013559,원,DART OpenAPI,2026-09-30
2023FY,기업,당기순이익,코스맥스|별도,18191902485,원,DART OpenAPI,2026-09-30
2023Q4,기업,재고자산,코스맥스|별도,100359566198,원,DART OpenAPI,2026-09-30
2023Q4,기업,매출채권,코스맥스|별도,192134197594,원,DART OpenAPI,2026-09-30
2023Q4,기업,직원수,코스맥스|별도,1302,명,DART OpenAPI,2026-09-30
2024Q1,기업,매출액,코스맥스|연결,526802196511,원,DART OpenAPI,2026-09-30
2024Q1,기업,매출총이익,코스맥스|연결,100590873116,원,DART OpenAPI,2026-09-30
2024Q1,기업,판관비,코스맥스|연결,55137634323,원,DART OpenAPI,2026-09-30
2024Q1,기업,영업이익,코스맥스|연결,45453238793,원,DART OpenAPI,2026-09-30
2024Q1,기업,당기순이익,코스맥스|연결,19617937549,원,DART OpenAPI,2026-09-30
2024Q1,기업,지배주주순이익,코스맥스|연결,19237448387,원,DART OpenAPI,2026-09-30
2024Q1,기업,재고자산,코스맥스|연결,214272916196,원,DART OpenAPI,2026-09-30
2024Q1,기업,매출채권,코스맥스|연결,339782194742,원,DART OpenAPI,2026-09-30
2024Q1,기업,매출액,코스맥스|별도,315386932136,원,DART OpenAPI,2026-09-30
2024Q1,기업,매출총이익,코스맥스|별도,59394105389,원,DART OpenAPI,2026-09-30
2024Q1,기업,판관비,코스맥스|별도,29317778759,원,DART OpenAPI,2026-09-30
2024Q1,기업,영업이익,코스맥스|별도,30076326630,원,DART OpenAPI,2026-09-30
2024Q1,기업,당기순이익,코스맥스|별도,29005356592,원,DART OpenAPI,2026-09-30
2024Q1,기업,재고자산,코스맥스|별도,92834055295,원,DART OpenAPI,2026-09-30
2024Q1,기업,매출채권,코스맥스|별도,258196891720,원,DART OpenAPI,2026-09-30
2024Q1,기업,직원수,코스맥스|별도,1375,명,DART OpenAPI,2026-09-30
2024Q2,기업,매출액,코스맥스|연결,551453223808,원,DART OpenAPI,2026-09-30
2024Q2,기업,매출총이익,코스맥스|연결,112018509457,원,DART OpenAPI,2026-09-30
2024Q2,기업,판관비,코스맥스|연결,65306349432,원,DART OpenAPI,2026-09-30
2024Q2,기업,영업이익,코스맥스|연결,46712160025,원,DART OpenAPI,2026-09-30
2024Q2,기업,당기순이익,코스맥스|연결,35296879567,원,DART OpenAPI,2026-09-30
2024Q2,기업,지배주주순이익,코스맥스|연결,33639001029,원,DART OpenAPI,2026-09-30
2024Q2,기업,재고자산,코스맥스|연결,242585254084,원,DART OpenAPI,2026-09-30
2024Q2,기업,매출채권,코스맥스|연결,355154044906,원,DART OpenAPI,2026-09-30
2024Q2,기업,매출액,코스맥스|별도,348176518852,원,DART OpenAPI,2026-09-30
2024Q2,기업,매출총이익,코스맥스|별도,72505240135,원,DART OpenAPI,2026-09-30
2024Q2,기업,판관비,코스맥스|별도,37970884188,원,DART OpenAPI,2026-09-30
2024Q2,기업,영업이익,코스맥스|별도,34534355947,원,DART OpenAPI,2026-09-30
2024Q2,기업,당기순이익,코스맥스|별도,29876119559,원,DART OpenAPI,2026-09-30
2024Q2,기업,재고자산,코스맥스|별도,121100417124,원,DART OpenAPI,2026-09-30
2024Q2,기업,매출채권,코스맥스|별도,272240082000,원,DART OpenAPI,2026-09-30
2024Q2,기업,직원수,코스맥스|별도,1518,명,DART OpenAPI,2026-09-30
2024Q3,기업,매출액,코스맥스|연결,529831883083,원,DART OpenAPI,2026-09-30
2024Q3,기업,매출총이익,코스맥스|연결,97609405898,원,DART OpenAPI,2026-09-30
2024Q3,기업,판관비,코스맥스|연결,54196255245,원,DART OpenAPI,2026-09-30
2024Q3,기업,영업이익,코스맥스|연결,43413150653,원,DART OpenAPI,2026-09-30
2024Q3,기업,당기순이익,코스맥스|연결,20617886638,원,DART OpenAPI,2026-09-30
2024Q3,기업,지배주주순이익,코스맥스|연결,21055113012,원,DART OpenAPI,2026-09-30
2024Q3,기업,재고자산,코스맥스|연결,250578441979,원,DART OpenAPI,2026-09-30
2024Q3,기업,매출채권,코스맥스|연결,357899855728,원,DART OpenAPI,2026-09-30
2024Q3,기업,매출액,코스맥스|별도,347781146352,원,DART OpenAPI,2026-09-30
2024Q3,기업,매출총이익,코스맥스|별도,68038428246,원,DART OpenAPI,2026-09-30
2024Q3,기업,판관비,코스맥스|별도,28568313171,원,DART OpenAPI,2026-09-30
2024Q3,기업,영업이익,코스맥스|별도,39470115075,원,DART OpenAPI,2026-09-30
2024Q3,기업,당기순이익,코스맥스|별도,17098406595,원,DART OpenAPI,2026-09-30
2024Q3,기업,재고자산,코스맥스|별도,129189439709,원,DART OpenAPI,2026-09-30
2024Q3,기업,매출채권,코스맥스|별도,273585124140,원,DART OpenAPI,2026-09-30
2024Q3,기업,직원수,코스맥스|별도,1521,명,DART OpenAPI,2026-09-30
2024FY,기업,매출액,코스맥스|연결,2166089636742,원,DART OpenAPI,2026-09-30
2024FY,기업,매출총이익,코스맥스|연결,418207304227,원,DART OpenAPI,2026-09-30
2024FY,기업,판관비,코스맥스|연결,242812025122,원,DART OpenAPI,2026-09-30
2024FY,기업,영업이익,코스맥스|연결,175395279105,원,DART OpenAPI,2026-09-30
2024FY,기업,당기순이익,코스맥스|연결,88417411666,원,DART OpenAPI,2026-09-30
2024FY,기업,지배주주순이익,코스맥스|연결,85796823726,원,DART OpenAPI,2026-09-30
2024Q4,기업,재고자산,코스맥스|연결,257029474049,원,DART OpenAPI,2026-09-30
2024Q4,기업,매출채권,코스맥스|연결,349166438038,원,DART OpenAPI,2026-09-30
2024FY,기업,매출액,코스맥스|별도,1357660037190,원,DART OpenAPI,2026-09-30
2024FY,기업,매출총이익,코스맥스|별도,262900833160,원,DART OpenAPI,2026-09-30
2024FY,기업,판관비,코스맥스|별도,124221555126,원,DART OpenAPI,2026-09-30
2024FY,기업,영업이익,코스맥스|별도,138679278034,원,DART OpenAPI,2026-09-30
2024FY,기업,당기순이익,코스맥스|별도,106653960083,원,DART OpenAPI,2026-09-30
2024Q4,기업,재고자산,코스맥스|별도,122630217575,원,DART OpenAPI,2026-09-30
2024Q4,기업,매출채권,코스맥스|별도,264952548275,원,DART OpenAPI,2026-09-30
2024Q4,기업,직원수,코스맥스|별도,1528,명,DART OpenAPI,2026-09-30
2025Q1,기업,매출액,코스맥스|연결,588574135736,원,DART OpenAPI,2026-09-30
2025Q1,기업,매출총이익,코스맥스|연결,104831991031,원,DART OpenAPI,2026-09-30
2025Q1,기업,판관비,코스맥스|연결,53485695806,원,DART OpenAPI,2026-09-30
2025Q1,기업,영업이익,코스맥스|연결,51346295225,원,DART OpenAPI,2026-09-30
2025Q1,기업,당기순이익,코스맥스|연결,10628936391,원,DART OpenAPI,2026-09-30
2025Q1,기업,지배주주순이익,코스맥스|연결,8130802131,원,DART OpenAPI,2026-09-30
2025Q1,기업,재고자산,코스맥스|연결,254515709956,원,DART OpenAPI,2026-09-30
2025Q1,기업,매출채권,코스맥스|연결,428975120615,원,DART OpenAPI,2026-09-30
2025Q1,기업,매출액,코스맥스|별도,362753606140,원,DART OpenAPI,2026-09-30
2025Q1,기업,매출총이익,코스맥스|별도,65012378505,원,DART OpenAPI,2026-09-30
2025Q1,기업,판관비,코스맥스|별도,30739908977,원,DART OpenAPI,2026-09-30
2025Q1,기업,영업이익,코스맥스|별도,34272469528,원,DART OpenAPI,2026-09-30
2025Q1,기업,당기순이익,코스맥스|별도,16502251458,원,DART OpenAPI,2026-09-30
2025Q1,기업,재고자산,코스맥스|별도,131581250728,원,DART OpenAPI,2026-09-30
2025Q1,기업,매출채권,코스맥스|별도,316120243300,원,DART OpenAPI,2026-09-30
2025Q1,기업,직원수,코스맥스|별도,1520,명,DART OpenAPI,2026-09-30
2025Q2,기업,매출액,코스맥스|연결,623560619449,원,DART OpenAPI,2026-09-30
2025Q2,기업,매출총이익,코스맥스|연결,112855416421,원,DART OpenAPI,2026-09-30
2025Q2,기업,판관비,코스맥스|연결,52042451582,원,DART OpenAPI,2026-09-30
2025Q2,기업,영업이익,코스맥스|연결,60812964839,원,DART OpenAPI,2026-09-30
2025Q2,기업,당기순이익,코스맥스|연결,21838012255,원,DART OpenAPI,2026-09-30
2025Q2,기업,지배주주순이익,코스맥스|연결,20926993078,원,DART OpenAPI,2026-09-30
2025Q2,기업,재고자산,코스맥스|연결,243815697693,원,DART OpenAPI,2026-09-30
2025Q2,기업,매출채권,코스맥스|연결,436651598663,원,DART OpenAPI,2026-09-30
2025Q2,기업,매출액,코스맥스|별도,420479984020,원,DART OpenAPI,2026-09-30
2025Q2,기업,매출총이익,코스맥스|별도,76852601228,원,DART OpenAPI,2026-09-30
2025Q2,기업,판관비,코스맥스|별도,26917880177,원,DART OpenAPI,2026-09-30
2025Q2,기업,영업이익,코스맥스|별도,49934721051,원,DART OpenAPI,2026-09-30
2025Q2,기업,당기순이익,코스맥스|별도,25729693068,원,DART OpenAPI,2026-09-30
2025Q2,기업,재고자산,코스맥스|별도,124429170349,원,DART OpenAPI,2026-09-30
2025Q2,기업,매출채권,코스맥스|별도,324944751277,원,DART OpenAPI,2026-09-30
2025Q2,기업,직원수,코스맥스|별도,1566,명,DART OpenAPI,2026-09-30
2025Q3,기업,매출액,코스맥스|연결,585616672949,원,DART OpenAPI,2026-09-30
2025Q3,기업,매출총이익,코스맥스|연결,97430605613,원,DART OpenAPI,2026-09-30
2025Q3,기업,판관비,코스맥스|연결,54703925873,원,DART OpenAPI,2026-09-30
2025Q3,기업,영업이익,코스맥스|연결,42726679740,원,DART OpenAPI,2026-09-30
2025Q3,기업,당기순이익,코스맥스|연결,10664706367,원,DART OpenAPI,2026-09-30
2025Q3,기업,지배주주순이익,코스맥스|연결,8955258212,원,DART OpenAPI,2026-09-30
2025Q3,기업,재고자산,코스맥스|연결,252977368148,원,DART OpenAPI,2026-09-30
2025Q3,기업,매출채권,코스맥스|연결,432968200754,원,DART OpenAPI,2026-09-30
2025Q3,기업,매출액,코스맥스|별도,383493562321,원,DART OpenAPI,2026-09-30
2025Q3,기업,매출총이익,코스맥스|별도,66752095257,원,DART OpenAPI,2026-09-30
2025Q3,기업,판관비,코스맥스|별도,32425644459,원,DART OpenAPI,2026-09-30
2025Q3,기업,영업이익,코스맥스|별도,34326450798,원,DART OpenAPI,2026-09-30
2025Q3,기업,당기순이익,코스맥스|별도,27578107070,원,DART OpenAPI,2026-09-30
2025Q3,기업,재고자산,코스맥스|별도,120715290774,원,DART OpenAPI,2026-09-30
2025Q3,기업,매출채권,코스맥스|별도,302479772316,원,DART OpenAPI,2026-09-30
2025Q3,기업,직원수,코스맥스|별도,1537,명,DART OpenAPI,2026-09-30
2025FY,기업,매출액,코스맥스|연결,2398757972848,원,DART OpenAPI,2026-09-30
2025FY,기업,매출총이익,코스맥스|연결,409014764822,원,DART OpenAPI,2026-09-30
2025FY,기업,판관비,코스맥스|연결,213223103198,원,DART OpenAPI,2026-09-30
2025FY,기업,영업이익,코스맥스|연결,195791661624,원,DART OpenAPI,2026-09-30
2025FY,기업,당기순이익,코스맥스|연결,131076173228,원,DART OpenAPI,2026-09-30
2025FY,기업,지배주주순이익,코스맥스|연결,123064158267,원,DART OpenAPI,2026-09-30
2025Q4,기업,재고자산,코스맥스|연결,270823198801,원,DART OpenAPI,2026-09-30
2025Q4,기업,매출채권,코스맥스|연결,426885433744,원,DART OpenAPI,2026-09-30
2025FY,기업,매출액,코스맥스|별도,1526414620755,원,DART OpenAPI,2026-09-30
2025FY,기업,매출총이익,코스맥스|별도,269229750600,원,DART OpenAPI,2026-09-30
2025FY,기업,판관비,코스맥스|별도,114651349948,원,DART OpenAPI,2026-09-30
2025FY,기업,영업이익,코스맥스|별도,154578400652,원,DART OpenAPI,2026-09-30
2025FY,기업,당기순이익,코스맥스|별도,131160503282,원,DART OpenAPI,2026-09-30
2025Q4,기업,재고자산,코스맥스|별도,125487362613,원,DART OpenAPI,2026-09-30
2025Q4,기업,매출채권,코스맥스|별도,298905867843,원,DART OpenAPI,2026-09-30
2025Q4,기업,직원수,코스맥스|별도,1565,명,DART OpenAPI,2026-09-30
2026Q1,기업,매출액,코스맥스|연결,682023325582,원,DART OpenAPI,2026-09-30
2026Q1,기업,매출총이익,코스맥스|연결,115013023504,원,DART OpenAPI,2026-09-30
2026Q1,기업,판관비,코스맥스|연결,61982042874,원,DART OpenAPI,2026-09-30
2026Q1,기업,영업이익,코스맥스|연결,53030980630,원,DART OpenAPI,2026-09-30
2026Q1,기업,당기순이익,코스맥스|연결,43806479288,원,DART OpenAPI,2026-09-30
2026Q1,기업,지배주주순이익,코스맥스|연결,41575583705,원,DART OpenAPI,2026-09-30
2026Q1,기업,재고자산,코스맥스|연결,294261142115,원,DART OpenAPI,2026-09-30
2026Q1,기업,매출채권,코스맥스|연결,504067155723,원,DART OpenAPI,2026-09-30
2026Q1,기업,매출액,코스맥스|별도,423237731857,원,DART OpenAPI,2026-09-30
2026Q1,기업,매출총이익,코스맥스|별도,74520426838,원,DART OpenAPI,2026-09-30
2026Q1,기업,판관비,코스맥스|별도,36543213753,원,DART OpenAPI,2026-09-30
2026Q1,기업,영업이익,코스맥스|별도,37977213085,원,DART OpenAPI,2026-09-30
2026Q1,기업,당기순이익,코스맥스|별도,52339928020,원,DART OpenAPI,2026-09-30
2026Q1,기업,재고자산,코스맥스|별도,154599531671,원,DART OpenAPI,2026-09-30
2026Q1,기업,매출채권,코스맥스|별도,351244519976,원,DART OpenAPI,2026-09-30
2026Q1,기업,직원수,코스맥스|별도,1575,명,DART OpenAPI,2026-09-30
2026Q2,기업,매출액,코스맥스|연결,794891203546,원,DART OpenAPI,2026-09-30
2026Q2,기업,매출총이익,코스맥스|연결,142485703579,원,DART OpenAPI,2026-09-30
2026Q2,기업,판관비,코스맥스|연결,68750407479,원,DART OpenAPI,2026-09-30
2026Q2,기업,영업이익,코스맥스|연결,73735296100,원,DART OpenAPI,2026-09-30
2026Q2,기업,당기순이익,코스맥스|연결,50008710862,원,DART OpenAPI,2026-09-30
2026Q2,기업,지배주주순이익,코스맥스|연결,48691974414,원,DART OpenAPI,2026-09-30
2026Q2,기업,재고자산,코스맥스|연결,376850210044,원,DART OpenAPI,2026-09-30
2026Q2,기업,매출채권,코스맥스|연결,555877800225,원,DART OpenAPI,2026-09-30
2026Q2,기업,매출액,코스맥스|별도,518417627008,원,DART OpenAPI,2026-09-30
2026Q2,기업,매출총이익,코스맥스|별도,95933207981,원,DART OpenAPI,2026-09-30
2026Q2,기업,판관비,코스맥스|별도,39516407651,원,DART OpenAPI,2026-09-30
2026Q2,기업,영업이익,코스맥스|별도,56416800330,원,DART OpenAPI,2026-09-30
2026Q2,기업,당기순이익,코스맥스|별도,51658209536,원,DART OpenAPI,2026-09-30
2026Q2,기업,재고자산,코스맥스|별도,214959126076,원,DART OpenAPI,2026-09-30
2026Q2,기업,매출채권,코스맥스|별도,395782503481,원,DART OpenAPI,2026-09-30
2026Q2,기업,직원수,코스맥스|별도,1686,명,DART OpenAPI,2026-09-30
2020Q1,기업,매출액,한국콜마|연결,375274511826,원,DART OpenAPI,2026-09-30
2020Q1,기업,매출총이익,한국콜마|연결,107573426644,원,DART OpenAPI,2026-09-30
2020Q1,기업,판관비,한국콜마|연결,77787702342,원,DART OpenAPI,2026-09-30
2020Q1,기업,영업이익,한국콜마|연결,29890067856,원,DART OpenAPI,2026-09-30
2020Q1,기업,당기순이익,한국콜마|연결,13930927765,원,DART OpenAPI,2026-09-30
2020Q1,기업,지배주주순이익,한국콜마|연결,12421118999,원,DART OpenAPI,2026-09-30
2020Q1,기업,재고자산,한국콜마|연결,187000467403,원,DART OpenAPI,2026-09-30
2020Q1,기업,매출채권,한국콜마|연결,223682209778,원,DART OpenAPI,2026-09-30
2020Q1,기업,매출액,한국콜마|별도,215492138202,원,DART OpenAPI,2026-09-30
2020Q1,기업,매출총이익,한국콜마|별도,33005875560,원,DART OpenAPI,2026-09-30
2020Q1,기업,판관비,한국콜마|별도,13834933243,원,DART OpenAPI,2026-09-30
2020Q1,기업,영업이익,한국콜마|별도,18967612659,원,DART OpenAPI,2026-09-30
2020Q1,기업,당기순이익,한국콜마|별도,15868537018,원,DART OpenAPI,2026-09-30
2020Q1,기업,재고자산,한국콜마|별도,77431746699,원,DART OpenAPI,2026-09-30
2020Q1,기업,매출채권,한국콜마|별도,196373059831,원,DART OpenAPI,2026-09-30
2020Q1,기업,직원수,한국콜마|별도,1222,명,DART OpenAPI,2026-09-30
2020Q2,기업,매출액,한국콜마|연결,322106254471,원,DART OpenAPI,2026-09-30
2020Q2,기업,매출총이익,한국콜마|연결,99888587576,원,DART OpenAPI,2026-09-30
2020Q2,기업,판관비,한국콜마|연결,72566030437,원,DART OpenAPI,2026-09-30
2020Q2,기업,영업이익,한국콜마|연결,27233884635,원,DART OpenAPI,2026-09-30
2020Q2,기업,당기순이익,한국콜마|연결,6390484754,원,DART OpenAPI,2026-09-30
2020Q2,기업,지배주주순이익,한국콜마|연결,8512909386,원,DART OpenAPI,2026-09-30
2020Q2,기업,재고자산,한국콜마|연결,163209893731,원,DART OpenAPI,2026-09-30
2020Q2,기업,매출채권,한국콜마|연결,171716130588,원,DART OpenAPI,2026-09-30
2020Q2,기업,매출액,한국콜마|별도,160883514171,원,DART OpenAPI,2026-09-30
2020Q2,기업,매출총이익,한국콜마|별도,27568500055,원,DART OpenAPI,2026-09-30
2020Q2,기업,판관비,한국콜마|별도,8807820879,원,DART OpenAPI,2026-09-30
2020Q2,기업,영업이익,한국콜마|별도,18845333155,원,DART OpenAPI,2026-09-30
2020Q2,기업,당기순이익,한국콜마|별도,13912967186,원,DART OpenAPI,2026-09-30
2020Q2,기업,재고자산,한국콜마|별도,41597816060,원,DART OpenAPI,2026-09-30
2020Q2,기업,매출채권,한국콜마|별도,135979534121,원,DART OpenAPI,2026-09-30
2020Q2,기업,직원수,한국콜마|별도,1264,명,DART OpenAPI,2026-09-30
2020Q3,기업,매출액,한국콜마|연결,317641449103,원,DART OpenAPI,2026-09-30
2020Q3,기업,매출총이익,한국콜마|연결,100656234795,원,DART OpenAPI,2026-09-30
2020Q3,기업,판관비,한국콜마|연결,81222688754,원,DART OpenAPI,2026-09-30
2020Q3,기업,영업이익,한국콜마|연결,18901875527,원,DART OpenAPI,2026-09-30
2020Q3,기업,당기순이익,한국콜마|연결,15980879590,원,DART OpenAPI,2026-09-30
2020Q3,기업,지배주주순이익,한국콜마|연결,12527799535,원,DART OpenAPI,2026-09-30
2020Q3,기업,재고자산,한국콜마|연결,161848364416,원,DART OpenAPI,2026-09-30
2020Q3,기업,매출채권,한국콜마|연결,175944240732,원,DART OpenAPI,2026-09-30
2020Q3,기업,매출액,한국콜마|별도,138229667564,원,DART OpenAPI,2026-09-30
2020Q3,기업,매출총이익,한국콜마|별도,21482234742,원,DART OpenAPI,2026-09-30
2020Q3,기업,판관비,한국콜마|별도,9210838038,원,DART OpenAPI,2026-09-30
2020Q3,기업,영업이익,한국콜마|별도,11791573285,원,DART OpenAPI,2026-09-30
2020Q3,기업,당기순이익,한국콜마|별도,11648807303,원,DART OpenAPI,2026-09-30
2020Q3,기업,재고자산,한국콜마|별도,37798875363,원,DART OpenAPI,2026-09-30
2020Q3,기업,매출채권,한국콜마|별도,125488715475,원,DART OpenAPI,2026-09-30
2020Q3,기업,직원수,한국콜마|별도,1255,명,DART OpenAPI,2026-09-30
2020FY,기업,매출액,한국콜마|연결,1322081317656,원,DART OpenAPI,2026-09-30
2020FY,기업,매출총이익,한국콜마|연결,426297137034,원,DART OpenAPI,2026-09-30
2020FY,기업,판관비,한국콜마|연결,304594637970,원,DART OpenAPI,2026-09-30
2020FY,기업,영업이익,한국콜마|연결,121679126846,원,DART OpenAPI,2026-09-30
2020FY,기업,당기순이익,한국콜마|연결,160566240905,원,DART OpenAPI,2026-09-30
2020FY,기업,지배주주순이익,한국콜마|연결,160269947477,원,DART OpenAPI,2026-09-30
2020Q4,기업,재고자산,한국콜마|연결,148592292344,원,DART OpenAPI,2026-09-30
2020Q4,기업,매출채권,한국콜마|연결,218808865692,원,DART OpenAPI,2026-09-30
2020FY,기업,매출액,한국콜마|별도,609200623115,원,DART OpenAPI,2026-09-30
2020FY,기업,매출총이익,한국콜마|별도,95134797661,원,DART OpenAPI,2026-09-30
2020FY,기업,판관비,한국콜마|별도,36971129011,원,DART OpenAPI,2026-09-30
2020FY,기업,영업이익,한국콜마|별도,50356324363,원,DART OpenAPI,2026-09-30
2020FY,기업,당기순이익,한국콜마|별도,120833711152,원,DART OpenAPI,2026-09-30
2020Q4,기업,재고자산,한국콜마|별도,37600655512,원,DART OpenAPI,2026-09-30
2020Q4,기업,매출채권,한국콜마|별도,105116480075,원,DART OpenAPI,2026-09-30
2020Q4,기업,직원수,한국콜마|별도,832,명,DART OpenAPI,2026-09-30
2021Q1,기업,매출액,한국콜마|연결,395299035132,원,DART OpenAPI,2026-09-30
2021Q1,기업,매출총이익,한국콜마|연결,103375672761,원,DART OpenAPI,2026-09-30
2021Q1,기업,판관비,한국콜마|연결,78958711860,원,DART OpenAPI,2026-09-30
2021Q1,기업,영업이익,한국콜마|연결,24246337586,원,DART OpenAPI,2026-09-30
2021Q1,기업,당기순이익,한국콜마|연결,15129267423,원,DART OpenAPI,2026-09-30
2021Q1,기업,지배주주순이익,한국콜마|연결,12311300623,원,DART OpenAPI,2026-09-30
2021Q1,기업,재고자산,한국콜마|연결,174796635333,원,DART OpenAPI,2026-09-30
2021Q1,기업,매출채권,한국콜마|연결,247925756751,원,DART OpenAPI,2026-09-30
2021Q1,기업,매출액,한국콜마|별도,172374151586,원,DART OpenAPI,2026-09-30
2021Q1,기업,매출총이익,한국콜마|별도,26029509469,원,DART OpenAPI,2026-09-30
2021Q1,기업,판관비,한국콜마|별도,10073605590,원,DART OpenAPI,2026-09-30
2021Q1,기업,영업이익,한국콜마|별도,15739643671,원,DART OpenAPI,2026-09-30
2021Q1,기업,당기순이익,한국콜마|별도,12743804271,원,DART OpenAPI,2026-09-30
2021Q1,기업,재고자산,한국콜마|별도,46335122989,원,DART OpenAPI,2026-09-30
2021Q1,기업,매출채권,한국콜마|별도,104891416943,원,DART OpenAPI,2026-09-30
2021Q1,기업,직원수,한국콜마|별도,926,명,DART OpenAPI,2026-09-30
2021Q2,기업,매출액,한국콜마|연결,412772220823,원,DART OpenAPI,2026-09-30
2021Q2,기업,매출총이익,한국콜마|연결,113010229419,원,DART OpenAPI,2026-09-30
2021Q2,기업,판관비,한국콜마|연결,91325774709,원,DART OpenAPI,2026-09-30
2021Q2,기업,영업이익,한국콜마|연결,21322710368,원,DART OpenAPI,2026-09-30
2021Q2,기업,당기순이익,한국콜마|연결,12170708493,원,DART OpenAPI,2026-09-30
2021Q2,기업,지배주주순이익,한국콜마|연결,12977532958,원,DART OpenAPI,2026-09-30
2021Q2,기업,재고자산,한국콜마|연결,188649289147,원,DART OpenAPI,2026-09-30
2021Q2,기업,매출채권,한국콜마|연결,247206733405,원,DART OpenAPI,2026-09-30
2021Q2,기업,매출액,한국콜마|별도,170192746050,원,DART OpenAPI,2026-09-30
2021Q2,기업,매출총이익,한국콜마|별도,28846539406,원,DART OpenAPI,2026-09-30
2021Q2,기업,판관비,한국콜마|별도,9353234381,원,DART OpenAPI,2026-09-30
2021Q2,기업,영업이익,한국콜마|별도,19942372952,원,DART OpenAPI,2026-09-30
2021Q2,기업,당기순이익,한국콜마|별도,13953160380,원,DART OpenAPI,2026-09-30
2021Q2,기업,재고자산,한국콜마|별도,49875122222,원,DART OpenAPI,2026-09-30
2021Q2,기업,매출채권,한국콜마|별도,100268530796,원,DART OpenAPI,2026-09-30
2021Q2,기업,직원수,한국콜마|별도,967,명,DART OpenAPI,2026-09-30
2021Q3,기업,매출액,한국콜마|연결,375966691568,원,DART OpenAPI,2026-09-30
2021Q3,기업,매출총이익,한국콜마|연결,102478324289,원,DART OpenAPI,2026-09-30
2021Q3,기업,판관비,한국콜마|연결,89616703494,원,DART OpenAPI,2026-09-30
2021Q3,기업,영업이익,한국콜마|연결,12778754569,원,DART OpenAPI,2026-09-30
2021Q3,기업,당기순이익,한국콜마|연결,6881791278,원,DART OpenAPI,2026-09-30
2021Q3,기업,지배주주순이익,한국콜마|연결,6397770260,원,DART OpenAPI,2026-09-30
2021Q3,기업,재고자산,한국콜마|연결,189257785598,원,DART OpenAPI,2026-09-30
2021Q3,기업,매출채권,한국콜마|연결,230740530852,원,DART OpenAPI,2026-09-30
2021Q3,기업,매출액,한국콜마|별도,141840003986,원,DART OpenAPI,2026-09-30
2021Q3,기업,매출총이익,한국콜마|별도,19159516904,원,DART OpenAPI,2026-09-30
2021Q3,기업,판관비,한국콜마|별도,9047280792,원,DART OpenAPI,2026-09-30
2021Q3,기업,영업이익,한국콜마|별도,10354550213,원,DART OpenAPI,2026-09-30
2021Q3,기업,당기순이익,한국콜마|별도,11217940208,원,DART OpenAPI,2026-09-30
2021Q3,기업,재고자산,한국콜마|별도,42155130240,원,DART OpenAPI,2026-09-30
2021Q3,기업,매출채권,한국콜마|별도,84679278385,원,DART OpenAPI,2026-09-30
2021Q3,기업,직원수,한국콜마|별도,992,명,DART OpenAPI,2026-09-30
2021FY,기업,매출액,한국콜마|연결,1586332710248,원,DART OpenAPI,2026-09-30
2021FY,기업,매출총이익,한국콜마|연결,428132952433,원,DART OpenAPI,2026-09-30
2021FY,기업,판관비,한국콜마|연결,342472066611,원,DART OpenAPI,2026-09-30
2021FY,기업,영업이익,한국콜마|연결,84267552991,원,DART OpenAPI,2026-09-30
2021FY,기업,당기순이익,한국콜마|연결,43534832905,원,DART OpenAPI,2026-09-30
2021FY,기업,지배주주순이익,한국콜마|연결,35811330538,원,DART OpenAPI,2026-09-30
2021Q4,기업,재고자산,한국콜마|연결,210170703353,원,DART OpenAPI,2026-09-30
2021Q4,기업,매출채권,한국콜마|연결,227713086584,원,DART OpenAPI,2026-09-30
2021FY,기업,매출액,한국콜마|별도,632823513300,원,DART OpenAPI,2026-09-30
2021FY,기업,매출총이익,한국콜마|별도,100077684663,원,DART OpenAPI,2026-09-30
2021FY,기업,판관비,한국콜마|별도,36014047427,원,DART OpenAPI,2026-09-30
2021FY,기업,영업이익,한국콜마|별도,65642304083,원,DART OpenAPI,2026-09-30
2021FY,기업,당기순이익,한국콜마|별도,48038940770,원,DART OpenAPI,2026-09-30
2021Q4,기업,재고자산,한국콜마|별도,55643728324,원,DART OpenAPI,2026-09-30
2021Q4,기업,매출채권,한국콜마|별도,92693802304,원,DART OpenAPI,2026-09-30
2021Q4,기업,직원수,한국콜마|별도,987,명,DART OpenAPI,2026-09-30
2022Q1,기업,매출액,한국콜마|연결,410443137860,원,DART OpenAPI,2026-09-30
2022Q1,기업,매출총이익,한국콜마|연결,100537885743,원,DART OpenAPI,2026-09-30
2022Q1,기업,판관비,한국콜마|연결,86605560884,원,DART OpenAPI,2026-09-30
2022Q1,기업,영업이익,한국콜마|연결,12907934695,원,DART OpenAPI,2026-09-30
2022Q1,기업,당기순이익,한국콜마|연결,14220322923,원,DART OpenAPI,2026-09-30
2022Q1,기업,지배주주순이익,한국콜마|연결,10005745042,원,DART OpenAPI,2026-09-30
2022Q1,기업,재고자산,한국콜마|연결,218596678778,원,DART OpenAPI,2026-09-30
2022Q1,기업,매출채권,한국콜마|연결,263618390959,원,DART OpenAPI,2026-09-30
2022Q1,기업,매출액,한국콜마|별도,179448049103,원,DART OpenAPI,2026-09-30
2022Q1,기업,매출총이익,한국콜마|별도,24424723435,원,DART OpenAPI,2026-09-30
2022Q1,기업,판관비,한국콜마|별도,9837844815,원,DART OpenAPI,2026-09-30
2022Q1,기업,영업이익,한국콜마|별도,14389225079,원,DART OpenAPI,2026-09-30
2022Q1,기업,당기순이익,한국콜마|별도,12366750855,원,DART OpenAPI,2026-09-30
2022Q1,기업,재고자산,한국콜마|별도,61676635224,원,DART OpenAPI,2026-09-30
2022Q1,기업,매출채권,한국콜마|별도,122991055674,원,DART OpenAPI,2026-09-30
2022Q1,기업,직원수,한국콜마|별도,973,명,DART OpenAPI,2026-09-30
2022Q2,기업,매출액,한국콜마|연결,502704547431,원,DART OpenAPI,2026-09-30
2022Q2,기업,매출총이익,한국콜마|연결,134260147512,원,DART OpenAPI,2026-09-30
2022Q2,기업,판관비,한국콜마|연결,100955759598,원,DART OpenAPI,2026-09-30
2022Q2,기업,영업이익,한국콜마|연결,33641532127,원,DART OpenAPI,2026-09-30
2022Q2,기업,당기순이익,한국콜마|연결,22522882209,원,DART OpenAPI,2026-09-30
2022Q2,기업,지배주주순이익,한국콜마|연결,14838574290,원,DART OpenAPI,2026-09-30
2022Q2,기업,재고자산,한국콜마|연결,233998214541,원,DART OpenAPI,2026-09-30
2022Q2,기업,매출채권,한국콜마|연결,319956793210,원,DART OpenAPI,2026-09-30
2022Q2,기업,매출액,한국콜마|별도,205791107348,원,DART OpenAPI,2026-09-30
2022Q2,기업,매출총이익,한국콜마|별도,34317295663,원,DART OpenAPI,2026-09-30
2022Q2,기업,판관비,한국콜마|별도,9878855468,원,DART OpenAPI,2026-09-30
2022Q2,기업,영업이익,한국콜마|별도,22889216261,원,DART OpenAPI,2026-09-30
2022Q2,기업,당기순이익,한국콜마|별도,11631374782,원,DART OpenAPI,2026-09-30
2022Q2,기업,재고자산,한국콜마|별도,61739389871,원,DART OpenAPI,2026-09-30
2022Q2,기업,매출채권,한국콜마|별도,123093241016,원,DART OpenAPI,2026-09-30
2022Q2,기업,직원수,한국콜마|별도,964,명,DART OpenAPI,2026-09-30
2022Q3,기업,매출액,한국콜마|연결,473518828595,원,DART OpenAPI,2026-09-30
2022Q3,기업,매출총이익,한국콜마|연결,120662923104,원,DART OpenAPI,2026-09-30
2022Q3,기업,판관비,한국콜마|연결,102713847680,원,DART OpenAPI,2026-09-30
2022Q3,기업,영업이익,한국콜마|연결,18094353955,원,DART OpenAPI,2026-09-30
2022Q3,기업,당기순이익,한국콜마|연결,6500473698,원,DART OpenAPI,2026-09-30
2022Q3,기업,지배주주순이익,한국콜마|연결,793423607,원,DART OpenAPI,2026-09-30
2022Q3,기업,재고자산,한국콜마|연결,254509168285,원,DART OpenAPI,2026-09-30
2022Q3,기업,매출채권,한국콜마|연결,293607975123,원,DART OpenAPI,2026-09-30
2022Q3,기업,계약부채,한국콜마|연결,2007897640,원,DART OpenAPI,2026-09-30
2022Q3,기업,매출액,한국콜마|별도,175482323480,원,DART OpenAPI,2026-09-30
2022Q3,기업,매출총이익,한국콜마|별도,24386858746,원,DART OpenAPI,2026-09-30
2022Q3,기업,판관비,한국콜마|별도,12502915652,원,DART OpenAPI,2026-09-30
2022Q3,기업,영업이익,한국콜마|별도,10391010753,원,DART OpenAPI,2026-09-30
2022Q3,기업,당기순이익,한국콜마|별도,9432318395,원,DART OpenAPI,2026-09-30
2022Q3,기업,재고자산,한국콜마|별도,55970590797,원,DART OpenAPI,2026-09-30
2022Q3,기업,매출채권,한국콜마|별도,108122247217,원,DART OpenAPI,2026-09-30
2022Q3,기업,직원수,한국콜마|별도,1021,명,DART OpenAPI,2026-09-30
2022FY,기업,매출액,한국콜마|연결,1865731523035,원,DART OpenAPI,2026-09-30
2022FY,기업,매출총이익,한국콜마|연결,468835271491,원,DART OpenAPI,2026-09-30
2022FY,기업,판관비,한국콜마|연결,392241779624,원,DART OpenAPI,2026-09-30
2022FY,기업,영업이익,한국콜마|연결,73280441382,원,DART OpenAPI,2026-09-30
2022FY,기업,당기순이익,한국콜마|연결,-4101004683,원,DART OpenAPI,2026-09-30
2022FY,기업,지배주주순이익,한국콜마|연결,-21981308645,원,DART OpenAPI,2026-09-30
2022Q4,기업,재고자산,한국콜마|연결,239404824504,원,DART OpenAPI,2026-09-30
2022Q4,기업,매출채권,한국콜마|연결,265733878503,원,DART OpenAPI,2026-09-30
2022Q4,기업,계약부채,한국콜마|연결,1799426661,원,DART OpenAPI,2026-09-30
2022FY,기업,매출액,한국콜마|별도,724645671224,원,DART OpenAPI,2026-09-30
2022FY,기업,매출총이익,한국콜마|별도,105603803151,원,DART OpenAPI,2026-09-30
2022FY,기업,판관비,한국콜마|별도,44109261889,원,DART OpenAPI,2026-09-30
2022FY,기업,영업이익,한국콜마|별도,69080549207,원,DART OpenAPI,2026-09-30
2022FY,기업,당기순이익,한국콜마|별도,-26433372778,원,DART OpenAPI,2026-09-30
2022Q4,기업,재고자산,한국콜마|별도,60422035841,원,DART OpenAPI,2026-09-30
2022Q4,기업,매출채권,한국콜마|별도,79817857364,원,DART OpenAPI,2026-09-30
2022Q4,기업,직원수,한국콜마|별도,1003,명,DART OpenAPI,2026-09-30
2023Q1,기업,매출액,한국콜마|연결,487660961331,원,DART OpenAPI,2026-09-30
2023Q1,기업,매출총이익,한국콜마|연결,116841469604,원,DART OpenAPI,2026-09-30
2023Q1,기업,판관비,한국콜마|연결,106033347777,원,DART OpenAPI,2026-09-30
2023Q1,기업,영업이익,한국콜마|연결,12058574023,원,DART OpenAPI,2026-09-30
2023Q1,기업,당기순이익,한국콜마|연결,6458589147,원,DART OpenAPI,2026-09-30
2023Q1,기업,지배주주순이익,한국콜마|연결,5822040498,원,DART OpenAPI,2026-09-30
2023Q1,기업,재고자산,한국콜마|연결,267654225530,원,DART OpenAPI,2026-09-30
2023Q1,기업,매출채권,한국콜마|연결,321091748061,원,DART OpenAPI,2026-09-30
2023Q1,기업,계약부채,한국콜마|연결,2244793616,원,DART OpenAPI,2026-09-30
2023Q1,기업,매출액,한국콜마|별도,201754699828,원,DART OpenAPI,2026-09-30
2023Q1,기업,매출총이익,한국콜마|별도,24223213994,원,DART OpenAPI,2026-09-30
2023Q1,기업,판관비,한국콜마|별도,10498436733,원,DART OpenAPI,2026-09-30
2023Q1,기업,영업이익,한국콜마|별도,13535811801,원,DART OpenAPI,2026-09-30
2023Q1,기업,당기순이익,한국콜마|별도,8049808915,원,DART OpenAPI,2026-09-30
2023Q1,기업,재고자산,한국콜마|별도,80481621278,원,DART OpenAPI,2026-09-30
2023Q1,기업,매출채권,한국콜마|별도,124632760848,원,DART OpenAPI,2026-09-30
2023Q1,기업,직원수,한국콜마|별도,1032,명,DART OpenAPI,2026-09-30
2023Q2,기업,매출액,한국콜마|연결,599737686970,원,DART OpenAPI,2026-09-30
2023Q2,기업,매출총이익,한국콜마|연결,163277304774,원,DART OpenAPI,2026-09-30
2023Q2,기업,판관비,한국콜마|연결,107604873650,원,DART OpenAPI,2026-09-30
2023Q2,기업,영업이익,한국콜마|연결,55672431124,원,DART OpenAPI,2026-09-30
2023Q2,기업,당기순이익,한국콜마|연결,42644857319,원,DART OpenAPI,2026-09-30
2023Q2,기업,지배주주순이익,한국콜마|연결,34773590034,원,DART OpenAPI,2026-09-30
2023Q2,기업,재고자산,한국콜마|연결,264142741685,원,DART OpenAPI,2026-09-30
2023Q2,기업,매출채권,한국콜마|연결,344565066827,원,DART OpenAPI,2026-09-30
2023Q2,기업,매출액,한국콜마|별도,254405937493,원,DART OpenAPI,2026-09-30
2023Q2,기업,매출총이익,한국콜마|별도,46213547857,원,DART OpenAPI,2026-09-30
2023Q2,기업,판관비,한국콜마|별도,11552977896,원,DART OpenAPI,2026-09-30
2023Q2,기업,영업이익,한국콜마|별도,34660569961,원,DART OpenAPI,2026-09-30
2023Q2,기업,당기순이익,한국콜마|별도,26274281021,원,DART OpenAPI,2026-09-30
2023Q2,기업,재고자산,한국콜마|별도,72968313538,원,DART OpenAPI,2026-09-30
2023Q2,기업,매출채권,한국콜마|별도,130852488045,원,DART OpenAPI,2026-09-30
2023Q2,기업,직원수,한국콜마|별도,1073,명,DART OpenAPI,2026-09-30
2023Q3,기업,매출액,한국콜마|연결,516384773087,원,DART OpenAPI,2026-09-30
2023Q3,기업,매출총이익,한국콜마|연결,141294420604,원,DART OpenAPI,2026-09-30
2023Q3,기업,판관비,한국콜마|연결,110259919797,원,DART OpenAPI,2026-09-30
2023Q3,기업,영업이익,한국콜마|연결,31034500807,원,DART OpenAPI,2026-09-30
2023Q3,기업,당기순이익,한국콜마|연결,19755998246,원,DART OpenAPI,2026-09-30
2023Q3,기업,지배주주순이익,한국콜마|연결,11489525627,원,DART OpenAPI,2026-09-30
2023Q3,기업,재고자산,한국콜마|연결,278099956484,원,DART OpenAPI,2026-09-30
2023Q3,기업,매출채권,한국콜마|연결,322799616108,원,DART OpenAPI,2026-09-30
2023Q3,기업,매출액,한국콜마|별도,186091765435,원,DART OpenAPI,2026-09-30
2023Q3,기업,매출총이익,한국콜마|별도,27379478674,원,DART OpenAPI,2026-09-30
2023Q3,기업,판관비,한국콜마|별도,14315080132,원,DART OpenAPI,2026-09-30
2023Q3,기업,영업이익,한국콜마|별도,13064398542,원,DART OpenAPI,2026-09-30
2023Q3,기업,당기순이익,한국콜마|별도,9144357542,원,DART OpenAPI,2026-09-30
2023Q3,기업,재고자산,한국콜마|별도,80105889671,원,DART OpenAPI,2026-09-30
2023Q3,기업,매출채권,한국콜마|별도,105860183252,원,DART OpenAPI,2026-09-30
2023FY,기업,매출액,한국콜마|연결,2155675927422,원,DART OpenAPI,2026-09-30
2023FY,기업,매출총이익,한국콜마|연결,578125987030,원,DART OpenAPI,2026-09-30
2023FY,기업,판관비,한국콜마|연결,441982647038,원,DART OpenAPI,2026-09-30
2023FY,기업,영업이익,한국콜마|연결,136143339992,원,DART OpenAPI,2026-09-30
2023FY,기업,당기순이익,한국콜마|연결,25138828951,원,DART OpenAPI,2026-09-30
2023FY,기업,지배주주순이익,한국콜마|연결,5191815106,원,DART OpenAPI,2026-09-30
2023Q4,기업,재고자산,한국콜마|연결,280914965122,원,DART OpenAPI,2026-09-30
2023Q4,기업,매출채권,한국콜마|연결,322554550134,원,DART OpenAPI,2026-09-30
2023FY,기업,매출액,한국콜마|별도,856755450058,원,DART OpenAPI,2026-09-30
2023FY,기업,매출총이익,한국콜마|별도,133582336052,원,DART OpenAPI,2026-09-30
2023FY,기업,판관비,한국콜마|별도,53930564664,원,DART OpenAPI,2026-09-30
2023FY,기업,영업이익,한국콜마|별도,79651771388,원,DART OpenAPI,2026-09-30
2023FY,기업,당기순이익,한국콜마|별도,17115776750,원,DART OpenAPI,2026-09-30
2023Q4,기업,재고자산,한국콜마|별도,81415959878,원,DART OpenAPI,2026-09-30
2023Q4,기업,매출채권,한국콜마|별도,108628539865,원,DART OpenAPI,2026-09-30
2023Q4,기업,직원수,한국콜마|별도,1110,명,DART OpenAPI,2026-09-30
2024Q1,기업,매출액,한국콜마|연결,574789537510,원,DART OpenAPI,2026-09-30
2024Q1,기업,매출총이익,한국콜마|연결,160617603886,원,DART OpenAPI,2026-09-30
2024Q1,기업,판관비,한국콜마|연결,128187836560,원,DART OpenAPI,2026-09-30
2024Q1,기업,영업이익,한국콜마|연결,32429767326,원,DART OpenAPI,2026-09-30
2024Q1,기업,당기순이익,한국콜마|연결,12073036094,원,DART OpenAPI,2026-09-30
2024Q1,기업,지배주주순이익,한국콜마|연결,6328364890,원,DART OpenAPI,2026-09-30
2024Q1,기업,재고자산,한국콜마|연결,321190919338,원,DART OpenAPI,2026-09-30
2024Q1,기업,매출채권,한국콜마|연결,348234774645,원,DART OpenAPI,2026-09-30
2024Q1,기업,매출액,한국콜마|별도,247796083321,원,DART OpenAPI,2026-09-30
2024Q1,기업,매출총이익,한국콜마|별도,37898898853,원,DART OpenAPI,2026-09-30
2024Q1,기업,판관비,한국콜마|별도,15071851564,원,DART OpenAPI,2026-09-30
2024Q1,기업,영업이익,한국콜마|별도,22827047289,원,DART OpenAPI,2026-09-30
2024Q1,기업,당기순이익,한국콜마|별도,15643671759,원,DART OpenAPI,2026-09-30
2024Q1,기업,재고자산,한국콜마|별도,91395512551,원,DART OpenAPI,2026-09-30
2024Q1,기업,매출채권,한국콜마|별도,138443019138,원,DART OpenAPI,2026-09-30
2024Q2,기업,매출액,한국콜마|연결,660271275247,원,DART OpenAPI,2026-09-30
2024Q2,기업,매출총이익,한국콜마|연결,193786425635,원,DART OpenAPI,2026-09-30
2024Q2,기업,판관비,한국콜마|연결,122045355843,원,DART OpenAPI,2026-09-30
2024Q2,기업,영업이익,한국콜마|연결,71741069792,원,DART OpenAPI,2026-09-30
2024Q2,기업,당기순이익,한국콜마|연결,45164951823,원,DART OpenAPI,2026-09-30
2024Q2,기업,지배주주순이익,한국콜마|연결,34851285354,원,DART OpenAPI,2026-09-30
2024Q2,기업,재고자산,한국콜마|연결,349884595406,원,DART OpenAPI,2026-09-30
2024Q2,기업,매출채권,한국콜마|연결,368408143331,원,DART OpenAPI,2026-09-30
2024Q2,기업,매출액,한국콜마|별도,296999438010,원,DART OpenAPI,2026-09-30
2024Q2,기업,매출총이익,한국콜마|별도,61062541723,원,DART OpenAPI,2026-09-30
2024Q2,기업,판관비,한국콜마|별도,16841394979,원,DART OpenAPI,2026-09-30
2024Q2,기업,영업이익,한국콜마|별도,44221146744,원,DART OpenAPI,2026-09-30
2024Q2,기업,당기순이익,한국콜마|별도,53135235661,원,DART OpenAPI,2026-09-30
2024Q2,기업,재고자산,한국콜마|별도,98139557345,원,DART OpenAPI,2026-09-30
2024Q2,기업,매출채권,한국콜마|별도,159722129163,원,DART OpenAPI,2026-09-30
2024Q2,기업,직원수,한국콜마|별도,1181,명,DART OpenAPI,2026-09-30
2024Q3,기업,매출액,한국콜마|연결,626505190045,원,DART OpenAPI,2026-09-30
2024Q3,기업,매출총이익,한국콜마|연결,176894419078,원,DART OpenAPI,2026-09-30
2024Q3,기업,판관비,한국콜마|연결,122354779903,원,DART OpenAPI,2026-09-30
2024Q3,기업,영업이익,한국콜마|연결,54539639175,원,DART OpenAPI,2026-09-30
2024Q3,기업,당기순이익,한국콜마|연결,23642266366,원,DART OpenAPI,2026-09-30
2024Q3,기업,지배주주순이익,한국콜마|연결,15378414556,원,DART OpenAPI,2026-09-30
2024Q3,기업,재고자산,한국콜마|연결,334035147236,원,DART OpenAPI,2026-09-30
2024Q3,기업,매출채권,한국콜마|연결,316552338620,원,DART OpenAPI,2026-09-30
2024Q3,기업,매출액,한국콜마|별도,273647891615,원,DART OpenAPI,2026-09-30
2024Q3,기업,매출총이익,한국콜마|별도,55110500290,원,DART OpenAPI,2026-09-30
2024Q3,기업,판관비,한국콜마|별도,17872877637,원,DART OpenAPI,2026-09-30
2024Q3,기업,영업이익,한국콜마|별도,37237622653,원,DART OpenAPI,2026-09-30
2024Q3,기업,당기순이익,한국콜마|별도,34847212079,원,DART OpenAPI,2026-09-30
2024Q3,기업,재고자산,한국콜마|별도,96128016364,원,DART OpenAPI,2026-09-30
2024Q3,기업,매출채권,한국콜마|별도,126272305194,원,DART OpenAPI,2026-09-30
2024FY,기업,매출액,한국콜마|연결,2452063980463,원,DART OpenAPI,2026-09-30
2024FY,기업,매출총이익,한국콜마|연결,698925522349,원,DART OpenAPI,2026-09-30
2024FY,기업,판관비,한국콜마|연결,505075098001,원,DART OpenAPI,2026-09-30
2024FY,기업,영업이익,한국콜마|연결,193850424348,원,DART OpenAPI,2026-09-30
2024FY,기업,당기순이익,한국콜마|연결,125324615188,원,DART OpenAPI,2026-09-30
2024FY,기업,지배주주순이익,한국콜마|연결,90074028307,원,DART OpenAPI,2026-09-30
2024Q4,기업,재고자산,한국콜마|연결,327667249099,원,DART OpenAPI,2026-09-30
2024Q4,기업,매출채권,한국콜마|연결,284223381552,원,DART OpenAPI,2026-09-30
2024FY,기업,매출액,한국콜마|별도,1059669026293,원,DART OpenAPI,2026-09-30
2024FY,기업,매출총이익,한국콜마|별도,195254303165,원,DART OpenAPI,2026-09-30
2024FY,기업,판관비,한국콜마|별도,72917859133,원,DART OpenAPI,2026-09-30
2024FY,기업,영업이익,한국콜마|별도,122336444032,원,DART OpenAPI,2026-09-30
2024FY,기업,당기순이익,한국콜마|별도,139048733860,원,DART OpenAPI,2026-09-30
2024Q4,기업,재고자산,한국콜마|별도,86956129536,원,DART OpenAPI,2026-09-30
2024Q4,기업,매출채권,한국콜마|별도,110527857652,원,DART OpenAPI,2026-09-30
2024Q4,기업,직원수,한국콜마|별도,1304,명,DART OpenAPI,2026-09-30
2025Q1,기업,매출액,한국콜마|연결,653085689014,원,DART OpenAPI,2026-09-30
2025Q1,기업,매출총이익,한국콜마|연결,190250516145,원,DART OpenAPI,2026-09-30
2025Q1,기업,판관비,한국콜마|연결,130310577861,원,DART OpenAPI,2026-09-30
2025Q1,기업,영업이익,한국콜마|연결,59939938284,원,DART OpenAPI,2026-09-30
2025Q1,기업,당기순이익,한국콜마|연결,23179056681,원,DART OpenAPI,2026-09-30
2025Q1,기업,지배주주순이익,한국콜마|연결,13246422336,원,DART OpenAPI,2026-09-30
2025Q1,기업,재고자산,한국콜마|연결,336627002241,원,DART OpenAPI,2026-09-30
2025Q1,기업,매출채권,한국콜마|연결,356754453248,원,DART OpenAPI,2026-09-30
2025Q1,기업,매출액,한국콜마|별도,274327996057,원,DART OpenAPI,2026-09-30
2025Q1,기업,매출총이익,한국콜마|별도,52372698836,원,DART OpenAPI,2026-09-30
2025Q1,기업,판관비,한국콜마|별도,18484365874,원,DART OpenAPI,2026-09-30
2025Q1,기업,영업이익,한국콜마|별도,33888332962,원,DART OpenAPI,2026-09-30
2025Q1,기업,당기순이익,한국콜마|별도,28880963596,원,DART OpenAPI,2026-09-30
2025Q1,기업,재고자산,한국콜마|별도,91464611265,원,DART OpenAPI,2026-09-30
2025Q1,기업,매출채권,한국콜마|별도,154082830561,원,DART OpenAPI,2026-09-30
2025Q2,기업,매출액,한국콜마|연결,730849244128,원,DART OpenAPI,2026-09-30
2025Q2,기업,매출총이익,한국콜마|연결,210535088758,원,DART OpenAPI,2026-09-30
2025Q2,기업,판관비,한국콜마|연결,137057808868,원,DART OpenAPI,2026-09-30
2025Q2,기업,영업이익,한국콜마|연결,73477279890,원,DART OpenAPI,2026-09-30
2025Q2,기업,당기순이익,한국콜마|연결,41803205089,원,DART OpenAPI,2026-09-30
2025Q2,기업,지배주주순이익,한국콜마|연결,34939584648,원,DART OpenAPI,2026-09-30
2025Q2,기업,재고자산,한국콜마|연결,332631201676,원,DART OpenAPI,2026-09-30
2025Q2,기업,매출채권,한국콜마|연결,370886510282,원,DART OpenAPI,2026-09-30
2025Q2,기업,매출액,한국콜마|별도,328144596478,원,DART OpenAPI,2026-09-30
2025Q2,기업,매출총이익,한국콜마|별도,70057819017,원,DART OpenAPI,2026-09-30
2025Q2,기업,판관비,한국콜마|별도,21025809559,원,DART OpenAPI,2026-09-30
2025Q2,기업,영업이익,한국콜마|별도,49032009458,원,DART OpenAPI,2026-09-30
2025Q2,기업,당기순이익,한국콜마|별도,31008506634,원,DART OpenAPI,2026-09-30
2025Q2,기업,재고자산,한국콜마|별도,105795256278,원,DART OpenAPI,2026-09-30
2025Q2,기업,매출채권,한국콜마|별도,166226666687,원,DART OpenAPI,2026-09-30
2025Q2,기업,직원수,한국콜마|별도,1357,명,DART OpenAPI,2026-09-30
2025Q3,기업,매출액,한국콜마|연결,683014538376,원,DART OpenAPI,2026-09-30
2025Q3,기업,매출총이익,한국콜마|연결,195339018547,원,DART OpenAPI,2026-09-30
2025Q3,기업,판관비,한국콜마|연결,137008779725,원,DART OpenAPI,2026-09-30
2025Q3,기업,영업이익,한국콜마|연결,58330238822,원,DART OpenAPI,2026-09-30
2025Q3,기업,당기순이익,한국콜마|연결,42378997730,원,DART OpenAPI,2026-09-30
2025Q3,기업,지배주주순이익,한국콜마|연결,31803763499,원,DART OpenAPI,2026-09-30
2025Q3,기업,재고자산,한국콜마|연결,452476278425,원,DART OpenAPI,2026-09-30
2025Q3,기업,매출채권,한국콜마|연결,347106570746,원,DART OpenAPI,2026-09-30
2025Q3,기업,매출액,한국콜마|별도,321983266764,원,DART OpenAPI,2026-09-30
2025Q3,기업,매출총이익,한국콜마|별도,66175048084,원,DART OpenAPI,2026-09-30
2025Q3,기업,판관비,한국콜마|별도,21860427995,원,DART OpenAPI,2026-09-30
2025Q3,기업,영업이익,한국콜마|별도,44314620089,원,DART OpenAPI,2026-09-30
2025Q3,기업,당기순이익,한국콜마|별도,34800790285,원,DART OpenAPI,2026-09-30
2025Q3,기업,재고자산,한국콜마|별도,91797415468,원,DART OpenAPI,2026-09-30
2025Q3,기업,매출채권,한국콜마|별도,157803635565,원,DART OpenAPI,2026-09-30
2025FY,기업,매출액,한국콜마|연결,2722419169325,원,DART OpenAPI,2026-09-30
2025FY,기업,매출총이익,한국콜마|연결,791447127242,원,DART OpenAPI,2026-09-30
2025FY,기업,판관비,한국콜마|연결,551852386794,원,DART OpenAPI,2026-09-30
2025FY,기업,영업이익,한국콜마|연결,239594740448,원,DART OpenAPI,2026-09-30
2025FY,기업,당기순이익,한국콜마|연결,168220449431,원,DART OpenAPI,2026-09-30
2025FY,기업,지배주주순이익,한국콜마|연결,125078561970,원,DART OpenAPI,2026-09-30
2025Q4,기업,재고자산,한국콜마|연결,324796974755,원,DART OpenAPI,2026-09-30
2025Q4,기업,매출채권,한국콜마|연결,333164710162,원,DART OpenAPI,2026-09-30
2025FY,기업,매출액,한국콜마|별도,1192752359723,원,DART OpenAPI,2026-09-30
2025FY,기업,매출총이익,한국콜마|별도,234342333629,원,DART OpenAPI,2026-09-30
2025FY,기업,판관비,한국콜마|별도,84809579485,원,DART OpenAPI,2026-09-30
2025FY,기업,영업이익,한국콜마|별도,149532754144,원,DART OpenAPI,2026-09-30
2025FY,기업,당기순이익,한국콜마|별도,114271379570,원,DART OpenAPI,2026-09-30
2025Q4,기업,재고자산,한국콜마|별도,102819026972,원,DART OpenAPI,2026-09-30
2025Q4,기업,매출채권,한국콜마|별도,142633207749,원,DART OpenAPI,2026-09-30
2025Q4,기업,직원수,한국콜마|별도,1542,명,DART OpenAPI,2026-09-30
2026Q1,기업,매출액,한국콜마|연결,728036468369,원,DART OpenAPI,2026-09-30
2026Q1,기업,매출총이익,한국콜마|연결,207800869917,원,DART OpenAPI,2026-09-30
2026Q1,기업,판관비,한국콜마|연결,128914850337,원,DART OpenAPI,2026-09-30
2026Q1,기업,영업이익,한국콜마|연결,78886019580,원,DART OpenAPI,2026-09-30
2026Q1,기업,당기순이익,한국콜마|연결,59954328251,원,DART OpenAPI,2026-09-30
2026Q1,기업,지배주주순이익,한국콜마|연결,45170609548,원,DART OpenAPI,2026-09-30
2026Q1,기업,재고자산,한국콜마|연결,357414367275,원,DART OpenAPI,2026-09-30
2026Q1,기업,매출채권,한국콜마|연결,405245398332,원,DART OpenAPI,2026-09-30
2026Q1,기업,매출액,한국콜마|별도,343046511857,원,DART OpenAPI,2026-09-30
2026Q1,기업,매출총이익,한국콜마|별도,70120204890,원,DART OpenAPI,2026-09-30
2026Q1,기업,판관비,한국콜마|별도,18886376822,원,DART OpenAPI,2026-09-30
2026Q1,기업,영업이익,한국콜마|별도,51233828068,원,DART OpenAPI,2026-09-30
2026Q1,기업,당기순이익,한국콜마|별도,44722330635,원,DART OpenAPI,2026-09-30
2026Q1,기업,재고자산,한국콜마|별도,115815760323,원,DART OpenAPI,2026-09-30
2026Q1,기업,매출채권,한국콜마|별도,187587925505,원,DART OpenAPI,2026-09-30
2026Q2,기업,매출액,한국콜마|연결,861276727774,원,DART OpenAPI,2026-09-30
2026Q2,기업,매출총이익,한국콜마|연결,249317969379,원,DART OpenAPI,2026-09-30
2026Q2,기업,판관비,한국콜마|연결,138977078156,원,DART OpenAPI,2026-09-30
2026Q2,기업,영업이익,한국콜마|연결,110340891223,원,DART OpenAPI,2026-09-30
2026Q2,기업,당기순이익,한국콜마|연결,70615085562,원,DART OpenAPI,2026-09-30
2026Q2,기업,지배주주순이익,한국콜마|연결,62821305495,원,DART OpenAPI,2026-09-30
2026Q2,기업,재고자산,한국콜마|연결,401111614466,원,DART OpenAPI,2026-09-30
2026Q2,기업,매출채권,한국콜마|연결,456747499528,원,DART OpenAPI,2026-09-30
2026Q2,기업,매출액,한국콜마|별도,430401171682,원,DART OpenAPI,2026-09-30
2026Q2,기업,매출총이익,한국콜마|별도,95225682308,원,DART OpenAPI,2026-09-30
2026Q2,기업,판관비,한국콜마|별도,24450646948,원,DART OpenAPI,2026-09-30
2026Q2,기업,영업이익,한국콜마|별도,70775035360,원,DART OpenAPI,2026-09-30
2026Q2,기업,당기순이익,한국콜마|별도,52140859687,원,DART OpenAPI,2026-09-30
2026Q2,기업,재고자산,한국콜마|별도,154266539270,원,DART OpenAPI,2026-09-30
2026Q2,기업,매출채권,한국콜마|별도,224713544011,원,DART OpenAPI,2026-09-30
2026Q2,기업,직원수,한국콜마|별도,1515,명,DART OpenAPI,2026-09-30
2020Q1,기업,매출액,코스메카코리아|연결,89334539198,원,DART OpenAPI,2026-09-30
2020Q1,기업,매출총이익,코스메카코리아|연결,17158805816,원,DART OpenAPI,2026-09-30
2020Q1,기업,판관비,코스메카코리아|연결,13727997239,원,DART OpenAPI,2026-09-30
2020Q1,기업,영업이익,코스메카코리아|연결,3430808577,원,DART OpenAPI,2026-09-30
2020Q1,기업,당기순이익,코스메카코리아|연결,2255748999,원,DART OpenAPI,2026-09-30
2020Q1,기업,지배주주순이익,코스메카코리아|연결,2125217139,원,DART OpenAPI,2026-09-30
2020Q1,기업,재고자산,코스메카코리아|연결,65082557267,원,DART OpenAPI,2026-09-30
2020Q1,기업,매출채권,코스메카코리아|연결,65087747314,원,DART OpenAPI,2026-09-30
2020Q1,기업,매출액,코스메카코리아|별도,55555273631,원,DART OpenAPI,2026-09-30
2020Q1,기업,매출총이익,코스메카코리아|별도,10922199957,원,DART OpenAPI,2026-09-30
2020Q1,기업,판관비,코스메카코리아|별도,7069890439,원,DART OpenAPI,2026-09-30
2020Q1,기업,영업이익,코스메카코리아|별도,3852309518,원,DART OpenAPI,2026-09-30
2020Q1,기업,당기순이익,코스메카코리아|별도,3475631558,원,DART OpenAPI,2026-09-30
2020Q1,기업,재고자산,코스메카코리아|별도,22501076459,원,DART OpenAPI,2026-09-30
2020Q1,기업,매출채권,코스메카코리아|별도,45127132913,원,DART OpenAPI,2026-09-30
2020Q1,기업,직원수,코스메카코리아|별도,554,명,DART OpenAPI,2026-09-30
2020Q2,기업,매출액,코스메카코리아|연결,90939773439,원,DART OpenAPI,2026-09-30
2020Q2,기업,매출총이익,코스메카코리아|연결,14788306092,원,DART OpenAPI,2026-09-30
2020Q2,기업,판관비,코스메카코리아|연결,12580986029,원,DART OpenAPI,2026-09-30
2020Q2,기업,영업이익,코스메카코리아|연결,2207320063,원,DART OpenAPI,2026-09-30
2020Q2,기업,당기순이익,코스메카코리아|연결,421141386,원,DART OpenAPI,2026-09-30
2020Q2,기업,지배주주순이익,코스메카코리아|연결,1306577413,원,DART OpenAPI,2026-09-30
2020Q2,기업,재고자산,코스메카코리아|연결,58450471680,원,DART OpenAPI,2026-09-30
2020Q2,기업,매출채권,코스메카코리아|연결,62505397533,원,DART OpenAPI,2026-09-30
2020Q2,기업,매출액,코스메카코리아|별도,58052381320,원,DART OpenAPI,2026-09-30
2020Q2,기업,매출총이익,코스메카코리아|별도,10917996488,원,DART OpenAPI,2026-09-30
2020Q2,기업,판관비,코스메카코리아|별도,6358033311,원,DART OpenAPI,2026-09-30
2020Q2,기업,영업이익,코스메카코리아|별도,4559963177,원,DART OpenAPI,2026-09-30
2020Q2,기업,당기순이익,코스메카코리아|별도,3429966921,원,DART OpenAPI,2026-09-30
2020Q2,기업,재고자산,코스메카코리아|별도,21001592928,원,DART OpenAPI,2026-09-30
2020Q2,기업,매출채권,코스메카코리아|별도,42023426812,원,DART OpenAPI,2026-09-30
2020Q2,기업,직원수,코스메카코리아|별도,550,명,DART OpenAPI,2026-09-30
2020Q3,기업,매출액,코스메카코리아|연결,77534604507,원,DART OpenAPI,2026-09-30
2020Q3,기업,매출총이익,코스메카코리아|연결,14286246826,원,DART OpenAPI,2026-09-30
2020Q3,기업,판관비,코스메카코리아|연결,12400520134,원,DART OpenAPI,2026-09-30
2020Q3,기업,영업이익,코스메카코리아|연결,1885726692,원,DART OpenAPI,2026-09-30
2020Q3,기업,당기순이익,코스메카코리아|연결,3809404,원,DART OpenAPI,2026-09-30
2020Q3,기업,지배주주순이익,코스메카코리아|연결,-641031022,원,DART OpenAPI,2026-09-30
2020Q3,기업,재고자산,코스메카코리아|연결,61805112065,원,DART OpenAPI,2026-09-30
2020Q3,기업,매출채권,코스메카코리아|연결,56061618924,원,DART OpenAPI,2026-09-30
2020Q3,기업,매출액,코스메카코리아|별도,43620885106,원,DART OpenAPI,2026-09-30
2020Q3,기업,매출총이익,코스메카코리아|별도,6883913185,원,DART OpenAPI,2026-09-30
2020Q3,기업,판관비,코스메카코리아|별도,6322174727,원,DART OpenAPI,2026-09-30
2020Q3,기업,영업이익,코스메카코리아|별도,561738458,원,DART OpenAPI,2026-09-30
2020Q3,기업,당기순이익,코스메카코리아|별도,262593141,원,DART OpenAPI,2026-09-30
2020Q3,기업,재고자산,코스메카코리아|별도,20769549391,원,DART OpenAPI,2026-09-30
2020Q3,기업,매출채권,코스메카코리아|별도,40930657969,원,DART OpenAPI,2026-09-30
2020Q3,기업,직원수,코스메카코리아|별도,543,명,DART OpenAPI,2026-09-30
2020FY,기업,매출액,코스메카코리아|연결,339055733911,원,DART OpenAPI,2026-09-30
2020FY,기업,매출총이익,코스메카코리아|연결,60782151987,원,DART OpenAPI,2026-09-30
2020FY,기업,판관비,코스메카코리아|연결,50879552920,원,DART OpenAPI,2026-09-30
2020FY,기업,영업이익,코스메카코리아|연결,9902599067,원,DART OpenAPI,2026-09-30
2020FY,기업,당기순이익,코스메카코리아|연결,3416483561,원,DART OpenAPI,2026-09-30
2020FY,기업,지배주주순이익,코스메카코리아|연결,2621759257,원,DART OpenAPI,2026-09-30
2020Q4,기업,재고자산,코스메카코리아|연결,59782866084,원,DART OpenAPI,2026-09-30
2020Q4,기업,매출채권,코스메카코리아|연결,53676101401,원,DART OpenAPI,2026-09-30
2020FY,기업,매출액,코스메카코리아|별도,197146224295,원,DART OpenAPI,2026-09-30
2020FY,기업,매출총이익,코스메카코리아|별도,36265604405,원,DART OpenAPI,2026-09-30
2020FY,기업,판관비,코스메카코리아|별도,25722008762,원,DART OpenAPI,2026-09-30
2020FY,기업,영업이익,코스메카코리아|별도,10543595643,원,DART OpenAPI,2026-09-30
2020FY,기업,당기순이익,코스메카코리아|별도,5602259515,원,DART OpenAPI,2026-09-30
2020Q4,기업,재고자산,코스메카코리아|별도,21415533570,원,DART OpenAPI,2026-09-30
2020Q4,기업,매출채권,코스메카코리아|별도,35352182106,원,DART OpenAPI,2026-09-30
2020Q4,기업,직원수,코스메카코리아|별도,520,명,DART OpenAPI,2026-09-30
2021Q1,기업,매출액,코스메카코리아|연결,93472435550,원,DART OpenAPI,2026-09-30
2021Q1,기업,매출총이익,코스메카코리아|연결,16718888675,원,DART OpenAPI,2026-09-30
2021Q1,기업,판관비,코스메카코리아|연결,13359932372,원,DART OpenAPI,2026-09-30
2021Q1,기업,영업이익,코스메카코리아|연결,3358956303,원,DART OpenAPI,2026-09-30
2021Q1,기업,당기순이익,코스메카코리아|연결,2780459411,원,DART OpenAPI,2026-09-30
2021Q1,기업,지배주주순이익,코스메카코리아|연결,1962209497,원,DART OpenAPI,2026-09-30
2021Q1,기업,재고자산,코스메카코리아|연결,66480633863,원,DART OpenAPI,2026-09-30
2021Q1,기업,매출채권,코스메카코리아|연결,71522624052,원,DART OpenAPI,2026-09-30
2021Q1,기업,매출액,코스메카코리아|별도,55703017554,원,DART OpenAPI,2026-09-30
2021Q1,기업,매출총이익,코스메카코리아|별도,9791039349,원,DART OpenAPI,2026-09-30
2021Q1,기업,판관비,코스메카코리아|별도,7470521300,원,DART OpenAPI,2026-09-30
2021Q1,기업,영업이익,코스메카코리아|별도,2320518049,원,DART OpenAPI,2026-09-30
2021Q1,기업,당기순이익,코스메카코리아|별도,3181206776,원,DART OpenAPI,2026-09-30
2021Q1,기업,재고자산,코스메카코리아|별도,20959959377,원,DART OpenAPI,2026-09-30
2021Q1,기업,매출채권,코스메카코리아|별도,49207932178,원,DART OpenAPI,2026-09-30
2021Q1,기업,직원수,코스메카코리아|별도,523,명,DART OpenAPI,2026-09-30
2021Q2,기업,매출액,코스메카코리아|연결,111971002884,원,DART OpenAPI,2026-09-30
2021Q2,기업,매출총이익,코스메카코리아|연결,22400395921,원,DART OpenAPI,2026-09-30
2021Q2,기업,판관비,코스메카코리아|연결,13609891880,원,DART OpenAPI,2026-09-30
2021Q2,기업,영업이익,코스메카코리아|연결,8790504041,원,DART OpenAPI,2026-09-30
2021Q2,기업,당기순이익,코스메카코리아|연결,4561915170,원,DART OpenAPI,2026-09-30
2021Q2,기업,지배주주순이익,코스메카코리아|연결,2524102701,원,DART OpenAPI,2026-09-30
2021Q2,기업,재고자산,코스메카코리아|연결,71732644047,원,DART OpenAPI,2026-09-30
2021Q2,기업,매출채권,코스메카코리아|연결,75691386300,원,DART OpenAPI,2026-09-30
2021Q2,기업,매출액,코스메카코리아|별도,63673887282,원,DART OpenAPI,2026-09-30
2021Q2,기업,매출총이익,코스메카코리아|별도,10505066042,원,DART OpenAPI,2026-09-30
2021Q2,기업,판관비,코스메카코리아|별도,6821884256,원,DART OpenAPI,2026-09-30
2021Q2,기업,영업이익,코스메카코리아|별도,3683181786,원,DART OpenAPI,2026-09-30
2021Q2,기업,당기순이익,코스메카코리아|별도,2050411384,원,DART OpenAPI,2026-09-30
2021Q2,기업,재고자산,코스메카코리아|별도,22010168892,원,DART OpenAPI,2026-09-30
2021Q2,기업,매출채권,코스메카코리아|별도,43561653168,원,DART OpenAPI,2026-09-30
2021Q2,기업,직원수,코스메카코리아|별도,499,명,DART OpenAPI,2026-09-30
2021Q3,기업,매출액,코스메카코리아|연결,97303983579,원,DART OpenAPI,2026-09-30
2021Q3,기업,매출총이익,코스메카코리아|연결,16604485146,원,DART OpenAPI,2026-09-30
2021Q3,기업,판관비,코스메카코리아|연결,10044636901,원,DART OpenAPI,2026-09-30
2021Q3,기업,영업이익,코스메카코리아|연결,6559848245,원,DART OpenAPI,2026-09-30
2021Q3,기업,당기순이익,코스메카코리아|연결,6171793669,원,DART OpenAPI,2026-09-30
2021Q3,기업,지배주주순이익,코스메카코리아|연결,3161132230,원,DART OpenAPI,2026-09-30
2021Q3,기업,재고자산,코스메카코리아|연결,65881634113,원,DART OpenAPI,2026-09-30
2021Q3,기업,매출채권,코스메카코리아|연결,80272878081,원,DART OpenAPI,2026-09-30
2021Q3,기업,매출액,코스메카코리아|별도,49422096873,원,DART OpenAPI,2026-09-30
2021Q3,기업,매출총이익,코스메카코리아|별도,8142758089,원,DART OpenAPI,2026-09-30
2021Q3,기업,판관비,코스메카코리아|별도,6892327071,원,DART OpenAPI,2026-09-30
2021Q3,기업,영업이익,코스메카코리아|별도,1250431018,원,DART OpenAPI,2026-09-30
2021Q3,기업,당기순이익,코스메카코리아|별도,1885429161,원,DART OpenAPI,2026-09-30
2021Q3,기업,재고자산,코스메카코리아|별도,18073901949,원,DART OpenAPI,2026-09-30
2021Q3,기업,매출채권,코스메카코리아|별도,43960986949,원,DART OpenAPI,2026-09-30
2021Q3,기업,직원수,코스메카코리아|별도,509,명,DART OpenAPI,2026-09-30
2021FY,기업,매출액,코스메카코리아|연결,396465785819,원,DART OpenAPI,2026-09-30
2021FY,기업,매출총이익,코스메카코리아|연결,72739761463,원,DART OpenAPI,2026-09-30
2021FY,기업,판관비,코스메카코리아|연결,52638070942,원,DART OpenAPI,2026-09-30
2021FY,기업,영업이익,코스메카코리아|연결,20101690521,원,DART OpenAPI,2026-09-30
2021FY,기업,당기순이익,코스메카코리아|연결,16967233195,원,DART OpenAPI,2026-09-30
2021FY,기업,지배주주순이익,코스메카코리아|연결,8904077196,원,DART OpenAPI,2026-09-30
2021Q4,기업,재고자산,코스메카코리아|연결,66958658392,원,DART OpenAPI,2026-09-30
2021Q4,기업,매출채권,코스메카코리아|연결,79059237822,원,DART OpenAPI,2026-09-30
2021FY,기업,매출액,코스메카코리아|별도,217364581053,원,DART OpenAPI,2026-09-30
2021FY,기업,매출총이익,코스메카코리아|별도,36084709924,원,DART OpenAPI,2026-09-30
2021FY,기업,판관비,코스메카코리아|별도,27717412889,원,DART OpenAPI,2026-09-30
2021FY,기업,영업이익,코스메카코리아|별도,8367297035,원,DART OpenAPI,2026-09-30
2021FY,기업,당기순이익,코스메카코리아|별도,2057228582,원,DART OpenAPI,2026-09-30
2021Q4,기업,재고자산,코스메카코리아|별도,17374368736,원,DART OpenAPI,2026-09-30
2021Q4,기업,매출채권,코스메카코리아|별도,35883920275,원,DART OpenAPI,2026-09-30
2021Q4,기업,직원수,코스메카코리아|별도,498,명,DART OpenAPI,2026-09-30
2022Q1,기업,매출액,코스메카코리아|연결,88997255599,원,DART OpenAPI,2026-09-30
2022Q1,기업,매출총이익,코스메카코리아|연결,12764078356,원,DART OpenAPI,2026-09-30
2022Q1,기업,판관비,코스메카코리아|연결,12151594865,원,DART OpenAPI,2026-09-30
2022Q1,기업,영업이익,코스메카코리아|연결,612483491,원,DART OpenAPI,2026-09-30
2022Q1,기업,당기순이익,코스메카코리아|연결,115823182,원,DART OpenAPI,2026-09-30
2022Q1,기업,지배주주순이익,코스메카코리아|연결,-23048040,원,DART OpenAPI,2026-09-30
2022Q1,기업,재고자산,코스메카코리아|연결,70924445035,원,DART OpenAPI,2026-09-30
2022Q1,기업,매출채권,코스메카코리아|연결,89482175935,원,DART OpenAPI,2026-09-30
2022Q1,기업,매출액,코스메카코리아|별도,50838672348,원,DART OpenAPI,2026-09-30
2022Q1,기업,매출총이익,코스메카코리아|별도,8465598675,원,DART OpenAPI,2026-09-30
2022Q1,기업,판관비,코스메카코리아|별도,6935647433,원,DART OpenAPI,2026-09-30
2022Q1,기업,영업이익,코스메카코리아|별도,1529951242,원,DART OpenAPI,2026-09-30
2022Q1,기업,당기순이익,코스메카코리아|별도,1464305596,원,DART OpenAPI,2026-09-30
2022Q1,기업,재고자산,코스메카코리아|별도,19938864489,원,DART OpenAPI,2026-09-30
2022Q1,기업,매출채권,코스메카코리아|별도,40722246619,원,DART OpenAPI,2026-09-30
2022Q1,기업,직원수,코스메카코리아|별도,544,명,DART OpenAPI,2026-09-30
2022Q2,기업,매출액,코스메카코리아|연결,100411742759,원,DART OpenAPI,2026-09-30
2022Q2,기업,매출총이익,코스메카코리아|연결,18461591366,원,DART OpenAPI,2026-09-30
2022Q2,기업,판관비,코스메카코리아|연결,15400309178,원,DART OpenAPI,2026-09-30
2022Q2,기업,영업이익,코스메카코리아|연결,3061282188,원,DART OpenAPI,2026-09-30
2022Q2,기업,당기순이익,코스메카코리아|연결,2788784704,원,DART OpenAPI,2026-09-30
2022Q2,기업,지배주주순이익,코스메카코리아|연결,1719111209,원,DART OpenAPI,2026-09-30
2022Q2,기업,재고자산,코스메카코리아|연결,78314285768,원,DART OpenAPI,2026-09-30
2022Q2,기업,매출채권,코스메카코리아|연결,87231990581,원,DART OpenAPI,2026-09-30
2022Q2,기업,매출액,코스메카코리아|별도,60189485040,원,DART OpenAPI,2026-09-30
2022Q2,기업,매출총이익,코스메카코리아|별도,10587228537,원,DART OpenAPI,2026-09-30
2022Q2,기업,판관비,코스메카코리아|별도,8211129030,원,DART OpenAPI,2026-09-30
2022Q2,기업,영업이익,코스메카코리아|별도,2376099507,원,DART OpenAPI,2026-09-30
2022Q2,기업,당기순이익,코스메카코리아|별도,2050465712,원,DART OpenAPI,2026-09-30
2022Q2,기업,재고자산,코스메카코리아|별도,20480074295,원,DART OpenAPI,2026-09-30
2022Q2,기업,매출채권,코스메카코리아|별도,42686563431,원,DART OpenAPI,2026-09-30
2022Q2,기업,직원수,코스메카코리아|별도,538,명,DART OpenAPI,2026-09-30
2022Q3,기업,매출액,코스메카코리아|연결,103544135699,원,DART OpenAPI,2026-09-30
2022Q3,기업,매출총이익,코스메카코리아|연결,16386969987,원,DART OpenAPI,2026-09-30
2022Q3,기업,판관비,코스메카코리아|연결,13451336859,원,DART OpenAPI,2026-09-30
2022Q3,기업,영업이익,코스메카코리아|연결,2935633128,원,DART OpenAPI,2026-09-30
2022Q3,기업,당기순이익,코스메카코리아|연결,3343815612,원,DART OpenAPI,2026-09-30
2022Q3,기업,지배주주순이익,코스메카코리아|연결,630999138,원,DART OpenAPI,2026-09-30
2022Q3,기업,재고자산,코스메카코리아|연결,80212122399,원,DART OpenAPI,2026-09-30
2022Q3,기업,매출채권,코스메카코리아|연결,94923147339,원,DART OpenAPI,2026-09-30
2022Q3,기업,매출액,코스메카코리아|별도,57062917294,원,DART OpenAPI,2026-09-30
2022Q3,기업,매출총이익,코스메카코리아|별도,9439268219,원,DART OpenAPI,2026-09-30
2022Q3,기업,판관비,코스메카코리아|별도,7599514585,원,DART OpenAPI,2026-09-30
2022Q3,기업,영업이익,코스메카코리아|별도,1839753634,원,DART OpenAPI,2026-09-30
2022Q3,기업,당기순이익,코스메카코리아|별도,1828001149,원,DART OpenAPI,2026-09-30
2022Q3,기업,재고자산,코스메카코리아|별도,20471091979,원,DART OpenAPI,2026-09-30
2022Q3,기업,매출채권,코스메카코리아|별도,44387862904,원,DART OpenAPI,2026-09-30
2022Q3,기업,직원수,코스메카코리아|별도,524,명,DART OpenAPI,2026-09-30
2022FY,기업,매출액,코스메카코리아|연결,399399237901,원,DART OpenAPI,2026-09-30
2022FY,기업,매출총이익,코스메카코리아|연결,65083694249,원,DART OpenAPI,2026-09-30
2022FY,기업,판관비,코스메카코리아|연결,54716257100,원,DART OpenAPI,2026-09-30
2022FY,기업,영업이익,코스메카코리아|연결,10367437149,원,DART OpenAPI,2026-09-30
2022FY,기업,당기순이익,코스메카코리아|연결,6002734887,원,DART OpenAPI,2026-09-30
2022FY,기업,지배주주순이익,코스메카코리아|연결,2656041834,원,DART OpenAPI,2026-09-30
2022Q4,기업,재고자산,코스메카코리아|연결,71176258925,원,DART OpenAPI,2026-09-30
2022Q4,기업,매출채권,코스메카코리아|연결,83550474268,원,DART OpenAPI,2026-09-30
2022FY,기업,매출액,코스메카코리아|별도,227401439036,원,DART OpenAPI,2026-09-30
2022FY,기업,매출총이익,코스메카코리아|별도,38234690100,원,DART OpenAPI,2026-09-30
2022FY,기업,판관비,코스메카코리아|별도,30546542993,원,DART OpenAPI,2026-09-30
2022FY,기업,영업이익,코스메카코리아|별도,7688147107,원,DART OpenAPI,2026-09-30
2022FY,기업,당기순이익,코스메카코리아|별도,4968006046,원,DART OpenAPI,2026-09-30
2022Q4,기업,재고자산,코스메카코리아|별도,20700714274,원,DART OpenAPI,2026-09-30
2022Q4,기업,매출채권,코스메카코리아|별도,45099397996,원,DART OpenAPI,2026-09-30
2022Q4,기업,직원수,코스메카코리아|별도,527,명,DART OpenAPI,2026-09-30
2023Q1,기업,매출액,코스메카코리아|연결,115932322832,원,DART OpenAPI,2026-09-30
2023Q1,기업,매출총이익,코스메카코리아|연결,23651352239,원,DART OpenAPI,2026-09-30
2023Q1,기업,판관비,코스메카코리아|연결,14397296059,원,DART OpenAPI,2026-09-30
2023Q1,기업,영업이익,코스메카코리아|연결,9254056180,원,DART OpenAPI,2026-09-30
2023Q1,기업,당기순이익,코스메카코리아|연결,7356798590,원,DART OpenAPI,2026-09-30
2023Q1,기업,지배주주순이익,코스메카코리아|연결,4471649759,원,DART OpenAPI,2026-09-30
2023Q1,기업,재고자산,코스메카코리아|연결,70774170920,원,DART OpenAPI,2026-09-30
2023Q1,기업,매출채권,코스메카코리아|연결,87218327902,원,DART OpenAPI,2026-09-30
2023Q1,기업,매출액,코스메카코리아|별도,65892929810,원,DART OpenAPI,2026-09-30
2023Q1,기업,매출총이익,코스메카코리아|별도,13129765298,원,DART OpenAPI,2026-09-30
2023Q1,기업,판관비,코스메카코리아|별도,8543336865,원,DART OpenAPI,2026-09-30
2023Q1,기업,영업이익,코스메카코리아|별도,4586428433,원,DART OpenAPI,2026-09-30
2023Q1,기업,당기순이익,코스메카코리아|별도,3917420720,원,DART OpenAPI,2026-09-30
2023Q1,기업,재고자산,코스메카코리아|별도,24036733193,원,DART OpenAPI,2026-09-30
2023Q1,기업,매출채권,코스메카코리아|별도,45999287782,원,DART OpenAPI,2026-09-30
2023Q1,기업,직원수,코스메카코리아|별도,552,명,DART OpenAPI,2026-09-30
2023Q2,기업,매출액,코스메카코리아|연결,115651142905,원,DART OpenAPI,2026-09-30
2023Q2,기업,매출총이익,코스메카코리아|연결,26614164450,원,DART OpenAPI,2026-09-30
2023Q2,기업,판관비,코스메카코리아|연결,15449816077,원,DART OpenAPI,2026-09-30
2023Q2,기업,영업이익,코스메카코리아|연결,11164348373,원,DART OpenAPI,2026-09-30
2023Q2,기업,당기순이익,코스메카코리아|연결,8621814608,원,DART OpenAPI,2026-09-30
2023Q2,기업,지배주주순이익,코스메카코리아|연결,5914396826,원,DART OpenAPI,2026-09-30
2023Q2,기업,재고자산,코스메카코리아|연결,61356009326,원,DART OpenAPI,2026-09-30
2023Q2,기업,매출채권,코스메카코리아|연결,91880815695,원,DART OpenAPI,2026-09-30
2023Q2,기업,매출액,코스메카코리아|별도,65892929810,원,DART OpenAPI,2026-09-30
2023Q2,기업,매출총이익,코스메카코리아|별도,13129765298,원,DART OpenAPI,2026-09-30
2023Q2,기업,판관비,코스메카코리아|별도,8543336865,원,DART OpenAPI,2026-09-30
2023Q2,기업,영업이익,코스메카코리아|별도,4586428433,원,DART OpenAPI,2026-09-30
2023Q2,기업,당기순이익,코스메카코리아|별도,3917420720,원,DART OpenAPI,2026-09-30
2023Q2,기업,재고자산,코스메카코리아|별도,18618624567,원,DART OpenAPI,2026-09-30
2023Q2,기업,매출채권,코스메카코리아|별도,49825963730,원,DART OpenAPI,2026-09-30
2023Q2,기업,직원수,코스메카코리아|별도,453,명,DART OpenAPI,2026-09-30
2023Q3,기업,매출액,코스메카코리아|연결,116399125357,원,DART OpenAPI,2026-09-30
2023Q3,기업,매출총이익,코스메카코리아|연결,28132120629,원,DART OpenAPI,2026-09-30
2023Q3,기업,판관비,코스메카코리아|연결,14431490066,원,DART OpenAPI,2026-09-30
2023Q3,기업,영업이익,코스메카코리아|연결,13700630563,원,DART OpenAPI,2026-09-30
2023Q3,기업,당기순이익,코스메카코리아|연결,11766611338,원,DART OpenAPI,2026-09-30
2023Q3,기업,지배주주순이익,코스메카코리아|연결,7276456589,원,DART OpenAPI,2026-09-30
2023Q3,기업,재고자산,코스메카코리아|연결,65905615880,원,DART OpenAPI,2026-09-30
2023Q3,기업,매출채권,코스메카코리아|연결,111668702723,원,DART OpenAPI,2026-09-30
2023Q3,기업,매출액,코스메카코리아|별도,66371689764,원,DART OpenAPI,2026-09-30
2023Q3,기업,매출총이익,코스메카코리아|별도,12551208198,원,DART OpenAPI,2026-09-30
2023Q3,기업,판관비,코스메카코리아|별도,7813468282,원,DART OpenAPI,2026-09-30
2023Q3,기업,영업이익,코스메카코리아|별도,4737739916,원,DART OpenAPI,2026-09-30
2023Q3,기업,당기순이익,코스메카코리아|별도,3806499421,원,DART OpenAPI,2026-09-30
2023Q3,기업,재고자산,코스메카코리아|별도,18228955855,원,DART OpenAPI,2026-09-30
2023Q3,기업,매출채권,코스메카코리아|별도,63587906847,원,DART OpenAPI,2026-09-30
2023Q3,기업,직원수,코스메카코리아|별도,431,명,DART OpenAPI,2026-09-30
2023FY,기업,매출액,코스메카코리아|연결,470719111291,원,DART OpenAPI,2026-09-30
2023FY,기업,매출총이익,코스메카코리아|연결,107121856986,원,DART OpenAPI,2026-09-30
2023FY,기업,판관비,코스메카코리아|연결,57967781477,원,DART OpenAPI,2026-09-30
2023FY,기업,영업이익,코스메카코리아|연결,49154075509,원,DART OpenAPI,2026-09-30
2023FY,기업,당기순이익,코스메카코리아|연결,33886925952,원,DART OpenAPI,2026-09-30
2023FY,기업,지배주주순이익,코스메카코리아|연결,22319254225,원,DART OpenAPI,2026-09-30
2023Q4,기업,재고자산,코스메카코리아|연결,65643255876,원,DART OpenAPI,2026-09-30
2023Q4,기업,매출채권,코스메카코리아|연결,112851939098,원,DART OpenAPI,2026-09-30
2023FY,기업,매출액,코스메카코리아|별도,268641961132,원,DART OpenAPI,2026-09-30
2023FY,기업,매출총이익,코스메카코리아|별도,55597152912,원,DART OpenAPI,2026-09-30
2023FY,기업,판관비,코스메카코리아|별도,32686329818,원,DART OpenAPI,2026-09-30
2023FY,기업,영업이익,코스메카코리아|별도,22910823094,원,DART OpenAPI,2026-09-30
2023FY,기업,당기순이익,코스메카코리아|별도,17118785963,원,DART OpenAPI,2026-09-30
2023Q4,기업,재고자산,코스메카코리아|별도,18788355166,원,DART OpenAPI,2026-09-30
2023Q4,기업,매출채권,코스메카코리아|별도,61479044696,원,DART OpenAPI,2026-09-30
2023Q4,기업,직원수,코스메카코리아|별도,431,명,DART OpenAPI,2026-09-30
2024Q1,기업,매출액,코스메카코리아|연결,125588030441,원,DART OpenAPI,2026-09-30
2024Q1,기업,매출총이익,코스메카코리아|연결,29501308685,원,DART OpenAPI,2026-09-30
2024Q1,기업,판관비,코스메카코리아|연결,15770902315,원,DART OpenAPI,2026-09-30
2024Q1,기업,영업이익,코스메카코리아|연결,13730406370,원,DART OpenAPI,2026-09-30
2024Q1,기업,당기순이익,코스메카코리아|연결,12552677783,원,DART OpenAPI,2026-09-30
2024Q1,기업,지배주주순이익,코스메카코리아|연결,8787588622,원,DART OpenAPI,2026-09-30
2024Q1,기업,재고자산,코스메카코리아|연결,65339052228,원,DART OpenAPI,2026-09-30
2024Q1,기업,매출채권,코스메카코리아|연결,130586993220,원,DART OpenAPI,2026-09-30
2024Q1,기업,매출액,코스메카코리아|별도,68751852502,원,DART OpenAPI,2026-09-30
2024Q1,기업,매출총이익,코스메카코리아|별도,16563916542,원,DART OpenAPI,2026-09-30
2024Q1,기업,판관비,코스메카코리아|별도,9137887129,원,DART OpenAPI,2026-09-30
2024Q1,기업,영업이익,코스메카코리아|별도,7426029413,원,DART OpenAPI,2026-09-30
2024Q1,기업,당기순이익,코스메카코리아|별도,7167730260,원,DART OpenAPI,2026-09-30
2024Q1,기업,재고자산,코스메카코리아|별도,22614063323,원,DART OpenAPI,2026-09-30
2024Q1,기업,매출채권,코스메카코리아|별도,68122317080,원,DART OpenAPI,2026-09-30
2024Q1,기업,직원수,코스메카코리아|별도,434,명,DART OpenAPI,2026-09-30
2024Q2,기업,매출액,코스메카코리아|연결,143769968969,원,DART OpenAPI,2026-09-30
2024Q2,기업,매출총이익,코스메카코리아|연결,35169496593,원,DART OpenAPI,2026-09-30
2024Q2,기업,판관비,코스메카코리아|연결,17075901379,원,DART OpenAPI,2026-09-30
2024Q2,기업,영업이익,코스메카코리아|연결,18093595214,원,DART OpenAPI,2026-09-30
2024Q2,기업,당기순이익,코스메카코리아|연결,16309165885,원,DART OpenAPI,2026-09-30
2024Q2,기업,지배주주순이익,코스메카코리아|연결,13726912772,원,DART OpenAPI,2026-09-30
2024Q2,기업,재고자산,코스메카코리아|연결,66597840966,원,DART OpenAPI,2026-09-30
2024Q2,기업,매출채권,코스메카코리아|연결,134732988025,원,DART OpenAPI,2026-09-30
2024Q2,기업,매출액,코스메카코리아|별도,94626116932,원,DART OpenAPI,2026-09-30
2024Q2,기업,매출총이익,코스메카코리아|별도,24185930785,원,DART OpenAPI,2026-09-30
2024Q2,기업,판관비,코스메카코리아|별도,9849208732,원,DART OpenAPI,2026-09-30
2024Q2,기업,영업이익,코스메카코리아|별도,14336722053,원,DART OpenAPI,2026-09-30
2024Q2,기업,당기순이익,코스메카코리아|별도,10433550618,원,DART OpenAPI,2026-09-30
2024Q2,기업,재고자산,코스메카코리아|별도,24845967336,원,DART OpenAPI,2026-09-30
2024Q2,기업,매출채권,코스메카코리아|별도,68165364841,원,DART OpenAPI,2026-09-30
2024Q2,기업,직원수,코스메카코리아|별도,437,명,DART OpenAPI,2026-09-30
2024Q3,기업,매출액,코스메카코리아|연결,126627253579,원,DART OpenAPI,2026-09-30
2024Q3,기업,매출총이익,코스메카코리아|연결,30073052339,원,DART OpenAPI,2026-09-30
2024Q3,기업,판관비,코스메카코리아|연결,14865762815,원,DART OpenAPI,2026-09-30
2024Q3,기업,영업이익,코스메카코리아|연결,15207289524,원,DART OpenAPI,2026-09-30
2024Q3,기업,당기순이익,코스메카코리아|연결,8553643741,원,DART OpenAPI,2026-09-30
2024Q3,기업,지배주주순이익,코스메카코리아|연결,8479349246,원,DART OpenAPI,2026-09-30
2024Q3,기업,재고자산,코스메카코리아|연결,66766197305,원,DART OpenAPI,2026-09-30
2024Q3,기업,매출채권,코스메카코리아|연결,110029322303,원,DART OpenAPI,2026-09-30
2024Q3,기업,매출액,코스메카코리아|별도,82501049795,원,DART OpenAPI,2026-09-30
2024Q3,기업,매출총이익,코스메카코리아|별도,20504159401,원,DART OpenAPI,2026-09-30
2024Q3,기업,판관비,코스메카코리아|별도,8503108968,원,DART OpenAPI,2026-09-30
2024Q3,기업,영업이익,코스메카코리아|별도,12001050433,원,DART OpenAPI,2026-09-30
2024Q3,기업,당기순이익,코스메카코리아|별도,9099293703,원,DART OpenAPI,2026-09-30
2024Q3,기업,재고자산,코스메카코리아|별도,24421314271,원,DART OpenAPI,2026-09-30
2024Q3,기업,매출채권,코스메카코리아|별도,45535479753,원,DART OpenAPI,2026-09-30
2024Q3,기업,직원수,코스메카코리아|별도,447,명,DART OpenAPI,2026-09-30
2024FY,기업,매출액,코스메카코리아|연결,524328644684,원,DART OpenAPI,2026-09-30
2024FY,기업,매출총이익,코스메카코리아|연결,124506255806,원,DART OpenAPI,2026-09-30
2024FY,기업,판관비,코스메카코리아|연결,64143789340,원,DART OpenAPI,2026-09-30
2024FY,기업,영업이익,코스메카코리아|연결,60362466466,원,DART OpenAPI,2026-09-30
2024FY,기업,당기순이익,코스메카코리아|연결,53687894761,원,DART OpenAPI,2026-09-30
2024FY,기업,지배주주순이익,코스메카코리아|연결,42800069456,원,DART OpenAPI,2026-09-30
2024Q4,기업,재고자산,코스메카코리아|연결,66964385951,원,DART OpenAPI,2026-09-30
2024Q4,기업,매출채권,코스메카코리아|연결,117492028215,원,DART OpenAPI,2026-09-30
2024FY,기업,매출액,코스메카코리아|별도,328663642736,원,DART OpenAPI,2026-09-30
2024FY,기업,매출총이익,코스메카코리아|별도,81409874390,원,DART OpenAPI,2026-09-30
2024FY,기업,판관비,코스메카코리아|별도,36942920340,원,DART OpenAPI,2026-09-30
2024FY,기업,영업이익,코스메카코리아|별도,44466954050,원,DART OpenAPI,2026-09-30
2024FY,기업,당기순이익,코스메카코리아|별도,35490454604,원,DART OpenAPI,2026-09-30
2024Q4,기업,재고자산,코스메카코리아|별도,22438154073,원,DART OpenAPI,2026-09-30
2024Q4,기업,매출채권,코스메카코리아|별도,50316402947,원,DART OpenAPI,2026-09-30
2024Q4,기업,직원수,코스메카코리아|별도,450,명,DART OpenAPI,2026-09-30
2025Q1,기업,매출액,코스메카코리아|연결,118366010963,원,DART OpenAPI,2026-09-30
2025Q1,기업,매출총이익,코스메카코리아|연결,28576434645,원,DART OpenAPI,2026-09-30
2025Q1,기업,판관비,코스메카코리아|연결,16286410682,원,DART OpenAPI,2026-09-30
2025Q1,기업,영업이익,코스메카코리아|연결,12290023963,원,DART OpenAPI,2026-09-30
2025Q1,기업,당기순이익,코스메카코리아|연결,9220403024,원,DART OpenAPI,2026-09-30
2025Q1,기업,지배주주순이익,코스메카코리아|연결,7606592855,원,DART OpenAPI,2026-09-30
2025Q1,기업,재고자산,코스메카코리아|연결,73396072555,원,DART OpenAPI,2026-09-30
2025Q1,기업,매출채권,코스메카코리아|연결,109835120564,원,DART OpenAPI,2026-09-30
2025Q1,기업,매출액,코스메카코리아|별도,74337846554,원,DART OpenAPI,2026-09-30
2025Q1,기업,매출총이익,코스메카코리아|별도,18423028020,원,DART OpenAPI,2026-09-30
2025Q1,기업,판관비,코스메카코리아|별도,10376833544,원,DART OpenAPI,2026-09-30
2025Q1,기업,영업이익,코스메카코리아|별도,8046194476,원,DART OpenAPI,2026-09-30
2025Q1,기업,당기순이익,코스메카코리아|별도,7555742147,원,DART OpenAPI,2026-09-30
2025Q1,기업,재고자산,코스메카코리아|별도,23599674386,원,DART OpenAPI,2026-09-30
2025Q1,기업,매출채권,코스메카코리아|별도,47992451788,원,DART OpenAPI,2026-09-30
2025Q1,기업,직원수,코스메카코리아|별도,472,명,DART OpenAPI,2026-09-30
2025Q2,기업,매출액,코스메카코리아|연결,161733978593,원,DART OpenAPI,2026-09-30
2025Q2,기업,매출총이익,코스메카코리아|연결,41540622955,원,DART OpenAPI,2026-09-30
2025Q2,기업,판관비,코스메카코리아|연결,18524035699,원,DART OpenAPI,2026-09-30
2025Q2,기업,영업이익,코스메카코리아|연결,23016587256,원,DART OpenAPI,2026-09-30
2025Q2,기업,당기순이익,코스메카코리아|연결,10796450502,원,DART OpenAPI,2026-09-30
2025Q2,기업,지배주주순이익,코스메카코리아|연결,9335563772,원,DART OpenAPI,2026-09-30
2025Q2,기업,재고자산,코스메카코리아|연결,72778098012,원,DART OpenAPI,2026-09-30
2025Q2,기업,매출채권,코스메카코리아|연결,145027649361,원,DART OpenAPI,2026-09-30
2025Q2,기업,매출액,코스메카코리아|별도,109996389120,원,DART OpenAPI,2026-09-30
2025Q2,기업,매출총이익,코스메카코리아|별도,25094149296,원,DART OpenAPI,2026-09-30
2025Q2,기업,판관비,코스메카코리아|별도,11254487064,원,DART OpenAPI,2026-09-30
2025Q2,기업,영업이익,코스메카코리아|별도,13839662232,원,DART OpenAPI,2026-09-30
2025Q2,기업,당기순이익,코스메카코리아|별도,7094529136,원,DART OpenAPI,2026-09-30
2025Q2,기업,재고자산,코스메카코리아|별도,25009282803,원,DART OpenAPI,2026-09-30
2025Q2,기업,매출채권,코스메카코리아|별도,68426070184,원,DART OpenAPI,2026-09-30
2025Q2,기업,직원수,코스메카코리아|별도,477,명,DART OpenAPI,2026-09-30
2025Q3,기업,매출액,코스메카코리아|연결,182371114252,원,DART OpenAPI,2026-09-30
2025Q3,기업,매출총이익,코스메카코리아|연결,46109017877,원,DART OpenAPI,2026-09-30
2025Q3,기업,판관비,코스메카코리아|연결,18915952552,원,DART OpenAPI,2026-09-30
2025Q3,기업,영업이익,코스메카코리아|연결,27193065325,원,DART OpenAPI,2026-09-30
2025Q3,기업,당기순이익,코스메카코리아|연결,22337659499,원,DART OpenAPI,2026-09-30
2025Q3,기업,지배주주순이익,코스메카코리아|연결,16742357166,원,DART OpenAPI,2026-09-30
2025Q3,기업,재고자산,코스메카코리아|연결,77393454152,원,DART OpenAPI,2026-09-30
2025Q3,기업,매출채권,코스메카코리아|연결,170570601371,원,DART OpenAPI,2026-09-30
2025Q3,기업,매출액,코스메카코리아|별도,129839189153,원,DART OpenAPI,2026-09-30
2025Q3,기업,매출총이익,코스메카코리아|별도,26405929560,원,DART OpenAPI,2026-09-30
2025Q3,기업,판관비,코스메카코리아|별도,11903376993,원,DART OpenAPI,2026-09-30
2025Q3,기업,영업이익,코스메카코리아|별도,14502552567,원,DART OpenAPI,2026-09-30
2025Q3,기업,당기순이익,코스메카코리아|별도,12016334846,원,DART OpenAPI,2026-09-30
2025Q3,기업,재고자산,코스메카코리아|별도,30997072350,원,DART OpenAPI,2026-09-30
2025Q3,기업,매출채권,코스메카코리아|별도,83266776517,원,DART OpenAPI,2026-09-30
2025Q3,기업,직원수,코스메카코리아|별도,482,명,DART OpenAPI,2026-09-30
2025FY,기업,매출액,코스메카코리아|연결,640929072776,원,DART OpenAPI,2026-09-30
2025FY,기업,매출총이익,코스메카코리아|연결,158057257480,원,DART OpenAPI,2026-09-30
2025FY,기업,판관비,코스메카코리아|연결,74520350255,원,DART OpenAPI,2026-09-30
2025FY,기업,영업이익,코스메카코리아|연결,83536907225,원,DART OpenAPI,2026-09-30
2025FY,기업,당기순이익,코스메카코리아|연결,57838465093,원,DART OpenAPI,2026-09-30
2025FY,기업,지배주주순이익,코스메카코리아|연결,45439905660,원,DART OpenAPI,2026-09-30
2025Q4,기업,재고자산,코스메카코리아|연결,78764536858,원,DART OpenAPI,2026-09-30
2025Q4,기업,매출채권,코스메카코리아|연결,163628436678,원,DART OpenAPI,2026-09-30
2025FY,기업,매출액,코스메카코리아|별도,441498750150,원,DART OpenAPI,2026-09-30
2025FY,기업,매출총이익,코스메카코리아|별도,95502444134,원,DART OpenAPI,2026-09-30
2025FY,기업,판관비,코스메카코리아|별도,47441952773,원,DART OpenAPI,2026-09-30
2025FY,기업,영업이익,코스메카코리아|별도,48060491361,원,DART OpenAPI,2026-09-30
2025FY,기업,당기순이익,코스메카코리아|별도,34261094386,원,DART OpenAPI,2026-09-30
2025Q4,기업,재고자산,코스메카코리아|별도,36105943246,원,DART OpenAPI,2026-09-30
2025Q4,기업,매출채권,코스메카코리아|별도,79720489363,원,DART OpenAPI,2026-09-30
2025Q4,기업,직원수,코스메카코리아|별도,506,명,DART OpenAPI,2026-09-30
2026Q1,기업,매출액,코스메카코리아|연결,185142797724,원,DART OpenAPI,2026-09-30
2026Q1,기업,매출총이익,코스메카코리아|연결,41346070849,원,DART OpenAPI,2026-09-30
2026Q1,기업,판관비,코스메카코리아|연결,19465763856,원,DART OpenAPI,2026-09-30
2026Q1,기업,영업이익,코스메카코리아|연결,21880306993,원,DART OpenAPI,2026-09-30
2026Q1,기업,당기순이익,코스메카코리아|연결,19620335955,원,DART OpenAPI,2026-09-30
2026Q1,기업,지배주주순이익,코스메카코리아|연결,17267153171,원,DART OpenAPI,2026-09-30
2026Q1,기업,재고자산,코스메카코리아|연결,85698997871,원,DART OpenAPI,2026-09-30
2026Q1,기업,매출채권,코스메카코리아|연결,173434136275,원,DART OpenAPI,2026-09-30
2026Q1,기업,매출액,코스메카코리아|별도,142229050339,원,DART OpenAPI,2026-09-30
2026Q1,기업,매출총이익,코스메카코리아|별도,30445680186,원,DART OpenAPI,2026-09-30
2026Q1,기업,판관비,코스메카코리아|별도,12681277296,원,DART OpenAPI,2026-09-30
2026Q1,기업,영업이익,코스메카코리아|별도,17764402890,원,DART OpenAPI,2026-09-30
2026Q1,기업,당기순이익,코스메카코리아|별도,16396663440,원,DART OpenAPI,2026-09-30
2026Q1,기업,재고자산,코스메카코리아|별도,44849366270,원,DART OpenAPI,2026-09-30
2026Q1,기업,매출채권,코스메카코리아|별도,90943609161,원,DART OpenAPI,2026-09-30
2026Q1,기업,직원수,코스메카코리아|별도,552,명,DART OpenAPI,2026-09-30
2026Q2,기업,매출액,코스메카코리아|연결,226080046334,원,DART OpenAPI,2026-09-30
2026Q2,기업,매출총이익,코스메카코리아|연결,53462142899,원,DART OpenAPI,2026-09-30
2026Q2,기업,판관비,코스메카코리아|연결,21405564122,원,DART OpenAPI,2026-09-30
2026Q2,기업,영업이익,코스메카코리아|연결,32056578777,원,DART OpenAPI,2026-09-30
2026Q2,기업,당기순이익,코스메카코리아|연결,20293382811,원,DART OpenAPI,2026-09-30
2026Q2,기업,지배주주순이익,코스메카코리아|연결,18059163228,원,DART OpenAPI,2026-09-30
2026Q2,기업,재고자산,코스메카코리아|연결,108962540357,원,DART OpenAPI,2026-09-30
2026Q2,기업,매출채권,코스메카코리아|연결,211032474201,원,DART OpenAPI,2026-09-30
2026Q2,기업,매출액,코스메카코리아|별도,178810758627,원,DART OpenAPI,2026-09-30
2026Q2,기업,매출총이익,코스메카코리아|별도,38202435567,원,DART OpenAPI,2026-09-30
2026Q2,기업,판관비,코스메카코리아|별도,13726365430,원,DART OpenAPI,2026-09-30
2026Q2,기업,영업이익,코스메카코리아|별도,24476070137,원,DART OpenAPI,2026-09-30
2026Q2,기업,당기순이익,코스메카코리아|별도,15500261710,원,DART OpenAPI,2026-09-30
2026Q2,기업,재고자산,코스메카코리아|별도,64352078299,원,DART OpenAPI,2026-09-30
2026Q2,기업,매출채권,코스메카코리아|별도,127188037080,원,DART OpenAPI,2026-09-30
2026Q2,기업,직원수,코스메카코리아|별도,561,명,DART OpenAPI,2026-09-30
2020Q1,기업,매출액,펌텍코리아|연결,55302838753,원,DART OpenAPI,2026-09-30
2020Q1,기업,매출총이익,펌텍코리아|연결,12212401693,원,DART OpenAPI,2026-09-30
2020Q1,기업,판관비,펌텍코리아|연결,4209415426,원,DART OpenAPI,2026-09-30
2020Q1,기업,영업이익,펌텍코리아|연결,8002986267,원,DART OpenAPI,2026-09-30
2020Q1,기업,당기순이익,펌텍코리아|연결,8597880951,원,DART OpenAPI,2026-09-30
2020Q1,기업,지배주주순이익,펌텍코리아|연결,6586872366,원,DART OpenAPI,2026-09-30
2020Q1,기업,재고자산,펌텍코리아|연결,6752565705,원,DART OpenAPI,2026-09-30
2020Q1,기업,매출채권,펌텍코리아|연결,35289578754,원,DART OpenAPI,2026-09-30
2020Q1,기업,매출액,펌텍코리아|별도,40517904379,원,DART OpenAPI,2026-09-30
2020Q1,기업,매출총이익,펌텍코리아|별도,8550558942,원,DART OpenAPI,2026-09-30
2020Q1,기업,판관비,펌텍코리아|별도,3089378536,원,DART OpenAPI,2026-09-30
2020Q1,기업,영업이익,펌텍코리아|별도,5461180406,원,DART OpenAPI,2026-09-30
2020Q1,기업,당기순이익,펌텍코리아|별도,5240997184,원,DART OpenAPI,2026-09-30
2020Q1,기업,재고자산,펌텍코리아|별도,5629740442,원,DART OpenAPI,2026-09-30
2020Q1,기업,매출채권,펌텍코리아|별도,26532248755,원,DART OpenAPI,2026-09-30
2020Q1,기업,직원수,펌텍코리아|별도,599,명,DART OpenAPI,2026-09-30
2020Q2,기업,매출액,펌텍코리아|연결,49566845237,원,DART OpenAPI,2026-09-30
2020Q2,기업,매출총이익,펌텍코리아|연결,10350665138,원,DART OpenAPI,2026-09-30
2020Q2,기업,판관비,펌텍코리아|연결,3549914255,원,DART OpenAPI,2026-09-30
2020Q2,기업,영업이익,펌텍코리아|연결,6800750883,원,DART OpenAPI,2026-09-30
2020Q2,기업,당기순이익,펌텍코리아|연결,5375929968,원,DART OpenAPI,2026-09-30
2020Q2,기업,지배주주순이익,펌텍코리아|연결,4573122265,원,DART OpenAPI,2026-09-30
2020Q2,기업,재고자산,펌텍코리아|연결,5798959582,원,DART OpenAPI,2026-09-30
2020Q2,기업,매출채권,펌텍코리아|연결,29193577380,원,DART OpenAPI,2026-09-30
2020Q2,기업,매출액,펌텍코리아|별도,34999146113,원,DART OpenAPI,2026-09-30
2020Q2,기업,매출총이익,펌텍코리아|별도,7298348964,원,DART OpenAPI,2026-09-30
2020Q2,기업,판관비,펌텍코리아|별도,2200320078,원,DART OpenAPI,2026-09-30
2020Q2,기업,영업이익,펌텍코리아|별도,5098028886,원,DART OpenAPI,2026-09-30
2020Q2,기업,당기순이익,펌텍코리아|별도,4136146422,원,DART OpenAPI,2026-09-30
2020Q2,기업,재고자산,펌텍코리아|별도,4837235821,원,DART OpenAPI,2026-09-30
2020Q2,기업,매출채권,펌텍코리아|별도,21209495561,원,DART OpenAPI,2026-09-30
2020Q2,기업,직원수,펌텍코리아|별도,593,명,DART OpenAPI,2026-09-30
2020Q3,기업,매출액,펌텍코리아|연결,44393471345,원,DART OpenAPI,2026-09-30
2020Q3,기업,매출총이익,펌텍코리아|연결,9312485299,원,DART OpenAPI,2026-09-30
2020Q3,기업,판관비,펌텍코리아|연결,3302759498,원,DART OpenAPI,2026-09-30
2020Q3,기업,영업이익,펌텍코리아|연결,6009725801,원,DART OpenAPI,2026-09-30
2020Q3,기업,당기순이익,펌텍코리아|연결,5008491825,원,DART OpenAPI,2026-09-30
2020Q3,기업,지배주주순이익,펌텍코리아|연결,4133680264,원,DART OpenAPI,2026-09-30
2020Q3,기업,재고자산,펌텍코리아|연결,6227566517,원,DART OpenAPI,2026-09-30
2020Q3,기업,매출채권,펌텍코리아|연결,27072377528,원,DART OpenAPI,2026-09-30
2020Q3,기업,매출액,펌텍코리아|별도,32680210308,원,DART OpenAPI,2026-09-30
2020Q3,기업,매출총이익,펌텍코리아|별도,6642574338,원,DART OpenAPI,2026-09-30
2020Q3,기업,판관비,펌텍코리아|별도,2389978781,원,DART OpenAPI,2026-09-30
2020Q3,기업,영업이익,펌텍코리아|별도,4252595557,원,DART OpenAPI,2026-09-30
2020Q3,기업,당기순이익,펌텍코리아|별도,3643203757,원,DART OpenAPI,2026-09-30
2020Q3,기업,재고자산,펌텍코리아|별도,5235725145,원,DART OpenAPI,2026-09-30
2020Q3,기업,매출채권,펌텍코리아|별도,19635883969,원,DART OpenAPI,2026-09-30
2020Q3,기업,직원수,펌텍코리아|별도,546,명,DART OpenAPI,2026-09-30
2020FY,기업,매출액,펌텍코리아|연결,196796773417,원,DART OpenAPI,2026-09-30
2020FY,기업,매출총이익,펌텍코리아|연결,41930807281,원,DART OpenAPI,2026-09-30
2020FY,기업,판관비,펌텍코리아|연결,14536575342,원,DART OpenAPI,2026-09-30
2020FY,기업,영업이익,펌텍코리아|연결,27394231939,원,DART OpenAPI,2026-09-30
2020FY,기업,당기순이익,펌텍코리아|연결,24492097269,원,DART OpenAPI,2026-09-30
2020FY,기업,지배주주순이익,펌텍코리아|연결,19560578314,원,DART OpenAPI,2026-09-30
2020Q4,기업,재고자산,펌텍코리아|연결,6088332674,원,DART OpenAPI,2026-09-30
2020Q4,기업,매출채권,펌텍코리아|연결,27297076281,원,DART OpenAPI,2026-09-30
2020FY,기업,매출액,펌텍코리아|별도,143748052014,원,DART OpenAPI,2026-09-30
2020FY,기업,매출총이익,펌텍코리아|별도,29664602775,원,DART OpenAPI,2026-09-30
2020FY,기업,판관비,펌텍코리아|별도,10045016105,원,DART OpenAPI,2026-09-30
2020FY,기업,영업이익,펌텍코리아|별도,19619586670,원,DART OpenAPI,2026-09-30
2020FY,기업,당기순이익,펌텍코리아|별도,16953698496,원,DART OpenAPI,2026-09-30
2020Q4,기업,재고자산,펌텍코리아|별도,4979791074,원,DART OpenAPI,2026-09-30
2020Q4,기업,매출채권,펌텍코리아|별도,20207743902,원,DART OpenAPI,2026-09-30
2020Q4,기업,직원수,펌텍코리아|별도,520,명,DART OpenAPI,2026-09-30
2021Q1,기업,매출액,펌텍코리아|연결,55722675167,원,DART OpenAPI,2026-09-30
2021Q1,기업,매출총이익,펌텍코리아|연결,13722811392,원,DART OpenAPI,2026-09-30
2021Q1,기업,판관비,펌텍코리아|연결,5887901984,원,DART OpenAPI,2026-09-30
2021Q1,기업,영업이익,펌텍코리아|연결,7834909408,원,DART OpenAPI,2026-09-30
2021Q1,기업,당기순이익,펌텍코리아|연결,7670834627,원,DART OpenAPI,2026-09-30
2021Q1,기업,지배주주순이익,펌텍코리아|연결,6347182612,원,DART OpenAPI,2026-09-30
2021Q1,기업,재고자산,펌텍코리아|연결,7956651942,원,DART OpenAPI,2026-09-30
2021Q1,기업,매출채권,펌텍코리아|연결,35823203677,원,DART OpenAPI,2026-09-30
2021Q1,기업,매출액,펌텍코리아|별도,40218740714,원,DART OpenAPI,2026-09-30
2021Q1,기업,매출총이익,펌텍코리아|별도,8799444995,원,DART OpenAPI,2026-09-30
2021Q1,기업,판관비,펌텍코리아|별도,3194307756,원,DART OpenAPI,2026-09-30
2021Q1,기업,영업이익,펌텍코리아|별도,5605137239,원,DART OpenAPI,2026-09-30
2021Q1,기업,당기순이익,펌텍코리아|별도,5285814893,원,DART OpenAPI,2026-09-30
2021Q1,기업,재고자산,펌텍코리아|별도,4747200854,원,DART OpenAPI,2026-09-30
2021Q1,기업,매출채권,펌텍코리아|별도,27209740465,원,DART OpenAPI,2026-09-30
2021Q1,기업,직원수,펌텍코리아|별도,551,명,DART OpenAPI,2026-09-30
2021Q2,기업,매출액,펌텍코리아|연결,56129246213,원,DART OpenAPI,2026-09-30
2021Q2,기업,매출총이익,펌텍코리아|연결,12766195990,원,DART OpenAPI,2026-09-30
2021Q2,기업,판관비,펌텍코리아|연결,5411429414,원,DART OpenAPI,2026-09-30
2021Q2,기업,영업이익,펌텍코리아|연결,7354766576,원,DART OpenAPI,2026-09-30
2021Q2,기업,당기순이익,펌텍코리아|연결,5027934043,원,DART OpenAPI,2026-09-30
2021Q2,기업,지배주주순이익,펌텍코리아|연결,4347574176,원,DART OpenAPI,2026-09-30
2021Q2,기업,재고자산,펌텍코리아|연결,9035195863,원,DART OpenAPI,2026-09-30
2021Q2,기업,매출채권,펌텍코리아|연결,33258635225,원,DART OpenAPI,2026-09-30
2021Q2,기업,매출액,펌텍코리아|별도,40562514588,원,DART OpenAPI,2026-09-30
2021Q2,기업,매출총이익,펌텍코리아|별도,8319269552,원,DART OpenAPI,2026-09-30
2021Q2,기업,판관비,펌텍코리아|별도,2709005953,원,DART OpenAPI,2026-09-30
2021Q2,기업,영업이익,펌텍코리아|별도,5610263599,원,DART OpenAPI,2026-09-30
2021Q2,기업,당기순이익,펌텍코리아|별도,3859146738,원,DART OpenAPI,2026-09-30
2021Q2,기업,재고자산,펌텍코리아|별도,5677227290,원,DART OpenAPI,2026-09-30
2021Q2,기업,매출채권,펌텍코리아|별도,24824222632,원,DART OpenAPI,2026-09-30
2021Q2,기업,직원수,펌텍코리아|별도,577,명,DART OpenAPI,2026-09-30
2021Q3,기업,매출액,펌텍코리아|연결,53895201530,원,DART OpenAPI,2026-09-30
2021Q3,기업,매출총이익,펌텍코리아|연결,11239615229,원,DART OpenAPI,2026-09-30
2021Q3,기업,판관비,펌텍코리아|연결,5836796287,원,DART OpenAPI,2026-09-30
2021Q3,기업,영업이익,펌텍코리아|연결,5402818942,원,DART OpenAPI,2026-09-30
2021Q3,기업,당기순이익,펌텍코리아|연결,5232241399,원,DART OpenAPI,2026-09-30
2021Q3,기업,지배주주순이익,펌텍코리아|연결,4831612844,원,DART OpenAPI,2026-09-30
2021Q3,기업,재고자산,펌텍코리아|연결,11182547534,원,DART OpenAPI,2026-09-30
2021Q3,기업,매출채권,펌텍코리아|연결,33604599787,원,DART OpenAPI,2026-09-30
2021Q3,기업,매출액,펌텍코리아|별도,38624455518,원,DART OpenAPI,2026-09-30
2021Q3,기업,매출총이익,펌텍코리아|별도,7690702618,원,DART OpenAPI,2026-09-30
2021Q3,기업,판관비,펌텍코리아|별도,2932673990,원,DART OpenAPI,2026-09-30
2021Q3,기업,영업이익,펌텍코리아|별도,4758028628,원,DART OpenAPI,2026-09-30
2021Q3,기업,당기순이익,펌텍코리아|별도,4701340472,원,DART OpenAPI,2026-09-30
2021Q3,기업,재고자산,펌텍코리아|별도,5866069058,원,DART OpenAPI,2026-09-30
2021Q3,기업,매출채권,펌텍코리아|별도,26481460970,원,DART OpenAPI,2026-09-30
2021Q3,기업,직원수,펌텍코리아|별도,561,명,DART OpenAPI,2026-09-30
2021FY,기업,매출액,펌텍코리아|연결,222029183556,원,DART OpenAPI,2026-09-30
2021FY,기업,매출총이익,펌텍코리아|연결,49229407138,원,DART OpenAPI,2026-09-30
2021FY,기업,판관비,펌텍코리아|연결,23128881893,원,DART OpenAPI,2026-09-30
2021FY,기업,영업이익,펌텍코리아|연결,26100525245,원,DART OpenAPI,2026-09-30
2021FY,기업,당기순이익,펌텍코리아|연결,19728677950,원,DART OpenAPI,2026-09-30
2021FY,기업,지배주주순이익,펌텍코리아|연결,17732845615,원,DART OpenAPI,2026-09-30
2021Q4,기업,재고자산,펌텍코리아|연결,12462972279,원,DART OpenAPI,2026-09-30
2021Q4,기업,매출채권,펌텍코리아|연결,31527124343,원,DART OpenAPI,2026-09-30
2021FY,기업,매출액,펌텍코리아|별도,159474432576,원,DART OpenAPI,2026-09-30
2021FY,기업,매출총이익,펌텍코리아|별도,33518947825,원,DART OpenAPI,2026-09-30
2021FY,기업,판관비,펌텍코리아|별도,11710893844,원,DART OpenAPI,2026-09-30
2021FY,기업,영업이익,펌텍코리아|별도,21808053981,원,DART OpenAPI,2026-09-30
2021FY,기업,당기순이익,펌텍코리아|별도,16225882188,원,DART OpenAPI,2026-09-30
2021Q4,기업,재고자산,펌텍코리아|별도,7440284265,원,DART OpenAPI,2026-09-30
2021Q4,기업,매출채권,펌텍코리아|별도,24555307292,원,DART OpenAPI,2026-09-30
2021Q4,기업,직원수,펌텍코리아|별도,562,명,DART OpenAPI,2026-09-30
2022Q1,기업,매출액,펌텍코리아|연결,58307993925,원,DART OpenAPI,2026-09-30
2022Q1,기업,매출총이익,펌텍코리아|연결,11801147657,원,DART OpenAPI,2026-09-30
2022Q1,기업,판관비,펌텍코리아|연결,5644691302,원,DART OpenAPI,2026-09-30
2022Q1,기업,영업이익,펌텍코리아|연결,6156456355,원,DART OpenAPI,2026-09-30
2022Q1,기업,당기순이익,펌텍코리아|연결,5090901549,원,DART OpenAPI,2026-09-30
2022Q1,기업,지배주주순이익,펌텍코리아|연결,5026755072,원,DART OpenAPI,2026-09-30
2022Q1,기업,재고자산,펌텍코리아|연결,13104516497,원,DART OpenAPI,2026-09-30
2022Q1,기업,매출채권,펌텍코리아|연결,35129261179,원,DART OpenAPI,2026-09-30
2022Q1,기업,매출액,펌텍코리아|별도,42920284893,원,DART OpenAPI,2026-09-30
2022Q1,기업,매출총이익,펌텍코리아|별도,9183413225,원,DART OpenAPI,2026-09-30
2022Q1,기업,판관비,펌텍코리아|별도,3039325879,원,DART OpenAPI,2026-09-30
2022Q1,기업,영업이익,펌텍코리아|별도,6144087346,원,DART OpenAPI,2026-09-30
2022Q1,기업,당기순이익,펌텍코리아|별도,5204578586,원,DART OpenAPI,2026-09-30
2022Q1,기업,재고자산,펌텍코리아|별도,8320069672,원,DART OpenAPI,2026-09-30
2022Q1,기업,매출채권,펌텍코리아|별도,28061841441,원,DART OpenAPI,2026-09-30
2022Q1,기업,직원수,펌텍코리아|별도,570,명,DART OpenAPI,2026-09-30
2022Q2,기업,매출액,펌텍코리아|연결,61912917875,원,DART OpenAPI,2026-09-30
2022Q2,기업,매출총이익,펌텍코리아|연결,13164733264,원,DART OpenAPI,2026-09-30
2022Q2,기업,판관비,펌텍코리아|연결,5593275747,원,DART OpenAPI,2026-09-30
2022Q2,기업,영업이익,펌텍코리아|연결,7571457517,원,DART OpenAPI,2026-09-30
2022Q2,기업,당기순이익,펌텍코리아|연결,6584324329,원,DART OpenAPI,2026-09-30
2022Q2,기업,지배주주순이익,펌텍코리아|연결,6137490863,원,DART OpenAPI,2026-09-30
2022Q2,기업,재고자산,펌텍코리아|연결,14939032968,원,DART OpenAPI,2026-09-30
2022Q2,기업,매출채권,펌텍코리아|연결,36382074445,원,DART OpenAPI,2026-09-30
2022Q2,기업,매출액,펌텍코리아|별도,45793699085,원,DART OpenAPI,2026-09-30
2022Q2,기업,매출총이익,펌텍코리아|별도,10178794660,원,DART OpenAPI,2026-09-30
2022Q2,기업,판관비,펌텍코리아|별도,3294934874,원,DART OpenAPI,2026-09-30
2022Q2,기업,영업이익,펌텍코리아|별도,6883859786,원,DART OpenAPI,2026-09-30
2022Q2,기업,당기순이익,펌텍코리아|별도,5908138807,원,DART OpenAPI,2026-09-30
2022Q2,기업,재고자산,펌텍코리아|별도,10191081463,원,DART OpenAPI,2026-09-30
2022Q2,기업,매출채권,펌텍코리아|별도,28801453305,원,DART OpenAPI,2026-09-30
2022Q2,기업,직원수,펌텍코리아|별도,568,명,DART OpenAPI,2026-09-30
2022Q3,기업,매출액,펌텍코리아|연결,59788452398,원,DART OpenAPI,2026-09-30
2022Q3,기업,매출총이익,펌텍코리아|연결,12807248221,원,DART OpenAPI,2026-09-30
2022Q3,기업,판관비,펌텍코리아|연결,5317179010,원,DART OpenAPI,2026-09-30
2022Q3,기업,영업이익,펌텍코리아|연결,7490069211,원,DART OpenAPI,2026-09-30
2022Q3,기업,당기순이익,펌텍코리아|연결,7019156903,원,DART OpenAPI,2026-09-30
2022Q3,기업,지배주주순이익,펌텍코리아|연결,6539771640,원,DART OpenAPI,2026-09-30
2022Q3,기업,재고자산,펌텍코리아|연결,14090394802,원,DART OpenAPI,2026-09-30
2022Q3,기업,매출채권,펌텍코리아|연결,35006699562,원,DART OpenAPI,2026-09-30
2022Q3,기업,매출액,펌텍코리아|별도,42982385048,원,DART OpenAPI,2026-09-30
2022Q3,기업,매출총이익,펌텍코리아|별도,9911127397,원,DART OpenAPI,2026-09-30
2022Q3,기업,판관비,펌텍코리아|별도,3141141587,원,DART OpenAPI,2026-09-30
2022Q3,기업,영업이익,펌텍코리아|별도,6769985810,원,DART OpenAPI,2026-09-30
2022Q3,기업,당기순이익,펌텍코리아|별도,6381864691,원,DART OpenAPI,2026-09-30
2022Q3,기업,재고자산,펌텍코리아|별도,9524434302,원,DART OpenAPI,2026-09-30
2022Q3,기업,매출채권,펌텍코리아|별도,26697851368,원,DART OpenAPI,2026-09-30
2022Q3,기업,직원수,펌텍코리아|별도,561,명,DART OpenAPI,2026-09-30
2022FY,기업,매출액,펌텍코리아|연결,236643004231,원,DART OpenAPI,2026-09-30
2022FY,기업,매출총이익,펌텍코리아|연결,48841486047,원,DART OpenAPI,2026-09-30
2022FY,기업,판관비,펌텍코리아|연결,22361052006,원,DART OpenAPI,2026-09-30
2022FY,기업,영업이익,펌텍코리아|연결,26480434041,원,DART OpenAPI,2026-09-30
2022FY,기업,당기순이익,펌텍코리아|연결,20034311474,원,DART OpenAPI,2026-09-30
2022FY,기업,지배주주순이익,펌텍코리아|연결,19134551360,원,DART OpenAPI,2026-09-30
2022Q4,기업,재고자산,펌텍코리아|연결,15015900399,원,DART OpenAPI,2026-09-30
2022Q4,기업,매출채권,펌텍코리아|연결,32350594055,원,DART OpenAPI,2026-09-30
2022FY,기업,매출액,펌텍코리아|별도,173637037141,원,DART OpenAPI,2026-09-30
2022FY,기업,매출총이익,펌텍코리아|별도,39013689749,원,DART OpenAPI,2026-09-30
2022FY,기업,판관비,펌텍코리아|별도,12849974457,원,DART OpenAPI,2026-09-30
2022FY,기업,영업이익,펌텍코리아|별도,26163715292,원,DART OpenAPI,2026-09-30
2022FY,기업,당기순이익,펌텍코리아|별도,18894077848,원,DART OpenAPI,2026-09-30
2022Q4,기업,재고자산,펌텍코리아|별도,9786445318,원,DART OpenAPI,2026-09-30
2022Q4,기업,매출채권,펌텍코리아|별도,25048049465,원,DART OpenAPI,2026-09-30
2022Q4,기업,직원수,펌텍코리아|별도,569,명,DART OpenAPI,2026-09-30
2023Q1,기업,매출액,펌텍코리아|연결,64812101764,원,DART OpenAPI,2026-09-30
2023Q1,기업,매출총이익,펌텍코리아|연결,13416435909,원,DART OpenAPI,2026-09-30
2023Q1,기업,판관비,펌텍코리아|연결,5944940101,원,DART OpenAPI,2026-09-30
2023Q1,기업,영업이익,펌텍코리아|연결,7471495808,원,DART OpenAPI,2026-09-30
2023Q1,기업,당기순이익,펌텍코리아|연결,7090840422,원,DART OpenAPI,2026-09-30
2023Q1,기업,지배주주순이익,펌텍코리아|연결,6534513380,원,DART OpenAPI,2026-09-30
2023Q1,기업,재고자산,펌텍코리아|연결,15578505791,원,DART OpenAPI,2026-09-30
2023Q1,기업,매출채권,펌텍코리아|연결,46486758782,원,DART OpenAPI,2026-09-30
2023Q1,기업,매출액,펌텍코리아|별도,47354173365,원,DART OpenAPI,2026-09-30
2023Q1,기업,매출총이익,펌텍코리아|별도,10033652303,원,DART OpenAPI,2026-09-30
2023Q1,기업,판관비,펌텍코리아|별도,3718426656,원,DART OpenAPI,2026-09-30
2023Q1,기업,영업이익,펌텍코리아|별도,6315225647,원,DART OpenAPI,2026-09-30
2023Q1,기업,당기순이익,펌텍코리아|별도,6044684237,원,DART OpenAPI,2026-09-30
2023Q1,기업,재고자산,펌텍코리아|별도,10654141017,원,DART OpenAPI,2026-09-30
2023Q1,기업,매출채권,펌텍코리아|별도,35933852387,원,DART OpenAPI,2026-09-30
2023Q2,기업,매출액,펌텍코리아|연결,75848646642,원,DART OpenAPI,2026-09-30
2023Q2,기업,매출총이익,펌텍코리아|연결,17104905933,원,DART OpenAPI,2026-09-30
2023Q2,기업,판관비,펌텍코리아|연결,6753840508,원,DART OpenAPI,2026-09-30
2023Q2,기업,영업이익,펌텍코리아|연결,10351065425,원,DART OpenAPI,2026-09-30
2023Q2,기업,당기순이익,펌텍코리아|연결,8199244179,원,DART OpenAPI,2026-09-30
2023Q2,기업,지배주주순이익,펌텍코리아|연결,7546799880,원,DART OpenAPI,2026-09-30
2023Q2,기업,재고자산,펌텍코리아|연결,15697375601,원,DART OpenAPI,2026-09-30
2023Q2,기업,매출채권,펌텍코리아|연결,43821881446,원,DART OpenAPI,2026-09-30
2023Q2,기업,매출액,펌텍코리아|별도,56343685623,원,DART OpenAPI,2026-09-30
2023Q2,기업,매출총이익,펌텍코리아|별도,12572223079,원,DART OpenAPI,2026-09-30
2023Q2,기업,판관비,펌텍코리아|별도,4119908564,원,DART OpenAPI,2026-09-30
2023Q2,기업,영업이익,펌텍코리아|별도,8452314515,원,DART OpenAPI,2026-09-30
2023Q2,기업,당기순이익,펌텍코리아|별도,6671191707,원,DART OpenAPI,2026-09-30
2023Q2,기업,재고자산,펌텍코리아|별도,10990190323,원,DART OpenAPI,2026-09-30
2023Q2,기업,매출채권,펌텍코리아|별도,34128849725,원,DART OpenAPI,2026-09-30
2023Q2,기업,직원수,펌텍코리아|별도,594,명,DART OpenAPI,2026-09-30
2023Q3,기업,매출액,펌텍코리아|연결,71101921059,원,DART OpenAPI,2026-09-30
2023Q3,기업,매출총이익,펌텍코리아|연결,15136823114,원,DART OpenAPI,2026-09-30
2023Q3,기업,판관비,펌텍코리아|연결,5876706757,원,DART OpenAPI,2026-09-30
2023Q3,기업,영업이익,펌텍코리아|연결,9260116357,원,DART OpenAPI,2026-09-30
2023Q3,기업,당기순이익,펌텍코리아|연결,7911257934,원,DART OpenAPI,2026-09-30
2023Q3,기업,지배주주순이익,펌텍코리아|연결,7475087455,원,DART OpenAPI,2026-09-30
2023Q3,기업,재고자산,펌텍코리아|연결,15256757083,원,DART OpenAPI,2026-09-30
2023Q3,기업,매출채권,펌텍코리아|연결,42680522238,원,DART OpenAPI,2026-09-30
2023Q3,기업,매출액,펌텍코리아|별도,54407205473,원,DART OpenAPI,2026-09-30
2023Q3,기업,매출총이익,펌텍코리아|별도,11529324548,원,DART OpenAPI,2026-09-30
2023Q3,기업,판관비,펌텍코리아|별도,3503090344,원,DART OpenAPI,2026-09-30
2023Q3,기업,영업이익,펌텍코리아|별도,8026234204,원,DART OpenAPI,2026-09-30
2023Q3,기업,당기순이익,펌텍코리아|별도,7157153311,원,DART OpenAPI,2026-09-30
2023Q3,기업,재고자산,펌텍코리아|별도,11505358493,원,DART OpenAPI,2026-09-30
2023Q3,기업,매출채권,펌텍코리아|별도,33227324001,원,DART OpenAPI,2026-09-30
2023Q3,기업,직원수,펌텍코리아|별도,608,명,DART OpenAPI,2026-09-30
2023FY,기업,매출액,펌텍코리아|연결,284481252453,원,DART OpenAPI,2026-09-30
2023FY,기업,매출총이익,펌텍코리아|연결,61044961721,원,DART OpenAPI,2026-09-30
2023FY,기업,판관비,펌텍코리아|연결,25756310917,원,DART OpenAPI,2026-09-30
2023FY,기업,영업이익,펌텍코리아|연결,35288650804,원,DART OpenAPI,2026-09-30
2023FY,기업,당기순이익,펌텍코리아|연결,29127641423,원,DART OpenAPI,2026-09-30
2023FY,기업,지배주주순이익,펌텍코리아|연결,26991469597,원,DART OpenAPI,2026-09-30
2023Q4,기업,재고자산,펌텍코리아|연결,15866012235,원,DART OpenAPI,2026-09-30
2023Q4,기업,매출채권,펌텍코리아|연결,44433959096,원,DART OpenAPI,2026-09-30
2023FY,기업,매출액,펌텍코리아|별도,212802248837,원,DART OpenAPI,2026-09-30
2023FY,기업,매출총이익,펌텍코리아|별도,45271441032,원,DART OpenAPI,2026-09-30
2023FY,기업,판관비,펌텍코리아|별도,15234575682,원,DART OpenAPI,2026-09-30
2023FY,기업,영업이익,펌텍코리아|별도,30036865350,원,DART OpenAPI,2026-09-30
2023FY,기업,당기순이익,펌텍코리아|별도,23748890806,원,DART OpenAPI,2026-09-30
2023Q4,기업,재고자산,펌텍코리아|별도,12102869914,원,DART OpenAPI,2026-09-30
2023Q4,기업,매출채권,펌텍코리아|별도,35169625041,원,DART OpenAPI,2026-09-30
2023Q4,기업,직원수,펌텍코리아|별도,619,명,DART OpenAPI,2026-09-30
2024Q1,기업,매출액,펌텍코리아|연결,76884699840,원,DART OpenAPI,2026-09-30
2024Q1,기업,매출총이익,펌텍코리아|연결,16437196380,원,DART OpenAPI,2026-09-30
2024Q1,기업,판관비,펌텍코리아|연결,6209993294,원,DART OpenAPI,2026-09-30
2024Q1,기업,영업이익,펌텍코리아|연결,10227203086,원,DART OpenAPI,2026-09-30
2024Q1,기업,당기순이익,펌텍코리아|연결,8385261849,원,DART OpenAPI,2026-09-30
2024Q1,기업,지배주주순이익,펌텍코리아|연결,7100448665,원,DART OpenAPI,2026-09-30
2024Q1,기업,재고자산,펌텍코리아|연결,17127833695,원,DART OpenAPI,2026-09-30
2024Q1,기업,매출채권,펌텍코리아|연결,48545992944,원,DART OpenAPI,2026-09-30
2024Q1,기업,매출액,펌텍코리아|별도,57352416696,원,DART OpenAPI,2026-09-30
2024Q1,기업,매출총이익,펌텍코리아|별도,11769523470,원,DART OpenAPI,2026-09-30
2024Q1,기업,판관비,펌텍코리아|별도,3647462739,원,DART OpenAPI,2026-09-30
2024Q1,기업,영업이익,펌텍코리아|별도,8122060731,원,DART OpenAPI,2026-09-30
2024Q1,기업,당기순이익,펌텍코리아|별도,6719130870,원,DART OpenAPI,2026-09-30
2024Q1,기업,재고자산,펌텍코리아|별도,13750395414,원,DART OpenAPI,2026-09-30
2024Q1,기업,매출채권,펌텍코리아|별도,37633475861,원,DART OpenAPI,2026-09-30
2024Q1,기업,직원수,펌텍코리아|별도,632,명,DART OpenAPI,2026-09-30
2024Q2,기업,매출액,펌텍코리아|연결,85509800530,원,DART OpenAPI,2026-09-30
2024Q2,기업,매출총이익,펌텍코리아|연결,19394940048,원,DART OpenAPI,2026-09-30
2024Q2,기업,판관비,펌텍코리아|연결,6661026282,원,DART OpenAPI,2026-09-30
2024Q2,기업,영업이익,펌텍코리아|연결,12733913766,원,DART OpenAPI,2026-09-30
2024Q2,기업,당기순이익,펌텍코리아|연결,7237588067,원,DART OpenAPI,2026-09-30
2024Q2,기업,지배주주순이익,펌텍코리아|연결,5841374904,원,DART OpenAPI,2026-09-30
2024Q2,기업,재고자산,펌텍코리아|연결,17554467737,원,DART OpenAPI,2026-09-30
2024Q2,기업,매출채권,펌텍코리아|연결,54087021804,원,DART OpenAPI,2026-09-30
2024Q2,기업,매출액,펌텍코리아|별도,62778739975,원,DART OpenAPI,2026-09-30
2024Q2,기업,매출총이익,펌텍코리아|별도,13133466147,원,DART OpenAPI,2026-09-30
2024Q2,기업,판관비,펌텍코리아|별도,4333575804,원,DART OpenAPI,2026-09-30
2024Q2,기업,영업이익,펌텍코리아|별도,8799890343,원,DART OpenAPI,2026-09-30
2024Q2,기업,당기순이익,펌텍코리아|별도,4683795746,원,DART OpenAPI,2026-09-30
2024Q2,기업,재고자산,펌텍코리아|별도,14468477042,원,DART OpenAPI,2026-09-30
2024Q2,기업,매출채권,펌텍코리아|별도,41140424540,원,DART OpenAPI,2026-09-30
2024Q2,기업,직원수,펌텍코리아|별도,645,명,DART OpenAPI,2026-09-30
2024Q3,기업,매출액,펌텍코리아|연결,85218801983,원,DART OpenAPI,2026-09-30
2024Q3,기업,매출총이익,펌텍코리아|연결,19828221965,원,DART OpenAPI,2026-09-30
2024Q3,기업,판관비,펌텍코리아|연결,7398272956,원,DART OpenAPI,2026-09-30
2024Q3,기업,영업이익,펌텍코리아|연결,12429949009,원,DART OpenAPI,2026-09-30
2024Q3,기업,당기순이익,펌텍코리아|연결,10040466229,원,DART OpenAPI,2026-09-30
2024Q3,기업,지배주주순이익,펌텍코리아|연결,8561870905,원,DART OpenAPI,2026-09-30
2024Q3,기업,재고자산,펌텍코리아|연결,20784820841,원,DART OpenAPI,2026-09-30
2024Q3,기업,매출채권,펌텍코리아|연결,45877432664,원,DART OpenAPI,2026-09-30
2024Q3,기업,매출액,펌텍코리아|별도,64451950481,원,DART OpenAPI,2026-09-30
2024Q3,기업,매출총이익,펌텍코리아|별도,13960497309,원,DART OpenAPI,2026-09-30
2024Q3,기업,판관비,펌텍코리아|별도,5052656083,원,DART OpenAPI,2026-09-30
2024Q3,기업,영업이익,펌텍코리아|별도,8907841226,원,DART OpenAPI,2026-09-30
2024Q3,기업,당기순이익,펌텍코리아|별도,7060009609,원,DART OpenAPI,2026-09-30
2024Q3,기업,재고자산,펌텍코리아|별도,17643225778,원,DART OpenAPI,2026-09-30
2024Q3,기업,매출채권,펌텍코리아|별도,36326021125,원,DART OpenAPI,2026-09-30
2024Q3,기업,직원수,펌텍코리아|별도,632,명,DART OpenAPI,2026-09-30
2024FY,기업,매출액,펌텍코리아|연결,337483151664,원,DART OpenAPI,2026-09-30
2024FY,기업,매출총이익,펌텍코리아|연결,75831630564,원,DART OpenAPI,2026-09-30
2024FY,기업,판관비,펌텍코리아|연결,27434634060,원,DART OpenAPI,2026-09-30
2024FY,기업,영업이익,펌텍코리아|연결,48396996504,원,DART OpenAPI,2026-09-30
2024FY,기업,당기순이익,펌텍코리아|연결,38325501439,원,DART OpenAPI,2026-09-30
2024FY,기업,지배주주순이익,펌텍코리아|연결,32702899031,원,DART OpenAPI,2026-09-30
2024Q4,기업,재고자산,펌텍코리아|연결,20407801829,원,DART OpenAPI,2026-09-30
2024Q4,기업,매출채권,펌텍코리아|연결,45954862381,원,DART OpenAPI,2026-09-30
2024FY,기업,매출액,펌텍코리아|별도,254004136047,원,DART OpenAPI,2026-09-30
2024FY,기업,매출총이익,펌텍코리아|별도,53667004149,원,DART OpenAPI,2026-09-30
2024FY,기업,판관비,펌텍코리아|별도,18307342412,원,DART OpenAPI,2026-09-30
2024FY,기업,영업이익,펌텍코리아|별도,35359661737,원,DART OpenAPI,2026-09-30
2024FY,기업,당기순이익,펌텍코리아|별도,26244141844,원,DART OpenAPI,2026-09-30
2024Q4,기업,재고자산,펌텍코리아|별도,17261006414,원,DART OpenAPI,2026-09-30
2024Q4,기업,매출채권,펌텍코리아|별도,35887299874,원,DART OpenAPI,2026-09-30
2024Q4,기업,직원수,펌텍코리아|별도,659,명,DART OpenAPI,2026-09-30
2025Q1,기업,매출액,펌텍코리아|연결,91735466206,원,DART OpenAPI,2026-09-30
2025Q1,기업,매출총이익,펌텍코리아|연결,20291262971,원,DART OpenAPI,2026-09-30
2025Q1,기업,판관비,펌텍코리아|연결,6858573633,원,DART OpenAPI,2026-09-30
2025Q1,기업,영업이익,펌텍코리아|연결,13432689338,원,DART OpenAPI,2026-09-30
2025Q1,기업,당기순이익,펌텍코리아|연결,11489858527,원,DART OpenAPI,2026-09-30
2025Q1,기업,지배주주순이익,펌텍코리아|연결,10454515199,원,DART OpenAPI,2026-09-30
2025Q1,기업,재고자산,펌텍코리아|연결,19673074412,원,DART OpenAPI,2026-09-30
2025Q1,기업,매출채권,펌텍코리아|연결,61926525105,원,DART OpenAPI,2026-09-30
2025Q1,기업,매출액,펌텍코리아|별도,69764829615,원,DART OpenAPI,2026-09-30
2025Q1,기업,매출총이익,펌텍코리아|별도,15364154335,원,DART OpenAPI,2026-09-30
2025Q1,기업,판관비,펌텍코리아|별도,4601742961,원,DART OpenAPI,2026-09-30
2025Q1,기업,영업이익,펌텍코리아|별도,10762411374,원,DART OpenAPI,2026-09-30
2025Q1,기업,당기순이익,펌텍코리아|별도,9249315057,원,DART OpenAPI,2026-09-30
2025Q1,기업,재고자산,펌텍코리아|별도,16493612112,원,DART OpenAPI,2026-09-30
2025Q1,기업,매출채권,펌텍코리아|별도,50648456237,원,DART OpenAPI,2026-09-30
2025Q1,기업,직원수,펌텍코리아|별도,653,명,DART OpenAPI,2026-09-30
2025Q2,기업,매출액,펌텍코리아|연결,105420763329,원,DART OpenAPI,2026-09-30
2025Q2,기업,매출총이익,펌텍코리아|연결,26126541270,원,DART OpenAPI,2026-09-30
2025Q2,기업,판관비,펌텍코리아|연결,6698831174,원,DART OpenAPI,2026-09-30
2025Q2,기업,영업이익,펌텍코리아|연결,19427710096,원,DART OpenAPI,2026-09-30
2025Q2,기업,당기순이익,펌텍코리아|연결,13058002336,원,DART OpenAPI,2026-09-30
2025Q2,기업,지배주주순이익,펌텍코리아|연결,11393287679,원,DART OpenAPI,2026-09-30
2025Q2,기업,재고자산,펌텍코리아|연결,20577087465,원,DART OpenAPI,2026-09-30
2025Q2,기업,매출채권,펌텍코리아|연결,55830243726,원,DART OpenAPI,2026-09-30
2025Q2,기업,매출액,펌텍코리아|별도,79154021896,원,DART OpenAPI,2026-09-30
2025Q2,기업,매출총이익,펌텍코리아|별도,18690873692,원,DART OpenAPI,2026-09-30
2025Q2,기업,판관비,펌텍코리아|별도,4728027468,원,DART OpenAPI,2026-09-30
2025Q2,기업,영업이익,펌텍코리아|별도,13962846224,원,DART OpenAPI,2026-09-30
2025Q2,기업,당기순이익,펌텍코리아|별도,8882947889,원,DART OpenAPI,2026-09-30
2025Q2,기업,재고자산,펌텍코리아|별도,17658622183,원,DART OpenAPI,2026-09-30
2025Q2,기업,매출채권,펌텍코리아|별도,44204357605,원,DART OpenAPI,2026-09-30
2025Q2,기업,직원수,펌텍코리아|별도,662,명,DART OpenAPI,2026-09-30
2025Q3,기업,매출액,펌텍코리아|연결,97671578789,원,DART OpenAPI,2026-09-30
2025Q3,기업,매출총이익,펌텍코리아|연결,22440674021,원,DART OpenAPI,2026-09-30
2025Q3,기업,판관비,펌텍코리아|연결,7116143256,원,DART OpenAPI,2026-09-30
2025Q3,기업,영업이익,펌텍코리아|연결,15324530765,원,DART OpenAPI,2026-09-30
2025Q3,기업,당기순이익,펌텍코리아|연결,13171775355,원,DART OpenAPI,2026-09-30
2025Q3,기업,지배주주순이익,펌텍코리아|연결,11236968772,원,DART OpenAPI,2026-09-30
2025Q3,기업,재고자산,펌텍코리아|연결,17550045864,원,DART OpenAPI,2026-09-30
2025Q3,기업,매출채권,펌텍코리아|연결,52851386281,원,DART OpenAPI,2026-09-30
2025Q3,기업,매출액,펌텍코리아|별도,75041472227,원,DART OpenAPI,2026-09-30
2025Q3,기업,매출총이익,펌텍코리아|별도,16070895128,원,DART OpenAPI,2026-09-30
2025Q3,기업,판관비,펌텍코리아|별도,5001339949,원,DART OpenAPI,2026-09-30
2025Q3,기업,영업이익,펌텍코리아|별도,11069555179,원,DART OpenAPI,2026-09-30
2025Q3,기업,당기순이익,펌텍코리아|별도,9414565355,원,DART OpenAPI,2026-09-30
2025Q3,기업,재고자산,펌텍코리아|별도,14904456937,원,DART OpenAPI,2026-09-30
2025Q3,기업,매출채권,펌텍코리아|별도,41464204473,원,DART OpenAPI,2026-09-30
2025Q3,기업,직원수,펌텍코리아|별도,678,명,DART OpenAPI,2026-09-30
2025FY,기업,매출액,펌텍코리아|연결,371960508790,원,DART OpenAPI,2026-09-30
2025FY,기업,매출총이익,펌텍코리아|연결,83904137937,원,DART OpenAPI,2026-09-30
2025FY,기업,판관비,펌텍코리아|연결,27389503406,원,DART OpenAPI,2026-09-30
2025FY,기업,영업이익,펌텍코리아|연결,56514634531,원,DART OpenAPI,2026-09-30
2025FY,기업,지배주주순이익,펌텍코리아|연결,34443020272,원,DART OpenAPI,2026-09-30
2025Q4,기업,재고자산,펌텍코리아|연결,17148779917,원,DART OpenAPI,2026-09-30
2025Q4,기업,매출채권,펌텍코리아|연결,44440047882,원,DART OpenAPI,2026-09-30
2025FY,기업,매출액,펌텍코리아|별도,281499370717,원,DART OpenAPI,2026-09-30
2025FY,기업,매출총이익,펌텍코리아|별도,61102830879,원,DART OpenAPI,2026-09-30
2025FY,기업,판관비,펌텍코리아|별도,19175728400,원,DART OpenAPI,2026-09-30
2025FY,기업,영업이익,펌텍코리아|별도,41927102479,원,DART OpenAPI,2026-09-30
2025FY,기업,당기순이익,펌텍코리아|별도,28888562442,원,DART OpenAPI,2026-09-30
2025Q4,기업,재고자산,펌텍코리아|별도,14560027211,원,DART OpenAPI,2026-09-30
2025Q4,기업,매출채권,펌텍코리아|별도,33645680528,원,DART OpenAPI,2026-09-30
2025Q4,기업,직원수,펌텍코리아|별도,665,명,DART OpenAPI,2026-09-30
2026Q1,기업,매출액,펌텍코리아|연결,91753697729,원,DART OpenAPI,2026-09-30
2026Q1,기업,매출총이익,펌텍코리아|연결,20408879748,원,DART OpenAPI,2026-09-30
2026Q1,기업,판관비,펌텍코리아|연결,7445591264,원,DART OpenAPI,2026-09-30
2026Q1,기업,영업이익,펌텍코리아|연결,12963288484,원,DART OpenAPI,2026-09-30
2026Q1,기업,지배주주순이익,펌텍코리아|연결,12657448498,원,DART OpenAPI,2026-09-30
2026Q1,기업,재고자산,펌텍코리아|연결,19516364732,원,DART OpenAPI,2026-09-30
2026Q1,기업,매출채권,펌텍코리아|연결,63434364035,원,DART OpenAPI,2026-09-30
2026Q1,기업,매출액,펌텍코리아|별도,68257835867,원,DART OpenAPI,2026-09-30
2026Q1,기업,매출총이익,펌텍코리아|별도,14619313612,원,DART OpenAPI,2026-09-30
2026Q1,기업,판관비,펌텍코리아|별도,5807799447,원,DART OpenAPI,2026-09-30
2026Q1,기업,영업이익,펌텍코리아|별도,8811514165,원,DART OpenAPI,2026-09-30
2026Q1,기업,당기순이익,펌텍코리아|별도,6587514576,원,DART OpenAPI,2026-09-30
2026Q1,기업,재고자산,펌텍코리아|별도,17145277810,원,DART OpenAPI,2026-09-30
2026Q1,기업,매출채권,펌텍코리아|별도,50108635351,원,DART OpenAPI,2026-09-30
2026Q1,기업,직원수,펌텍코리아|별도,684,명,DART OpenAPI,2026-09-30
2026Q2,기업,매출액,펌텍코리아|연결,116844346692,원,DART OpenAPI,2026-09-30
2026Q2,기업,매출총이익,펌텍코리아|연결,30997188269,원,DART OpenAPI,2026-09-30
2026Q2,기업,판관비,펌텍코리아|연결,9346605477,원,DART OpenAPI,2026-09-30
2026Q2,기업,영업이익,펌텍코리아|연결,21650582792,원,DART OpenAPI,2026-09-30
2026Q2,기업,지배주주순이익,펌텍코리아|연결,18185334487,원,DART OpenAPI,2026-09-30
2026Q2,기업,재고자산,펌텍코리아|연결,24690039284,원,DART OpenAPI,2026-09-30
2026Q2,기업,매출채권,펌텍코리아|연결,66602050968,원,DART OpenAPI,2026-09-30
2026Q2,기업,매출액,펌텍코리아|별도,88314970054,원,DART OpenAPI,2026-09-30
2026Q2,기업,매출총이익,펌텍코리아|별도,22315688229,원,DART OpenAPI,2026-09-30
2026Q2,기업,판관비,펌텍코리아|별도,7554340805,원,DART OpenAPI,2026-09-30
2026Q2,기업,영업이익,펌텍코리아|별도,14761347424,원,DART OpenAPI,2026-09-30
2026Q2,기업,당기순이익,펌텍코리아|별도,14541513751,원,DART OpenAPI,2026-09-30
2026Q2,기업,재고자산,펌텍코리아|별도,21371441108,원,DART OpenAPI,2026-09-30
2026Q2,기업,매출채권,펌텍코리아|별도,52608715947,원,DART OpenAPI,2026-09-30
2026Q2,기업,직원수,펌텍코리아|별도,687,명,DART OpenAPI,2026-09-30
2020Q1,기업,매출액,연우|연결,61997012487,원,DART OpenAPI,2026-09-30
2020Q1,기업,매출총이익,연우|연결,7770321170,원,DART OpenAPI,2026-09-30
2020Q1,기업,판관비,연우|연결,5091860745,원,DART OpenAPI,2026-09-30
2020Q1,기업,영업이익,연우|연결,2678460425,원,DART OpenAPI,2026-09-30
2020Q1,기업,당기순이익,연우|연결,3063069660,원,DART OpenAPI,2026-09-30
2020Q1,기업,지배주주순이익,연우|연결,3063069660,원,DART OpenAPI,2026-09-30
2020Q1,기업,재고자산,연우|연결,19105720220,원,DART OpenAPI,2026-09-30
2020Q1,기업,매출채권,연우|연결,36180715815,원,DART OpenAPI,2026-09-30
2020Q1,기업,매출액,연우|별도,61081661777,원,DART OpenAPI,2026-09-30
2020Q1,기업,매출총이익,연우|별도,8023287845,원,DART OpenAPI,2026-09-30
2020Q1,기업,판관비,연우|별도,4823321927,원,DART OpenAPI,2026-09-30
2020Q1,기업,영업이익,연우|별도,3199965918,원,DART OpenAPI,2026-09-30
2020Q1,기업,당기순이익,연우|별도,3295988397,원,DART OpenAPI,2026-09-30
2020Q1,기업,재고자산,연우|별도,18317195799,원,DART OpenAPI,2026-09-30
2020Q1,기업,매출채권,연우|별도,38213162255,원,DART OpenAPI,2026-09-30
2020Q1,기업,직원수,연우|별도,1493,명,DART OpenAPI,2026-09-30
2020Q2,기업,매출액,연우|연결,58994782151,원,DART OpenAPI,2026-09-30
2020Q2,기업,매출총이익,연우|연결,9383323436,원,DART OpenAPI,2026-09-30
2020Q2,기업,판관비,연우|연결,4718139062,원,DART OpenAPI,2026-09-30
2020Q2,기업,영업이익,연우|연결,4665184374,원,DART OpenAPI,2026-09-30
2020Q2,기업,당기순이익,연우|연결,3634903313,원,DART OpenAPI,2026-09-30
2020Q2,기업,지배주주순이익,연우|연결,3634903313,원,DART OpenAPI,2026-09-30
2020Q2,기업,재고자산,연우|연결,18306885255,원,DART OpenAPI,2026-09-30
2020Q2,기업,매출채권,연우|연결,35524344564,원,DART OpenAPI,2026-09-30
2020Q2,기업,계약부채,연우|연결,2407461139,원,DART OpenAPI,2026-09-30
2020Q2,기업,매출액,연우|별도,57858409790,원,DART OpenAPI,2026-09-30
2020Q2,기업,매출총이익,연우|별도,9322545587,원,DART OpenAPI,2026-09-30
2020Q2,기업,판관비,연우|별도,4410289450,원,DART OpenAPI,2026-09-30
2020Q2,기업,영업이익,연우|별도,4912256137,원,DART OpenAPI,2026-09-30
2020Q2,기업,당기순이익,연우|별도,3419594461,원,DART OpenAPI,2026-09-30
2020Q2,기업,재고자산,연우|별도,17153160617,원,DART OpenAPI,2026-09-30
2020Q2,기업,매출채권,연우|별도,36932138663,원,DART OpenAPI,2026-09-30
2020Q2,기업,계약부채,연우|별도,1791064741,원,DART OpenAPI,2026-09-30
2020Q2,기업,직원수,연우|별도,1466,명,DART OpenAPI,2026-09-30
2020Q3,기업,매출액,연우|연결,63479663267,원,DART OpenAPI,2026-09-30
2020Q3,기업,매출총이익,연우|연결,8259808732,원,DART OpenAPI,2026-09-30
2020Q3,기업,판관비,연우|연결,6275543837,원,DART OpenAPI,2026-09-30
2020Q3,기업,영업이익,연우|연결,1984264895,원,DART OpenAPI,2026-09-30
2020Q3,기업,당기순이익,연우|연결,1356156815,원,DART OpenAPI,2026-09-30
2020Q3,기업,지배주주순이익,연우|연결,1356156815,원,DART OpenAPI,2026-09-30
2020Q3,기업,재고자산,연우|연결,17953276419,원,DART OpenAPI,2026-09-30
2020Q3,기업,매출채권,연우|연결,33294734379,원,DART OpenAPI,2026-09-30
2020Q3,기업,계약부채,연우|연결,1742091159,원,DART OpenAPI,2026-09-30
2020Q3,기업,매출액,연우|별도,61578374843,원,DART OpenAPI,2026-09-30
2020Q3,기업,매출총이익,연우|별도,7996475625,원,DART OpenAPI,2026-09-30
2020Q3,기업,판관비,연우|별도,5953660952,원,DART OpenAPI,2026-09-30
2020Q3,기업,영업이익,연우|별도,2042814673,원,DART OpenAPI,2026-09-30
2020Q3,기업,당기순이익,연우|별도,1359265605,원,DART OpenAPI,2026-09-30
2020Q3,기업,재고자산,연우|별도,16998723476,원,DART OpenAPI,2026-09-30
2020Q3,기업,매출채권,연우|별도,33779356124,원,DART OpenAPI,2026-09-30
2020Q3,기업,계약부채,연우|별도,1552249097,원,DART OpenAPI,2026-09-30
2020Q3,기업,직원수,연우|별도,1433,명,DART OpenAPI,2026-09-30
2020FY,기업,매출액,연우|연결,251157123085,원,DART OpenAPI,2026-09-30
2020FY,기업,매출총이익,연우|연결,35924432256,원,DART OpenAPI,2026-09-30
2020FY,기업,판관비,연우|연결,19945229331,원,DART OpenAPI,2026-09-30
2020FY,기업,영업이익,연우|연결,15979202925,원,DART OpenAPI,2026-09-30
2020FY,기업,당기순이익,연우|연결,11373718495,원,DART OpenAPI,2026-09-30
2020FY,기업,지배주주순이익,연우|연결,11373718495,원,DART OpenAPI,2026-09-30
2020Q4,기업,재고자산,연우|연결,19360134190,원,DART OpenAPI,2026-09-30
2020Q4,기업,매출채권,연우|연결,32260491030,원,DART OpenAPI,2026-09-30
2020Q4,기업,계약부채,연우|연결,1406383331,원,DART OpenAPI,2026-09-30
2020FY,기업,매출액,연우|별도,245653008059,원,DART OpenAPI,2026-09-30
2020FY,기업,매출총이익,연우|별도,35480041580,원,DART OpenAPI,2026-09-30
2020FY,기업,판관비,연우|별도,18763151080,원,DART OpenAPI,2026-09-30
2020FY,기업,영업이익,연우|별도,16716890500,원,DART OpenAPI,2026-09-30
2020FY,기업,당기순이익,연우|별도,11222070959,원,DART OpenAPI,2026-09-30
2020Q4,기업,재고자산,연우|별도,18059589030,원,DART OpenAPI,2026-09-30
2020Q4,기업,매출채권,연우|별도,32712333546,원,DART OpenAPI,2026-09-30
2020Q4,기업,계약부채,연우|별도,1054212934,원,DART OpenAPI,2026-09-30
2020Q4,기업,직원수,연우|별도,1406,명,DART OpenAPI,2026-09-30
2021Q1,기업,매출액,연우|연결,71034870440,원,DART OpenAPI,2026-09-30
2021Q1,기업,매출총이익,연우|연결,10940029541,원,DART OpenAPI,2026-09-30
2021Q1,기업,판관비,연우|연결,4501280648,원,DART OpenAPI,2026-09-30
2021Q1,기업,영업이익,연우|연결,6438748893,원,DART OpenAPI,2026-09-30
2021Q1,기업,당기순이익,연우|연결,5858149377,원,DART OpenAPI,2026-09-30
2021Q1,기업,지배주주순이익,연우|연결,5858149377,원,DART OpenAPI,2026-09-30
2021Q1,기업,재고자산,연우|연결,21338817561,원,DART OpenAPI,2026-09-30
2021Q1,기업,매출채권,연우|연결,37452112320,원,DART OpenAPI,2026-09-30
2021Q1,기업,매출액,연우|별도,69878075900,원,DART OpenAPI,2026-09-30
2021Q1,기업,매출총이익,연우|별도,10903589638,원,DART OpenAPI,2026-09-30
2021Q1,기업,판관비,연우|별도,4256097158,원,DART OpenAPI,2026-09-30
2021Q1,기업,영업이익,연우|별도,6647492480,원,DART OpenAPI,2026-09-30
2021Q1,기업,당기순이익,연우|별도,6201461052,원,DART OpenAPI,2026-09-30
2021Q1,기업,재고자산,연우|별도,19716611771,원,DART OpenAPI,2026-09-30
2021Q1,기업,매출채권,연우|별도,39111685465,원,DART OpenAPI,2026-09-30
2021Q1,기업,계약부채,연우|별도,1440596329,원,DART OpenAPI,2026-09-30
2021Q1,기업,직원수,연우|별도,1396,명,DART OpenAPI,2026-09-30
2021Q2,기업,매출액,연우|연결,77073536031,원,DART OpenAPI,2026-09-30
2021Q2,기업,매출총이익,연우|연결,14453121076,원,DART OpenAPI,2026-09-30
2021Q2,기업,판관비,연우|연결,4517639054,원,DART OpenAPI,2026-09-30
2021Q2,기업,영업이익,연우|연결,9935482022,원,DART OpenAPI,2026-09-30
2021Q2,기업,당기순이익,연우|연결,8078143531,원,DART OpenAPI,2026-09-30
2021Q2,기업,지배주주순이익,연우|연결,8078143531,원,DART OpenAPI,2026-09-30
2021Q2,기업,재고자산,연우|연결,21182786152,원,DART OpenAPI,2026-09-30
2021Q2,기업,매출채권,연우|연결,34953641633,원,DART OpenAPI,2026-09-30
2021Q2,기업,계약부채,연우|연결,2438406898,원,DART OpenAPI,2026-09-30
2021Q2,기업,매출액,연우|별도,75686797289,원,DART OpenAPI,2026-09-30
2021Q2,기업,매출총이익,연우|별도,14610351366,원,DART OpenAPI,2026-09-30
2021Q2,기업,판관비,연우|별도,4199618055,원,DART OpenAPI,2026-09-30
2021Q2,기업,영업이익,연우|별도,10410733311,원,DART OpenAPI,2026-09-30
2021Q2,기업,당기순이익,연우|별도,8577968336,원,DART OpenAPI,2026-09-30
2021Q2,기업,재고자산,연우|별도,19425507668,원,DART OpenAPI,2026-09-30
2021Q2,기업,매출채권,연우|별도,36694684827,원,DART OpenAPI,2026-09-30
2021Q2,기업,계약부채,연우|별도,1998953208,원,DART OpenAPI,2026-09-30
2021Q2,기업,직원수,연우|별도,1375,명,DART OpenAPI,2026-09-30
2021Q3,기업,매출액,연우|연결,68316429995,원,DART OpenAPI,2026-09-30
2021Q3,기업,매출총이익,연우|연결,11631988594,원,DART OpenAPI,2026-09-30
2021Q3,기업,판관비,연우|연결,5248559683,원,DART OpenAPI,2026-09-30
2021Q3,기업,영업이익,연우|연결,6383428911,원,DART OpenAPI,2026-09-30
2021Q3,기업,당기순이익,연우|연결,6589816415,원,DART OpenAPI,2026-09-30
2021Q3,기업,지배주주순이익,연우|연결,6589816415,원,DART OpenAPI,2026-09-30
2021Q3,기업,재고자산,연우|연결,25498345963,원,DART OpenAPI,2026-09-30
2021Q3,기업,매출채권,연우|연결,32631867573,원,DART OpenAPI,2026-09-30
2021Q3,기업,계약부채,연우|연결,1467443348,원,DART OpenAPI,2026-09-30
2021Q3,기업,매출액,연우|별도,65921182138,원,DART OpenAPI,2026-09-30
2021Q3,기업,매출총이익,연우|별도,11633596273,원,DART OpenAPI,2026-09-30
2021Q3,기업,판관비,연우|별도,4879082841,원,DART OpenAPI,2026-09-30
2021Q3,기업,영업이익,연우|별도,6754513432,원,DART OpenAPI,2026-09-30
2021Q3,기업,당기순이익,연우|별도,7037237976,원,DART OpenAPI,2026-09-30
2021Q3,기업,재고자산,연우|별도,23647750300,원,DART OpenAPI,2026-09-30
2021Q3,기업,매출채권,연우|별도,33769935139,원,DART OpenAPI,2026-09-30
2021Q3,기업,계약부채,연우|별도,1016783107,원,DART OpenAPI,2026-09-30
2021Q3,기업,직원수,연우|별도,1367,명,DART OpenAPI,2026-09-30
2021FY,기업,매출액,연우|연결,287098295487,원,DART OpenAPI,2026-09-30
2021FY,기업,매출총이익,연우|연결,48958125531,원,DART OpenAPI,2026-09-30
2021FY,기업,판관비,연우|연결,19040287559,원,DART OpenAPI,2026-09-30
2021FY,기업,영업이익,연우|연결,29917837972,원,DART OpenAPI,2026-09-30
2021FY,기업,당기순이익,연우|연결,26388837322,원,DART OpenAPI,2026-09-30
2021FY,기업,지배주주순이익,연우|연결,26388837322,원,DART OpenAPI,2026-09-30
2021Q4,기업,재고자산,연우|연결,25759757563,원,DART OpenAPI,2026-09-30
2021Q4,기업,매출채권,연우|연결,30159682149,원,DART OpenAPI,2026-09-30
2021Q4,기업,계약부채,연우|연결,1705821410,원,DART OpenAPI,2026-09-30
2021FY,기업,매출액,연우|별도,279680388625,원,DART OpenAPI,2026-09-30
2021FY,기업,매출총이익,연우|별도,48959387000,원,DART OpenAPI,2026-09-30
2021FY,기업,판관비,연우|별도,17712058859,원,DART OpenAPI,2026-09-30
2021FY,기업,영업이익,연우|별도,31247328141,원,DART OpenAPI,2026-09-30
2021FY,기업,당기순이익,연우|별도,28017044218,원,DART OpenAPI,2026-09-30
2021Q4,기업,재고자산,연우|별도,23396602703,원,DART OpenAPI,2026-09-30
2021Q4,기업,매출채권,연우|별도,32554335646,원,DART OpenAPI,2026-09-30
2021Q4,기업,계약부채,연우|별도,1346596066,원,DART OpenAPI,2026-09-30
2021Q4,기업,직원수,연우|별도,1377,명,DART OpenAPI,2026-09-30
2022Q1,기업,매출액,연우|연결,67504061563,원,DART OpenAPI,2026-09-30
2022Q1,기업,매출총이익,연우|연결,7991031807,원,DART OpenAPI,2026-09-30
2022Q1,기업,판관비,연우|연결,5097228658,원,DART OpenAPI,2026-09-30
2022Q1,기업,영업이익,연우|연결,2893803149,원,DART OpenAPI,2026-09-30
2022Q1,기업,당기순이익,연우|연결,2734973737,원,DART OpenAPI,2026-09-30
2022Q1,기업,지배주주순이익,연우|연결,2734973737,원,DART OpenAPI,2026-09-30
2022Q1,기업,재고자산,연우|연결,22705688793,원,DART OpenAPI,2026-09-30
2022Q1,기업,매출채권,연우|연결,38595091705,원,DART OpenAPI,2026-09-30
2022Q1,기업,계약부채,연우|연결,1827347322,원,DART OpenAPI,2026-09-30
2022Q1,기업,매출액,연우|별도,64723305326,원,DART OpenAPI,2026-09-30
2022Q1,기업,매출총이익,연우|별도,7278564300,원,DART OpenAPI,2026-09-30
2022Q1,기업,판관비,연우|별도,4782979230,원,DART OpenAPI,2026-09-30
2022Q1,기업,영업이익,연우|별도,2495585070,원,DART OpenAPI,2026-09-30
2022Q1,기업,당기순이익,연우|별도,2421377125,원,DART OpenAPI,2026-09-30
2022Q1,기업,재고자산,연우|별도,20122329135,원,DART OpenAPI,2026-09-30
2022Q1,기업,매출채권,연우|별도,40511393041,원,DART OpenAPI,2026-09-30
2022Q1,기업,계약부채,연우|별도,1366672569,원,DART OpenAPI,2026-09-30
2022Q1,기업,직원수,연우|별도,1376,명,DART OpenAPI,2026-09-30
2022Q2,기업,매출액,연우|연결,61358735949,원,DART OpenAPI,2026-09-30
2022Q2,기업,매출총이익,연우|연결,8895254034,원,DART OpenAPI,2026-09-30
2022Q2,기업,판관비,연우|연결,5112827406,원,DART OpenAPI,2026-09-30
2022Q2,기업,영업이익,연우|연결,3782426628,원,DART OpenAPI,2026-09-30
2022Q2,기업,당기순이익,연우|연결,2876389890,원,DART OpenAPI,2026-09-30
2022Q2,기업,지배주주순이익,연우|연결,2876389890,원,DART OpenAPI,2026-09-30
2022Q2,기업,재고자산,연우|연결,22923102435,원,DART OpenAPI,2026-09-30
2022Q2,기업,매출채권,연우|연결,33938571704,원,DART OpenAPI,2026-09-30
2022Q2,기업,계약부채,연우|연결,1949164468,원,DART OpenAPI,2026-09-30
2022Q2,기업,매출액,연우|별도,58159024550,원,DART OpenAPI,2026-09-30
2022Q2,기업,매출총이익,연우|별도,8401420658,원,DART OpenAPI,2026-09-30
2022Q2,기업,판관비,연우|별도,4773421774,원,DART OpenAPI,2026-09-30
2022Q2,기업,영업이익,연우|별도,3627998884,원,DART OpenAPI,2026-09-30
2022Q2,기업,당기순이익,연우|별도,3429151632,원,DART OpenAPI,2026-09-30
2022Q2,기업,재고자산,연우|별도,20397458891,원,DART OpenAPI,2026-09-30
2022Q2,기업,매출채권,연우|별도,33491689889,원,DART OpenAPI,2026-09-30
2022Q2,기업,계약부채,연우|별도,1549476164,원,DART OpenAPI,2026-09-30
2022Q2,기업,직원수,연우|별도,1351,명,DART OpenAPI,2026-09-30
2022Q3,기업,매출액,연우|연결,53981466126,원,DART OpenAPI,2026-09-30
2022Q3,기업,매출총이익,연우|연결,1345009947,원,DART OpenAPI,2026-09-30
2022Q3,기업,판관비,연우|연결,6100434340,원,DART OpenAPI,2026-09-30
2022Q3,기업,영업이익,연우|연결,-4755424393,원,DART OpenAPI,2026-09-30
2022Q3,기업,당기순이익,연우|연결,-4432588697,원,DART OpenAPI,2026-09-30
2022Q3,기업,지배주주순이익,연우|연결,-4432588697,원,DART OpenAPI,2026-09-30
2022Q3,기업,재고자산,연우|연결,22121352411,원,DART OpenAPI,2026-09-30
2022Q3,기업,매출채권,연우|연결,30468546943,원,DART OpenAPI,2026-09-30
2022Q3,기업,계약부채,연우|연결,2007897640,원,DART OpenAPI,2026-09-30
2022Q3,기업,매출액,연우|별도,51224336239,원,DART OpenAPI,2026-09-30
2022Q3,기업,매출총이익,연우|별도,968848229,원,DART OpenAPI,2026-09-30
2022Q3,기업,판관비,연우|별도,5741082807,원,DART OpenAPI,2026-09-30
2022Q3,기업,영업이익,연우|별도,-4772234578,원,DART OpenAPI,2026-09-30
2022Q3,기업,당기순이익,연우|별도,-3394956349,원,DART OpenAPI,2026-09-30
2022Q3,기업,재고자산,연우|별도,19220677931,원,DART OpenAPI,2026-09-30
2022Q3,기업,매출채권,연우|별도,30300178856,원,DART OpenAPI,2026-09-30
2022Q3,기업,계약부채,연우|별도,1669199939,원,DART OpenAPI,2026-09-30
2022Q3,기업,직원수,연우|별도,1338,명,DART OpenAPI,2026-09-30
2022FY,기업,매출액,연우|연결,234737945885,원,DART OpenAPI,2026-09-30
2022FY,기업,매출총이익,연우|연결,22951975851,원,DART OpenAPI,2026-09-30
2022FY,기업,판관비,연우|연결,21668592471,원,DART OpenAPI,2026-09-30
2022FY,기업,영업이익,연우|연결,1283383380,원,DART OpenAPI,2026-09-30
2022FY,기업,당기순이익,연우|연결,370890157,원,DART OpenAPI,2026-09-30
2022FY,기업,지배주주순이익,연우|연결,370890157,원,DART OpenAPI,2026-09-30
2022Q4,기업,재고자산,연우|연결,19208306232,원,DART OpenAPI,2026-09-30
2022Q4,기업,매출채권,연우|연결,29154558932,원,DART OpenAPI,2026-09-30
2022Q4,기업,계약부채,연우|연결,1799426661,원,DART OpenAPI,2026-09-30
2022FY,기업,매출액,연우|별도,222882132248,원,DART OpenAPI,2026-09-30
2022FY,기업,매출총이익,연우|별도,20745678437,원,DART OpenAPI,2026-09-30
2022FY,기업,판관비,연우|별도,20298244031,원,DART OpenAPI,2026-09-30
2022FY,기업,영업이익,연우|별도,447434406,원,DART OpenAPI,2026-09-30
2022FY,기업,당기순이익,연우|별도,-1647345990,원,DART OpenAPI,2026-09-30
2022Q4,기업,재고자산,연우|별도,16800883494,원,DART OpenAPI,2026-09-30
2022Q4,기업,매출채권,연우|별도,31201341793,원,DART OpenAPI,2026-09-30
2022Q4,기업,계약부채,연우|별도,1353162309,원,DART OpenAPI,2026-09-30
2022Q4,기업,직원수,연우|별도,1336,명,DART OpenAPI,2026-09-30
2023Q1,기업,매출액,연우|연결,50532205126,원,DART OpenAPI,2026-09-30
2023Q1,기업,매출총이익,연우|연결,2655682647,원,DART OpenAPI,2026-09-30
2023Q1,기업,판관비,연우|연결,5172335847,원,DART OpenAPI,2026-09-30
2023Q1,기업,영업이익,연우|연결,-2516653200,원,DART OpenAPI,2026-09-30
2023Q1,기업,당기순이익,연우|연결,-811853526,원,DART OpenAPI,2026-09-30
2023Q1,기업,지배주주순이익,연우|연결,-811853526,원,DART OpenAPI,2026-09-30
2023Q1,기업,재고자산,연우|연결,19259081254,원,DART OpenAPI,2026-09-30
2023Q1,기업,매출채권,연우|연결,33690937082,원,DART OpenAPI,2026-09-30
2023Q1,기업,계약부채,연우|연결,2244793616,원,DART OpenAPI,2026-09-30
2023Q1,기업,매출액,연우|별도,49601104900,원,DART OpenAPI,2026-09-30
2023Q1,기업,매출총이익,연우|별도,2529767109,원,DART OpenAPI,2026-09-30
2023Q1,기업,판관비,연우|별도,5057313929,원,DART OpenAPI,2026-09-30
2023Q1,기업,영업이익,연우|별도,-2527546820,원,DART OpenAPI,2026-09-30
2023Q1,기업,당기순이익,연우|별도,-777504439,원,DART OpenAPI,2026-09-30
2023Q1,기업,재고자산,연우|별도,15968845347,원,DART OpenAPI,2026-09-30
2023Q1,기업,매출채권,연우|별도,37974108614,원,DART OpenAPI,2026-09-30
2023Q1,기업,계약부채,연우|별도,1880753385,원,DART OpenAPI,2026-09-30
2023Q1,기업,직원수,연우|별도,1310,명,DART OpenAPI,2026-09-30
2023Q2,기업,매출액,연우|연결,63174055756,원,DART OpenAPI,2026-09-30
2023Q2,기업,매출총이익,연우|연결,7251878735,원,DART OpenAPI,2026-09-30
2023Q2,기업,판관비,연우|연결,6021200444,원,DART OpenAPI,2026-09-30
2023Q2,기업,영업이익,연우|연결,1230678291,원,DART OpenAPI,2026-09-30
2023Q2,기업,당기순이익,연우|연결,532762430,원,DART OpenAPI,2026-09-30
2023Q2,기업,지배주주순이익,연우|연결,532762430,원,DART OpenAPI,2026-09-30
2023Q2,기업,재고자산,연우|연결,19190852081,원,DART OpenAPI,2026-09-30
2023Q2,기업,매출채권,연우|연결,36911984661,원,DART OpenAPI,2026-09-30
2023Q2,기업,계약부채,연우|연결,1873518545,원,DART OpenAPI,2026-09-30
2023Q2,기업,매출액,연우|별도,60958495321,원,DART OpenAPI,2026-09-30
2023Q2,기업,매출총이익,연우|별도,7889582656,원,DART OpenAPI,2026-09-30
2023Q2,기업,판관비,연우|별도,5551034660,원,DART OpenAPI,2026-09-30
2023Q2,기업,영업이익,연우|별도,2338547996,원,DART OpenAPI,2026-09-30
2023Q2,기업,당기순이익,연우|별도,2483005810,원,DART OpenAPI,2026-09-30
2023Q2,기업,재고자산,연우|별도,16346524782,원,DART OpenAPI,2026-09-30
2023Q2,기업,매출채권,연우|별도,41073683765,원,DART OpenAPI,2026-09-30
2023Q2,기업,계약부채,연우|별도,1641788605,원,DART OpenAPI,2026-09-30
2023Q2,기업,직원수,연우|별도,1323,명,DART OpenAPI,2026-09-30
2023Q3,기업,매출액,연우|연결,60752254930,원,DART OpenAPI,2026-09-30
2023Q3,기업,매출총이익,연우|연결,7085362062,원,DART OpenAPI,2026-09-30
2023Q3,기업,판관비,연우|연결,5743317255,원,DART OpenAPI,2026-09-30
2023Q3,기업,영업이익,연우|연결,1342044807,원,DART OpenAPI,2026-09-30
2023Q3,기업,당기순이익,연우|연결,1456626798,원,DART OpenAPI,2026-09-30
2023Q3,기업,지배주주순이익,연우|연결,1456626798,원,DART OpenAPI,2026-09-30
2023Q3,기업,재고자산,연우|연결,20480339195,원,DART OpenAPI,2026-09-30
2023Q3,기업,매출채권,연우|연결,32366204653,원,DART OpenAPI,2026-09-30
2023Q3,기업,계약부채,연우|연결,1304485620,원,DART OpenAPI,2026-09-30
2023Q3,기업,매출액,연우|별도,58228308985,원,DART OpenAPI,2026-09-30
2023Q3,기업,매출총이익,연우|별도,7509850551,원,DART OpenAPI,2026-09-30
2023Q3,기업,판관비,연우|별도,5241011354,원,DART OpenAPI,2026-09-30
2023Q3,기업,영업이익,연우|별도,2268839197,원,DART OpenAPI,2026-09-30
2023Q3,기업,당기순이익,연우|별도,2389923428,원,DART OpenAPI,2026-09-30
2023Q3,기업,재고자산,연우|별도,17941438481,원,DART OpenAPI,2026-09-30
2023Q3,기업,매출채권,연우|별도,37691871537,원,DART OpenAPI,2026-09-30
2023Q3,기업,계약부채,연우|별도,1265360178,원,DART OpenAPI,2026-09-30
2023Q3,기업,직원수,연우|별도,1335,명,DART OpenAPI,2026-09-30
2023FY,기업,매출액,연우|연결,235902680015,원,DART OpenAPI,2026-09-30
2023FY,기업,매출총이익,연우|연결,23980544938,원,DART OpenAPI,2026-09-30
2023FY,기업,판관비,연우|연결,24007481419,원,DART OpenAPI,2026-09-30
2023FY,기업,영업이익,연우|연결,-26936481,원,DART OpenAPI,2026-09-30
2023FY,기업,당기순이익,연우|연결,-9432615051,원,DART OpenAPI,2026-09-30
2023FY,기업,지배주주순이익,연우|연결,-9432615051,원,DART OpenAPI,2026-09-30
2023Q4,기업,재고자산,연우|연결,24556958831,원,DART OpenAPI,2026-09-30
2023Q4,기업,매출채권,연우|연결,33243998254,원,DART OpenAPI,2026-09-30
2023Q4,기업,계약부채,연우|연결,2084833192,원,DART OpenAPI,2026-09-30
2023FY,기업,매출액,연우|별도,227846407044,원,DART OpenAPI,2026-09-30
2023FY,기업,매출총이익,연우|별도,26053456707,원,DART OpenAPI,2026-09-30
2023FY,기업,판관비,연우|별도,23350711023,원,DART OpenAPI,2026-09-30
2023FY,기업,영업이익,연우|별도,2702745684,원,DART OpenAPI,2026-09-30
2023FY,기업,당기순이익,연우|별도,-12150882187,원,DART OpenAPI,2026-09-30
2023Q4,기업,재고자산,연우|별도,22914196201,원,DART OpenAPI,2026-09-30
2023Q4,기업,매출채권,연우|별도,37599893371,원,DART OpenAPI,2026-09-30
2023Q4,기업,계약부채,연우|별도,2018767510,원,DART OpenAPI,2026-09-30
2023Q4,기업,직원수,연우|별도,1319,명,DART OpenAPI,2026-09-30
2024Q1,기업,매출액,연우|연결,67114574633,원,DART OpenAPI,2026-09-30
2024Q1,기업,매출총이익,연우|연결,7445662154,원,DART OpenAPI,2026-09-30
2024Q1,기업,판관비,연우|연결,7550668491,원,DART OpenAPI,2026-09-30
2024Q1,기업,영업이익,연우|연결,-105006337,원,DART OpenAPI,2026-09-30
2024Q1,기업,당기순이익,연우|연결,527271269,원,DART OpenAPI,2026-09-30
2024Q1,기업,지배주주순이익,연우|연결,415020178,원,DART OpenAPI,2026-09-30
2024Q1,기업,재고자산,연우|연결,27237875401,원,DART OpenAPI,2026-09-30
2024Q1,기업,매출채권,연우|연결,39763852034,원,DART OpenAPI,2026-09-30
2024Q1,기업,계약부채,연우|연결,2191411049,원,DART OpenAPI,2026-09-30
2024Q1,기업,매출액,연우|별도,64465012108,원,DART OpenAPI,2026-09-30
2024Q1,기업,매출총이익,연우|별도,7640448187,원,DART OpenAPI,2026-09-30
2024Q1,기업,판관비,연우|별도,7045566777,원,DART OpenAPI,2026-09-30
2024Q1,기업,영업이익,연우|별도,594881410,원,DART OpenAPI,2026-09-30
2024Q1,기업,당기순이익,연우|별도,1444290987,원,DART OpenAPI,2026-09-30
2024Q1,기업,재고자산,연우|별도,25956547856,원,DART OpenAPI,2026-09-30
2024Q1,기업,매출채권,연우|별도,44114368089,원,DART OpenAPI,2026-09-30
2024Q1,기업,계약부채,연우|별도,2038900230,원,DART OpenAPI,2026-09-30
2024Q1,기업,직원수,연우|별도,1326,명,DART OpenAPI,2026-09-30
2024Q2,기업,매출액,연우|연결,73825520835,원,DART OpenAPI,2026-09-30
2024Q2,기업,매출총이익,연우|연결,9023952520,원,DART OpenAPI,2026-09-30
2024Q2,기업,판관비,연우|연결,7893424598,원,DART OpenAPI,2026-09-30
2024Q2,기업,영업이익,연우|연결,1130527922,원,DART OpenAPI,2026-09-30
2024Q2,기업,당기순이익,연우|연결,1799022875,원,DART OpenAPI,2026-09-30
2024Q2,기업,지배주주순이익,연우|연결,2100448149,원,DART OpenAPI,2026-09-30
2024Q2,기업,재고자산,연우|연결,30419301364,원,DART OpenAPI,2026-09-30
2024Q2,기업,매출채권,연우|연결,40016285524,원,DART OpenAPI,2026-09-30
2024Q2,기업,계약부채,연우|연결,2092272190,원,DART OpenAPI,2026-09-30
2024Q2,기업,매출액,연우|별도,69604283671,원,DART OpenAPI,2026-09-30
2024Q2,기업,매출총이익,연우|별도,8630142296,원,DART OpenAPI,2026-09-30
2024Q2,기업,판관비,연우|별도,6852700789,원,DART OpenAPI,2026-09-30
2024Q2,기업,영업이익,연우|별도,1777441507,원,DART OpenAPI,2026-09-30
2024Q2,기업,당기순이익,연우|별도,2502398027,원,DART OpenAPI,2026-09-30
2024Q2,기업,재고자산,연우|별도,29410979235,원,DART OpenAPI,2026-09-30
2024Q2,기업,매출채권,연우|별도,44750039222,원,DART OpenAPI,2026-09-30
2024Q2,기업,계약부채,연우|별도,2005172039,원,DART OpenAPI,2026-09-30
2024Q2,기업,직원수,연우|별도,1336,명,DART OpenAPI,2026-09-30
2024Q3,기업,매출액,연우|연결,72564840274,원,DART OpenAPI,2026-09-30
2024Q3,기업,매출총이익,연우|연결,9143206444,원,DART OpenAPI,2026-09-30
2024Q3,기업,판관비,연우|연결,8100404996,원,DART OpenAPI,2026-09-30
2024Q3,기업,영업이익,연우|연결,1042801448,원,DART OpenAPI,2026-09-30
2024Q3,기업,당기순이익,연우|연결,294301226,원,DART OpenAPI,2026-09-30
2024Q3,기업,지배주주순이익,연우|연결,513185977,원,DART OpenAPI,2026-09-30
2024Q3,기업,재고자산,연우|연결,28214295669,원,DART OpenAPI,2026-09-30
2024Q3,기업,매출채권,연우|연결,32761998271,원,DART OpenAPI,2026-09-30
2024Q3,기업,계약부채,연우|연결,2267756945,원,DART OpenAPI,2026-09-30
2024Q3,기업,매출액,연우|별도,68806266994,원,DART OpenAPI,2026-09-30
2024Q3,기업,매출총이익,연우|별도,8787463852,원,DART OpenAPI,2026-09-30
2024Q3,기업,판관비,연우|별도,6905781226,원,DART OpenAPI,2026-09-30
2024Q3,기업,영업이익,연우|별도,1881682626,원,DART OpenAPI,2026-09-30
2024Q3,기업,당기순이익,연우|별도,1091306057,원,DART OpenAPI,2026-09-30
2024Q3,기업,재고자산,연우|별도,27275152828,원,DART OpenAPI,2026-09-30
2024Q3,기업,매출채권,연우|별도,38122316340,원,DART OpenAPI,2026-09-30
2024Q3,기업,계약부채,연우|별도,2215216125,원,DART OpenAPI,2026-09-30
2024Q3,기업,직원수,연우|별도,1314,명,DART OpenAPI,2026-09-30
2024FY,기업,매출액,연우|연결,274840071297,원,DART OpenAPI,2026-09-30
2024FY,기업,매출총이익,연우|연결,31160062841,원,DART OpenAPI,2026-09-30
2024FY,기업,판관비,연우|연결,30221119219,원,DART OpenAPI,2026-09-30
2024FY,기업,영업이익,연우|연결,938943622,원,DART OpenAPI,2026-09-30
2024FY,기업,당기순이익,연우|연결,13130687937,원,DART OpenAPI,2026-09-30
2024FY,기업,지배주주순이익,연우|연결,13130687937,원,DART OpenAPI,2026-09-30
2024Q4,기업,재고자산,연우|연결,28641086331,원,DART OpenAPI,2026-09-30
2024Q4,기업,매출채권,연우|연결,32206957048,원,DART OpenAPI,2026-09-30
2024Q4,기업,계약부채,연우|연결,1690302034,원,DART OpenAPI,2026-09-30
2024FY,기업,매출액,연우|별도,261544693967,원,DART OpenAPI,2026-09-30
2024FY,기업,매출총이익,연우|별도,30895668679,원,DART OpenAPI,2026-09-30
2024FY,기업,판관비,연우|별도,26830149982,원,DART OpenAPI,2026-09-30
2024FY,기업,영업이익,연우|별도,4065518697,원,DART OpenAPI,2026-09-30
2024FY,기업,당기순이익,연우|별도,12189424212,원,DART OpenAPI,2026-09-30
2024Q4,기업,재고자산,연우|별도,28343541860,원,DART OpenAPI,2026-09-30
2024Q4,기업,매출채권,연우|별도,39472238365,원,DART OpenAPI,2026-09-30
2024Q4,기업,계약부채,연우|별도,1580036927,원,DART OpenAPI,2026-09-30
2024Q4,기업,직원수,연우|별도,1295,명,DART OpenAPI,2026-09-30
2020Q1,기업,매출액,에이피알|연결,49441025375,원,DART OpenAPI,2026-09-30
2020Q1,기업,매출총이익,에이피알|연결,36688844510,원,DART OpenAPI,2026-09-30
2020Q1,기업,판관비,에이피알|연결,30598565513,원,DART OpenAPI,2026-09-30
2020Q1,기업,영업이익,에이피알|연결,6090278997,원,DART OpenAPI,2026-09-30
2020Q1,기업,당기순이익,에이피알|연결,4977679928,원,DART OpenAPI,2026-09-30
2020Q1,기업,지배주주순이익,에이피알|연결,4977679928,원,DART OpenAPI,2026-09-30
2020Q1,기업,재고자산,에이피알|연결,17653998320,원,DART OpenAPI,2026-09-30
2020Q1,기업,매출채권,에이피알|연결,11040420197,원,DART OpenAPI,2026-09-30
2020Q1,기업,매출액,에이피알|별도,40405145257,원,DART OpenAPI,2026-09-30
2020Q1,기업,매출총이익,에이피알|별도,30892369998,원,DART OpenAPI,2026-09-30
2020Q1,기업,판관비,에이피알|별도,27735118428,원,DART OpenAPI,2026-09-30
2020Q1,기업,영업이익,에이피알|별도,3157251570,원,DART OpenAPI,2026-09-30
2020Q1,기업,당기순이익,에이피알|별도,5048557053,원,DART OpenAPI,2026-09-30
2020Q1,기업,재고자산,에이피알|별도,11365331066,원,DART OpenAPI,2026-09-30
2020Q1,기업,매출채권,에이피알|별도,12175747772,원,DART OpenAPI,2026-09-30
2020Q1,기업,직원수,에이피알|별도,197,명,DART OpenAPI,2026-09-30
2020Q2,기업,매출액,에이피알|연결,52117334421,원,DART OpenAPI,2026-09-30
2020Q2,기업,매출총이익,에이피알|연결,41294489305,원,DART OpenAPI,2026-09-30
2020Q2,기업,판관비,에이피알|연결,38651033039,원,DART OpenAPI,2026-09-30
2020Q2,기업,영업이익,에이피알|연결,2643456266,원,DART OpenAPI,2026-09-30
2020Q2,기업,당기순이익,에이피알|연결,-426514358,원,DART OpenAPI,2026-09-30
2020Q2,기업,지배주주순이익,에이피알|연결,-426514358,원,DART OpenAPI,2026-09-30
2020Q2,기업,재고자산,에이피알|연결,21345947110,원,DART OpenAPI,2026-09-30
2020Q2,기업,매출채권,에이피알|연결,10935010047,원,DART OpenAPI,2026-09-30
2020Q2,기업,매출액,에이피알|별도,45634944341,원,DART OpenAPI,2026-09-30
2020Q2,기업,매출총이익,에이피알|별도,35274301398,원,DART OpenAPI,2026-09-30
2020Q2,기업,판관비,에이피알|별도,36528228638,원,DART OpenAPI,2026-09-30
2020Q2,기업,영업이익,에이피알|별도,-1253927240,원,DART OpenAPI,2026-09-30
2020Q2,기업,당기순이익,에이피알|별도,-1081216533,원,DART OpenAPI,2026-09-30
2020Q2,기업,재고자산,에이피알|별도,14478236190,원,DART OpenAPI,2026-09-30
2020Q2,기업,매출채권,에이피알|별도,16053055701,원,DART OpenAPI,2026-09-30
2020Q2,기업,직원수,에이피알|별도,229,명,DART OpenAPI,2026-09-30
2020Q3,기업,매출액,에이피알|연결,59659321032,원,DART OpenAPI,2026-09-30
2020Q3,기업,매출총이익,에이피알|연결,41549986825,원,DART OpenAPI,2026-09-30
2020Q3,기업,판관비,에이피알|연결,36614875287,원,DART OpenAPI,2026-09-30
2020Q3,기업,영업이익,에이피알|연결,4935111538,원,DART OpenAPI,2026-09-30
2020Q3,기업,당기순이익,에이피알|연결,3420145504,원,DART OpenAPI,2026-09-30
2020Q3,기업,지배주주순이익,에이피알|연결,3420145504,원,DART OpenAPI,2026-09-30
2020Q3,기업,재고자산,에이피알|연결,25926652975,원,DART OpenAPI,2026-09-30
2020Q3,기업,매출채권,에이피알|연결,13174396662,원,DART OpenAPI,2026-09-30
2020Q3,기업,매출액,에이피알|별도,43357807824,원,DART OpenAPI,2026-09-30
2020Q3,기업,매출총이익,에이피알|별도,33693224936,원,DART OpenAPI,2026-09-30
2020Q3,기업,판관비,에이피알|별도,33209434563,원,DART OpenAPI,2026-09-30
2020Q3,기업,영업이익,에이피알|별도,483790373,원,DART OpenAPI,2026-09-30
2020Q3,기업,당기순이익,에이피알|별도,3858857154,원,DART OpenAPI,2026-09-30
2020Q3,기업,재고자산,에이피알|별도,14840922896,원,DART OpenAPI,2026-09-30
2020Q3,기업,매출채권,에이피알|별도,13436860911,원,DART OpenAPI,2026-09-30
2020Q3,기업,직원수,에이피알|별도,237,명,DART OpenAPI,2026-09-30
2020FY,기업,매출액,에이피알|연결,219939337665,원,DART OpenAPI,2026-09-30
2020FY,기업,매출총이익,에이피알|연결,161352967215,원,DART OpenAPI,2026-09-30
2020FY,기업,판관비,에이피알|연결,146883270338,원,DART OpenAPI,2026-09-30
2020FY,기업,영업이익,에이피알|연결,14469696877,원,DART OpenAPI,2026-09-30
2020FY,기업,당기순이익,에이피알|연결,7891717267,원,DART OpenAPI,2026-09-30
2020FY,기업,지배주주순이익,에이피알|연결,7891717267,원,DART OpenAPI,2026-09-30
2020Q4,기업,재고자산,에이피알|연결,18560580552,원,DART OpenAPI,2026-09-30
2020Q4,기업,매출채권,에이피알|연결,10599063509,원,DART OpenAPI,2026-09-30
2020FY,기업,매출액,에이피알|별도,170610580231,원,DART OpenAPI,2026-09-30
2020FY,기업,매출총이익,에이피알|별도,129295042386,원,DART OpenAPI,2026-09-30
2020FY,기업,판관비,에이피알|별도,126591984777,원,DART OpenAPI,2026-09-30
2020FY,기업,영업이익,에이피알|별도,2703057609,원,DART OpenAPI,2026-09-30
2020FY,기업,당기순이익,에이피알|별도,8317555099,원,DART OpenAPI,2026-09-30
2020Q4,기업,재고자산,에이피알|별도,11926902244,원,DART OpenAPI,2026-09-30
2020Q4,기업,매출채권,에이피알|별도,13671233184,원,DART OpenAPI,2026-09-30
2020Q4,기업,직원수,에이피알|별도,246,명,DART OpenAPI,2026-09-30
2021Q1,기업,매출액,에이피알|연결,61914485970,원,DART OpenAPI,2026-09-30
2021Q1,기업,매출총이익,에이피알|연결,45477512435,원,DART OpenAPI,2026-09-30
2021Q1,기업,판관비,에이피알|연결,41117898550,원,DART OpenAPI,2026-09-30
2021Q1,기업,영업이익,에이피알|연결,4359613885,원,DART OpenAPI,2026-09-30
2021Q1,기업,당기순이익,에이피알|연결,2372205281,원,DART OpenAPI,2026-09-30
2021Q1,기업,지배주주순이익,에이피알|연결,2372205281,원,DART OpenAPI,2026-09-30
2021Q1,기업,재고자산,에이피알|연결,16832585000,원,DART OpenAPI,2026-09-30
2021Q1,기업,매출채권,에이피알|연결,12396189070,원,DART OpenAPI,2026-09-30
2021Q1,기업,매출액,에이피알|별도,44678521178,원,DART OpenAPI,2026-09-30
2021Q1,기업,매출총이익,에이피알|별도,34355205486,원,DART OpenAPI,2026-09-30
2021Q1,기업,판관비,에이피알|별도,34309765750,원,DART OpenAPI,2026-09-30
2021Q1,기업,영업이익,에이피알|별도,45439736,원,DART OpenAPI,2026-09-30
2021Q1,기업,당기순이익,에이피알|별도,2613429770,원,DART OpenAPI,2026-09-30
2021Q1,기업,재고자산,에이피알|별도,9930187598,원,DART OpenAPI,2026-09-30
2021Q1,기업,매출채권,에이피알|별도,11577027686,원,DART OpenAPI,2026-09-30
2021Q1,기업,직원수,에이피알|별도,274,명,DART OpenAPI,2026-09-30
2021Q2,기업,매출액,에이피알|연결,56332763520,원,DART OpenAPI,2026-09-30
2021Q2,기업,매출총이익,에이피알|연결,41413815153,원,DART OpenAPI,2026-09-30
2021Q2,기업,판관비,에이피알|연결,40376186328,원,DART OpenAPI,2026-09-30
2021Q2,기업,영업이익,에이피알|연결,1037628825,원,DART OpenAPI,2026-09-30
2021Q2,기업,당기순이익,에이피알|연결,1699368005,원,DART OpenAPI,2026-09-30
2021Q2,기업,지배주주순이익,에이피알|연결,1699368005,원,DART OpenAPI,2026-09-30
2021Q2,기업,재고자산,에이피알|연결,21694823914,원,DART OpenAPI,2026-09-30
2021Q2,기업,매출채권,에이피알|연결,8910677616,원,DART OpenAPI,2026-09-30
2021Q2,기업,매출액,에이피알|별도,43253529058,원,DART OpenAPI,2026-09-30
2021Q2,기업,매출총이익,에이피알|별도,31667626601,원,DART OpenAPI,2026-09-30
2021Q2,기업,판관비,에이피알|별도,30158619045,원,DART OpenAPI,2026-09-30
2021Q2,기업,영업이익,에이피알|별도,1509007556,원,DART OpenAPI,2026-09-30
2021Q2,기업,당기순이익,에이피알|별도,2607581717,원,DART OpenAPI,2026-09-30
2021Q2,기업,재고자산,에이피알|별도,21694823914,원,DART OpenAPI,2026-09-30
2021Q2,기업,매출채권,에이피알|별도,14716660058,원,DART OpenAPI,2026-09-30
2021Q2,기업,직원수,에이피알|별도,307,명,DART OpenAPI,2026-09-30
2021Q3,기업,매출액,에이피알|연결,60557916261,원,DART OpenAPI,2026-09-30
2021Q3,기업,매출총이익,에이피알|연결,43560903210,원,DART OpenAPI,2026-09-30
2021Q3,기업,판관비,에이피알|연결,40461787880,원,DART OpenAPI,2026-09-30
2021Q3,기업,영업이익,에이피알|연결,3099115330,원,DART OpenAPI,2026-09-30
2021Q3,기업,당기순이익,에이피알|연결,2085620807,원,DART OpenAPI,2026-09-30
2021Q3,기업,지배주주순이익,에이피알|연결,2085620807,원,DART OpenAPI,2026-09-30
2021Q3,기업,재고자산,에이피알|연결,28397555529,원,DART OpenAPI,2026-09-30
2021Q3,기업,매출채권,에이피알|연결,13098497001,원,DART OpenAPI,2026-09-30
2021Q3,기업,매출액,에이피알|별도,60478524463,원,DART OpenAPI,2026-09-30
2021Q3,기업,매출총이익,에이피알|별도,43481511412,원,DART OpenAPI,2026-09-30
2021Q3,기업,판관비,에이피알|별도,40910860632,원,DART OpenAPI,2026-09-30
2021Q3,기업,영업이익,에이피알|별도,2570650780,원,DART OpenAPI,2026-09-30
2021Q3,기업,당기순이익,에이피알|별도,2591059135,원,DART OpenAPI,2026-09-30
2021Q3,기업,재고자산,에이피알|별도,28397555529,원,DART OpenAPI,2026-09-30
2021Q3,기업,매출채권,에이피알|별도,19186492048,원,DART OpenAPI,2026-09-30
2021Q3,기업,직원수,에이피알|별도,317,명,DART OpenAPI,2026-09-30
2021FY,기업,매출액,에이피알|연결,259146144182,원,DART OpenAPI,2026-09-30
2021FY,기업,매출총이익,에이피알|연결,187522682632,원,DART OpenAPI,2026-09-30
2021FY,기업,판관비,에이피알|연결,173249530478,원,DART OpenAPI,2026-09-30
2021FY,기업,영업이익,에이피알|연결,14273152154,원,DART OpenAPI,2026-09-30
2021FY,기업,당기순이익,에이피알|연결,11398827028,원,DART OpenAPI,2026-09-30
2021FY,기업,지배주주순이익,에이피알|연결,11398827028,원,DART OpenAPI,2026-09-30
2021Q4,기업,재고자산,에이피알|연결,37831063627,원,DART OpenAPI,2026-09-30
2021Q4,기업,매출채권,에이피알|연결,13762670732,원,DART OpenAPI,2026-09-30
2021FY,기업,매출액,에이피알|별도,228867820140,원,DART OpenAPI,2026-09-30
2021FY,기업,매출총이익,에이피알|별도,166700455454,원,DART OpenAPI,2026-09-30
2021FY,기업,판관비,에이피알|별도,158164515877,원,DART OpenAPI,2026-09-30
2021FY,기업,영업이익,에이피알|별도,8535939577,원,DART OpenAPI,2026-09-30
2021FY,기업,당기순이익,에이피알|별도,12548001809,원,DART OpenAPI,2026-09-30
2021Q4,기업,재고자산,에이피알|별도,37831063627,원,DART OpenAPI,2026-09-30
2021Q4,기업,매출채권,에이피알|별도,18769763435,원,DART OpenAPI,2026-09-30
2021Q4,기업,직원수,에이피알|별도,329,명,DART OpenAPI,2026-09-30
2022Q1,기업,매출액,에이피알|연결,76342729958,원,DART OpenAPI,2026-09-30
2022Q1,기업,매출총이익,에이피알|연결,55828277416,원,DART OpenAPI,2026-09-30
2022Q1,기업,판관비,에이피알|연결,56853373178,원,DART OpenAPI,2026-09-30
2022Q1,기업,영업이익,에이피알|연결,-1025095762,원,DART OpenAPI,2026-09-30
2022Q1,기업,당기순이익,에이피알|연결,-885164951,원,DART OpenAPI,2026-09-30
2022Q1,기업,지배주주순이익,에이피알|연결,-885164951,원,DART OpenAPI,2026-09-30
2022Q1,기업,재고자산,에이피알|연결,47235119477,원,DART OpenAPI,2026-09-30
2022Q1,기업,매출채권,에이피알|연결,16630836152,원,DART OpenAPI,2026-09-30
2022Q1,기업,매출액,에이피알|별도,76683938420,원,DART OpenAPI,2026-09-30
2022Q1,기업,매출총이익,에이피알|별도,55991238571,원,DART OpenAPI,2026-09-30
2022Q1,기업,판관비,에이피알|별도,53224287895,원,DART OpenAPI,2026-09-30
2022Q1,기업,영업이익,에이피알|별도,2766950676,원,DART OpenAPI,2026-09-30
2022Q1,기업,당기순이익,에이피알|별도,-1234790087,원,DART OpenAPI,2026-09-30
2022Q1,기업,재고자산,에이피알|별도,47235119477,원,DART OpenAPI,2026-09-30
2022Q1,기업,매출채권,에이피알|별도,20095903368,원,DART OpenAPI,2026-09-30
2022Q1,기업,직원수,에이피알|별도,349,명,DART OpenAPI,2026-09-30
2022Q2,기업,매출액,에이피알|연결,97942515714,원,DART OpenAPI,2026-09-30
2022Q2,기업,매출총이익,에이피알|연결,72034688701,원,DART OpenAPI,2026-09-30
2022Q2,기업,판관비,에이피알|연결,65100458850,원,DART OpenAPI,2026-09-30
2022Q2,기업,영업이익,에이피알|연결,6934229851,원,DART OpenAPI,2026-09-30
2022Q2,기업,당기순이익,에이피알|연결,4121602618,원,DART OpenAPI,2026-09-30
2022Q2,기업,지배주주순이익,에이피알|연결,4121602618,원,DART OpenAPI,2026-09-30
2022Q2,기업,재고자산,에이피알|연결,51659360042,원,DART OpenAPI,2026-09-30
2022Q2,기업,매출채권,에이피알|연결,16314827511,원,DART OpenAPI,2026-09-30
2022Q2,기업,매출액,에이피알|별도,98022803908,원,DART OpenAPI,2026-09-30
2022Q2,기업,매출총이익,에이피알|별도,72336240690,원,DART OpenAPI,2026-09-30
2022Q2,기업,판관비,에이피알|별도,69313445109,원,DART OpenAPI,2026-09-30
2022Q2,기업,영업이익,에이피알|별도,3022795581,원,DART OpenAPI,2026-09-30
2022Q2,기업,당기순이익,에이피알|별도,4595913660,원,DART OpenAPI,2026-09-30
2022Q2,기업,재고자산,에이피알|별도,51880623837,원,DART OpenAPI,2026-09-30
2022Q2,기업,매출채권,에이피알|별도,20975497196,원,DART OpenAPI,2026-09-30
2022Q2,기업,직원수,에이피알|별도,365,명,DART OpenAPI,2026-09-30
2022Q3,기업,매출액,에이피알|연결,95300670492,원,DART OpenAPI,2026-09-30
2022Q3,기업,매출총이익,에이피알|연결,70612509021,원,DART OpenAPI,2026-09-30
2022Q3,기업,판관비,에이피알|연결,58029909431,원,DART OpenAPI,2026-09-30
2022Q3,기업,영업이익,에이피알|연결,12582599590,원,DART OpenAPI,2026-09-30
2022Q3,기업,당기순이익,에이피알|연결,11452410728,원,DART OpenAPI,2026-09-30
2022Q3,기업,지배주주순이익,에이피알|연결,11452410728,원,DART OpenAPI,2026-09-30
2022Q3,기업,재고자산,에이피알|연결,63362996449,원,DART OpenAPI,2026-09-30
2022Q3,기업,매출채권,에이피알|연결,17477932461,원,DART OpenAPI,2026-09-30
2022Q3,기업,매출액,에이피알|별도,95555941214,원,DART OpenAPI,2026-09-30
2022Q3,기업,매출총이익,에이피알|별도,70806667822,원,DART OpenAPI,2026-09-30
2022Q3,기업,판관비,에이피알|별도,62831754237,원,DART OpenAPI,2026-09-30
2022Q3,기업,영업이익,에이피알|별도,7974913585,원,DART OpenAPI,2026-09-30
2022Q3,기업,당기순이익,에이피알|별도,10377225221,원,DART OpenAPI,2026-09-30
2022Q3,기업,재고자산,에이피알|별도,63636004125,원,DART OpenAPI,2026-09-30
2022Q3,기업,매출채권,에이피알|별도,19627514173,원,DART OpenAPI,2026-09-30
2022Q3,기업,직원수,에이피알|별도,365,명,DART OpenAPI,2026-09-30
2022FY,기업,매출액,에이피알|연결,397698119336,원,DART OpenAPI,2026-09-30
2022FY,기업,매출총이익,에이피알|연결,291474644093,원,DART OpenAPI,2026-09-30
2022FY,기업,판관비,에이피알|연결,252246164696,원,DART OpenAPI,2026-09-30
2022FY,기업,영업이익,에이피알|연결,39228479397,원,DART OpenAPI,2026-09-30
2022FY,기업,당기순이익,에이피알|연결,29954676293,원,DART OpenAPI,2026-09-30
2022FY,기업,지배주주순이익,에이피알|연결,29954676293,원,DART OpenAPI,2026-09-30
2022Q4,기업,재고자산,에이피알|연결,50460161074,원,DART OpenAPI,2026-09-30
2022Q4,기업,매출채권,에이피알|연결,21070155714,원,DART OpenAPI,2026-09-30
2022FY,기업,매출액,에이피알|별도,398593142555,원,DART OpenAPI,2026-09-30
2022FY,기업,매출총이익,에이피알|별도,291986168703,원,DART OpenAPI,2026-09-30
2022FY,기업,판관비,에이피알|별도,248373748944,원,DART OpenAPI,2026-09-30
2022FY,기업,영업이익,에이피알|별도,43612419759,원,DART OpenAPI,2026-09-30
2022FY,기업,당기순이익,에이피알|별도,27291994622,원,DART OpenAPI,2026-09-30
2022Q4,기업,재고자산,에이피알|별도,50460161074,원,DART OpenAPI,2026-09-30
2022Q4,기업,매출채권,에이피알|별도,23101592020,원,DART OpenAPI,2026-09-30
2022Q4,기업,직원수,에이피알|별도,373,명,DART OpenAPI,2026-09-30
2023Q1,기업,매출액,에이피알|연결,122178927520,원,DART OpenAPI,2026-09-30
2023Q1,기업,매출총이익,에이피알|연결,90673866917,원,DART OpenAPI,2026-09-30
2023Q1,기업,판관비,에이피알|연결,67484549923,원,DART OpenAPI,2026-09-30
2023Q1,기업,영업이익,에이피알|연결,23189316994,원,DART OpenAPI,2026-09-30
2023Q1,기업,당기순이익,에이피알|연결,20296003379,원,DART OpenAPI,2026-09-30
2023Q1,기업,지배주주순이익,에이피알|연결,20296003379,원,DART OpenAPI,2026-09-30
2023Q1,기업,재고자산,에이피알|연결,46413918940,원,DART OpenAPI,2026-09-30
2023Q1,기업,매출채권,에이피알|연결,18766091198,원,DART OpenAPI,2026-09-30
2023Q1,기업,매출액,에이피알|별도,122348497683,원,DART OpenAPI,2026-09-30
2023Q1,기업,매출총이익,에이피알|별도,90808362080,원,DART OpenAPI,2026-09-30
2023Q1,기업,판관비,에이피알|별도,70187257290,원,DART OpenAPI,2026-09-30
2023Q1,기업,영업이익,에이피알|별도,20621104790,원,DART OpenAPI,2026-09-30
2023Q1,기업,당기순이익,에이피알|별도,20065766739,원,DART OpenAPI,2026-09-30
2023Q1,기업,재고자산,에이피알|별도,46413918940,원,DART OpenAPI,2026-09-30
2023Q1,기업,매출채권,에이피알|별도,23885978711,원,DART OpenAPI,2026-09-30
2023Q1,기업,직원수,에이피알|별도,379,명,DART OpenAPI,2026-09-30
2023Q2,기업,매출액,에이피알|연결,127672288171,원,DART OpenAPI,2026-09-30
2023Q2,기업,매출총이익,에이피알|연결,97640366776,원,DART OpenAPI,2026-09-30
2023Q2,기업,판관비,에이피알|연결,72855426231,원,DART OpenAPI,2026-09-30
2023Q2,기업,영업이익,에이피알|연결,24784940545,원,DART OpenAPI,2026-09-30
2023Q2,기업,당기순이익,에이피알|연결,18766402118,원,DART OpenAPI,2026-09-30
2023Q2,기업,지배주주순이익,에이피알|연결,18766402118,원,DART OpenAPI,2026-09-30
2023Q2,기업,재고자산,에이피알|연결,43879922903,원,DART OpenAPI,2026-09-30
2023Q2,기업,매출채권,에이피알|연결,19295389016,원,DART OpenAPI,2026-09-30
2023Q2,기업,매출액,에이피알|별도,127676392987,원,DART OpenAPI,2026-09-30
2023Q2,기업,매출총이익,에이피알|별도,97659715771,원,DART OpenAPI,2026-09-30
2023Q2,기업,판관비,에이피알|별도,75274262342,원,DART OpenAPI,2026-09-30
2023Q2,기업,영업이익,에이피알|별도,22385453429,원,DART OpenAPI,2026-09-30
2023Q2,기업,당기순이익,에이피알|별도,19384940604,원,DART OpenAPI,2026-09-30
2023Q2,기업,재고자산,에이피알|별도,43879922903,원,DART OpenAPI,2026-09-30
2023Q2,기업,매출채권,에이피알|별도,23314827892,원,DART OpenAPI,2026-09-30
2023Q2,기업,직원수,에이피알|별도,382,명,DART OpenAPI,2026-09-30
2023Q3,기업,매출액,에이피알|연결,121938746214,원,DART OpenAPI,2026-09-30
2023Q3,기업,매출총이익,에이피알|연결,90508231264,원,DART OpenAPI,2026-09-30
2023Q3,기업,판관비,에이피알|연결,68648414454,원,DART OpenAPI,2026-09-30
2023Q3,기업,영업이익,에이피알|연결,21859816810,원,DART OpenAPI,2026-09-30
2023Q3,기업,당기순이익,에이피알|연결,18378160494,원,DART OpenAPI,2026-09-30
2023Q3,기업,지배주주순이익,에이피알|연결,18378160494,원,DART OpenAPI,2026-09-30
2023Q3,기업,재고자산,에이피알|연결,57470900372,원,DART OpenAPI,2026-09-30
2023Q3,기업,매출채권,에이피알|연결,26456316838,원,DART OpenAPI,2026-09-30
2023Q3,기업,매출액,에이피알|별도,121909653232,원,DART OpenAPI,2026-09-30
2023Q3,기업,매출총이익,에이피알|별도,90501568801,원,DART OpenAPI,2026-09-30
2023Q3,기업,판관비,에이피알|별도,70274154603,원,DART OpenAPI,2026-09-30
2023Q3,기업,영업이익,에이피알|별도,20227414198,원,DART OpenAPI,2026-09-30
2023Q3,기업,당기순이익,에이피알|별도,18952231956,원,DART OpenAPI,2026-09-30
2023Q3,기업,재고자산,에이피알|별도,56654860433,원,DART OpenAPI,2026-09-30
2023Q3,기업,매출채권,에이피알|별도,22453277909,원,DART OpenAPI,2026-09-30
2023Q3,기업,직원수,에이피알|별도,412,명,DART OpenAPI,2026-09-30
2023FY,기업,매출액,에이피알|연결,523809364559,원,DART OpenAPI,2026-09-30
2023FY,기업,매출총이익,에이피알|연결,395448382404,원,DART OpenAPI,2026-09-30
2023FY,기업,판관비,에이피알|연결,291254657539,원,DART OpenAPI,2026-09-30
2023FY,기업,영업이익,에이피알|연결,104193724865,원,DART OpenAPI,2026-09-30
2023FY,기업,당기순이익,에이피알|연결,81546050952,원,DART OpenAPI,2026-09-30
2023FY,기업,지배주주순이익,에이피알|연결,81546050952,원,DART OpenAPI,2026-09-30
2023Q4,기업,재고자산,에이피알|연결,56520972365,원,DART OpenAPI,2026-09-30
2023Q4,기업,매출채권,에이피알|연결,23005221709,원,DART OpenAPI,2026-09-30
2023FY,기업,매출액,에이피알|별도,524059049705,원,DART OpenAPI,2026-09-30
2023FY,기업,매출총이익,에이피알|별도,395496841856,원,DART OpenAPI,2026-09-30
2023FY,기업,판관비,에이피알|별도,290550471848,원,DART OpenAPI,2026-09-30
2023FY,기업,영업이익,에이피알|별도,104946370008,원,DART OpenAPI,2026-09-30
2023FY,기업,당기순이익,에이피알|별도,81918896094,원,DART OpenAPI,2026-09-30
2023Q4,기업,재고자산,에이피알|별도,55323639010,원,DART OpenAPI,2026-09-30
2023Q4,기업,매출채권,에이피알|별도,21798032288,원,DART OpenAPI,2026-09-30
2023Q4,기업,직원수,에이피알|별도,412,명,DART OpenAPI,2026-09-30
2024Q1,기업,매출액,에이피알|연결,148928031349,원,DART OpenAPI,2026-09-30
2024Q1,기업,매출총이익,에이피알|연결,115334023379,원,DART OpenAPI,2026-09-30
2024Q1,기업,판관비,에이피알|연결,87568639678,원,DART OpenAPI,2026-09-30
2024Q1,기업,영업이익,에이피알|연결,27765383701,원,DART OpenAPI,2026-09-30
2024Q1,기업,당기순이익,에이피알|연결,24093333448,원,DART OpenAPI,2026-09-30
2024Q1,기업,지배주주순이익,에이피알|연결,24093333448,원,DART OpenAPI,2026-09-30
2024Q1,기업,재고자산,에이피알|연결,72976961863,원,DART OpenAPI,2026-09-30
2024Q1,기업,매출채권,에이피알|연결,32242601705,원,DART OpenAPI,2026-09-30
2024Q1,기업,매출액,에이피알|별도,149513960290,원,DART OpenAPI,2026-09-30
2024Q1,기업,매출총이익,에이피알|별도,114873882695,원,DART OpenAPI,2026-09-30
2024Q1,기업,판관비,에이피알|별도,90726151946,원,DART OpenAPI,2026-09-30
2024Q1,기업,영업이익,에이피알|별도,24147730749,원,DART OpenAPI,2026-09-30
2024Q1,기업,당기순이익,에이피알|별도,23830019458,원,DART OpenAPI,2026-09-30
2024Q1,기업,재고자산,에이피알|별도,69532017596,원,DART OpenAPI,2026-09-30
2024Q1,기업,매출채권,에이피알|별도,35126790521,원,DART OpenAPI,2026-09-30
2024Q2,기업,매출액,에이피알|연결,155493932205,원,DART OpenAPI,2026-09-30
2024Q2,기업,매출총이익,에이피알|연결,118799920887,원,DART OpenAPI,2026-09-30
2024Q2,기업,판관비,에이피알|연결,90788609024,원,DART OpenAPI,2026-09-30
2024Q2,기업,영업이익,에이피알|연결,28011311863,원,DART OpenAPI,2026-09-30
2024Q2,기업,당기순이익,에이피알|연결,24099143128,원,DART OpenAPI,2026-09-30
2024Q2,기업,지배주주순이익,에이피알|연결,24099143128,원,DART OpenAPI,2026-09-30
2024Q2,기업,재고자산,에이피알|연결,91005512026,원,DART OpenAPI,2026-09-30
2024Q2,기업,매출채권,에이피알|연결,27902119392,원,DART OpenAPI,2026-09-30
2024Q2,기업,매출액,에이피알|별도,156402274030,원,DART OpenAPI,2026-09-30
2024Q2,기업,매출총이익,에이피알|별도,117620152499,원,DART OpenAPI,2026-09-30
2024Q2,기업,판관비,에이피알|별도,91627178809,원,DART OpenAPI,2026-09-30
2024Q2,기업,영업이익,에이피알|별도,25992973690,원,DART OpenAPI,2026-09-30
2024Q2,기업,당기순이익,에이피알|별도,25065874451,원,DART OpenAPI,2026-09-30
2024Q2,기업,재고자산,에이피알|별도,85574612872,원,DART OpenAPI,2026-09-30
2024Q2,기업,매출채권,에이피알|별도,30051403360,원,DART OpenAPI,2026-09-30
2024Q2,기업,직원수,에이피알|별도,498,명,DART OpenAPI,2026-09-30
2024Q3,기업,매출액,에이피알|연결,174117291161,원,DART OpenAPI,2026-09-30
2024Q3,기업,매출총이익,에이피알|연결,130767254428,원,DART OpenAPI,2026-09-30
2024Q3,기업,판관비,에이피알|연결,103523927544,원,DART OpenAPI,2026-09-30
2024Q3,기업,영업이익,에이피알|연결,27243326884,원,DART OpenAPI,2026-09-30
2024Q3,기업,당기순이익,에이피알|연결,16007060037,원,DART OpenAPI,2026-09-30
2024Q3,기업,지배주주순이익,에이피알|연결,16007060037,원,DART OpenAPI,2026-09-30
2024Q3,기업,재고자산,에이피알|연결,106463656309,원,DART OpenAPI,2026-09-30
2024Q3,기업,매출채권,에이피알|연결,29693484434,원,DART OpenAPI,2026-09-30
2024Q3,기업,매출액,에이피알|별도,176890005527,원,DART OpenAPI,2026-09-30
2024Q3,기업,매출총이익,에이피알|별도,130964234358,원,DART OpenAPI,2026-09-30
2024Q3,기업,판관비,에이피알|별도,84631888003,원,DART OpenAPI,2026-09-30
2024Q3,기업,영업이익,에이피알|별도,46332346355,원,DART OpenAPI,2026-09-30
2024Q3,기업,당기순이익,에이피알|별도,35367368992,원,DART OpenAPI,2026-09-30
2024Q3,기업,재고자산,에이피알|별도,98686578908,원,DART OpenAPI,2026-09-30
2024Q3,기업,매출채권,에이피알|별도,58144190468,원,DART OpenAPI,2026-09-30
2024FY,기업,매출액,에이피알|연결,722753862301,원,DART OpenAPI,2026-09-30
2024FY,기업,매출총이익,에이피알|연결,543599699569,원,DART OpenAPI,2026-09-30
2024FY,기업,판관비,에이피알|연결,420894155120,원,DART OpenAPI,2026-09-30
2024FY,기업,영업이익,에이피알|연결,122705544449,원,DART OpenAPI,2026-09-30
2024FY,기업,당기순이익,에이피알|연결,107590435967,원,DART OpenAPI,2026-09-30
2024FY,기업,지배주주순이익,에이피알|연결,107590435967,원,DART OpenAPI,2026-09-30
2024Q4,기업,재고자산,에이피알|연결,109745676962,원,DART OpenAPI,2026-09-30
2024Q4,기업,매출채권,에이피알|연결,47947406079,원,DART OpenAPI,2026-09-30
2024FY,기업,매출액,에이피알|별도,723000956467,원,DART OpenAPI,2026-09-30
2024FY,기업,매출총이익,에이피알|별도,537034293802,원,DART OpenAPI,2026-09-30
2024FY,기업,판관비,에이피알|별도,418636301266,원,DART OpenAPI,2026-09-30
2024FY,기업,영업이익,에이피알|별도,118397992536,원,DART OpenAPI,2026-09-30
2024FY,기업,당기순이익,에이피알|별도,107095062027,원,DART OpenAPI,2026-09-30
2024Q4,기업,재고자산,에이피알|별도,100932986583,원,DART OpenAPI,2026-09-30
2024Q4,기업,매출채권,에이피알|별도,85051725849,원,DART OpenAPI,2026-09-30
2024Q4,기업,직원수,에이피알|별도,554,명,DART OpenAPI,2026-09-30
2025Q1,기업,매출액,에이피알|연결,266032725955,원,DART OpenAPI,2026-09-30
2025Q1,기업,매출총이익,에이피알|연결,200864575525,원,DART OpenAPI,2026-09-30
2025Q1,기업,판관비,에이피알|연결,146296433616,원,DART OpenAPI,2026-09-30
2025Q1,기업,영업이익,에이피알|연결,54568141909,원,DART OpenAPI,2026-09-30
2025Q1,기업,당기순이익,에이피알|연결,49941244107,원,DART OpenAPI,2026-09-30
2025Q1,기업,지배주주순이익,에이피알|연결,49941244107,원,DART OpenAPI,2026-09-30
2025Q1,기업,재고자산,에이피알|연결,131457216007,원,DART OpenAPI,2026-09-30
2025Q1,기업,매출채권,에이피알|연결,61869764160,원,DART OpenAPI,2026-09-30
2025Q1,기업,매출액,에이피알|별도,266103826187,원,DART OpenAPI,2026-09-30
2025Q1,기업,매출총이익,에이피알|별도,197609433379,원,DART OpenAPI,2026-09-30
2025Q1,기업,판관비,에이피알|별도,145003826004,원,DART OpenAPI,2026-09-30
2025Q1,기업,영업이익,에이피알|별도,52605607375,원,DART OpenAPI,2026-09-30
2025Q1,기업,당기순이익,에이피알|별도,49660333594,원,DART OpenAPI,2026-09-30
2025Q1,기업,재고자산,에이피알|별도,125554014859,원,DART OpenAPI,2026-09-30
2025Q1,기업,매출채권,에이피알|별도,76720704477,원,DART OpenAPI,2026-09-30
2025Q2,기업,매출액,에이피알|연결,327734894608,원,DART OpenAPI,2026-09-30
2025Q2,기업,매출총이익,에이피알|연결,249784364278,원,DART OpenAPI,2026-09-30
2025Q2,기업,판관비,에이피알|연결,165231921828,원,DART OpenAPI,2026-09-30
2025Q2,기업,영업이익,에이피알|연결,84552442450,원,DART OpenAPI,2026-09-30
2025Q2,기업,당기순이익,에이피알|연결,66309082291,원,DART OpenAPI,2026-09-30
2025Q2,기업,지배주주순이익,에이피알|연결,66309082291,원,DART OpenAPI,2026-09-30
2025Q2,기업,재고자산,에이피알|연결,170329903646,원,DART OpenAPI,2026-09-30
2025Q2,기업,매출채권,에이피알|연결,43755810163,원,DART OpenAPI,2026-09-30
2025Q2,기업,매출액,에이피알|별도,327830859061,원,DART OpenAPI,2026-09-30
2025Q2,기업,매출총이익,에이피알|별도,246640971674,원,DART OpenAPI,2026-09-30
2025Q2,기업,판관비,에이피알|별도,164563069188,원,DART OpenAPI,2026-09-30
2025Q2,기업,영업이익,에이피알|별도,82077902486,원,DART OpenAPI,2026-09-30
2025Q2,기업,당기순이익,에이피알|별도,65827623687,원,DART OpenAPI,2026-09-30
2025Q2,기업,재고자산,에이피알|별도,166874436848,원,DART OpenAPI,2026-09-30
2025Q2,기업,매출채권,에이피알|별도,62155263035,원,DART OpenAPI,2026-09-30
2025Q2,기업,직원수,에이피알|별도,620,명,DART OpenAPI,2026-09-30
2025Q3,기업,매출액,에이피알|연결,385942757341,원,DART OpenAPI,2026-09-30
2025Q3,기업,매출총이익,에이피알|연결,296047198871,원,DART OpenAPI,2026-09-30
2025Q3,기업,판관비,에이피알|연결,199919531590,원,DART OpenAPI,2026-09-30
2025Q3,기업,영업이익,에이피알|연결,96127667281,원,DART OpenAPI,2026-09-30
2025Q3,기업,당기순이익,에이피알|연결,74634440014,원,DART OpenAPI,2026-09-30
2025Q3,기업,지배주주순이익,에이피알|연결,74634440014,원,DART OpenAPI,2026-09-30
2025Q3,기업,재고자산,에이피알|연결,173113863095,원,DART OpenAPI,2026-09-30
2025Q3,기업,매출채권,에이피알|연결,75298596851,원,DART OpenAPI,2026-09-30
2025Q3,기업,매출액,에이피알|별도,386096323801,원,DART OpenAPI,2026-09-30
2025Q3,기업,매출총이익,에이피알|별도,290378188888,원,DART OpenAPI,2026-09-30
2025Q3,기업,판관비,에이피알|별도,198137422880,원,DART OpenAPI,2026-09-30
2025Q3,기업,영업이익,에이피알|별도,92240766008,원,DART OpenAPI,2026-09-30
2025Q3,기업,당기순이익,에이피알|별도,74257380647,원,DART OpenAPI,2026-09-30
2025Q3,기업,재고자산,에이피알|별도,167054590349,원,DART OpenAPI,2026-09-30
2025Q3,기업,매출채권,에이피알|별도,90921169759,원,DART OpenAPI,2026-09-30
2025FY,기업,매출액,에이피알|연결,1527344973381,원,DART OpenAPI,2026-09-30
2025FY,기업,매출총이익,에이피알|연결,1170616760642,원,DART OpenAPI,2026-09-30
2025FY,기업,판관비,에이피알|연결,805096131708,원,DART OpenAPI,2026-09-30
2025FY,기업,영업이익,에이피알|연결,365520628934,원,DART OpenAPI,2026-09-30
2025FY,기업,당기순이익,에이피알|연결,289654813287,원,DART OpenAPI,2026-09-30
2025FY,기업,지배주주순이익,에이피알|연결,289654813287,원,DART OpenAPI,2026-09-30
2025Q4,기업,재고자산,에이피알|연결,165457160456,원,DART OpenAPI,2026-09-30
2025Q4,기업,매출채권,에이피알|연결,91114168447,원,DART OpenAPI,2026-09-30
2025FY,기업,매출액,에이피알|별도,1528295842593,원,DART OpenAPI,2026-09-30
2025FY,기업,매출총이익,에이피알|별도,1153278044723,원,DART OpenAPI,2026-09-30
2025FY,기업,판관비,에이피알|별도,799156356344,원,DART OpenAPI,2026-09-30
2025FY,기업,영업이익,에이피알|별도,354121688379,원,DART OpenAPI,2026-09-30
2025FY,기업,당기순이익,에이피알|별도,289938816720,원,DART OpenAPI,2026-09-30
2025Q4,기업,재고자산,에이피알|별도,163248133075,원,DART OpenAPI,2026-09-30
2025Q4,기업,매출채권,에이피알|별도,158898833733,원,DART OpenAPI,2026-09-30
2025Q4,기업,직원수,에이피알|별도,657,명,DART OpenAPI,2026-09-30
2026Q1,기업,매출액,에이피알|연결,593355595556,원,DART OpenAPI,2026-09-30
2026Q1,기업,매출총이익,에이피알|연결,456912983336,원,DART OpenAPI,2026-09-30
2026Q1,기업,판관비,에이피알|연결,311345513478,원,DART OpenAPI,2026-09-30
2026Q1,기업,영업이익,에이피알|연결,152271694994,원,DART OpenAPI,2026-09-30
2026Q1,기업,당기순이익,에이피알|연결,117263942770,원,DART OpenAPI,2026-09-30
2026Q1,기업,지배주주순이익,에이피알|연결,117263942770,원,DART OpenAPI,2026-09-30
2026Q1,기업,재고자산,에이피알|연결,248301196359,원,DART OpenAPI,2026-09-30
2026Q1,기업,매출채권,에이피알|연결,175678355483,원,DART OpenAPI,2026-09-30
2026Q1,기업,매출액,에이피알|별도,594768743552,원,DART OpenAPI,2026-09-30
2026Q1,기업,매출총이익,에이피알|별도,450289051967,원,DART OpenAPI,2026-09-30
2026Q1,기업,판관비,에이피알|별도,309330824358,원,DART OpenAPI,2026-09-30
2026Q1,기업,영업이익,에이피알|별도,147582916356,원,DART OpenAPI,2026-09-30
2026Q1,기업,당기순이익,에이피알|별도,116968734169,원,DART OpenAPI,2026-09-30
2026Q1,기업,재고자산,에이피알|별도,236422363872,원,DART OpenAPI,2026-09-30
2026Q1,기업,매출채권,에이피알|별도,214991346268,원,DART OpenAPI,2026-09-30
2026Q2,기업,매출액,에이피알|연결,767533293305,원,DART OpenAPI,2026-09-30
2026Q2,기업,매출총이익,에이피알|연결,607785972438,원,DART OpenAPI,2026-09-30
2026Q2,기업,판관비,에이피알|연결,422324549120,원,DART OpenAPI,2026-09-30
2026Q2,기업,영업이익,에이피알|연결,190553013038,원,DART OpenAPI,2026-09-30
2026Q2,기업,당기순이익,에이피알|연결,141529504826,원,DART OpenAPI,2026-09-30
2026Q2,기업,지배주주순이익,에이피알|연결,141529504826,원,DART OpenAPI,2026-09-30
2026Q2,기업,재고자산,에이피알|연결,369883998811,원,DART OpenAPI,2026-09-30
2026Q2,기업,매출채권,에이피알|연결,191598733307,원,DART OpenAPI,2026-09-30
2026Q2,기업,매출액,에이피알|별도,769317460794,원,DART OpenAPI,2026-09-30
2026Q2,기업,매출총이익,에이피알|별도,603047123971,원,DART OpenAPI,2026-09-30
2026Q2,기업,판관비,에이피알|별도,420234182424,원,DART OpenAPI,2026-09-30
2026Q2,기업,영업이익,에이피알|별도,187864048120,원,DART OpenAPI,2026-09-30
2026Q2,기업,당기순이익,에이피알|별도,141912736094,원,DART OpenAPI,2026-09-30
2026Q2,기업,재고자산,에이피알|별도,349234221149,원,DART OpenAPI,2026-09-30
2026Q2,기업,매출채권,에이피알|별도,220732817066,원,DART OpenAPI,2026-09-30
2026Q2,기업,직원수,에이피알|별도,751,명,DART OpenAPI,2026-09-30
2020Q1,기업,매출액,아모레퍼시픽|연결,1130856907044,원,DART OpenAPI,2026-09-30
2020Q1,기업,매출총이익,아모레퍼시픽|연결,818626208825,원,DART OpenAPI,2026-09-30
2020Q1,기업,판관비,아모레퍼시픽|연결,757684499811,원,DART OpenAPI,2026-09-30
2020Q1,기업,영업이익,아모레퍼시픽|연결,60941709014,원,DART OpenAPI,2026-09-30
2020Q1,기업,당기순이익,아모레퍼시픽|연결,66966740618,원,DART OpenAPI,2026-09-30
2020Q1,기업,지배주주순이익,아모레퍼시픽|연결,71664675166,원,DART OpenAPI,2026-09-30
2020Q1,기업,재고자산,아모레퍼시픽|연결,456785804778,원,DART OpenAPI,2026-09-30
2020Q1,기업,매출채권,아모레퍼시픽|연결,352704663673,원,DART OpenAPI,2026-09-30
2020Q1,기업,계약부채,아모레퍼시픽|연결,45232069476,원,DART OpenAPI,2026-09-30
2020Q1,기업,매출액,아모레퍼시픽|별도,841631176721,원,DART OpenAPI,2026-09-30
2020Q1,기업,매출총이익,아모레퍼시픽|별도,574778967804,원,DART OpenAPI,2026-09-30
2020Q1,기업,판관비,아모레퍼시픽|별도,472016116115,원,DART OpenAPI,2026-09-30
2020Q1,기업,영업이익,아모레퍼시픽|별도,102762851689,원,DART OpenAPI,2026-09-30
2020Q1,기업,당기순이익,아모레퍼시픽|별도,106679820474,원,DART OpenAPI,2026-09-30
2020Q1,기업,재고자산,아모레퍼시픽|별도,254497924849,원,DART OpenAPI,2026-09-30
2020Q1,기업,매출채권,아모레퍼시픽|별도,410825951708,원,DART OpenAPI,2026-09-30
2020Q1,기업,계약부채,아모레퍼시픽|별도,22547646394,원,DART OpenAPI,2026-09-30
2020Q1,기업,직원수,아모레퍼시픽|별도,5922,명,DART OpenAPI,2026-09-30
2020Q2,기업,매출액,아모레퍼시픽|연결,1055734889825,원,DART OpenAPI,2026-09-30
2020Q2,기업,매출총이익,아모레퍼시픽|연결,755644757201,원,DART OpenAPI,2026-09-30
2020Q2,기업,판관비,아모레퍼시픽|연결,720413066852,원,DART OpenAPI,2026-09-30
2020Q2,기업,영업이익,아모레퍼시픽|연결,35231690349,원,DART OpenAPI,2026-09-30
2020Q2,기업,당기순이익,아모레퍼시픽|연결,6739465134,원,DART OpenAPI,2026-09-30
2020Q2,기업,지배주주순이익,아모레퍼시픽|연결,11013294898,원,DART OpenAPI,2026-09-30
2020Q2,기업,재고자산,아모레퍼시픽|연결,459856245585,원,DART OpenAPI,2026-09-30
2020Q2,기업,매출채권,아모레퍼시픽|연결,337417169802,원,DART OpenAPI,2026-09-30
2020Q2,기업,계약부채,아모레퍼시픽|연결,46665408024,원,DART OpenAPI,2026-09-30
2020Q2,기업,매출액,아모레퍼시픽|별도,727566405048,원,DART OpenAPI,2026-09-30
2020Q2,기업,매출총이익,아모레퍼시픽|별도,496394701942,원,DART OpenAPI,2026-09-30
2020Q2,기업,판관비,아모레퍼시픽|별도,435669309690,원,DART OpenAPI,2026-09-30
2020Q2,기업,영업이익,아모레퍼시픽|별도,60725392252,원,DART OpenAPI,2026-09-30
2020Q2,기업,당기순이익,아모레퍼시픽|별도,36813924660,원,DART OpenAPI,2026-09-30
2020Q2,기업,재고자산,아모레퍼시픽|별도,263192223625,원,DART OpenAPI,2026-09-30
2020Q2,기업,매출채권,아모레퍼시픽|별도,385536494102,원,DART OpenAPI,2026-09-30
2020Q2,기업,계약부채,아모레퍼시픽|별도,23256006046,원,DART OpenAPI,2026-09-30
2020Q2,기업,직원수,아모레퍼시픽|별도,5871,명,DART OpenAPI,2026-09-30
2020Q3,기업,매출액,아모레퍼시픽|연결,1088641056331,원,DART OpenAPI,2026-09-30
2020Q3,기업,매출총이익,아모레퍼시픽|연결,775362166728,원,DART OpenAPI,2026-09-30
2020Q3,기업,판관비,아모레퍼시픽|연결,719318055660,원,DART OpenAPI,2026-09-30
2020Q3,기업,영업이익,아모레퍼시픽|연결,56044111068,원,DART OpenAPI,2026-09-30
2020Q3,기업,당기순이익,아모레퍼시픽|연결,7047185090,원,DART OpenAPI,2026-09-30
2020Q3,기업,지배주주순이익,아모레퍼시픽|연결,9622316738,원,DART OpenAPI,2026-09-30
2020Q3,기업,재고자산,아모레퍼시픽|연결,429167890880,원,DART OpenAPI,2026-09-30
2020Q3,기업,매출채권,아모레퍼시픽|연결,390821698896,원,DART OpenAPI,2026-09-30
2020Q3,기업,계약부채,아모레퍼시픽|연결,42691405584,원,DART OpenAPI,2026-09-30
2020Q3,기업,매출액,아모레퍼시픽|별도,752371505909,원,DART OpenAPI,2026-09-30
2020Q3,기업,매출총이익,아모레퍼시픽|별도,493242979936,원,DART OpenAPI,2026-09-30
2020Q3,기업,판관비,아모레퍼시픽|별도,447378277801,원,DART OpenAPI,2026-09-30
2020Q3,기업,영업이익,아모레퍼시픽|별도,45864702135,원,DART OpenAPI,2026-09-30
2020Q3,기업,당기순이익,아모레퍼시픽|별도,22159636481,원,DART OpenAPI,2026-09-30
2020Q3,기업,재고자산,아모레퍼시픽|별도,232976402502,원,DART OpenAPI,2026-09-30
2020Q3,기업,매출채권,아모레퍼시픽|별도,461640234422,원,DART OpenAPI,2026-09-30
2020Q3,기업,계약부채,아모레퍼시픽|별도,21475368630,원,DART OpenAPI,2026-09-30
2020Q3,기업,직원수,아모레퍼시픽|별도,5855,명,DART OpenAPI,2026-09-30
2020FY,기업,매출액,아모레퍼시픽|연결,4432179039394,원,DART OpenAPI,2026-09-30
2020FY,기업,매출총이익,아모레퍼시픽|연결,3166780974646,원,DART OpenAPI,2026-09-30
2020FY,기업,판관비,아모레퍼시픽|연결,3023771855339,원,DART OpenAPI,2026-09-30
2020FY,기업,영업이익,아모레퍼시픽|연결,143009119307,원,DART OpenAPI,2026-09-30
2020FY,기업,당기순이익,아모레퍼시픽|연결,21869011689,원,DART OpenAPI,2026-09-30
2020FY,기업,지배주주순이익,아모레퍼시픽|연결,35132159662,원,DART OpenAPI,2026-09-30
2020Q4,기업,재고자산,아모레퍼시픽|연결,414482961333,원,DART OpenAPI,2026-09-30
2020Q4,기업,매출채권,아모레퍼시픽|연결,283770117119,원,DART OpenAPI,2026-09-30
2020Q4,기업,계약부채,아모레퍼시픽|연결,42275345834,원,DART OpenAPI,2026-09-30
2020FY,기업,매출액,아모레퍼시픽|별도,3016950982776,원,DART OpenAPI,2026-09-30
2020FY,기업,매출총이익,아모레퍼시픽|별도,2017514846334,원,DART OpenAPI,2026-09-30
2020FY,기업,판관비,아모레퍼시픽|별도,1858739594604,원,DART OpenAPI,2026-09-30
2020FY,기업,영업이익,아모레퍼시픽|별도,158775251730,원,DART OpenAPI,2026-09-30
2020FY,기업,당기순이익,아모레퍼시픽|별도,104437154292,원,DART OpenAPI,2026-09-30
2020Q4,기업,재고자산,아모레퍼시픽|별도,259048944888,원,DART OpenAPI,2026-09-30
2020Q4,기업,매출채권,아모레퍼시픽|별도,335631476779,원,DART OpenAPI,2026-09-30
2020Q4,기업,계약부채,아모레퍼시픽|별도,17190577510,원,DART OpenAPI,2026-09-30
2020Q4,기업,직원수,아모레퍼시픽|별도,5830,명,DART OpenAPI,2026-09-30
2021Q1,기업,매출액,아모레퍼시픽|연결,1252783827950,원,DART OpenAPI,2026-09-30
2021Q1,기업,매출총이익,아모레퍼시픽|연결,908374724097,원,DART OpenAPI,2026-09-30
2021Q1,기업,판관비,아모레퍼시픽|연결,732130348527,원,DART OpenAPI,2026-09-30
2021Q1,기업,영업이익,아모레퍼시픽|연결,176244375570,원,DART OpenAPI,2026-09-30
2021Q1,기업,당기순이익,아모레퍼시픽|연결,137646826327,원,DART OpenAPI,2026-09-30
2021Q1,기업,지배주주순이익,아모레퍼시픽|연결,135185684349,원,DART OpenAPI,2026-09-30
2021Q1,기업,재고자산,아모레퍼시픽|연결,422782877133,원,DART OpenAPI,2026-09-30
2021Q1,기업,매출채권,아모레퍼시픽|연결,363977245664,원,DART OpenAPI,2026-09-30
2021Q1,기업,계약부채,아모레퍼시픽|연결,42283550905,원,DART OpenAPI,2026-09-30
2021Q1,기업,매출액,아모레퍼시픽|별도,899849154691,원,DART OpenAPI,2026-09-30
2021Q1,기업,매출총이익,아모레퍼시픽|별도,608572014939,원,DART OpenAPI,2026-09-30
2021Q1,기업,판관비,아모레퍼시픽|별도,473756736894,원,DART OpenAPI,2026-09-30
2021Q1,기업,영업이익,아모레퍼시픽|별도,134815278045,원,DART OpenAPI,2026-09-30
2021Q1,기업,당기순이익,아모레퍼시픽|별도,109925459898,원,DART OpenAPI,2026-09-30
2021Q1,기업,재고자산,아모레퍼시픽|별도,254585199935,원,DART OpenAPI,2026-09-30
2021Q1,기업,매출채권,아모레퍼시픽|별도,392083664259,원,DART OpenAPI,2026-09-30
2021Q1,기업,계약부채,아모레퍼시픽|별도,18245149878,원,DART OpenAPI,2026-09-30
2021Q1,기업,직원수,아모레퍼시픽|별도,5292,명,DART OpenAPI,2026-09-30
2021Q2,기업,매출액,아모레퍼시픽|연결,1176655740224,원,DART OpenAPI,2026-09-30
2021Q2,기업,매출총이익,아모레퍼시픽|연결,853872712132,원,DART OpenAPI,2026-09-30
2021Q2,기업,판관비,아모레퍼시픽|연결,762653550754,원,DART OpenAPI,2026-09-30
2021Q2,기업,영업이익,아모레퍼시픽|연결,91219161378,원,DART OpenAPI,2026-09-30
2021Q2,기업,당기순이익,아모레퍼시픽|연결,59198666657,원,DART OpenAPI,2026-09-30
2021Q2,기업,지배주주순이익,아모레퍼시픽|연결,61088059357,원,DART OpenAPI,2026-09-30
2021Q2,기업,재고자산,아모레퍼시픽|연결,466545825626,원,DART OpenAPI,2026-09-30
2021Q2,기업,매출채권,아모레퍼시픽|연결,365035228926,원,DART OpenAPI,2026-09-30
2021Q2,기업,계약부채,아모레퍼시픽|연결,34631821001,원,DART OpenAPI,2026-09-30
2021Q2,기업,매출액,아모레퍼시픽|별도,836488591739,원,DART OpenAPI,2026-09-30
2021Q2,기업,매출총이익,아모레퍼시픽|별도,566672243780,원,DART OpenAPI,2026-09-30
2021Q2,기업,판관비,아모레퍼시픽|별도,476992469727,원,DART OpenAPI,2026-09-30
2021Q2,기업,영업이익,아모레퍼시픽|별도,89679774053,원,DART OpenAPI,2026-09-30
2021Q2,기업,당기순이익,아모레퍼시픽|별도,71573985535,원,DART OpenAPI,2026-09-30
2021Q2,기업,재고자산,아모레퍼시픽|별도,285788494020,원,DART OpenAPI,2026-09-30
2021Q2,기업,매출채권,아모레퍼시픽|별도,351667432248,원,DART OpenAPI,2026-09-30
2021Q2,기업,계약부채,아모레퍼시픽|별도,11775553225,원,DART OpenAPI,2026-09-30
2021Q2,기업,직원수,아모레퍼시픽|별도,5264,명,DART OpenAPI,2026-09-30
2021Q3,기업,매출액,아모레퍼시픽|연결,1108940816390,원,DART OpenAPI,2026-09-30
2021Q3,기업,매출총이익,아모레퍼시픽|연결,793607053536,원,DART OpenAPI,2026-09-30
2021Q3,기업,판관비,아모레퍼시픽|연결,743267465359,원,DART OpenAPI,2026-09-30
2021Q3,기업,영업이익,아모레퍼시픽|연결,50339588177,원,DART OpenAPI,2026-09-30
2021Q3,기업,당기순이익,아모레퍼시픽|연결,38452479523,원,DART OpenAPI,2026-09-30
2021Q3,기업,지배주주순이익,아모레퍼시픽|연결,39875908009,원,DART OpenAPI,2026-09-30
2021Q3,기업,재고자산,아모레퍼시픽|연결,525381718582,원,DART OpenAPI,2026-09-30
2021Q3,기업,매출채권,아모레퍼시픽|연결,416970572983,원,DART OpenAPI,2026-09-30
2021Q3,기업,계약부채,아모레퍼시픽|연결,34273070491,원,DART OpenAPI,2026-09-30
2021Q3,기업,매출액,아모레퍼시픽|별도,862799489628,원,DART OpenAPI,2026-09-30
2021Q3,기업,매출총이익,아모레퍼시픽|별도,563888483806,원,DART OpenAPI,2026-09-30
2021Q3,기업,판관비,아모레퍼시픽|별도,483325777034,원,DART OpenAPI,2026-09-30
2021Q3,기업,영업이익,아모레퍼시픽|별도,80562706772,원,DART OpenAPI,2026-09-30
2021Q3,기업,당기순이익,아모레퍼시픽|별도,66840626236,원,DART OpenAPI,2026-09-30
2021Q3,기업,재고자산,아모레퍼시픽|별도,271403541052,원,DART OpenAPI,2026-09-30
2021Q3,기업,매출채권,아모레퍼시픽|별도,441102539894,원,DART OpenAPI,2026-09-30
2021Q3,기업,계약부채,아모레퍼시픽|별도,12510667979,원,DART OpenAPI,2026-09-30
2021Q3,기업,직원수,아모레퍼시픽|별도,5392,명,DART OpenAPI,2026-09-30
2021FY,기업,매출액,아모레퍼시픽|연결,4863128496699,원,DART OpenAPI,2026-09-30
2021FY,기업,매출총이익,아모레퍼시픽|연결,3500489294271,원,DART OpenAPI,2026-09-30
2021FY,기업,판관비,아모레퍼시픽|연결,3157131485221,원,DART OpenAPI,2026-09-30
2021FY,기업,영업이익,아모레퍼시픽|연결,343357809050,원,DART OpenAPI,2026-09-30
2021FY,기업,당기순이익,아모레퍼시픽|연결,180857693977,원,DART OpenAPI,2026-09-30
2021FY,기업,지배주주순이익,아모레퍼시픽|연결,193680578727,원,DART OpenAPI,2026-09-30
2021Q4,기업,재고자산,아모레퍼시픽|연결,493223642997,원,DART OpenAPI,2026-09-30
2021Q4,기업,매출채권,아모레퍼시픽|연결,295769466239,원,DART OpenAPI,2026-09-30
2021Q4,기업,계약부채,아모레퍼시픽|연결,37465486262,원,DART OpenAPI,2026-09-30
2021FY,기업,매출액,아모레퍼시픽|별도,3475232779753,원,DART OpenAPI,2026-09-30
2021FY,기업,매출총이익,아모레퍼시픽|별도,2345560677866,원,DART OpenAPI,2026-09-30
2021FY,기업,판관비,아모레퍼시픽|별도,2005430070556,원,DART OpenAPI,2026-09-30
2021FY,기업,영업이익,아모레퍼시픽|별도,340130607310,원,DART OpenAPI,2026-09-30
2021FY,기업,당기순이익,아모레퍼시픽|별도,280076338528,원,DART OpenAPI,2026-09-30
2021Q4,기업,재고자산,아모레퍼시픽|별도,292672388559,원,DART OpenAPI,2026-09-30
2021Q4,기업,매출채권,아모레퍼시픽|별도,349194890548,원,DART OpenAPI,2026-09-30
2021Q4,기업,계약부채,아모레퍼시픽|별도,14188934219,원,DART OpenAPI,2026-09-30
2021Q4,기업,직원수,아모레퍼시픽|별도,5408,명,DART OpenAPI,2026-09-30
2022Q1,기업,매출액,아모레퍼시픽|연결,1165030308901,원,DART OpenAPI,2026-09-30
2022Q1,기업,매출총이익,아모레퍼시픽|연결,801928241007,원,DART OpenAPI,2026-09-30
2022Q1,기업,판관비,아모레퍼시픽|연결,643931892899,원,DART OpenAPI,2026-09-30
2022Q1,기업,영업이익,아모레퍼시픽|연결,157996348108,원,DART OpenAPI,2026-09-30
2022Q1,기업,당기순이익,아모레퍼시픽|연결,120084490895,원,DART OpenAPI,2026-09-30
2022Q1,기업,지배주주순이익,아모레퍼시픽|연결,117417931417,원,DART OpenAPI,2026-09-30
2022Q1,기업,재고자산,아모레퍼시픽|연결,483211252731,원,DART OpenAPI,2026-09-30
2022Q1,기업,매출채권,아모레퍼시픽|연결,342134878578,원,DART OpenAPI,2026-09-30
2022Q1,기업,계약부채,아모레퍼시픽|연결,38624635963,원,DART OpenAPI,2026-09-30
2022Q1,기업,매출액,아모레퍼시픽|별도,796422857997,원,DART OpenAPI,2026-09-30
2022Q1,기업,매출총이익,아모레퍼시픽|별도,528656523775,원,DART OpenAPI,2026-09-30
2022Q1,기업,판관비,아모레퍼시픽|별도,412790502929,원,DART OpenAPI,2026-09-30
2022Q1,기업,영업이익,아모레퍼시픽|별도,115866020846,원,DART OpenAPI,2026-09-30
2022Q1,기업,당기순이익,아모레퍼시픽|별도,88066231101,원,DART OpenAPI,2026-09-30
2022Q1,기업,재고자산,아모레퍼시픽|별도,304828503978,원,DART OpenAPI,2026-09-30
2022Q1,기업,매출채권,아모레퍼시픽|별도,316119556622,원,DART OpenAPI,2026-09-30
2022Q1,기업,계약부채,아모레퍼시픽|별도,14155462125,원,DART OpenAPI,2026-09-30
2022Q1,기업,직원수,아모레퍼시픽|별도,5322,명,DART OpenAPI,2026-09-30
2022Q2,기업,매출액,아모레퍼시픽|연결,945722009548,원,DART OpenAPI,2026-09-30
2022Q2,기업,매출총이익,아모레퍼시픽|연결,624509629246,원,DART OpenAPI,2026-09-30
2022Q2,기업,판관비,아모레퍼시픽|연결,644034221460,원,DART OpenAPI,2026-09-30
2022Q2,기업,영업이익,아모레퍼시픽|연결,-19524592214,원,DART OpenAPI,2026-09-30
2022Q2,기업,당기순이익,아모레퍼시픽|연결,-37216079729,원,DART OpenAPI,2026-09-30
2022Q2,기업,지배주주순이익,아모레퍼시픽|연결,-30785588208,원,DART OpenAPI,2026-09-30
2022Q2,기업,재고자산,아모레퍼시픽|연결,500939344414,원,DART OpenAPI,2026-09-30
2022Q2,기업,매출채권,아모레퍼시픽|연결,346000418208,원,DART OpenAPI,2026-09-30
2022Q2,기업,계약부채,아모레퍼시픽|연결,54482509745,원,DART OpenAPI,2026-09-30
2022Q2,기업,매출액,아모레퍼시픽|별도,728343943849,원,DART OpenAPI,2026-09-30
2022Q2,기업,매출총이익,아모레퍼시픽|별도,466738486619,원,DART OpenAPI,2026-09-30
2022Q2,기업,판관비,아모레퍼시픽|별도,421586943209,원,DART OpenAPI,2026-09-30
2022Q2,기업,영업이익,아모레퍼시픽|별도,45151543410,원,DART OpenAPI,2026-09-30
2022Q2,기업,당기순이익,아모레퍼시픽|별도,42339045410,원,DART OpenAPI,2026-09-30
2022Q2,기업,재고자산,아모레퍼시픽|별도,296830552004,원,DART OpenAPI,2026-09-30
2022Q2,기업,매출채권,아모레퍼시픽|별도,379347723210,원,DART OpenAPI,2026-09-30
2022Q2,기업,계약부채,아모레퍼시픽|별도,13272165870,원,DART OpenAPI,2026-09-30
2022Q2,기업,직원수,아모레퍼시픽|별도,5285,명,DART OpenAPI,2026-09-30
2022Q3,기업,매출액,아모레퍼시픽|연결,936411432151,원,DART OpenAPI,2026-09-30
2022Q3,기업,매출총이익,아모레퍼시픽|연결,621717886034,원,DART OpenAPI,2026-09-30
2022Q3,기업,판관비,아모레퍼시픽|연결,602913642558,원,DART OpenAPI,2026-09-30
2022Q3,기업,영업이익,아모레퍼시픽|연결,18804243476,원,DART OpenAPI,2026-09-30
2022Q3,기업,당기순이익,아모레퍼시픽|연결,21807350707,원,DART OpenAPI,2026-09-30
2022Q3,기업,지배주주순이익,아모레퍼시픽|연결,24207516419,원,DART OpenAPI,2026-09-30
2022Q3,기업,재고자산,아모레퍼시픽|연결,483946783222,원,DART OpenAPI,2026-09-30
2022Q3,기업,매출채권,아모레퍼시픽|연결,358382377230,원,DART OpenAPI,2026-09-30
2022Q3,기업,계약부채,아모레퍼시픽|연결,38431349367,원,DART OpenAPI,2026-09-30
2022Q3,기업,매출액,아모레퍼시픽|별도,653848208496,원,DART OpenAPI,2026-09-30
2022Q3,기업,매출총이익,아모레퍼시픽|별도,426378417938,원,DART OpenAPI,2026-09-30
2022Q3,기업,판관비,아모레퍼시픽|별도,390961856220,원,DART OpenAPI,2026-09-30
2022Q3,기업,영업이익,아모레퍼시픽|별도,35416561718,원,DART OpenAPI,2026-09-30
2022Q3,기업,당기순이익,아모레퍼시픽|별도,56840397938,원,DART OpenAPI,2026-09-30
2022Q3,기업,재고자산,아모레퍼시픽|별도,267952783304,원,DART OpenAPI,2026-09-30
2022Q3,기업,매출채권,아모레퍼시픽|별도,415169503412,원,DART OpenAPI,2026-09-30
2022Q3,기업,계약부채,아모레퍼시픽|별도,13974322785,원,DART OpenAPI,2026-09-30
2022Q3,기업,직원수,아모레퍼시픽|별도,5194,명,DART OpenAPI,2026-09-30
2022FY,기업,매출액,아모레퍼시픽|연결,4134932512111,원,DART OpenAPI,2026-09-30
2022FY,기업,매출총이익,아모레퍼시픽|연결,2797420105262,원,DART OpenAPI,2026-09-30
2022FY,기업,판관비,아모레퍼시픽|연결,2583186849501,원,DART OpenAPI,2026-09-30
2022FY,기업,영업이익,아모레퍼시픽|연결,214233255761,원,DART OpenAPI,2026-09-30
2022FY,기업,당기순이익,아모레퍼시픽|연결,129264244958,원,DART OpenAPI,2026-09-30
2022FY,기업,지배주주순이익,아모레퍼시픽|연결,134474812450,원,DART OpenAPI,2026-09-30
2022Q4,기업,재고자산,아모레퍼시픽|연결,408934396533,원,DART OpenAPI,2026-09-30
2022Q4,기업,매출채권,아모레퍼시픽|연결,285104514893,원,DART OpenAPI,2026-09-30
2022Q4,기업,계약부채,아모레퍼시픽|연결,36625353980,원,DART OpenAPI,2026-09-30
2022FY,기업,매출액,아모레퍼시픽|별도,2874461832939,원,DART OpenAPI,2026-09-30
2022FY,기업,매출총이익,아모레퍼시픽|별도,1882051256118,원,DART OpenAPI,2026-09-30
2022FY,기업,판관비,아모레퍼시픽|별도,1646684326885,원,DART OpenAPI,2026-09-30
2022FY,기업,영업이익,아모레퍼시픽|별도,235366929233,원,DART OpenAPI,2026-09-30
2022FY,기업,당기순이익,아모레퍼시픽|별도,184011397985,원,DART OpenAPI,2026-09-30
2022Q4,기업,재고자산,아모레퍼시픽|별도,243449127271,원,DART OpenAPI,2026-09-30
2022Q4,기업,매출채권,아모레퍼시픽|별도,378165360317,원,DART OpenAPI,2026-09-30
2022Q4,기업,계약부채,아모레퍼시픽|별도,15110118703,원,DART OpenAPI,2026-09-30
2022Q4,기업,직원수,아모레퍼시픽|별도,5109,명,DART OpenAPI,2026-09-30
2023Q1,기업,매출액,아모레퍼시픽|연결,913697617945,원,DART OpenAPI,2026-09-30
2023Q1,기업,매출총이익,아모레퍼시픽|연결,613927659021,원,DART OpenAPI,2026-09-30
2023Q1,기업,판관비,아모레퍼시픽|연결,549575062084,원,DART OpenAPI,2026-09-30
2023Q1,기업,영업이익,아모레퍼시픽|연결,64352596937,원,DART OpenAPI,2026-09-30
2023Q1,기업,당기순이익,아모레퍼시픽|연결,89699915726,원,DART OpenAPI,2026-09-30
2023Q1,기업,지배주주순이익,아모레퍼시픽|연결,87273982927,원,DART OpenAPI,2026-09-30
2023Q1,기업,재고자산,아모레퍼시픽|연결,394781868312,원,DART OpenAPI,2026-09-30
2023Q1,기업,매출채권,아모레퍼시픽|연결,308846858771,원,DART OpenAPI,2026-09-30
2023Q1,기업,계약부채,아모레퍼시픽|연결,34540002827,원,DART OpenAPI,2026-09-30
2023Q1,기업,매출액,아모레퍼시픽|별도,607421576023,원,DART OpenAPI,2026-09-30
2023Q1,기업,매출총이익,아모레퍼시픽|별도,392072103528,원,DART OpenAPI,2026-09-30
2023Q1,기업,판관비,아모레퍼시픽|별도,354212050148,원,DART OpenAPI,2026-09-30
2023Q1,기업,영업이익,아모레퍼시픽|별도,37860053380,원,DART OpenAPI,2026-09-30
2023Q1,기업,당기순이익,아모레퍼시픽|별도,52806752917,원,DART OpenAPI,2026-09-30
2023Q1,기업,재고자산,아모레퍼시픽|별도,244890070094,원,DART OpenAPI,2026-09-30
2023Q1,기업,매출채권,아모레퍼시픽|별도,374978661282,원,DART OpenAPI,2026-09-30
2023Q1,기업,계약부채,아모레퍼시픽|별도,14500641633,원,DART OpenAPI,2026-09-30
2023Q1,기업,직원수,아모레퍼시픽|별도,5057,명,DART OpenAPI,2026-09-30
2023Q2,기업,매출액,아모레퍼시픽|연결,945384372586,원,DART OpenAPI,2026-09-30
2023Q2,기업,매출총이익,아모레퍼시픽|연결,644036092479,원,DART OpenAPI,2026-09-30
2023Q2,기업,판관비,아모레퍼시픽|연결,638147332925,원,DART OpenAPI,2026-09-30
2023Q2,기업,영업이익,아모레퍼시픽|연결,5888759554,원,DART OpenAPI,2026-09-30
2023Q2,기업,당기순이익,아모레퍼시픽|연결,19306281964,원,DART OpenAPI,2026-09-30
2023Q2,기업,지배주주순이익,아모레퍼시픽|연결,22102178064,원,DART OpenAPI,2026-09-30
2023Q2,기업,재고자산,아모레퍼시픽|연결,362610959447,원,DART OpenAPI,2026-09-30
2023Q2,기업,매출채권,아모레퍼시픽|연결,314469802044,원,DART OpenAPI,2026-09-30
2023Q2,기업,계약부채,아모레퍼시픽|연결,33505028315,원,DART OpenAPI,2026-09-30
2023Q2,기업,매출액,아모레퍼시픽|별도,605265173942,원,DART OpenAPI,2026-09-30
2023Q2,기업,매출총이익,아모레퍼시픽|별도,379871776810,원,DART OpenAPI,2026-09-30
2023Q2,기업,판관비,아모레퍼시픽|별도,373115087147,원,DART OpenAPI,2026-09-30
2023Q2,기업,영업이익,아모레퍼시픽|별도,6756689663,원,DART OpenAPI,2026-09-30
2023Q2,기업,당기순이익,아모레퍼시픽|별도,11791944102,원,DART OpenAPI,2026-09-30
2023Q2,기업,재고자산,아모레퍼시픽|별도,227608058655,원,DART OpenAPI,2026-09-30
2023Q2,기업,매출채권,아모레퍼시픽|별도,320350179845,원,DART OpenAPI,2026-09-30
2023Q2,기업,계약부채,아모레퍼시픽|별도,13497446995,원,DART OpenAPI,2026-09-30
2023Q2,기업,직원수,아모레퍼시픽|별도,5024,명,DART OpenAPI,2026-09-30
2023Q3,기업,매출액,아모레퍼시픽|연결,888832482657,원,DART OpenAPI,2026-09-30
2023Q3,기업,매출총이익,아모레퍼시픽|연결,613847331839,원,DART OpenAPI,2026-09-30
2023Q3,기업,판관비,아모레퍼시픽|연결,596593896395,원,DART OpenAPI,2026-09-30
2023Q3,기업,영업이익,아모레퍼시픽|연결,17253435444,원,DART OpenAPI,2026-09-30
2023Q3,기업,당기순이익,아모레퍼시픽|연결,26643196702,원,DART OpenAPI,2026-09-30
2023Q3,기업,지배주주순이익,아모레퍼시픽|연결,27998847424,원,DART OpenAPI,2026-09-30
2023Q3,기업,재고자산,아모레퍼시픽|연결,372572111207,원,DART OpenAPI,2026-09-30
2023Q3,기업,매출채권,아모레퍼시픽|연결,356935422103,원,DART OpenAPI,2026-09-30
2023Q3,기업,계약부채,아모레퍼시픽|연결,34178666838,원,DART OpenAPI,2026-09-30
2023Q3,기업,매출액,아모레퍼시픽|별도,612472350569,원,DART OpenAPI,2026-09-30
2023Q3,기업,매출총이익,아모레퍼시픽|별도,403432053887,원,DART OpenAPI,2026-09-30
2023Q3,기업,판관비,아모레퍼시픽|별도,387346484777,원,DART OpenAPI,2026-09-30
2023Q3,기업,영업이익,아모레퍼시픽|별도,16085569110,원,DART OpenAPI,2026-09-30
2023Q3,기업,당기순이익,아모레퍼시픽|별도,29851221509,원,DART OpenAPI,2026-09-30
2023Q3,기업,재고자산,아모레퍼시픽|별도,220448081327,원,DART OpenAPI,2026-09-30
2023Q3,기업,매출채권,아모레퍼시픽|별도,376369407360,원,DART OpenAPI,2026-09-30
2023Q3,기업,계약부채,아모레퍼시픽|별도,13647506218,원,DART OpenAPI,2026-09-30
2023Q3,기업,직원수,아모레퍼시픽|별도,4775,명,DART OpenAPI,2026-09-30
2023FY,기업,매출액,아모레퍼시픽|연결,3673963593157,원,DART OpenAPI,2026-09-30
2023FY,기업,매출총이익,아모레퍼시픽|연결,2518898907688,원,DART OpenAPI,2026-09-30
2023FY,기업,판관비,아모레퍼시픽|연결,2410727650626,원,DART OpenAPI,2026-09-30
2023FY,기업,영업이익,아모레퍼시픽|연결,108171257062,원,DART OpenAPI,2026-09-30
2023FY,기업,당기순이익,아모레퍼시픽|연결,173878928996,원,DART OpenAPI,2026-09-30
2023FY,기업,지배주주순이익,아모레퍼시픽|연결,180101845362,원,DART OpenAPI,2026-09-30
2023Q4,기업,재고자산,아모레퍼시픽|연결,394311802314,원,DART OpenAPI,2026-09-30
2023Q4,기업,매출채권,아모레퍼시픽|연결,292900370185,원,DART OpenAPI,2026-09-30
2023Q4,기업,계약부채,아모레퍼시픽|연결,33409778405,원,DART OpenAPI,2026-09-30
2023FY,기업,매출액,아모레퍼시픽|별도,2439435801356,원,DART OpenAPI,2026-09-30
2023FY,기업,매출총이익,아모레퍼시픽|별도,1575507358042,원,DART OpenAPI,2026-09-30
2023FY,기업,판관비,아모레퍼시픽|별도,1493042784135,원,DART OpenAPI,2026-09-30
2023FY,기업,영업이익,아모레퍼시픽|별도,82464573907,원,DART OpenAPI,2026-09-30
2023FY,기업,당기순이익,아모레퍼시픽|별도,74583160072,원,DART OpenAPI,2026-09-30
2023Q4,기업,재고자산,아모레퍼시픽|별도,237401032140,원,DART OpenAPI,2026-09-30
2023Q4,기업,매출채권,아모레퍼시픽|별도,363532853995,원,DART OpenAPI,2026-09-30
2023Q4,기업,계약부채,아모레퍼시픽|별도,12529336244,원,DART OpenAPI,2026-09-30
2023Q4,기업,직원수,아모레퍼시픽|별도,4782,명,DART OpenAPI,2026-09-30
2024Q1,기업,매출액,아모레퍼시픽|연결,911452525506,원,DART OpenAPI,2026-09-30
2024Q1,기업,매출총이익,아모레퍼시픽|연결,645828938672,원,DART OpenAPI,2026-09-30
2024Q1,기업,판관비,아모레퍼시픽|연결,573153009730,원,DART OpenAPI,2026-09-30
2024Q1,기업,영업이익,아모레퍼시픽|연결,72675928942,원,DART OpenAPI,2026-09-30
2024Q1,기업,당기순이익,아모레퍼시픽|연결,80113584354,원,DART OpenAPI,2026-09-30
2024Q1,기업,지배주주순이익,아모레퍼시픽|연결,78602009417,원,DART OpenAPI,2026-09-30
2024Q1,기업,재고자산,아모레퍼시픽|연결,379020602299,원,DART OpenAPI,2026-09-30
2024Q1,기업,매출채권,아모레퍼시픽|연결,293268335510,원,DART OpenAPI,2026-09-30
2024Q1,기업,계약부채,아모레퍼시픽|연결,32529023293,원,DART OpenAPI,2026-09-30
2024Q1,기업,매출액,아모레퍼시픽|별도,632433511378,원,DART OpenAPI,2026-09-30
2024Q1,기업,매출총이익,아모레퍼시픽|별도,427154968694,원,DART OpenAPI,2026-09-30
2024Q1,기업,판관비,아모레퍼시픽|별도,372766411276,원,DART OpenAPI,2026-09-30
2024Q1,기업,영업이익,아모레퍼시픽|별도,54388557418,원,DART OpenAPI,2026-09-30
2024Q1,기업,당기순이익,아모레퍼시픽|별도,106253270269,원,DART OpenAPI,2026-09-30
2024Q1,기업,재고자산,아모레퍼시픽|별도,226131547277,원,DART OpenAPI,2026-09-30
2024Q1,기업,매출채권,아모레퍼시픽|별도,372547235331,원,DART OpenAPI,2026-09-30
2024Q1,기업,계약부채,아모레퍼시픽|별도,11855065291,원,DART OpenAPI,2026-09-30
2024Q1,기업,직원수,아모레퍼시픽|별도,4722,명,DART OpenAPI,2026-09-30
2024Q2,기업,매출액,아모레퍼시픽|연결,904751327724,원,DART OpenAPI,2026-09-30
2024Q2,기업,매출총이익,아모레퍼시픽|연결,638086591437,원,DART OpenAPI,2026-09-30
2024Q2,기업,판관비,아모레퍼시픽|연결,633932830742,원,DART OpenAPI,2026-09-30
2024Q2,기업,영업이익,아모레퍼시픽|연결,4153760695,원,DART OpenAPI,2026-09-30
2024Q2,기업,당기순이익,아모레퍼시픽|연결,530597868353,원,DART OpenAPI,2026-09-30
2024Q2,기업,지배주주순이익,아모레퍼시픽|연결,531466004835,원,DART OpenAPI,2026-09-30
2024Q2,기업,재고자산,아모레퍼시픽|연결,509820461608,원,DART OpenAPI,2026-09-30
2024Q2,기업,매출채권,아모레퍼시픽|연결,325846834934,원,DART OpenAPI,2026-09-30
2024Q2,기업,계약부채,아모레퍼시픽|연결,32326111451,원,DART OpenAPI,2026-09-30
2024Q2,기업,매출액,아모레퍼시픽|별도,560939062693,원,DART OpenAPI,2026-09-30
2024Q2,기업,매출총이익,아모레퍼시픽|별도,365687167481,원,DART OpenAPI,2026-09-30
2024Q2,기업,판관비,아모레퍼시픽|별도,364688964715,원,DART OpenAPI,2026-09-30
2024Q2,기업,영업이익,아모레퍼시픽|별도,998202766,원,DART OpenAPI,2026-09-30
2024Q2,기업,당기순이익,아모레퍼시픽|별도,115555178182,원,DART OpenAPI,2026-09-30
2024Q2,기업,재고자산,아모레퍼시픽|별도,238915913669,원,DART OpenAPI,2026-09-30
2024Q2,기업,매출채권,아모레퍼시픽|별도,294279022032,원,DART OpenAPI,2026-09-30
2024Q2,기업,계약부채,아모레퍼시픽|별도,11137476555,원,DART OpenAPI,2026-09-30
2024Q2,기업,직원수,아모레퍼시픽|별도,4710,명,DART OpenAPI,2026-09-30
2024Q3,기업,매출액,아모레퍼시픽|연결,977207865626,원,DART OpenAPI,2026-09-30
2024Q3,기업,매출총이익,아모레퍼시픽|연결,683352551172,원,DART OpenAPI,2026-09-30
2024Q3,기업,판관비,아모레퍼시픽|연결,618181560303,원,DART OpenAPI,2026-09-30
2024Q3,기업,영업이익,아모레퍼시픽|연결,65170990869,원,DART OpenAPI,2026-09-30
2024Q3,기업,당기순이익,아모레퍼시픽|연결,37160331343,원,DART OpenAPI,2026-09-30
2024Q3,기업,지배주주순이익,아모레퍼시픽|연결,37634444945,원,DART OpenAPI,2026-09-30
2024Q3,기업,재고자산,아모레퍼시픽|연결,521132410536,원,DART OpenAPI,2026-09-30
2024Q3,기업,매출채권,아모레퍼시픽|연결,344144312134,원,DART OpenAPI,2026-09-30
2024Q3,기업,계약부채,아모레퍼시픽|연결,31597428501,원,DART OpenAPI,2026-09-30
2024Q3,기업,매출액,아모레퍼시픽|별도,571442116452,원,DART OpenAPI,2026-09-30
2024Q3,기업,매출총이익,아모레퍼시픽|별도,371817083104,원,DART OpenAPI,2026-09-30
2024Q3,기업,판관비,아모레퍼시픽|별도,344700038757,원,DART OpenAPI,2026-09-30
2024Q3,기업,영업이익,아모레퍼시픽|별도,27117044347,원,DART OpenAPI,2026-09-30
2024Q3,기업,당기순이익,아모레퍼시픽|별도,19666864447,원,DART OpenAPI,2026-09-30
2024Q3,기업,재고자산,아모레퍼시픽|별도,245382283071,원,DART OpenAPI,2026-09-30
2024Q3,기업,매출채권,아모레퍼시픽|별도,319142198879,원,DART OpenAPI,2026-09-30
2024Q3,기업,계약부채,아모레퍼시픽|별도,11459920355,원,DART OpenAPI,2026-09-30
2024Q3,기업,직원수,아모레퍼시픽|별도,4718,명,DART OpenAPI,2026-09-30
2024FY,기업,매출액,아모레퍼시픽|연결,3885110699186,원,DART OpenAPI,2026-09-30
2024FY,기업,매출총이익,아모레퍼시픽|연결,2746732498324,원,DART OpenAPI,2026-09-30
2024FY,기업,판관비,아모레퍼시픽|연결,2526251154411,원,DART OpenAPI,2026-09-30
2024FY,기업,영업이익,아모레퍼시픽|연결,220481343913,원,DART OpenAPI,2026-09-30
2024FY,기업,당기순이익,아모레퍼시픽|연결,601641373835,원,DART OpenAPI,2026-09-30
2024FY,기업,지배주주순이익,아모레퍼시픽|연결,593187213073,원,DART OpenAPI,2026-09-30
2024Q4,기업,재고자산,아모레퍼시픽|연결,497801286466,원,DART OpenAPI,2026-09-30
2024Q4,기업,매출채권,아모레퍼시픽|연결,386339598982,원,DART OpenAPI,2026-09-30
2024Q4,기업,계약부채,아모레퍼시픽|연결,36018371304,원,DART OpenAPI,2026-09-30
2024FY,기업,매출액,아모레퍼시픽|별도,2413786374578,원,DART OpenAPI,2026-09-30
2024FY,기업,매출총이익,아모레퍼시픽|별도,1590376766373,원,DART OpenAPI,2026-09-30
2024FY,기업,판관비,아모레퍼시픽|별도,1462424225309,원,DART OpenAPI,2026-09-30
2024FY,기업,영업이익,아모레퍼시픽|별도,127952541064,원,DART OpenAPI,2026-09-30
2024FY,기업,당기순이익,아모레퍼시픽|별도,50551171940,원,DART OpenAPI,2026-09-30
2024Q4,기업,재고자산,아모레퍼시픽|별도,246415173233,원,DART OpenAPI,2026-09-30
2024Q4,기업,매출채권,아모레퍼시픽|별도,400464990095,원,DART OpenAPI,2026-09-30
2024Q4,기업,계약부채,아모레퍼시픽|별도,11653384025,원,DART OpenAPI,2026-09-30
2024Q4,기업,직원수,아모레퍼시픽|별도,4722,명,DART OpenAPI,2026-09-30
2025Q1,기업,매출액,아모레퍼시픽|연결,1067512073116,원,DART OpenAPI,2026-09-30
2025Q1,기업,매출총이익,아모레퍼시픽|연결,769261136509,원,DART OpenAPI,2026-09-30
2025Q1,기업,판관비,아모레퍼시픽|연결,651531259245,원,DART OpenAPI,2026-09-30
2025Q1,기업,영업이익,아모레퍼시픽|연결,117729877264,원,DART OpenAPI,2026-09-30
2025Q1,기업,당기순이익,아모레퍼시픽|연결,118952934878,원,DART OpenAPI,2026-09-30
2025Q1,기업,지배주주순이익,아모레퍼시픽|연결,110798771420,원,DART OpenAPI,2026-09-30
2025Q1,기업,재고자산,아모레퍼시픽|연결,482284407046,원,DART OpenAPI,2026-09-30
2025Q1,기업,매출채권,아모레퍼시픽|연결,378653421217,원,DART OpenAPI,2026-09-30
2025Q1,기업,계약부채,아모레퍼시픽|연결,34300732564,원,DART OpenAPI,2026-09-30
2025Q1,기업,매출액,아모레퍼시픽|별도,682373293529,원,DART OpenAPI,2026-09-30
2025Q1,기업,매출총이익,아모레퍼시픽|별도,467039521523,원,DART OpenAPI,2026-09-30
2025Q1,기업,판관비,아모레퍼시픽|별도,392464293671,원,DART OpenAPI,2026-09-30
2025Q1,기업,영업이익,아모레퍼시픽|별도,74575227852,원,DART OpenAPI,2026-09-30
2025Q1,기업,당기순이익,아모레퍼시픽|별도,58977981979,원,DART OpenAPI,2026-09-30
2025Q1,기업,재고자산,아모레퍼시픽|별도,252603173989,원,DART OpenAPI,2026-09-30
2025Q1,기업,매출채권,아모레퍼시픽|별도,414074146978,원,DART OpenAPI,2026-09-30
2025Q1,기업,계약부채,아모레퍼시픽|별도,10592514799,원,DART OpenAPI,2026-09-30
2025Q1,기업,직원수,아모레퍼시픽|별도,4735,명,DART OpenAPI,2026-09-30
2025Q2,기업,매출액,아모레퍼시픽|연결,1005023630792,원,DART OpenAPI,2026-09-30
2025Q2,기업,매출총이익,아모레퍼시픽|연결,729884641484,원,DART OpenAPI,2026-09-30
2025Q2,기업,판관비,아모레퍼시픽|연결,656222147754,원,DART OpenAPI,2026-09-30
2025Q2,기업,영업이익,아모레퍼시픽|연결,73662493730,원,DART OpenAPI,2026-09-30
2025Q2,기업,당기순이익,아모레퍼시픽|연결,37630569127,원,DART OpenAPI,2026-09-30
2025Q2,기업,지배주주순이익,아모레퍼시픽|연결,35776187486,원,DART OpenAPI,2026-09-30
2025Q2,기업,재고자산,아모레퍼시픽|연결,463949602024,원,DART OpenAPI,2026-09-30
2025Q2,기업,매출채권,아모레퍼시픽|연결,311860778027,원,DART OpenAPI,2026-09-30
2025Q2,기업,계약부채,아모레퍼시픽|연결,43669715095,원,DART OpenAPI,2026-09-30
2025Q2,기업,매출액,아모레퍼시픽|별도,660685952785,원,DART OpenAPI,2026-09-30
2025Q2,기업,매출총이익,아모레퍼시픽|별도,442153648125,원,DART OpenAPI,2026-09-30
2025Q2,기업,판관비,아모레퍼시픽|별도,384102624294,원,DART OpenAPI,2026-09-30
2025Q2,기업,영업이익,아모레퍼시픽|별도,58051023831,원,DART OpenAPI,2026-09-30
2025Q2,기업,당기순이익,아모레퍼시픽|별도,14245175375,원,DART OpenAPI,2026-09-30
2025Q2,기업,재고자산,아모레퍼시픽|별도,238596312883,원,DART OpenAPI,2026-09-30
2025Q2,기업,매출채권,아모레퍼시픽|별도,316696767127,원,DART OpenAPI,2026-09-30
2025Q2,기업,계약부채,아모레퍼시픽|별도,9815113504,원,DART OpenAPI,2026-09-30
2025Q2,기업,직원수,아모레퍼시픽|별도,4726,명,DART OpenAPI,2026-09-30
2025Q3,기업,매출액,아모레퍼시픽|연결,1016903549806,원,DART OpenAPI,2026-09-30
2025Q3,기업,매출총이익,아모레퍼시픽|연결,730252412975,원,DART OpenAPI,2026-09-30
2025Q3,기업,판관비,아모레퍼시픽|연결,638365886012,원,DART OpenAPI,2026-09-30
2025Q3,기업,영업이익,아모레퍼시픽|연결,91886526963,원,DART OpenAPI,2026-09-30
2025Q3,기업,당기순이익,아모레퍼시픽|연결,68238567058,원,DART OpenAPI,2026-09-30
2025Q3,기업,지배주주순이익,아모레퍼시픽|연결,66005305415,원,DART OpenAPI,2026-09-30
2025Q3,기업,재고자산,아모레퍼시픽|연결,482145069745,원,DART OpenAPI,2026-09-30
2025Q3,기업,매출채권,아모레퍼시픽|연결,362895054832,원,DART OpenAPI,2026-09-30
2025Q3,기업,계약부채,아모레퍼시픽|연결,42220243119,원,DART OpenAPI,2026-09-30
2025Q3,기업,매출액,아모레퍼시픽|별도,638167022482,원,DART OpenAPI,2026-09-30
2025Q3,기업,매출총이익,아모레퍼시픽|별도,434366548444,원,DART OpenAPI,2026-09-30
2025Q3,기업,판관비,아모레퍼시픽|별도,362949652718,원,DART OpenAPI,2026-09-30
2025Q3,기업,영업이익,아모레퍼시픽|별도,71416895726,원,DART OpenAPI,2026-09-30
2025Q3,기업,당기순이익,아모레퍼시픽|별도,197682756636,원,DART OpenAPI,2026-09-30
2025Q3,기업,재고자산,아모레퍼시픽|별도,251450369726,원,DART OpenAPI,2026-09-30
2025Q3,기업,매출채권,아모레퍼시픽|별도,335264897730,원,DART OpenAPI,2026-09-30
2025Q3,기업,계약부채,아모레퍼시픽|별도,10095750418,원,DART OpenAPI,2026-09-30
2025Q3,기업,직원수,아모레퍼시픽|별도,4739,명,DART OpenAPI,2026-09-30
2025FY,기업,매출액,아모레퍼시픽|연결,4252820221496,원,DART OpenAPI,2026-09-30
2025FY,기업,매출총이익,아모레퍼시픽|연결,3076071095519,원,DART OpenAPI,2026-09-30
2025FY,기업,판관비,아모레퍼시픽|연결,2740244548456,원,DART OpenAPI,2026-09-30
2025FY,기업,영업이익,아모레퍼시픽|연결,335826547063,원,DART OpenAPI,2026-09-30
2025FY,기업,당기순이익,아모레퍼시픽|연결,247316269750,원,DART OpenAPI,2026-09-30
2025FY,기업,지배주주순이익,아모레퍼시픽|연결,235682371206,원,DART OpenAPI,2026-09-30
2025Q4,기업,재고자산,아모레퍼시픽|연결,480094622293,원,DART OpenAPI,2026-09-30
2025Q4,기업,매출채권,아모레퍼시픽|연결,358014052295,원,DART OpenAPI,2026-09-30
2025Q4,기업,계약부채,아모레퍼시픽|연결,40829785971,원,DART OpenAPI,2026-09-30
2025FY,기업,매출액,아모레퍼시픽|별도,2653725793231,원,DART OpenAPI,2026-09-30
2025FY,기업,매출총이익,아모레퍼시픽|별도,1802767868678,원,DART OpenAPI,2026-09-30
2025FY,기업,판관비,아모레퍼시픽|별도,1590253014000,원,DART OpenAPI,2026-09-30
2025FY,기업,영업이익,아모레퍼시픽|별도,212514854678,원,DART OpenAPI,2026-09-30
2025FY,기업,당기순이익,아모레퍼시픽|별도,317919948926,원,DART OpenAPI,2026-09-30
2025Q4,기업,재고자산,아모레퍼시픽|별도,244049985141,원,DART OpenAPI,2026-09-30
2025Q4,기업,매출채권,아모레퍼시픽|별도,314541910332,원,DART OpenAPI,2026-09-30
2025Q4,기업,계약부채,아모레퍼시픽|별도,8198937775,원,DART OpenAPI,2026-09-30
2025Q4,기업,직원수,아모레퍼시픽|별도,4748,명,DART OpenAPI,2026-09-30
2026Q1,기업,매출액,아모레퍼시픽|연결,1135756247274,원,DART OpenAPI,2026-09-30
2026Q1,기업,매출총이익,아모레퍼시픽|연결,829678498817,원,DART OpenAPI,2026-09-30
2026Q1,기업,판관비,아모레퍼시픽|연결,702972914410,원,DART OpenAPI,2026-09-30
2026Q1,기업,영업이익,아모레퍼시픽|연결,126705584407,원,DART OpenAPI,2026-09-30
2026Q1,기업,당기순이익,아모레퍼시픽|연결,112997747830,원,DART OpenAPI,2026-09-30
2026Q1,기업,지배주주순이익,아모레퍼시픽|연결,108541549977,원,DART OpenAPI,2026-09-30
2026Q1,기업,재고자산,아모레퍼시픽|연결,496705966031,원,DART OpenAPI,2026-09-30
2026Q1,기업,매출채권,아모레퍼시픽|연결,368587691429,원,DART OpenAPI,2026-09-30
2026Q1,기업,계약부채,아모레퍼시픽|연결,44101873982,원,DART OpenAPI,2026-09-30
2026Q1,기업,매출액,아모레퍼시픽|별도,690668419197,원,DART OpenAPI,2026-09-30
2026Q1,기업,매출총이익,아모레퍼시픽|별도,478790227132,원,DART OpenAPI,2026-09-30
2026Q1,기업,판관비,아모레퍼시픽|별도,405939610655,원,DART OpenAPI,2026-09-30
2026Q1,기업,영업이익,아모레퍼시픽|별도,72850616477,원,DART OpenAPI,2026-09-30
2026Q1,기업,당기순이익,아모레퍼시픽|별도,105462505086,원,DART OpenAPI,2026-09-30
2026Q1,기업,재고자산,아모레퍼시픽|별도,237072081676,원,DART OpenAPI,2026-09-30
2026Q1,기업,매출채권,아모레퍼시픽|별도,320025371326,원,DART OpenAPI,2026-09-30
2026Q1,기업,계약부채,아모레퍼시픽|별도,8582689561,원,DART OpenAPI,2026-09-30
2026Q2,기업,매출액,아모레퍼시픽|연결,1175899264082,원,DART OpenAPI,2026-09-30
2026Q2,기업,매출총이익,아모레퍼시픽|연결,871582756950,원,DART OpenAPI,2026-09-30
2026Q2,기업,판관비,아모레퍼시픽|연결,754244555866,원,DART OpenAPI,2026-09-30
2026Q2,기업,영업이익,아모레퍼시픽|연결,117338201084,원,DART OpenAPI,2026-09-30
2026Q2,기업,당기순이익,아모레퍼시픽|연결,93363202728,원,DART OpenAPI,2026-09-30
2026Q2,기업,지배주주순이익,아모레퍼시픽|연결,88328131959,원,DART OpenAPI,2026-09-30
2026Q2,기업,재고자산,아모레퍼시픽|연결,510090444802,원,DART OpenAPI,2026-09-30
2026Q2,기업,매출채권,아모레퍼시픽|연결,379331513804,원,DART OpenAPI,2026-09-30
2026Q2,기업,계약부채,아모레퍼시픽|연결,42546688442,원,DART OpenAPI,2026-09-30
2026Q2,기업,매출액,아모레퍼시픽|별도,682083531790,원,DART OpenAPI,2026-09-30
2026Q2,기업,매출총이익,아모레퍼시픽|별도,459524680207,원,DART OpenAPI,2026-09-30
2026Q2,기업,판관비,아모레퍼시픽|별도,410459914194,원,DART OpenAPI,2026-09-30
2026Q2,기업,영업이익,아모레퍼시픽|별도,49064766013,원,DART OpenAPI,2026-09-30
2026Q2,기업,당기순이익,아모레퍼시픽|별도,43234199388,원,DART OpenAPI,2026-09-30
2026Q2,기업,재고자산,아모레퍼시픽|별도,261229278882,원,DART OpenAPI,2026-09-30
2026Q2,기업,매출채권,아모레퍼시픽|별도,268763216638,원,DART OpenAPI,2026-09-30
2026Q2,기업,계약부채,아모레퍼시픽|별도,9026222273,원,DART OpenAPI,2026-09-30
2026Q2,기업,직원수,아모레퍼시픽|별도,4607,명,DART OpenAPI,2026-09-30
2020Q1,기업,매출액,LG생활건강|연결,1896362101237,원,DART OpenAPI,2026-09-30
2020Q1,기업,매출총이익,LG생활건강|연결,1170839968479,원,DART OpenAPI,2026-09-30
2020Q1,기업,판관비,LG생활건강|연결,837142960768,원,DART OpenAPI,2026-09-30
2020Q1,기업,영업이익,LG생활건강|연결,333697007711,원,DART OpenAPI,2026-09-30
2020Q1,기업,당기순이익,LG생활건강|연결,234218085283,원,DART OpenAPI,2026-09-30
2020Q1,기업,지배주주순이익,LG생활건강|연결,230619431983,원,DART OpenAPI,2026-09-30
2020Q1,기업,재고자산,LG생활건강|연결,801923696277,원,DART OpenAPI,2026-09-30
2020Q1,기업,매출채권,LG생활건강|연결,629895936701,원,DART OpenAPI,2026-09-30
2020Q1,기업,매출액,LG생활건강|별도,1149146607945,원,DART OpenAPI,2026-09-30
2020Q1,기업,매출총이익,LG생활건강|별도,697653889827,원,DART OpenAPI,2026-09-30
2020Q1,기업,판관비,LG생활건강|별도,435877577272,원,DART OpenAPI,2026-09-30
2020Q1,기업,영업이익,LG생활건강|별도,261776312555,원,DART OpenAPI,2026-09-30
2020Q1,기업,당기순이익,LG생활건강|별도,204492729247,원,DART OpenAPI,2026-09-30
2020Q1,기업,재고자산,LG생활건강|별도,338647979731,원,DART OpenAPI,2026-09-30
2020Q1,기업,매출채권,LG생활건강|별도,438891153008,원,DART OpenAPI,2026-09-30
2020Q1,기업,직원수,LG생활건강|별도,4546,명,DART OpenAPI,2026-09-30
2020Q2,기업,매출액,LG생활건강|연결,1783158799542,원,DART OpenAPI,2026-09-30
2020Q2,기업,매출총이익,LG생활건강|연결,1093185242979,원,DART OpenAPI,2026-09-30
2020Q2,기업,판관비,LG생활건강|연결,789902777583,원,DART OpenAPI,2026-09-30
2020Q2,기업,영업이익,LG생활건강|연결,303282465396,원,DART OpenAPI,2026-09-30
2020Q2,기업,당기순이익,LG생활건강|연결,204578102168,원,DART OpenAPI,2026-09-30
2020Q2,기업,지배주주순이익,LG생활건강|연결,199891641450,원,DART OpenAPI,2026-09-30
2020Q2,기업,재고자산,LG생활건강|연결,878371812221,원,DART OpenAPI,2026-09-30
2020Q2,기업,매출채권,LG생활건강|연결,622662739660,원,DART OpenAPI,2026-09-30
2020Q2,기업,매출액,LG생활건강|별도,945519482037,원,DART OpenAPI,2026-09-30
2020Q2,기업,매출총이익,LG생활건강|별도,532486890497,원,DART OpenAPI,2026-09-30
2020Q2,기업,판관비,LG생활건강|별도,365207066821,원,DART OpenAPI,2026-09-30
2020Q2,기업,영업이익,LG생활건강|별도,167279823676,원,DART OpenAPI,2026-09-30
2020Q2,기업,당기순이익,LG생활건강|별도,217202673688,원,DART OpenAPI,2026-09-30
2020Q2,기업,재고자산,LG생활건강|별도,374676341764,원,DART OpenAPI,2026-09-30
2020Q2,기업,매출채권,LG생활건강|별도,428373010071,원,DART OpenAPI,2026-09-30
2020Q2,기업,직원수,LG생활건강|별도,4534,명,DART OpenAPI,2026-09-30
2020Q3,기업,매출액,LG생활건강|연결,2070568751390,원,DART OpenAPI,2026-09-30
2020Q3,기업,매출총이익,LG생활건강|연결,1285752355031,원,DART OpenAPI,2026-09-30
2020Q3,기업,판관비,LG생활건강|연결,958135349470,원,DART OpenAPI,2026-09-30
2020Q3,기업,영업이익,LG생활건강|연결,327617005561,원,DART OpenAPI,2026-09-30
2020Q3,기업,당기순이익,LG생활건강|연결,231690467652,원,DART OpenAPI,2026-09-30
2020Q3,기업,지배주주순이익,LG생활건강|연결,227194941578,원,DART OpenAPI,2026-09-30
2020Q3,기업,재고자산,LG생활건강|연결,839842735159,원,DART OpenAPI,2026-09-30
2020Q3,기업,매출채권,LG생활건강|연결,747873878812,원,DART OpenAPI,2026-09-30
2020Q3,기업,매출액,LG생활건강|별도,1227658605091,원,DART OpenAPI,2026-09-30
2020Q3,기업,매출총이익,LG생활건강|별도,752585442270,원,DART OpenAPI,2026-09-30
2020Q3,기업,판관비,LG생활건강|별도,533923196125,원,DART OpenAPI,2026-09-30
2020Q3,기업,영업이익,LG생활건강|별도,218662246145,원,DART OpenAPI,2026-09-30
2020Q3,기업,당기순이익,LG생활건강|별도,155240164860,원,DART OpenAPI,2026-09-30
2020Q3,기업,재고자산,LG생활건강|별도,322607303865,원,DART OpenAPI,2026-09-30
2020Q3,기업,매출채권,LG생활건강|별도,546700996387,원,DART OpenAPI,2026-09-30
2020Q3,기업,직원수,LG생활건강|별도,4491,명,DART OpenAPI,2026-09-30
2020FY,기업,매출액,LG생활건강|연결,7844506057131,원,DART OpenAPI,2026-09-30
2020FY,기업,매출총이익,LG생활건강|연결,4881575503573,원,DART OpenAPI,2026-09-30
2020FY,기업,판관비,LG생활건강|연결,3660710772262,원,DART OpenAPI,2026-09-30
2020FY,기업,영업이익,LG생활건강|연결,1220864731311,원,DART OpenAPI,2026-09-30
2020FY,기업,당기순이익,LG생활건강|연결,813101140024,원,DART OpenAPI,2026-09-30
2020FY,기업,지배주주순이익,LG생활건강|연결,797628672879,원,DART OpenAPI,2026-09-30
2020Q4,기업,재고자산,LG생활건강|연결,808965987719,원,DART OpenAPI,2026-09-30
2020Q4,기업,매출채권,LG생활건강|연결,585564696288,원,DART OpenAPI,2026-09-30
2020FY,기업,매출액,LG생활건강|별도,4418256992442,원,DART OpenAPI,2026-09-30
2020FY,기업,매출총이익,LG생활건강|별도,2672762867236,원,DART OpenAPI,2026-09-30
2020FY,기업,판관비,LG생활건강|별도,1887153592395,원,DART OpenAPI,2026-09-30
2020FY,기업,영업이익,LG생활건강|별도,785609274841,원,DART OpenAPI,2026-09-30
2020FY,기업,당기순이익,LG생활건강|별도,618438771442,원,DART OpenAPI,2026-09-30
2020Q4,기업,재고자산,LG생활건강|별도,401986201886,원,DART OpenAPI,2026-09-30
2020Q4,기업,매출채권,LG생활건강|별도,334884530544,원,DART OpenAPI,2026-09-30
2020Q4,기업,직원수,LG생활건강|별도,4638,명,DART OpenAPI,2026-09-30
2021Q1,기업,매출액,LG생활건강|연결,2036668561220,원,DART OpenAPI,2026-09-30
2021Q1,기업,매출총이익,LG생활건강|연결,1297584062656,원,DART OpenAPI,2026-09-30
2021Q1,기업,판관비,LG생활건강|연결,927011181981,원,DART OpenAPI,2026-09-30
2021Q1,기업,영업이익,LG생활건강|연결,370572880675,원,DART OpenAPI,2026-09-30
2021Q1,기업,당기순이익,LG생활건강|연결,258820468071,원,DART OpenAPI,2026-09-30
2021Q1,기업,지배주주순이익,LG생활건강|연결,254958229551,원,DART OpenAPI,2026-09-30
2021Q1,기업,재고자산,LG생활건강|연결,834501761760,원,DART OpenAPI,2026-09-30
2021Q1,기업,매출채권,LG생활건강|연결,712297301796,원,DART OpenAPI,2026-09-30
2021Q1,기업,매출액,LG생활건강|별도,1298992865573,원,DART OpenAPI,2026-09-30
2021Q1,기업,매출총이익,LG생활건강|별도,815022098682,원,DART OpenAPI,2026-09-30
2021Q1,기업,판관비,LG생활건강|별도,540209486457,원,DART OpenAPI,2026-09-30
2021Q1,기업,영업이익,LG생활건강|별도,274812612225,원,DART OpenAPI,2026-09-30
2021Q1,기업,당기순이익,LG생활건강|별도,199076116850,원,DART OpenAPI,2026-09-30
2021Q1,기업,재고자산,LG생활건강|별도,383078410615,원,DART OpenAPI,2026-09-30
2021Q1,기업,매출채권,LG생활건강|별도,495684442042,원,DART OpenAPI,2026-09-30
2021Q1,기업,직원수,LG생활건강|별도,4525,명,DART OpenAPI,2026-09-30
2021Q2,기업,매출액,LG생활건강|연결,2021420940050,원,DART OpenAPI,2026-09-30
2021Q2,기업,매출총이익,LG생활건강|연결,1284048612761,원,DART OpenAPI,2026-09-30
2021Q2,기업,판관비,LG생활건강|연결,948278519730,원,DART OpenAPI,2026-09-30
2021Q2,기업,영업이익,LG생활건강|연결,335770093031,원,DART OpenAPI,2026-09-30
2021Q2,기업,당기순이익,LG생활건강|연결,226350644212,원,DART OpenAPI,2026-09-30
2021Q2,기업,지배주주순이익,LG생활건강|연결,221801019607,원,DART OpenAPI,2026-09-30
2021Q2,기업,재고자산,LG생활건강|연결,923192197929,원,DART OpenAPI,2026-09-30
2021Q2,기업,매출채권,LG생활건강|연결,654610153320,원,DART OpenAPI,2026-09-30
2021Q2,기업,매출액,LG생활건강|별도,1241360690295,원,DART OpenAPI,2026-09-30
2021Q2,기업,매출총이익,LG생활건강|별도,778523381565,원,DART OpenAPI,2026-09-30
2021Q2,기업,판관비,LG생활건강|별도,535228720451,원,DART OpenAPI,2026-09-30
2021Q2,기업,영업이익,LG생활건강|별도,243294661114,원,DART OpenAPI,2026-09-30
2021Q2,기업,당기순이익,LG생활건강|별도,168678897403,원,DART OpenAPI,2026-09-30
2021Q2,기업,재고자산,LG생활건강|별도,422247518279,원,DART OpenAPI,2026-09-30
2021Q2,기업,매출채권,LG생활건강|별도,460795899666,원,DART OpenAPI,2026-09-30
2021Q2,기업,직원수,LG생활건강|별도,4489,명,DART OpenAPI,2026-09-30
2021Q3,기업,매출액,LG생활건강|연결,2010336477334,원,DART OpenAPI,2026-09-30
2021Q3,기업,매출총이익,LG생활건강|연결,1259846940455,원,DART OpenAPI,2026-09-30
2021Q3,기업,판관비,LG생활건강|연결,917593338911,원,DART OpenAPI,2026-09-30
2021Q3,기업,영업이익,LG생활건강|연결,342253601544,원,DART OpenAPI,2026-09-30
2021Q3,기업,당기순이익,LG생활건강|연결,239545561805,원,DART OpenAPI,2026-09-30
2021Q3,기업,지배주주순이익,LG생활건강|연결,234711491341,원,DART OpenAPI,2026-09-30
2021Q3,기업,재고자산,LG생활건강|연결,1012724879328,원,DART OpenAPI,2026-09-30
2021Q3,기업,매출채권,LG생활건강|연결,777280787679,원,DART OpenAPI,2026-09-30
2021Q3,기업,매출액,LG생활건강|별도,1359088574402,원,DART OpenAPI,2026-09-30
2021Q3,기업,매출총이익,LG생활건강|별도,848745449892,원,DART OpenAPI,2026-09-30
2021Q3,기업,판관비,LG생활건강|별도,529307140461,원,DART OpenAPI,2026-09-30
2021Q3,기업,영업이익,LG생활건강|별도,319438309431,원,DART OpenAPI,2026-09-30
2021Q3,기업,당기순이익,LG생활건강|별도,228456214748,원,DART OpenAPI,2026-09-30
2021Q3,기업,재고자산,LG생활건강|별도,387058097274,원,DART OpenAPI,2026-09-30
2021Q3,기업,매출채권,LG생활건강|별도,758075873557,원,DART OpenAPI,2026-09-30
2021Q3,기업,직원수,LG생활건강|별도,4455,명,DART OpenAPI,2026-09-30
2021FY,기업,매출액,LG생활건강|연결,8091511297961,원,DART OpenAPI,2026-09-30
2021FY,기업,매출총이익,LG생활건강|연결,5051627742921,원,DART OpenAPI,2026-09-30
2021FY,기업,판관비,LG생활건강|연결,3761997319316,원,DART OpenAPI,2026-09-30
2021FY,기업,영업이익,LG생활건강|연결,1289630423605,원,DART OpenAPI,2026-09-30
2021FY,기업,당기순이익,LG생활건강|연결,861127851880,원,DART OpenAPI,2026-09-30
2021FY,기업,지배주주순이익,LG생활건강|연결,844523495741,원,DART OpenAPI,2026-09-30
2021Q4,기업,재고자산,LG생활건강|연결,1000655942465,원,DART OpenAPI,2026-09-30
2021Q4,기업,매출채권,LG생활건강|연결,554857050527,원,DART OpenAPI,2026-09-30
2021FY,기업,매출액,LG생활건강|별도,4956147582105,원,DART OpenAPI,2026-09-30
2021FY,기업,매출총이익,LG생활건강|별도,3064940245471,원,DART OpenAPI,2026-09-30
2021FY,기업,판관비,LG생활건강|별도,2084895988186,원,DART OpenAPI,2026-09-30
2021FY,기업,영업이익,LG생활건강|별도,980044257285,원,DART OpenAPI,2026-09-30
2021FY,기업,당기순이익,LG생활건강|별도,607236085784,원,DART OpenAPI,2026-09-30
2021Q4,기업,재고자산,LG생활건강|별도,424544017150,원,DART OpenAPI,2026-09-30
2021Q4,기업,매출채권,LG생활건강|별도,410374415779,원,DART OpenAPI,2026-09-30
2021Q4,기업,직원수,LG생활건강|별도,4469,명,DART OpenAPI,2026-09-30
2022Q1,기업,매출액,LG생활건강|연결,1644975411116,원,DART OpenAPI,2026-09-30
2022Q1,기업,매출총이익,LG생활건강|연결,909600583205,원,DART OpenAPI,2026-09-30
2022Q1,기업,판관비,LG생활건강|연결,734026332440,원,DART OpenAPI,2026-09-30
2022Q1,기업,영업이익,LG생활건강|연결,175574250765,원,DART OpenAPI,2026-09-30
2022Q1,기업,당기순이익,LG생활건강|연결,113751662954,원,DART OpenAPI,2026-09-30
2022Q1,기업,지배주주순이익,LG생활건강|연결,109561975968,원,DART OpenAPI,2026-09-30
2022Q1,기업,재고자산,LG생활건강|연결,1041857686770,원,DART OpenAPI,2026-09-30
2022Q1,기업,매출채권,LG생활건강|연결,603452617908,원,DART OpenAPI,2026-09-30
2022Q1,기업,매출액,LG생활건강|별도,903354204929,원,DART OpenAPI,2026-09-30
2022Q1,기업,매출총이익,LG생활건강|별도,476330546893,원,DART OpenAPI,2026-09-30
2022Q1,기업,판관비,LG생활건강|별도,363826513985,원,DART OpenAPI,2026-09-30
2022Q1,기업,영업이익,LG생활건강|별도,112504032908,원,DART OpenAPI,2026-09-30
2022Q1,기업,당기순이익,LG생활건강|별도,83692766866,원,DART OpenAPI,2026-09-30
2022Q1,기업,재고자산,LG생활건강|별도,421774124243,원,DART OpenAPI,2026-09-30
2022Q1,기업,매출채권,LG생활건강|별도,428967060132,원,DART OpenAPI,2026-09-30
2022Q2,기업,매출액,LG생활건강|연결,1862677109713,원,DART OpenAPI,2026-09-30
2022Q2,기업,매출총이익,LG생활건강|연결,1061379862084,원,DART OpenAPI,2026-09-30
2022Q2,기업,판관비,LG생활건강|연결,844794810554,원,DART OpenAPI,2026-09-30
2022Q2,기업,영업이익,LG생활건강|연결,216585051530,원,DART OpenAPI,2026-09-30
2022Q2,기업,당기순이익,LG생활건강|연결,125999185133,원,DART OpenAPI,2026-09-30
2022Q2,기업,지배주주순이익,LG생활건강|연결,119358919025,원,DART OpenAPI,2026-09-30
2022Q2,기업,재고자산,LG생활건강|연결,1048586608648,원,DART OpenAPI,2026-09-30
2022Q2,기업,매출채권,LG생활건강|연결,635888542943,원,DART OpenAPI,2026-09-30
2022Q2,기업,매출액,LG생활건강|별도,1023347884034,원,DART OpenAPI,2026-09-30
2022Q2,기업,매출총이익,LG생활건강|별도,592836126674,원,DART OpenAPI,2026-09-30
2022Q2,기업,판관비,LG생활건강|별도,456736924206,원,DART OpenAPI,2026-09-30
2022Q2,기업,영업이익,LG생활건강|별도,136099202468,원,DART OpenAPI,2026-09-30
2022Q2,기업,당기순이익,LG생활건강|별도,78087454045,원,DART OpenAPI,2026-09-30
2022Q2,기업,재고자산,LG생활건강|별도,423467910174,원,DART OpenAPI,2026-09-30
2022Q2,기업,매출채권,LG생활건강|별도,385032669552,원,DART OpenAPI,2026-09-30
2022Q2,기업,직원수,LG생활건강|별도,4396,명,DART OpenAPI,2026-09-30
2022Q3,기업,매출액,LG생활건강|연결,1870345502917,원,DART OpenAPI,2026-09-30
2022Q3,기업,매출총이익,LG생활건강|연결,1041347620011,원,DART OpenAPI,2026-09-30
2022Q3,기업,판관비,LG생활건강|연결,851284396865,원,DART OpenAPI,2026-09-30
2022Q3,기업,영업이익,LG생활건강|연결,190063223146,원,DART OpenAPI,2026-09-30
2022Q3,기업,당기순이익,LG생활건강|연결,127383106685,원,DART OpenAPI,2026-09-30
2022Q3,기업,지배주주순이익,LG생활건강|연결,120498130831,원,DART OpenAPI,2026-09-30
2022Q3,기업,재고자산,LG생활건강|연결,1064765320403,원,DART OpenAPI,2026-09-30
2022Q3,기업,매출채권,LG생활건강|연결,703725714531,원,DART OpenAPI,2026-09-30
2022Q3,기업,매출액,LG생활건강|별도,994893452549,원,DART OpenAPI,2026-09-30
2022Q3,기업,매출총이익,LG생활건강|별도,570457555021,원,DART OpenAPI,2026-09-30
2022Q3,기업,판관비,LG생활건강|별도,452729005561,원,DART OpenAPI,2026-09-30
2022Q3,기업,영업이익,LG생활건강|별도,117728549460,원,DART OpenAPI,2026-09-30
2022Q3,기업,당기순이익,LG생활건강|별도,83678950411,원,DART OpenAPI,2026-09-30
2022Q3,기업,재고자산,LG생활건강|별도,417002452808,원,DART OpenAPI,2026-09-30
2022Q3,기업,매출채권,LG생활건강|별도,426977815460,원,DART OpenAPI,2026-09-30
2022FY,기업,매출액,LG생활건강|연결,7185759184335,원,DART OpenAPI,2026-09-30
2022FY,기업,매출총이익,LG생활건강|연결,4017247091570,원,DART OpenAPI,2026-09-30
2022FY,기업,판관비,LG생활건강|연결,3306124157201,원,DART OpenAPI,2026-09-30
2022FY,기업,영업이익,LG생활건강|연결,711122934369,원,DART OpenAPI,2026-09-30
2022FY,기업,당기순이익,LG생활건강|연결,258340046881,원,DART OpenAPI,2026-09-30
2022FY,기업,지배주주순이익,LG생활건강|연결,236572425808,원,DART OpenAPI,2026-09-30
2022Q4,기업,재고자산,LG생활건강|연결,955432614662,원,DART OpenAPI,2026-09-30
2022Q4,기업,매출채권,LG생활건강|연결,550861505948,원,DART OpenAPI,2026-09-30
2022FY,기업,매출액,LG생활건강|별도,3783321412082,원,DART OpenAPI,2026-09-30
2022FY,기업,매출총이익,LG생활건강|별도,2112017638867,원,DART OpenAPI,2026-09-30
2022FY,기업,판관비,LG생활건강|별도,1683740772644,원,DART OpenAPI,2026-09-30
2022FY,기업,영업이익,LG생활건강|별도,428276866223,원,DART OpenAPI,2026-09-30
2022FY,기업,당기순이익,LG생활건강|별도,76950845421,원,DART OpenAPI,2026-09-30
2022Q4,기업,재고자산,LG생활건강|별도,410317676785,원,DART OpenAPI,2026-09-30
2022Q4,기업,매출채권,LG생활건강|별도,265397025941,원,DART OpenAPI,2026-09-30
2022Q4,기업,직원수,LG생활건강|별도,4469,명,DART OpenAPI,2026-09-30
2023Q1,기업,매출액,LG생활건강|연결,1683723394359,원,DART OpenAPI,2026-09-30
2023Q1,기업,매출총이익,LG생활건강|연결,904791116480,원,DART OpenAPI,2026-09-30
2023Q1,기업,판관비,LG생활건강|연결,758872834611,원,DART OpenAPI,2026-09-30
2023Q1,기업,영업이익,LG생활건강|연결,145918281869,원,DART OpenAPI,2026-09-30
2023Q1,기업,당기순이익,LG생활건강|연결,96311612500,원,DART OpenAPI,2026-09-30
2023Q1,기업,지배주주순이익,LG생활건강|연결,91396864629,원,DART OpenAPI,2026-09-30
2023Q1,기업,재고자산,LG생활건강|연결,947316285328,원,DART OpenAPI,2026-09-30
2023Q1,기업,매출채권,LG생활건강|연결,604386319493,원,DART OpenAPI,2026-09-30
2023Q1,기업,매출액,LG생활건강|별도,881761108568,원,DART OpenAPI,2026-09-30
2023Q1,기업,매출총이익,LG생활건강|별도,456189413967,원,DART OpenAPI,2026-09-30
2023Q1,기업,판관비,LG생활건강|별도,396756400086,원,DART OpenAPI,2026-09-30
2023Q1,기업,영업이익,LG생활건강|별도,59433013881,원,DART OpenAPI,2026-09-30
2023Q1,기업,당기순이익,LG생활건강|별도,348628979784,원,DART OpenAPI,2026-09-30
2023Q1,기업,재고자산,LG생활건강|별도,382178168086,원,DART OpenAPI,2026-09-30
2023Q1,기업,매출채권,LG생활건강|별도,331906198523,원,DART OpenAPI,2026-09-30
2023Q2,기업,매출액,LG생활건강|연결,1807719998272,원,DART OpenAPI,2026-09-30
2023Q2,기업,매출총이익,LG생활건강|연결,987861011713,원,DART OpenAPI,2026-09-30
2023Q2,기업,판관비,LG생활건강|연결,830011860542,원,DART OpenAPI,2026-09-30
2023Q2,기업,영업이익,LG생활건강|연결,157849151171,원,DART OpenAPI,2026-09-30
2023Q2,기업,당기순이익,LG생활건강|연결,96382385400,원,DART OpenAPI,2026-09-30
2023Q2,기업,지배주주순이익,LG생활건강|연결,89255515186,원,DART OpenAPI,2026-09-30
2023Q2,기업,재고자산,LG생활건강|연결,897770379298,원,DART OpenAPI,2026-09-30
2023Q2,기업,매출채권,LG생활건강|연결,616830273613,원,DART OpenAPI,2026-09-30
2023Q2,기업,매출액,LG생활건강|별도,925627329331,원,DART OpenAPI,2026-09-30
2023Q2,기업,매출총이익,LG생활건강|별도,506821379410,원,DART OpenAPI,2026-09-30
2023Q2,기업,판관비,LG생활건강|별도,435168989597,원,DART OpenAPI,2026-09-30
2023Q2,기업,영업이익,LG생활건강|별도,71652389813,원,DART OpenAPI,2026-09-30
2023Q2,기업,당기순이익,LG생활건강|별도,53913710687,원,DART OpenAPI,2026-09-30
2023Q2,기업,재고자산,LG생활건강|별도,394845972743,원,DART OpenAPI,2026-09-30
2023Q2,기업,매출채권,LG생활건강|별도,350069932900,원,DART OpenAPI,2026-09-30
2023Q2,기업,직원수,LG생활건강|별도,4461,명,DART OpenAPI,2026-09-30
2023Q3,기업,매출액,LG생활건강|연결,1746181026542,원,DART OpenAPI,2026-09-30
2023Q3,기업,매출총이익,LG생활건강|연결,922314836740,원,DART OpenAPI,2026-09-30
2023Q3,기업,판관비,LG생활건강|연결,793816876538,원,DART OpenAPI,2026-09-30
2023Q3,기업,영업이익,LG생활건강|연결,128497960202,원,DART OpenAPI,2026-09-30
2023Q3,기업,당기순이익,LG생활건강|연결,91273728660,원,DART OpenAPI,2026-09-30
2023Q3,기업,지배주주순이익,LG생활건강|연결,84205883892,원,DART OpenAPI,2026-09-30
2023Q3,기업,재고자산,LG생활건강|연결,882194798234,원,DART OpenAPI,2026-09-30
2023Q3,기업,매출채권,LG생활건강|연결,695127475757,원,DART OpenAPI,2026-09-30
2023Q3,기업,매출액,LG생활건강|별도,949332725290,원,DART OpenAPI,2026-09-30
2023Q3,기업,매출총이익,LG생활건강|별도,495130533861,원,DART OpenAPI,2026-09-30
2023Q3,기업,판관비,LG생활건강|별도,417015884302,원,DART OpenAPI,2026-09-30
2023Q3,기업,영업이익,LG생활건강|별도,78114649559,원,DART OpenAPI,2026-09-30
2023Q3,기업,당기순이익,LG생활건강|별도,62326512716,원,DART OpenAPI,2026-09-30
2023Q3,기업,재고자산,LG생활건강|별도,379617161975,원,DART OpenAPI,2026-09-30
2023Q3,기업,매출채권,LG생활건강|별도,436874820317,원,DART OpenAPI,2026-09-30
2023FY,기업,매출액,LG생활건강|연결,6804839370129,원,DART OpenAPI,2026-09-30
2023FY,기업,매출총이익,LG생활건강|연결,3626918288484,원,DART OpenAPI,2026-09-30
2023FY,기업,판관비,LG생활건강|연결,3139937063742,원,DART OpenAPI,2026-09-30
2023FY,기업,영업이익,LG생활건강|연결,486981224742,원,DART OpenAPI,2026-09-30
2023FY,기업,당기순이익,LG생활건강|연결,163524219980,원,DART OpenAPI,2026-09-30
2023FY,기업,지배주주순이익,LG생활건강|연결,142755479356,원,DART OpenAPI,2026-09-30
2023Q4,기업,재고자산,LG생활건강|연결,884515142151,원,DART OpenAPI,2026-09-30
2023Q4,기업,매출채권,LG생활건강|연결,529076344154,원,DART OpenAPI,2026-09-30
2023FY,기업,매출액,LG생활건강|별도,3500213662373,원,DART OpenAPI,2026-09-30
2023FY,기업,매출총이익,LG생활건강|별도,1786820541511,원,DART OpenAPI,2026-09-30
2023FY,기업,판관비,LG생활건강|별도,1569703823342,원,DART OpenAPI,2026-09-30
2023FY,기업,영업이익,LG생활건강|별도,217116718169,원,DART OpenAPI,2026-09-30
2023FY,기업,당기순이익,LG생활건강|별도,389709307964,원,DART OpenAPI,2026-09-30
2023Q4,기업,재고자산,LG생활건강|별도,388781356625,원,DART OpenAPI,2026-09-30
2023Q4,기업,매출채권,LG생활건강|별도,291717185433,원,DART OpenAPI,2026-09-30
2023Q4,기업,직원수,LG생활건강|별도,4423,명,DART OpenAPI,2026-09-30
2024Q1,기업,매출액,LG생활건강|연결,1728701231113,원,DART OpenAPI,2026-09-30
2024Q1,기업,매출총이익,LG생활건강|연결,926860392334,원,DART OpenAPI,2026-09-30
2024Q1,기업,판관비,LG생활건강|연결,775826665736,원,DART OpenAPI,2026-09-30
2024Q1,기업,영업이익,LG생활건강|연결,151033726598,원,DART OpenAPI,2026-09-30
2024Q1,기업,당기순이익,LG생활건강|연결,113066978584,원,DART OpenAPI,2026-09-30
2024Q1,기업,지배주주순이익,LG생활건강|연결,106558024465,원,DART OpenAPI,2026-09-30
2024Q1,기업,재고자산,LG생활건강|연결,883640668570,원,DART OpenAPI,2026-09-30
2024Q1,기업,매출채권,LG생활건강|연결,644498444235,원,DART OpenAPI,2026-09-30
2024Q1,기업,매출액,LG생활건강|별도,909688467227,원,DART OpenAPI,2026-09-30
2024Q1,기업,매출총이익,LG생활건강|별도,460893247893,원,DART OpenAPI,2026-09-30
2024Q1,기업,판관비,LG생활건강|별도,400261067670,원,DART OpenAPI,2026-09-30
2024Q1,기업,영업이익,LG생활건강|별도,60632180223,원,DART OpenAPI,2026-09-30
2024Q1,기업,당기순이익,LG생활건강|별도,59201962197,원,DART OpenAPI,2026-09-30
2024Q1,기업,재고자산,LG생활건강|별도,385439332285,원,DART OpenAPI,2026-09-30
2024Q1,기업,매출채권,LG생활건강|별도,375075286257,원,DART OpenAPI,2026-09-30
2024Q2,기업,매출액,LG생활건강|연결,1759670347652,원,DART OpenAPI,2026-09-30
2024Q2,기업,매출총이익,LG생활건강|연결,942235666788,원,DART OpenAPI,2026-09-30
2024Q2,기업,판관비,LG생활건강|연결,783698602911,원,DART OpenAPI,2026-09-30
2024Q2,기업,영업이익,LG생활건강|연결,158537063877,원,DART OpenAPI,2026-09-30
2024Q2,기업,당기순이익,LG생활건강|연결,107204250563,원,DART OpenAPI,2026-09-30
2024Q2,기업,지배주주순이익,LG생활건강|연결,100374291546,원,DART OpenAPI,2026-09-30
2024Q2,기업,재고자산,LG생활건강|연결,921635681525,원,DART OpenAPI,2026-09-30
2024Q2,기업,매출채권,LG생활건강|연결,683006350260,원,DART OpenAPI,2026-09-30
2024Q2,기업,매출액,LG생활건강|별도,939855689084,원,DART OpenAPI,2026-09-30
2024Q2,기업,매출총이익,LG생활건강|별도,485201953693,원,DART OpenAPI,2026-09-30
2024Q2,기업,판관비,LG생활건강|별도,389354058706,원,DART OpenAPI,2026-09-30
2024Q2,기업,영업이익,LG생활건강|별도,95847894987,원,DART OpenAPI,2026-09-30
2024Q2,기업,당기순이익,LG생활건강|별도,70425099533,원,DART OpenAPI,2026-09-30
2024Q2,기업,재고자산,LG생활건강|별도,412028466698,원,DART OpenAPI,2026-09-30
2024Q2,기업,매출채권,LG생활건강|별도,411792527761,원,DART OpenAPI,2026-09-30
2024Q2,기업,직원수,LG생활건강|별도,4380,명,DART OpenAPI,2026-09-30
2024Q3,기업,매출액,LG생활건강|연결,1713627379529,원,DART OpenAPI,2026-09-30
2024Q3,기업,매출총이익,LG생활건강|연결,877058462527,원,DART OpenAPI,2026-09-30
2024Q3,기업,판관비,LG생활건강|연결,770979514847,원,DART OpenAPI,2026-09-30
2024Q3,기업,영업이익,LG생활건강|연결,106078947680,원,DART OpenAPI,2026-09-30
2024Q3,기업,당기순이익,LG생활건강|연결,73546776488,원,DART OpenAPI,2026-09-30
2024Q3,기업,지배주주순이익,LG생활건강|연결,67792750077,원,DART OpenAPI,2026-09-30
2024Q3,기업,재고자산,LG생활건강|연결,919728892541,원,DART OpenAPI,2026-09-30
2024Q3,기업,매출채권,LG생활건강|연결,723051126271,원,DART OpenAPI,2026-09-30
2024Q3,기업,매출액,LG생활건강|별도,945331432676,원,DART OpenAPI,2026-09-30
2024Q3,기업,매출총이익,LG생활건강|별도,470329388748,원,DART OpenAPI,2026-09-30
2024Q3,기업,판관비,LG생활건강|별도,391633062691,원,DART OpenAPI,2026-09-30
2024Q3,기업,영업이익,LG생활건강|별도,78696326057,원,DART OpenAPI,2026-09-30
2024Q3,기업,당기순이익,LG생활건강|별도,58831158828,원,DART OpenAPI,2026-09-30
2024Q3,기업,재고자산,LG생활건강|별도,376057636092,원,DART OpenAPI,2026-09-30
2024Q3,기업,매출채권,LG생활건강|별도,492393907449,원,DART OpenAPI,2026-09-30
2024FY,기업,매출액,LG생활건강|연결,6811918756741,원,DART OpenAPI,2026-09-30
2024FY,기업,매출총이익,LG생활건강|연결,3560832396845,원,DART OpenAPI,2026-09-30
2024FY,기업,판관비,LG생활건강|연결,3101786484665,원,DART OpenAPI,2026-09-30
2024FY,기업,영업이익,LG생활건강|연결,459045912180,원,DART OpenAPI,2026-09-30
2024FY,기업,당기순이익,LG생활건강|연결,203887730139,원,DART OpenAPI,2026-09-30
2024FY,기업,지배주주순이익,LG생활건강|연결,189134758428,원,DART OpenAPI,2026-09-30
2024Q4,기업,재고자산,LG생활건강|연결,922418157031,원,DART OpenAPI,2026-09-30
2024Q4,기업,매출채권,LG생활건강|연결,576205113721,원,DART OpenAPI,2026-09-30
2024FY,기업,매출액,LG생활건강|별도,3534849946196,원,DART OpenAPI,2026-09-30
2024FY,기업,매출총이익,LG생활건강|별도,1756216310112,원,DART OpenAPI,2026-09-30
2024FY,기업,판관비,LG생활건강|별도,1527333432198,원,DART OpenAPI,2026-09-30
2024FY,기업,영업이익,LG생활건강|별도,228882877914,원,DART OpenAPI,2026-09-30
2024FY,기업,당기순이익,LG생활건강|별도,98122856953,원,DART OpenAPI,2026-09-30
2024Q4,기업,재고자산,LG생활건강|별도,378648456653,원,DART OpenAPI,2026-09-30
2024Q4,기업,매출채권,LG생활건강|별도,325173071800,원,DART OpenAPI,2026-09-30
2024Q4,기업,직원수,LG생활건강|별도,4381,명,DART OpenAPI,2026-09-30
2025Q1,기업,매출액,LG생활건강|연결,1697877264205,원,DART OpenAPI,2026-09-30
2025Q1,기업,매출총이익,LG생활건강|연결,878178262775,원,DART OpenAPI,2026-09-30
2025Q1,기업,판관비,LG생활건강|연결,735808899898,원,DART OpenAPI,2026-09-30
2025Q1,기업,영업이익,LG생활건강|연결,142369362877,원,DART OpenAPI,2026-09-30
2025Q1,기업,당기순이익,LG생활건강|연결,103459072938,원,DART OpenAPI,2026-09-30
2025Q1,기업,지배주주순이익,LG생활건강|연결,98219239488,원,DART OpenAPI,2026-09-30
2025Q1,기업,재고자산,LG생활건강|연결,914031169066,원,DART OpenAPI,2026-09-30
2025Q1,기업,매출채권,LG생활건강|연결,666411915151,원,DART OpenAPI,2026-09-30
2025Q1,기업,매출액,LG생활건강|별도,892729393950,원,DART OpenAPI,2026-09-30
2025Q1,기업,매출총이익,LG생활건강|별도,435635062366,원,DART OpenAPI,2026-09-30
2025Q1,기업,판관비,LG생활건강|별도,362685472818,원,DART OpenAPI,2026-09-30
2025Q1,기업,영업이익,LG생활건강|별도,72949589548,원,DART OpenAPI,2026-09-30
2025Q1,기업,당기순이익,LG생활건강|별도,262287730123,원,DART OpenAPI,2026-09-30
2025Q1,기업,재고자산,LG생활건강|별도,387547730215,원,DART OpenAPI,2026-09-30
2025Q1,기업,매출채권,LG생활건강|별도,388104888820,원,DART OpenAPI,2026-09-30
2025Q2,기업,매출액,LG생활건강|연결,1604872243862,원,DART OpenAPI,2026-09-30
2025Q2,기업,매출총이익,LG생활건강|연결,805686192211,원,DART OpenAPI,2026-09-30
2025Q2,기업,판관비,LG생활건강|연결,750872154808,원,DART OpenAPI,2026-09-30
2025Q2,기업,영업이익,LG생활건강|연결,54814037403,원,DART OpenAPI,2026-09-30
2025Q2,기업,당기순이익,LG생활건강|연결,38563291892,원,DART OpenAPI,2026-09-30
2025Q2,기업,지배주주순이익,LG생활건강|연결,35147462714,원,DART OpenAPI,2026-09-30
2025Q2,기업,재고자산,LG생활건강|연결,931909203165,원,DART OpenAPI,2026-09-30
2025Q2,기업,매출채권,LG생활건강|연결,623786129471,원,DART OpenAPI,2026-09-30
2025Q2,기업,매출액,LG생활건강|별도,800702599659,원,DART OpenAPI,2026-09-30
2025Q2,기업,매출총이익,LG생활건강|별도,373137545130,원,DART OpenAPI,2026-09-30
2025Q2,기업,판관비,LG생활건강|별도,347535702867,원,DART OpenAPI,2026-09-30
2025Q2,기업,영업이익,LG생활건강|별도,25601842263,원,DART OpenAPI,2026-09-30
2025Q2,기업,당기순이익,LG생활건강|별도,21125887098,원,DART OpenAPI,2026-09-30
2025Q2,기업,재고자산,LG생활건강|별도,415402615709,원,DART OpenAPI,2026-09-30
2025Q2,기업,매출채권,LG생활건강|별도,362868508192,원,DART OpenAPI,2026-09-30
2025Q2,기업,직원수,LG생활건강|별도,4350,명,DART OpenAPI,2026-09-30
2025Q3,기업,매출액,LG생활건강|연결,1579950874205,원,DART OpenAPI,2026-09-30
2025Q3,기업,매출총이익,LG생활건강|연결,749557272828,원,DART OpenAPI,2026-09-30
2025Q3,기업,판관비,LG생활건강|연결,703362202303,원,DART OpenAPI,2026-09-30
2025Q3,기업,영업이익,LG생활건강|연결,46195070525,원,DART OpenAPI,2026-09-30
2025Q3,기업,당기순이익,LG생활건강|연결,23402548740,원,DART OpenAPI,2026-09-30
2025Q3,기업,지배주주순이익,LG생활건강|연결,18224596742,원,DART OpenAPI,2026-09-30
2025Q3,기업,재고자산,LG생활건강|연결,897015340394,원,DART OpenAPI,2026-09-30
2025Q3,기업,매출채권,LG생활건강|연결,701154127199,원,DART OpenAPI,2026-09-30
2025Q3,기업,매출액,LG생활건강|별도,721653955274,원,DART OpenAPI,2026-09-30
2025Q3,기업,매출총이익,LG생활건강|별도,287831357236,원,DART OpenAPI,2026-09-30
2025Q3,기업,판관비,LG생활건강|별도,307085349672,원,DART OpenAPI,2026-09-30
2025Q3,기업,영업이익,LG생활건강|별도,-19253992436,원,DART OpenAPI,2026-09-30
2025Q3,기업,당기순이익,LG생활건강|별도,-16768959952,원,DART OpenAPI,2026-09-30
2025Q3,기업,재고자산,LG생활건강|별도,383021286891,원,DART OpenAPI,2026-09-30
2025Q3,기업,매출채권,LG생활건강|별도,405080782621,원,DART OpenAPI,2026-09-30
2025FY,기업,매출액,LG생활건강|연결,6355489977342,원,DART OpenAPI,2026-09-30
2025FY,기업,매출총이익,LG생활건강|연결,3144595005638,원,DART OpenAPI,2026-09-30
2025FY,기업,판관비,LG생활건강|연결,2973906408709,원,DART OpenAPI,2026-09-30
2025FY,기업,영업이익,LG생활건강|연결,170688596929,원,DART OpenAPI,2026-09-30
2025FY,기업,당기순이익,LG생활건강|연결,-85778983809,원,DART OpenAPI,2026-09-30
2025FY,기업,지배주주순이익,LG생활건강|연결,-100095349667,원,DART OpenAPI,2026-09-30
2025Q4,기업,재고자산,LG생활건강|연결,832397070629,원,DART OpenAPI,2026-09-30
2025Q4,기업,매출채권,LG생활건강|연결,487543683002,원,DART OpenAPI,2026-09-30
2025FY,기업,매출액,LG생활건강|별도,3040730093373,원,DART OpenAPI,2026-09-30
2025FY,기업,매출총이익,LG생활건강|별도,1331662002580,원,DART OpenAPI,2026-09-30
2025FY,기업,판관비,LG생활건강|별도,1334798956554,원,DART OpenAPI,2026-09-30
2025FY,기업,영업이익,LG생활건강|별도,-3136953974,원,DART OpenAPI,2026-09-30
2025FY,기업,당기순이익,LG생활건강|별도,65663642562,원,DART OpenAPI,2026-09-30
2025Q4,기업,재고자산,LG생활건강|별도,355195162201,원,DART OpenAPI,2026-09-30
2025Q4,기업,매출채권,LG생활건강|별도,257761996877,원,DART OpenAPI,2026-09-30
2025Q4,기업,직원수,LG생활건강|별도,4013,명,DART OpenAPI,2026-09-30
2026Q1,기업,매출액,LG생활건강|연결,1576592750887,원,DART OpenAPI,2026-09-30
2026Q1,기업,매출총이익,LG생활건강|연결,813314731685,원,DART OpenAPI,2026-09-30
2026Q1,기업,판관비,LG생활건강|연결,705483589777,원,DART OpenAPI,2026-09-30
2026Q1,기업,영업이익,LG생활건강|연결,107831141908,원,DART OpenAPI,2026-09-30
2026Q1,기업,당기순이익,LG생활건강|연결,88748514992,원,DART OpenAPI,2026-09-30
2026Q1,기업,지배주주순이익,LG생활건강|연결,84087196308,원,DART OpenAPI,2026-09-30
2026Q1,기업,재고자산,LG생활건강|연결,834034891213,원,DART OpenAPI,2026-09-30
2026Q1,기업,매출채권,LG생활건강|연결,636788886029,원,DART OpenAPI,2026-09-30
2026Q1,기업,매출액,LG생활건강|별도,744536972232,원,DART OpenAPI,2026-09-30
2026Q1,기업,매출총이익,LG생활건강|별도,331907584732,원,DART OpenAPI,2026-09-30
2026Q1,기업,판관비,LG생활건강|별도,308564292448,원,DART OpenAPI,2026-09-30
2026Q1,기업,영업이익,LG생활건강|별도,23343292284,원,DART OpenAPI,2026-09-30
2026Q1,기업,당기순이익,LG생활건강|별도,123831792671,원,DART OpenAPI,2026-09-30
2026Q1,기업,재고자산,LG생활건강|별도,350869792954,원,DART OpenAPI,2026-09-30
2026Q1,기업,매출채권,LG생활건강|별도,333387657083,원,DART OpenAPI,2026-09-30
2026Q2,기업,매출액,LG생활건강|연결,1657417975831,원,DART OpenAPI,2026-09-30
2026Q2,기업,매출총이익,LG생활건강|연결,861679675670,원,DART OpenAPI,2026-09-30
2026Q2,기업,판관비,LG생활건강|연결,758897546934,원,DART OpenAPI,2026-09-30
2026Q2,기업,영업이익,LG생활건강|연결,102782128736,원,DART OpenAPI,2026-09-30
2026Q2,기업,당기순이익,LG생활건강|연결,77601645320,원,DART OpenAPI,2026-09-30
2026Q2,기업,지배주주순이익,LG생활건강|연결,73842418873,원,DART OpenAPI,2026-09-30
2026Q2,기업,재고자산,LG생활건강|연결,882661861675,원,DART OpenAPI,2026-09-30
2026Q2,기업,매출채권,LG생활건강|연결,655732075607,원,DART OpenAPI,2026-09-30
2026Q2,기업,매출액,LG생활건강|별도,766579115271,원,DART OpenAPI,2026-09-30
2026Q2,기업,매출총이익,LG생활건강|별도,351255332353,원,DART OpenAPI,2026-09-30
2026Q2,기업,판관비,LG생활건강|별도,316510677784,원,DART OpenAPI,2026-09-30
2026Q2,기업,영업이익,LG생활건강|별도,34744654569,원,DART OpenAPI,2026-09-30
2026Q2,기업,당기순이익,LG생활건강|별도,25772442749,원,DART OpenAPI,2026-09-30
2026Q2,기업,재고자산,LG생활건강|별도,395118009382,원,DART OpenAPI,2026-09-30
2026Q2,기업,매출채권,LG생활건강|별도,340497688601,원,DART OpenAPI,2026-09-30
2026Q2,기업,직원수,LG생활건강|별도,3987,명,DART OpenAPI,2026-09-30
2024Q3,기업,매출액,달바글로벌|연결,73672161677,원,DART OpenAPI,2026-09-30
2024Q3,기업,매출총이익,달바글로벌|연결,56767798858,원,DART OpenAPI,2026-09-30
2024Q3,기업,판관비,달바글로벌|연결,42723586307,원,DART OpenAPI,2026-09-30
2024Q3,기업,영업이익,달바글로벌|연결,14044212551,원,DART OpenAPI,2026-09-30
2024Q3,기업,당기순이익,달바글로벌|연결,9617110068,원,DART OpenAPI,2026-09-30
2024Q3,기업,지배주주순이익,달바글로벌|연결,9617110068,원,DART OpenAPI,2026-09-30
2024Q3,기업,재고자산,달바글로벌|연결,44490765455,원,DART OpenAPI,2026-09-30
2024Q3,기업,매출채권,달바글로벌|연결,17741234852,원,DART OpenAPI,2026-09-30
2024Q3,기업,매출액,달바글로벌|별도,74640770533,원,DART OpenAPI,2026-09-30
2024Q3,기업,매출총이익,달바글로벌|별도,56423041012,원,DART OpenAPI,2026-09-30
2024Q3,기업,판관비,달바글로벌|별도,40062556823,원,DART OpenAPI,2026-09-30
2024Q3,기업,영업이익,달바글로벌|별도,16360484189,원,DART OpenAPI,2026-09-30
2024Q3,기업,당기순이익,달바글로벌|별도,12091650709,원,DART OpenAPI,2026-09-30
2024Q3,기업,재고자산,달바글로벌|별도,42473309058,원,DART OpenAPI,2026-09-30
2024Q3,기업,매출채권,달바글로벌|별도,23014198788,원,DART OpenAPI,2026-09-30
2024Q3,기업,직원수,달바글로벌|별도,116,명,DART OpenAPI,2026-09-30
2024FY,기업,매출액,달바글로벌|연결,309062616157,원,DART OpenAPI,2026-09-30
2024FY,기업,매출총이익,달바글로벌|연결,234376520101,원,DART OpenAPI,2026-09-30
2024FY,기업,판관비,달바글로벌|연결,174531807413,원,DART OpenAPI,2026-09-30
2024FY,기업,영업이익,달바글로벌|연결,59844712688,원,DART OpenAPI,2026-09-30
2024FY,기업,당기순이익,달바글로벌|연결,15408977423,원,DART OpenAPI,2026-09-30
2024FY,기업,지배주주순이익,달바글로벌|연결,15408977423,원,DART OpenAPI,2026-09-30
2024Q4,기업,재고자산,달바글로벌|연결,47899634179,원,DART OpenAPI,2026-09-30
2024Q4,기업,매출채권,달바글로벌|연결,20122916470,원,DART OpenAPI,2026-09-30
2024FY,기업,매출액,달바글로벌|별도,303018754129,원,DART OpenAPI,2026-09-30
2024FY,기업,매출총이익,달바글로벌|별도,227211673065,원,DART OpenAPI,2026-09-30
2024FY,기업,판관비,달바글로벌|별도,164403636178,원,DART OpenAPI,2026-09-30
2024FY,기업,영업이익,달바글로벌|별도,62808036887,원,DART OpenAPI,2026-09-30
2024FY,기업,당기순이익,달바글로벌|별도,18637127375,원,DART OpenAPI,2026-09-30
2024Q4,기업,재고자산,달바글로벌|별도,46007308950,원,DART OpenAPI,2026-09-30
2024Q4,기업,매출채권,달바글로벌|별도,26454949980,원,DART OpenAPI,2026-09-30
2024Q4,기업,직원수,달바글로벌|별도,137,명,DART OpenAPI,2026-09-30
2025Q1,기업,매출액,달바글로벌|연결,113759841458,원,DART OpenAPI,2026-09-30
2025Q1,기업,매출총이익,달바글로벌|연결,85761072117,원,DART OpenAPI,2026-09-30
2025Q1,기업,판관비,달바글로벌|연결,55709931716,원,DART OpenAPI,2026-09-30
2025Q1,기업,영업이익,달바글로벌|연결,30051140401,원,DART OpenAPI,2026-09-30
2025Q1,기업,당기순이익,달바글로벌|연결,24749213281,원,DART OpenAPI,2026-09-30
2025Q1,기업,지배주주순이익,달바글로벌|연결,24749213281,원,DART OpenAPI,2026-09-30
2025Q1,기업,재고자산,달바글로벌|연결,46093212703,원,DART OpenAPI,2026-09-30
2025Q1,기업,매출채권,달바글로벌|연결,23535005239,원,DART OpenAPI,2026-09-30
2025Q1,기업,매출액,달바글로벌|별도,111456680479,원,DART OpenAPI,2026-09-30
2025Q1,기업,매출총이익,달바글로벌|별도,83008990494,원,DART OpenAPI,2026-09-30
2025Q1,기업,판관비,달바글로벌|별도,53369056814,원,DART OpenAPI,2026-09-30
2025Q1,기업,영업이익,달바글로벌|별도,29639933680,원,DART OpenAPI,2026-09-30
2025Q1,기업,당기순이익,달바글로벌|별도,23320661658,원,DART OpenAPI,2026-09-30
2025Q1,기업,재고자산,달바글로벌|별도,41903718743,원,DART OpenAPI,2026-09-30
2025Q1,기업,매출채권,달바글로벌|별도,30026242818,원,DART OpenAPI,2026-09-30
2025Q1,기업,직원수,달바글로벌|별도,153,명,DART OpenAPI,2026-09-30
2025Q2,기업,매출액,달바글로벌|연결,128372734047,원,DART OpenAPI,2026-09-30
2025Q2,기업,매출총이익,달바글로벌|연결,99515928063,원,DART OpenAPI,2026-09-30
2025Q2,기업,판관비,달바글로벌|연결,70285658231,원,DART OpenAPI,2026-09-30
2025Q2,기업,영업이익,달바글로벌|연결,29230269832,원,DART OpenAPI,2026-09-30
2025Q2,기업,당기순이익,달바글로벌|연결,19803061297,원,DART OpenAPI,2026-09-30
2025Q2,기업,지배주주순이익,달바글로벌|연결,19803061297,원,DART OpenAPI,2026-09-30
2025Q2,기업,재고자산,달바글로벌|연결,51231356552,원,DART OpenAPI,2026-09-30
2025Q2,기업,매출채권,달바글로벌|연결,26245492967,원,DART OpenAPI,2026-09-30
2025Q2,기업,매출액,달바글로벌|별도,122432727770,원,DART OpenAPI,2026-09-30
2025Q2,기업,매출총이익,달바글로벌|별도,93631198296,원,DART OpenAPI,2026-09-30
2025Q2,기업,판관비,달바글로벌|별도,65498022989,원,DART OpenAPI,2026-09-30
2025Q2,기업,영업이익,달바글로벌|별도,28133175307,원,DART OpenAPI,2026-09-30
2025Q2,기업,당기순이익,달바글로벌|별도,18920482105,원,DART OpenAPI,2026-09-30
2025Q2,기업,재고자산,달바글로벌|별도,46922722592,원,DART OpenAPI,2026-09-30
2025Q2,기업,매출채권,달바글로벌|별도,31124988482,원,DART OpenAPI,2026-09-30
2025Q2,기업,직원수,달바글로벌|별도,174,명,DART OpenAPI,2026-09-30
2025Q3,기업,매출액,달바글로벌|연결,114165748515,원,DART OpenAPI,2026-09-30
2025Q3,기업,매출총이익,달바글로벌|연결,85738183646,원,DART OpenAPI,2026-09-30
2025Q3,기업,판관비,달바글로벌|연결,69085992622,원,DART OpenAPI,2026-09-30
2025Q3,기업,영업이익,달바글로벌|연결,16652191024,원,DART OpenAPI,2026-09-30
2025Q3,기업,당기순이익,달바글로벌|연결,14014411521,원,DART OpenAPI,2026-09-30
2025Q3,기업,지배주주순이익,달바글로벌|연결,14014411521,원,DART OpenAPI,2026-09-30
2025Q3,기업,재고자산,달바글로벌|연결,69065508032,원,DART OpenAPI,2026-09-30
2025Q3,기업,매출채권,달바글로벌|연결,26041355927,원,DART OpenAPI,2026-09-30
2025Q3,기업,매출액,달바글로벌|별도,113067338017,원,DART OpenAPI,2026-09-30
2025Q3,기업,매출총이익,달바글로벌|별도,84625481861,원,DART OpenAPI,2026-09-30
2025Q3,기업,판관비,달바글로벌|별도,67833807659,원,DART OpenAPI,2026-09-30
2025Q3,기업,영업이익,달바글로벌|별도,16791674202,원,DART OpenAPI,2026-09-30
2025Q3,기업,당기순이익,달바글로벌|별도,14615106858,원,DART OpenAPI,2026-09-30
2025Q3,기업,재고자산,달바글로벌|별도,65651131958,원,DART OpenAPI,2026-09-30
2025Q3,기업,매출채권,달바글로벌|별도,32333249276,원,DART OpenAPI,2026-09-30
2025Q3,기업,직원수,달바글로벌|별도,196,명,DART OpenAPI,2026-09-30
2025FY,기업,매출액,달바글로벌|연결,519735447906,원,DART OpenAPI,2026-09-30
2025FY,기업,매출총이익,달바글로벌|연결,394429283140,원,DART OpenAPI,2026-09-30
2025FY,기업,판관비,달바글로벌|연결,292959867937,원,DART OpenAPI,2026-09-30
2025FY,기업,영업이익,달바글로벌|연결,101469415203,원,DART OpenAPI,2026-09-30
2025FY,기업,당기순이익,달바글로벌|연결,79053534113,원,DART OpenAPI,2026-09-30
2025FY,기업,지배주주순이익,달바글로벌|연결,79053534113,원,DART OpenAPI,2026-09-30
2025Q4,기업,재고자산,달바글로벌|연결,66196611280,원,DART OpenAPI,2026-09-30
2025Q4,기업,매출채권,달바글로벌|연결,39941766303,원,DART OpenAPI,2026-09-30
2025FY,기업,매출액,달바글로벌|별도,502589078688,원,DART OpenAPI,2026-09-30
2025FY,기업,매출총이익,달바글로벌|별도,379120275233,원,DART OpenAPI,2026-09-30
2025FY,기업,판관비,달바글로벌|별도,280032272787,원,DART OpenAPI,2026-09-30
2025FY,기업,영업이익,달바글로벌|별도,99088002446,원,DART OpenAPI,2026-09-30
2025FY,기업,당기순이익,달바글로벌|별도,76721166582,원,DART OpenAPI,2026-09-30
2025Q4,기업,재고자산,달바글로벌|별도,64299773915,원,DART OpenAPI,2026-09-30
2025Q4,기업,매출채권,달바글로벌|별도,43893933919,원,DART OpenAPI,2026-09-30
2025Q4,기업,직원수,달바글로벌|별도,203,명,DART OpenAPI,2026-09-30
2026Q1,기업,매출액,달바글로벌|연결,171242032413,원,DART OpenAPI,2026-09-30
2026Q1,기업,매출총이익,달바글로벌|연결,131517758935,원,DART OpenAPI,2026-09-30
2026Q1,기업,판관비,달바글로벌|연결,86427294881,원,DART OpenAPI,2026-09-30
2026Q1,기업,영업이익,달바글로벌|연결,45090464054,원,DART OpenAPI,2026-09-30
2026Q1,기업,당기순이익,달바글로벌|연결,36337195796,원,DART OpenAPI,2026-09-30
2026Q1,기업,지배주주순이익,달바글로벌|연결,36337195796,원,DART OpenAPI,2026-09-30
2026Q1,기업,재고자산,달바글로벌|연결,63453093864,원,DART OpenAPI,2026-09-30
2026Q1,기업,매출채권,달바글로벌|연결,41981660079,원,DART OpenAPI,2026-09-30
2026Q1,기업,매출액,달바글로벌|별도,165875379148,원,DART OpenAPI,2026-09-30
2026Q1,기업,매출총이익,달바글로벌|별도,126750053960,원,DART OpenAPI,2026-09-30
2026Q1,기업,판관비,달바글로벌|별도,81456523944,원,DART OpenAPI,2026-09-30
2026Q1,기업,영업이익,달바글로벌|별도,45293530016,원,DART OpenAPI,2026-09-30
2026Q1,기업,당기순이익,달바글로벌|별도,37459049696,원,DART OpenAPI,2026-09-30
2026Q1,기업,재고자산,달바글로벌|별도,61492843876,원,DART OpenAPI,2026-09-30
2026Q1,기업,매출채권,달바글로벌|별도,45893075504,원,DART OpenAPI,2026-09-30
2026Q1,기업,직원수,달바글로벌|별도,222,명,DART OpenAPI,2026-09-30
2026Q2,기업,매출액,달바글로벌|연결,186860908470,원,DART OpenAPI,2026-09-30
2026Q2,기업,매출총이익,달바글로벌|연결,143486635498,원,DART OpenAPI,2026-09-30
2026Q2,기업,판관비,달바글로벌|연결,96245760947,원,DART OpenAPI,2026-09-30
2026Q2,기업,영업이익,달바글로벌|연결,47240874551,원,DART OpenAPI,2026-09-30
2026Q2,기업,당기순이익,달바글로벌|연결,38059528099,원,DART OpenAPI,2026-09-30
2026Q2,기업,지배주주순이익,달바글로벌|연결,38059528099,원,DART OpenAPI,2026-09-30
2026Q2,기업,재고자산,달바글로벌|연결,57563512406,원,DART OpenAPI,2026-09-30
2026Q2,기업,매출채권,달바글로벌|연결,53090892491,원,DART OpenAPI,2026-09-30
2026Q2,기업,매출액,달바글로벌|별도,179455395786,원,DART OpenAPI,2026-09-30
2026Q2,기업,매출총이익,달바글로벌|별도,136707084755,원,DART OpenAPI,2026-09-30
2026Q2,기업,판관비,달바글로벌|별도,91721742162,원,DART OpenAPI,2026-09-30
2026Q2,기업,영업이익,달바글로벌|별도,44985342593,원,DART OpenAPI,2026-09-30
2026Q2,기업,당기순이익,달바글로벌|별도,36443345889,원,DART OpenAPI,2026-09-30
2026Q2,기업,재고자산,달바글로벌|별도,56323666778,원,DART OpenAPI,2026-09-30
2026Q2,기업,매출채권,달바글로벌|별도,52459036965,원,DART OpenAPI,2026-09-30
2026Q2,기업,직원수,달바글로벌|별도,248,명,DART OpenAPI,2026-09-30
2020Q1,기업,매출액,브이티|연결,34457233465,원,DART OpenAPI,2026-09-30
2020Q1,기업,매출총이익,브이티|연결,12201811290,원,DART OpenAPI,2026-09-30
2020Q1,기업,판관비,브이티|연결,8471372941,원,DART OpenAPI,2026-09-30
2020Q1,기업,영업이익,브이티|연결,3730438349,원,DART OpenAPI,2026-09-30
2020Q1,기업,당기순이익,브이티|연결,2991444608,원,DART OpenAPI,2026-09-30
2020Q1,기업,지배주주순이익,브이티|연결,3443214165,원,DART OpenAPI,2026-09-30
2020Q1,기업,재고자산,브이티|연결,35532010910,원,DART OpenAPI,2026-09-30
2020Q1,기업,매출채권,브이티|연결,37514538783,원,DART OpenAPI,2026-09-30
2020Q1,기업,매출액,브이티|별도,34441400174,원,DART OpenAPI,2026-09-30
2020Q1,기업,매출총이익,브이티|별도,12186666199,원,DART OpenAPI,2026-09-30
2020Q1,기업,판관비,브이티|별도,7630970277,원,DART OpenAPI,2026-09-30
2020Q1,기업,영업이익,브이티|별도,4555695922,원,DART OpenAPI,2026-09-30
2020Q1,기업,당기순이익,브이티|별도,3966799107,원,DART OpenAPI,2026-09-30
2020Q1,기업,재고자산,브이티|별도,16689198404,원,DART OpenAPI,2026-09-30
2020Q1,기업,매출채권,브이티|별도,44061022732,원,DART OpenAPI,2026-09-30
2020Q1,기업,직원수,브이티|별도,302,명,DART OpenAPI,2026-09-30
2020Q2,기업,매출액,브이티|연결,26490268135,원,DART OpenAPI,2026-09-30
2020Q2,기업,매출총이익,브이티|연결,7789571409,원,DART OpenAPI,2026-09-30
2020Q2,기업,판관비,브이티|연결,5949921574,원,DART OpenAPI,2026-09-30
2020Q2,기업,영업이익,브이티|연결,1839649835,원,DART OpenAPI,2026-09-30
2020Q2,기업,당기순이익,브이티|연결,-2259199165,원,DART OpenAPI,2026-09-30
2020Q2,기업,지배주주순이익,브이티|연결,-1434171676,원,DART OpenAPI,2026-09-30
2020Q2,기업,재고자산,브이티|연결,41622459806,원,DART OpenAPI,2026-09-30
2020Q2,기업,매출채권,브이티|연결,36696306325,원,DART OpenAPI,2026-09-30
2020Q2,기업,매출액,브이티|별도,26227772600,원,DART OpenAPI,2026-09-30
2020Q2,기업,매출총이익,브이티|별도,7695518691,원,DART OpenAPI,2026-09-30
2020Q2,기업,판관비,브이티|별도,4325314760,원,DART OpenAPI,2026-09-30
2020Q2,기업,영업이익,브이티|별도,3370203931,원,DART OpenAPI,2026-09-30
2020Q2,기업,당기순이익,브이티|별도,1632034762,원,DART OpenAPI,2026-09-30
2020Q2,기업,재고자산,브이티|별도,20150914605,원,DART OpenAPI,2026-09-30
2020Q2,기업,매출채권,브이티|별도,43469945960,원,DART OpenAPI,2026-09-30
2020Q2,기업,직원수,브이티|별도,284,명,DART OpenAPI,2026-09-30
2020Q3,기업,매출액,브이티|연결,21895457131,원,DART OpenAPI,2026-09-30
2020Q3,기업,매출총이익,브이티|연결,7455508211,원,DART OpenAPI,2026-09-30
2020Q3,기업,판관비,브이티|연결,6431422280,원,DART OpenAPI,2026-09-30
2020Q3,기업,영업이익,브이티|연결,1024085931,원,DART OpenAPI,2026-09-30
2020Q3,기업,당기순이익,브이티|연결,365193964,원,DART OpenAPI,2026-09-30
2020Q3,기업,지배주주순이익,브이티|연결,884749680,원,DART OpenAPI,2026-09-30
2020Q3,기업,재고자산,브이티|연결,43527877267,원,DART OpenAPI,2026-09-30
2020Q3,기업,매출채권,브이티|연결,29971895225,원,DART OpenAPI,2026-09-30
2020Q3,기업,매출액,브이티|별도,21440840249,원,DART OpenAPI,2026-09-30
2020Q3,기업,매출총이익,브이티|별도,7260582838,원,DART OpenAPI,2026-09-30
2020Q3,기업,판관비,브이티|별도,5423544980,원,DART OpenAPI,2026-09-30
2020Q3,기업,영업이익,브이티|별도,1837037858,원,DART OpenAPI,2026-09-30
2020Q3,기업,당기순이익,브이티|별도,1422211284,원,DART OpenAPI,2026-09-30
2020Q3,기업,재고자산,브이티|별도,20391909495,원,DART OpenAPI,2026-09-30
2020Q3,기업,매출채권,브이티|별도,36344205656,원,DART OpenAPI,2026-09-30
2020Q3,기업,직원수,브이티|별도,277,명,DART OpenAPI,2026-09-30
2020FY,기업,매출액,브이티|연결,107395372683,원,DART OpenAPI,2026-09-30
2020FY,기업,매출총이익,브이티|연결,33472073723,원,DART OpenAPI,2026-09-30
2020FY,기업,판관비,브이티|연결,28011163979,원,DART OpenAPI,2026-09-30
2020FY,기업,영업이익,브이티|연결,5460909744,원,DART OpenAPI,2026-09-30
2020FY,기업,당기순이익,브이티|연결,-1308655827,원,DART OpenAPI,2026-09-30
2020FY,기업,지배주주순이익,브이티|연결,1105399654,원,DART OpenAPI,2026-09-30
2020Q4,기업,재고자산,브이티|연결,42511343449,원,DART OpenAPI,2026-09-30
2020Q4,기업,매출채권,브이티|연결,22266513100,원,DART OpenAPI,2026-09-30
2020FY,기업,매출액,브이티|별도,105877068594,원,DART OpenAPI,2026-09-30
2020FY,기업,매출총이익,브이티|별도,33307072938,원,DART OpenAPI,2026-09-30
2020FY,기업,판관비,브이티|별도,23495464970,원,DART OpenAPI,2026-09-30
2020FY,기업,영업이익,브이티|별도,9811607968,원,DART OpenAPI,2026-09-30
2020FY,기업,당기순이익,브이티|별도,6461705353,원,DART OpenAPI,2026-09-30
2020Q4,기업,재고자산,브이티|별도,16437347533,원,DART OpenAPI,2026-09-30
2020Q4,기업,매출채권,브이티|별도,28601261559,원,DART OpenAPI,2026-09-30
2020Q4,기업,직원수,브이티|별도,279,명,DART OpenAPI,2026-09-30
2021Q1,기업,매출액,브이티|연결,44363506685,원,DART OpenAPI,2026-09-30
2021Q1,기업,매출총이익,브이티|연결,17715373839,원,DART OpenAPI,2026-09-30
2021Q1,기업,판관비,브이티|연결,11639512337,원,DART OpenAPI,2026-09-30
2021Q1,기업,영업이익,브이티|연결,6075861502,원,DART OpenAPI,2026-09-30
2021Q1,기업,당기순이익,브이티|연결,9399021610,원,DART OpenAPI,2026-09-30
2021Q1,기업,지배주주순이익,브이티|연결,8459850344,원,DART OpenAPI,2026-09-30
2021Q1,기업,재고자산,브이티|연결,46203045069,원,DART OpenAPI,2026-09-30
2021Q1,기업,매출채권,브이티|연결,38508672866,원,DART OpenAPI,2026-09-30
2021Q1,기업,매출액,브이티|별도,29893674029,원,DART OpenAPI,2026-09-30
2021Q1,기업,매출총이익,브이티|별도,13308935321,원,DART OpenAPI,2026-09-30
2021Q1,기업,판관비,브이티|별도,8708422957,원,DART OpenAPI,2026-09-30
2021Q1,기업,영업이익,브이티|별도,4600512364,원,DART OpenAPI,2026-09-30
2021Q1,기업,당기순이익,브이티|별도,3817374743,원,DART OpenAPI,2026-09-30
2021Q1,기업,재고자산,브이티|별도,14812164953,원,DART OpenAPI,2026-09-30
2021Q1,기업,매출채권,브이티|별도,33492588414,원,DART OpenAPI,2026-09-30
2021Q1,기업,직원수,브이티|별도,283,명,DART OpenAPI,2026-09-30
2021Q2,기업,매출액,브이티|연결,51278339185,원,DART OpenAPI,2026-09-30
2021Q2,기업,매출총이익,브이티|연결,20647852661,원,DART OpenAPI,2026-09-30
2021Q2,기업,판관비,브이티|연결,13981226697,원,DART OpenAPI,2026-09-30
2021Q2,기업,영업이익,브이티|연결,6666625964,원,DART OpenAPI,2026-09-30
2021Q2,기업,당기순이익,브이티|연결,4554308174,원,DART OpenAPI,2026-09-30
2021Q2,기업,지배주주순이익,브이티|연결,5483583465,원,DART OpenAPI,2026-09-30
2021Q2,기업,재고자산,브이티|연결,47157611954,원,DART OpenAPI,2026-09-30
2021Q2,기업,매출채권,브이티|연결,43056017969,원,DART OpenAPI,2026-09-30
2021Q2,기업,매출액,브이티|별도,41407759569,원,DART OpenAPI,2026-09-30
2021Q2,기업,매출총이익,브이티|별도,18682154968,원,DART OpenAPI,2026-09-30
2021Q2,기업,판관비,브이티|별도,9773389707,원,DART OpenAPI,2026-09-30
2021Q2,기업,영업이익,브이티|별도,8908765261,원,DART OpenAPI,2026-09-30
2021Q2,기업,당기순이익,브이티|별도,7762333365,원,DART OpenAPI,2026-09-30
2021Q2,기업,재고자산,브이티|별도,14636945642,원,DART OpenAPI,2026-09-30
2021Q2,기업,매출채권,브이티|별도,40879595538,원,DART OpenAPI,2026-09-30
2021Q2,기업,직원수,브이티|별도,280,명,DART OpenAPI,2026-09-30
2021Q3,기업,매출액,브이티|연결,47517162815,원,DART OpenAPI,2026-09-30
2021Q3,기업,매출총이익,브이티|연결,21776812167,원,DART OpenAPI,2026-09-30
2021Q3,기업,판관비,브이티|연결,17752297414,원,DART OpenAPI,2026-09-30
2021Q3,기업,영업이익,브이티|연결,4024514753,원,DART OpenAPI,2026-09-30
2021Q3,기업,당기순이익,브이티|연결,5197222457,원,DART OpenAPI,2026-09-30
2021Q3,기업,지배주주순이익,브이티|연결,5392451522,원,DART OpenAPI,2026-09-30
2021Q3,기업,재고자산,브이티|연결,49008048821,원,DART OpenAPI,2026-09-30
2021Q3,기업,매출채권,브이티|연결,37673574910,원,DART OpenAPI,2026-09-30
2021Q3,기업,매출액,브이티|별도,35330837869,원,DART OpenAPI,2026-09-30
2021Q3,기업,매출총이익,브이티|별도,17386799247,원,DART OpenAPI,2026-09-30
2021Q3,기업,판관비,브이티|별도,12683280759,원,DART OpenAPI,2026-09-30
2021Q3,기업,영업이익,브이티|별도,4703518488,원,DART OpenAPI,2026-09-30
2021Q3,기업,당기순이익,브이티|별도,5617553400,원,DART OpenAPI,2026-09-30
2021Q3,기업,재고자산,브이티|별도,12868725600,원,DART OpenAPI,2026-09-30
2021Q3,기업,매출채권,브이티|별도,37921511326,원,DART OpenAPI,2026-09-30
2021Q3,기업,직원수,브이티|별도,291,명,DART OpenAPI,2026-09-30
2021FY,기업,매출액,브이티|연결,226769601349,원,DART OpenAPI,2026-09-30
2021FY,기업,매출총이익,브이티|연결,95244957823,원,DART OpenAPI,2026-09-30
2021FY,기업,판관비,브이티|연결,68854215367,원,DART OpenAPI,2026-09-30
2021FY,기업,영업이익,브이티|연결,26390742456,원,DART OpenAPI,2026-09-30
2021FY,기업,당기순이익,브이티|연결,17497574991,원,DART OpenAPI,2026-09-30
2021FY,기업,지배주주순이익,브이티|연결,14913899414,원,DART OpenAPI,2026-09-30
2021Q4,기업,재고자산,브이티|연결,31361320438,원,DART OpenAPI,2026-09-30
2021Q4,기업,매출채권,브이티|연결,33771216572,원,DART OpenAPI,2026-09-30
2021FY,기업,매출액,브이티|별도,142415830859,원,DART OpenAPI,2026-09-30
2021FY,기업,매출총이익,브이티|별도,67033675707,원,DART OpenAPI,2026-09-30
2021FY,기업,판관비,브이티|별도,49815861977,원,DART OpenAPI,2026-09-30
2021FY,기업,영업이익,브이티|별도,17217813730,원,DART OpenAPI,2026-09-30
2021FY,기업,당기순이익,브이티|별도,10165302573,원,DART OpenAPI,2026-09-30
2021Q4,기업,재고자산,브이티|별도,15204779703,원,DART OpenAPI,2026-09-30
2021Q4,기업,매출채권,브이티|별도,27730619464,원,DART OpenAPI,2026-09-30
2021Q4,기업,직원수,브이티|별도,296,명,DART OpenAPI,2026-09-30
2022Q1,기업,매출액,브이티|연결,57306164572,원,DART OpenAPI,2026-09-30
2022Q1,기업,매출총이익,브이티|연결,26396022489,원,DART OpenAPI,2026-09-30
2022Q1,기업,판관비,브이티|연결,18152506682,원,DART OpenAPI,2026-09-30
2022Q1,기업,영업이익,브이티|연결,8243515807,원,DART OpenAPI,2026-09-30
2022Q1,기업,당기순이익,브이티|연결,7138282326,원,DART OpenAPI,2026-09-30
2022Q1,기업,지배주주순이익,브이티|연결,7011831564,원,DART OpenAPI,2026-09-30
2022Q1,기업,재고자산,브이티|연결,29853285657,원,DART OpenAPI,2026-09-30
2022Q1,기업,매출채권,브이티|연결,32971934352,원,DART OpenAPI,2026-09-30
2022Q1,기업,매출액,브이티|별도,38076026827,원,DART OpenAPI,2026-09-30
2022Q1,기업,매출총이익,브이티|별도,18972637324,원,DART OpenAPI,2026-09-30
2022Q1,기업,판관비,브이티|별도,11832079791,원,DART OpenAPI,2026-09-30
2022Q1,기업,영업이익,브이티|별도,7140557533,원,DART OpenAPI,2026-09-30
2022Q1,기업,당기순이익,브이티|별도,6883577927,원,DART OpenAPI,2026-09-30
2022Q1,기업,재고자산,브이티|별도,14781568599,원,DART OpenAPI,2026-09-30
2022Q1,기업,매출채권,브이티|별도,25307743760,원,DART OpenAPI,2026-09-30
2022Q1,기업,직원수,브이티|별도,310,명,DART OpenAPI,2026-09-30
2022Q2,기업,매출액,브이티|연결,57224892296,원,DART OpenAPI,2026-09-30
2022Q2,기업,매출총이익,브이티|연결,25162556981,원,DART OpenAPI,2026-09-30
2022Q2,기업,판관비,브이티|연결,19660987414,원,DART OpenAPI,2026-09-30
2022Q2,기업,영업이익,브이티|연결,5501569567,원,DART OpenAPI,2026-09-30
2022Q2,기업,당기순이익,브이티|연결,3724873322,원,DART OpenAPI,2026-09-30
2022Q2,기업,지배주주순이익,브이티|연결,2269024784,원,DART OpenAPI,2026-09-30
2022Q2,기업,재고자산,브이티|연결,31553074601,원,DART OpenAPI,2026-09-30
2022Q2,기업,매출채권,브이티|연결,34146438279,원,DART OpenAPI,2026-09-30
2022Q2,기업,매출액,브이티|별도,37110063616,원,DART OpenAPI,2026-09-30
2022Q2,기업,매출총이익,브이티|별도,17677660997,원,DART OpenAPI,2026-09-30
2022Q2,기업,판관비,브이티|별도,13595911239,원,DART OpenAPI,2026-09-30
2022Q2,기업,영업이익,브이티|별도,4081749758,원,DART OpenAPI,2026-09-30
2022Q2,기업,당기순이익,브이티|별도,1871072942,원,DART OpenAPI,2026-09-30
2022Q2,기업,재고자산,브이티|별도,17590093790,원,DART OpenAPI,2026-09-30
2022Q2,기업,매출채권,브이티|별도,23760244445,원,DART OpenAPI,2026-09-30
2022Q2,기업,직원수,브이티|별도,311,명,DART OpenAPI,2026-09-30
2022Q3,기업,매출액,브이티|연결,53553796879,원,DART OpenAPI,2026-09-30
2022Q3,기업,매출총이익,브이티|연결,24796672578,원,DART OpenAPI,2026-09-30
2022Q3,기업,판관비,브이티|연결,22141119622,원,DART OpenAPI,2026-09-30
2022Q3,기업,영업이익,브이티|연결,2655552956,원,DART OpenAPI,2026-09-30
2022Q3,기업,당기순이익,브이티|연결,1994896823,원,DART OpenAPI,2026-09-30
2022Q3,기업,지배주주순이익,브이티|연결,2179308558,원,DART OpenAPI,2026-09-30
2022Q3,기업,재고자산,브이티|연결,32110795403,원,DART OpenAPI,2026-09-30
2022Q3,기업,매출채권,브이티|연결,38537928924,원,DART OpenAPI,2026-09-30
2022Q3,기업,매출액,브이티|별도,38978784924,원,DART OpenAPI,2026-09-30
2022Q3,기업,매출총이익,브이티|별도,19861165955,원,DART OpenAPI,2026-09-30
2022Q3,기업,판관비,브이티|별도,16341445057,원,DART OpenAPI,2026-09-30
2022Q3,기업,영업이익,브이티|별도,3519720898,원,DART OpenAPI,2026-09-30
2022Q3,기업,당기순이익,브이티|별도,3035882745,원,DART OpenAPI,2026-09-30
2022Q3,기업,재고자산,브이티|별도,15160513748,원,DART OpenAPI,2026-09-30
2022Q3,기업,매출채권,브이티|별도,35059671246,원,DART OpenAPI,2026-09-30
2022Q3,기업,직원수,브이티|별도,311,명,DART OpenAPI,2026-09-30
2022FY,기업,매출액,브이티|연결,240241305569,원,DART OpenAPI,2026-09-30
2022FY,기업,매출총이익,브이티|연결,104935994797,원,DART OpenAPI,2026-09-30
2022FY,기업,판관비,브이티|연결,81383169568,원,DART OpenAPI,2026-09-30
2022FY,기업,영업이익,브이티|연결,23552825229,원,DART OpenAPI,2026-09-30
2022FY,기업,당기순이익,브이티|연결,13204953213,원,DART OpenAPI,2026-09-30
2022FY,기업,지배주주순이익,브이티|연결,11149481977,원,DART OpenAPI,2026-09-30
2022Q4,기업,재고자산,브이티|연결,22286341978,원,DART OpenAPI,2026-09-30
2022Q4,기업,매출채권,브이티|연결,36948713793,원,DART OpenAPI,2026-09-30
2022FY,기업,매출액,브이티|별도,157342079982,원,DART OpenAPI,2026-09-30
2022FY,기업,매출총이익,브이티|별도,76109866326,원,DART OpenAPI,2026-09-30
2022FY,기업,판관비,브이티|별도,56676756218,원,DART OpenAPI,2026-09-30
2022FY,기업,영업이익,브이티|별도,19433110108,원,DART OpenAPI,2026-09-30
2022FY,기업,당기순이익,브이티|별도,3368339046,원,DART OpenAPI,2026-09-30
2022Q4,기업,재고자산,브이티|별도,12351598953,원,DART OpenAPI,2026-09-30
2022Q4,기업,매출채권,브이티|별도,35577495971,원,DART OpenAPI,2026-09-30
2022Q4,기업,직원수,브이티|별도,296,명,DART OpenAPI,2026-09-30
2023Q1,기업,매출액,브이티|연결,47886326320,원,DART OpenAPI,2026-09-30
2023Q1,기업,매출총이익,브이티|연결,20683440517,원,DART OpenAPI,2026-09-30
2023Q1,기업,판관비,브이티|연결,20065721506,원,DART OpenAPI,2026-09-30
2023Q1,기업,영업이익,브이티|연결,617719011,원,DART OpenAPI,2026-09-30
2023Q1,기업,당기순이익,브이티|연결,1464199683,원,DART OpenAPI,2026-09-30
2023Q1,기업,지배주주순이익,브이티|연결,978307501,원,DART OpenAPI,2026-09-30
2023Q1,기업,재고자산,브이티|연결,24547971444,원,DART OpenAPI,2026-09-30
2023Q1,기업,매출채권,브이티|연결,40958597396,원,DART OpenAPI,2026-09-30
2023Q1,기업,매출액,브이티|별도,33441349120,원,DART OpenAPI,2026-09-30
2023Q1,기업,매출총이익,브이티|별도,16283481722,원,DART OpenAPI,2026-09-30
2023Q1,기업,판관비,브이티|별도,15305138526,원,DART OpenAPI,2026-09-30
2023Q1,기업,영업이익,브이티|별도,978343196,원,DART OpenAPI,2026-09-30
2023Q1,기업,당기순이익,브이티|별도,1488079231,원,DART OpenAPI,2026-09-30
2023Q1,기업,재고자산,브이티|별도,15877712577,원,DART OpenAPI,2026-09-30
2023Q1,기업,매출채권,브이티|별도,37186410359,원,DART OpenAPI,2026-09-30
2023Q1,기업,직원수,브이티|별도,300,명,DART OpenAPI,2026-09-30
2023Q2,기업,매출액,브이티|연결,74694470696,원,DART OpenAPI,2026-09-30
2023Q2,기업,매출총이익,브이티|연결,35064400768,원,DART OpenAPI,2026-09-30
2023Q2,기업,판관비,브이티|연결,23348387596,원,DART OpenAPI,2026-09-30
2023Q2,기업,영업이익,브이티|연결,11716013172,원,DART OpenAPI,2026-09-30
2023Q2,기업,당기순이익,브이티|연결,7704215752,원,DART OpenAPI,2026-09-30
2023Q2,기업,지배주주순이익,브이티|연결,5085529822,원,DART OpenAPI,2026-09-30
2023Q2,기업,재고자산,브이티|연결,24588634187,원,DART OpenAPI,2026-09-30
2023Q2,기업,매출채권,브이티|연결,39705889908,원,DART OpenAPI,2026-09-30
2023Q2,기업,매출액,브이티|별도,40580233762,원,DART OpenAPI,2026-09-30
2023Q2,기업,매출총이익,브이티|별도,21066824125,원,DART OpenAPI,2026-09-30
2023Q2,기업,판관비,브이티|별도,15303375906,원,DART OpenAPI,2026-09-30
2023Q2,기업,영업이익,브이티|별도,5763448219,원,DART OpenAPI,2026-09-30
2023Q2,기업,당기순이익,브이티|별도,2881223745,원,DART OpenAPI,2026-09-30
2023Q2,기업,재고자산,브이티|별도,16570406162,원,DART OpenAPI,2026-09-30
2023Q2,기업,매출채권,브이티|별도,33798575707,원,DART OpenAPI,2026-09-30
2023Q2,기업,직원수,브이티|별도,311,명,DART OpenAPI,2026-09-30
2023Q3,기업,매출액,브이티|연결,84105922279,원,DART OpenAPI,2026-09-30
2023Q3,기업,매출총이익,브이티|연결,39858980726,원,DART OpenAPI,2026-09-30
2023Q3,기업,판관비,브이티|연결,25481329383,원,DART OpenAPI,2026-09-30
2023Q3,기업,영업이익,브이티|연결,14377651343,원,DART OpenAPI,2026-09-30
2023Q3,기업,당기순이익,브이티|연결,9404822909,원,DART OpenAPI,2026-09-30
2023Q3,기업,지배주주순이익,브이티|연결,7933234779,원,DART OpenAPI,2026-09-30
2023Q3,기업,재고자산,브이티|연결,22227518174,원,DART OpenAPI,2026-09-30
2023Q3,기업,매출채권,브이티|연결,56696413179,원,DART OpenAPI,2026-09-30
2023Q3,기업,매출액,브이티|별도,48666072764,원,DART OpenAPI,2026-09-30
2023Q3,기업,매출총이익,브이티|별도,29976860136,원,DART OpenAPI,2026-09-30
2023Q3,기업,판관비,브이티|별도,18816668674,원,DART OpenAPI,2026-09-30
2023Q3,기업,영업이익,브이티|별도,11160191462,원,DART OpenAPI,2026-09-30
2023Q3,기업,당기순이익,브이티|별도,6852876687,원,DART OpenAPI,2026-09-30
2023Q3,기업,재고자산,브이티|별도,8473193880,원,DART OpenAPI,2026-09-30
2023Q3,기업,매출채권,브이티|별도,48247819021,원,DART OpenAPI,2026-09-30
2023Q3,기업,직원수,브이티|별도,159,명,DART OpenAPI,2026-09-30
2023FY,기업,매출액,브이티|연결,295501383553,원,DART OpenAPI,2026-09-30
2023FY,기업,매출총이익,브이티|연결,139898541661,원,DART OpenAPI,2026-09-30
2023FY,기업,판관비,브이티|연결,94351928208,원,DART OpenAPI,2026-09-30
2023FY,기업,영업이익,브이티|연결,45546613453,원,DART OpenAPI,2026-09-30
2023FY,기업,당기순이익,브이티|연결,31690464312,원,DART OpenAPI,2026-09-30
2023FY,기업,지배주주순이익,브이티|연결,27268269866,원,DART OpenAPI,2026-09-30
2023Q4,기업,재고자산,브이티|연결,25922431044,원,DART OpenAPI,2026-09-30
2023Q4,기업,매출채권,브이티|연결,56665334028,원,DART OpenAPI,2026-09-30
2023FY,기업,매출액,브이티|별도,178076641955,원,DART OpenAPI,2026-09-30
2023FY,기업,매출총이익,브이티|별도,100305045911,원,DART OpenAPI,2026-09-30
2023FY,기업,판관비,브이티|별도,69297193698,원,DART OpenAPI,2026-09-30
2023FY,기업,영업이익,브이티|별도,31007852213,원,DART OpenAPI,2026-09-30
2023FY,기업,당기순이익,브이티|별도,21455090433,원,DART OpenAPI,2026-09-30
2023Q4,기업,재고자산,브이티|별도,14767177974,원,DART OpenAPI,2026-09-30
2023Q4,기업,매출채권,브이티|별도,36652000901,원,DART OpenAPI,2026-09-30
2023Q4,기업,직원수,브이티|별도,163,명,DART OpenAPI,2026-09-30
2024Q1,기업,매출액,브이티|연결,101800273659,원,DART OpenAPI,2026-09-30
2024Q1,기업,매출총이익,브이티|연결,51335451531,원,DART OpenAPI,2026-09-30
2024Q1,기업,판관비,브이티|연결,27370520953,원,DART OpenAPI,2026-09-30
2024Q1,기업,영업이익,브이티|연결,23964930578,원,DART OpenAPI,2026-09-30
2024Q1,기업,당기순이익,브이티|연결,18362650782,원,DART OpenAPI,2026-09-30
2024Q1,기업,지배주주순이익,브이티|연결,16039660545,원,DART OpenAPI,2026-09-30
2024Q1,기업,재고자산,브이티|연결,34274063524,원,DART OpenAPI,2026-09-30
2024Q1,기업,매출채권,브이티|연결,45729813920,원,DART OpenAPI,2026-09-30
2024Q1,기업,매출액,브이티|별도,65063744165,원,DART OpenAPI,2026-09-30
2024Q1,기업,매출총이익,브이티|별도,40519041273,원,DART OpenAPI,2026-09-30
2024Q1,기업,판관비,브이티|별도,19153679100,원,DART OpenAPI,2026-09-30
2024Q1,기업,영업이익,브이티|별도,21365362173,원,DART OpenAPI,2026-09-30
2024Q1,기업,당기순이익,브이티|별도,16475481842,원,DART OpenAPI,2026-09-30
2024Q1,기업,재고자산,브이티|별도,17508741025,원,DART OpenAPI,2026-09-30
2024Q1,기업,매출채권,브이티|별도,40753267871,원,DART OpenAPI,2026-09-30
2024Q1,기업,직원수,브이티|별도,171,명,DART OpenAPI,2026-09-30
2024Q2,기업,매출액,브이티|연결,113352649646,원,DART OpenAPI,2026-09-30
2024Q2,기업,매출총이익,브이티|연결,60493388620,원,DART OpenAPI,2026-09-30
2024Q2,기업,판관비,브이티|연결,33470771955,원,DART OpenAPI,2026-09-30
2024Q2,기업,영업이익,브이티|연결,27022616665,원,DART OpenAPI,2026-09-30
2024Q2,기업,당기순이익,브이티|연결,16069546562,원,DART OpenAPI,2026-09-30
2024Q2,기업,지배주주순이익,브이티|연결,15400579498,원,DART OpenAPI,2026-09-30
2024Q2,기업,재고자산,브이티|연결,30217297541,원,DART OpenAPI,2026-09-30
2024Q2,기업,매출채권,브이티|연결,44791894832,원,DART OpenAPI,2026-09-30
2024Q2,기업,매출액,브이티|별도,68797610337,원,DART OpenAPI,2026-09-30
2024Q2,기업,매출총이익,브이티|별도,43012711305,원,DART OpenAPI,2026-09-30
2024Q2,기업,판관비,브이티|별도,22996829777,원,DART OpenAPI,2026-09-30
2024Q2,기업,영업이익,브이티|별도,20015881528,원,DART OpenAPI,2026-09-30
2024Q2,기업,당기순이익,브이티|별도,13249433267,원,DART OpenAPI,2026-09-30
2024Q2,기업,재고자산,브이티|별도,14879477310,원,DART OpenAPI,2026-09-30
2024Q2,기업,매출채권,브이티|별도,34492384231,원,DART OpenAPI,2026-09-30
2024Q2,기업,직원수,브이티|별도,187,명,DART OpenAPI,2026-09-30
2024Q3,기업,매출액,브이티|연결,104139979284,원,DART OpenAPI,2026-09-30
2024Q3,기업,매출총이익,브이티|연결,62774225897,원,DART OpenAPI,2026-09-30
2024Q3,기업,판관비,브이티|연결,31940871562,원,DART OpenAPI,2026-09-30
2024Q3,기업,영업이익,브이티|연결,30833354335,원,DART OpenAPI,2026-09-30
2024Q3,기업,당기순이익,브이티|연결,33254771835,원,DART OpenAPI,2026-09-30
2024Q3,기업,지배주주순이익,브이티|연결,31183073536,원,DART OpenAPI,2026-09-30
2024Q3,기업,재고자산,브이티|연결,42469699542,원,DART OpenAPI,2026-09-30
2024Q3,기업,매출채권,브이티|연결,46993426534,원,DART OpenAPI,2026-09-30
2024Q3,기업,매출액,브이티|별도,87667759718,원,DART OpenAPI,2026-09-30
2024Q3,기업,매출총이익,브이티|별도,55747876793,원,DART OpenAPI,2026-09-30
2024Q3,기업,판관비,브이티|별도,30290112885,원,DART OpenAPI,2026-09-30
2024Q3,기업,영업이익,브이티|별도,25457763908,원,DART OpenAPI,2026-09-30
2024Q3,기업,당기순이익,브이티|별도,31735036683,원,DART OpenAPI,2026-09-30
2024Q3,기업,재고자산,브이티|별도,20361840194,원,DART OpenAPI,2026-09-30
2024Q3,기업,매출채권,브이티|별도,40280477722,원,DART OpenAPI,2026-09-30
2024Q3,기업,직원수,브이티|별도,200,명,DART OpenAPI,2026-09-30
2024FY,기업,매출액,브이티|연결,431696809961,원,DART OpenAPI,2026-09-30
2024FY,기업,매출총이익,브이티|연결,238928209166,원,DART OpenAPI,2026-09-30
2024FY,기업,판관비,브이티|연결,128029549102,원,DART OpenAPI,2026-09-30
2024FY,기업,영업이익,브이티|연결,110898660064,원,DART OpenAPI,2026-09-30
2024FY,기업,당기순이익,브이티|연결,103998705371,원,DART OpenAPI,2026-09-30
2024FY,기업,지배주주순이익,브이티|연결,98044123724,원,DART OpenAPI,2026-09-30
2024Q4,기업,재고자산,브이티|연결,53810724234,원,DART OpenAPI,2026-09-30
2024Q4,기업,매출채권,브이티|연결,54118808842,원,DART OpenAPI,2026-09-30
2024FY,기업,매출액,브이티|별도,319298490613,원,DART OpenAPI,2026-09-30
2024FY,기업,매출총이익,브이티|별도,200533819494,원,DART OpenAPI,2026-09-30
2024FY,기업,판관비,브이티|별도,105444641491,원,DART OpenAPI,2026-09-30
2024FY,기업,영업이익,브이티|별도,95089178003,원,DART OpenAPI,2026-09-30
2024FY,기업,당기순이익,브이티|별도,84450914510,원,DART OpenAPI,2026-09-30
2024Q4,기업,재고자산,브이티|별도,33342742772,원,DART OpenAPI,2026-09-30
2024Q4,기업,매출채권,브이티|별도,47666132213,원,DART OpenAPI,2026-09-30
2024Q4,기업,직원수,브이티|별도,212,명,DART OpenAPI,2026-09-30
2025Q1,기업,매출액,브이티|연결,100449659941,원,DART OpenAPI,2026-09-30
2025Q1,기업,매출총이익,브이티|연결,63212827264,원,DART OpenAPI,2026-09-30
2025Q1,기업,판관비,브이티|연결,34195514221,원,DART OpenAPI,2026-09-30
2025Q1,기업,영업이익,브이티|연결,29017313043,원,DART OpenAPI,2026-09-30
2025Q1,기업,당기순이익,브이티|연결,23338638273,원,DART OpenAPI,2026-09-30
2025Q1,기업,지배주주순이익,브이티|연결,22296474550,원,DART OpenAPI,2026-09-30
2025Q1,기업,재고자산,브이티|연결,48479227169,원,DART OpenAPI,2026-09-30
2025Q1,기업,매출채권,브이티|연결,50934006824,원,DART OpenAPI,2026-09-30
2025Q1,기업,매출액,브이티|별도,89244784426,원,DART OpenAPI,2026-09-30
2025Q1,기업,매출총이익,브이티|별도,57684681822,원,DART OpenAPI,2026-09-30
2025Q1,기업,판관비,브이티|별도,31452011591,원,DART OpenAPI,2026-09-30
2025Q1,기업,영업이익,브이티|별도,26232670231,원,DART OpenAPI,2026-09-30
2025Q1,기업,당기순이익,브이티|별도,21523646995,원,DART OpenAPI,2026-09-30
2025Q1,기업,재고자산,브이티|별도,29051773312,원,DART OpenAPI,2026-09-30
2025Q1,기업,매출채권,브이티|별도,46336938739,원,DART OpenAPI,2026-09-30
2025Q1,기업,직원수,브이티|별도,235,명,DART OpenAPI,2026-09-30
2025Q2,기업,매출액,브이티|연결,111520825859,원,DART OpenAPI,2026-09-30
2025Q2,기업,매출총이익,브이티|연결,69049130904,원,DART OpenAPI,2026-09-30
2025Q2,기업,판관비,브이티|연결,39982250461,원,DART OpenAPI,2026-09-30
2025Q2,기업,영업이익,브이티|연결,29066880443,원,DART OpenAPI,2026-09-30
2025Q2,기업,당기순이익,브이티|연결,21267639845,원,DART OpenAPI,2026-09-30
2025Q2,기업,지배주주순이익,브이티|연결,20491701760,원,DART OpenAPI,2026-09-30
2025Q2,기업,재고자산,브이티|연결,60796872648,원,DART OpenAPI,2026-09-30
2025Q2,기업,매출채권,브이티|연결,54624636135,원,DART OpenAPI,2026-09-30
2025Q2,기업,매출액,브이티|별도,95898309466,원,DART OpenAPI,2026-09-30
2025Q2,기업,매출총이익,브이티|별도,62474197038,원,DART OpenAPI,2026-09-30
2025Q2,기업,판관비,브이티|별도,35909818284,원,DART OpenAPI,2026-09-30
2025Q2,기업,영업이익,브이티|별도,26564378754,원,DART OpenAPI,2026-09-30
2025Q2,기업,당기순이익,브이티|별도,19485360215,원,DART OpenAPI,2026-09-30
2025Q2,기업,재고자산,브이티|별도,38172554135,원,DART OpenAPI,2026-09-30
2025Q2,기업,매출채권,브이티|별도,47181316160,원,DART OpenAPI,2026-09-30
2025Q2,기업,직원수,브이티|별도,252,명,DART OpenAPI,2026-09-30
2025Q3,기업,매출액,브이티|연결,110219156432,원,DART OpenAPI,2026-09-30
2025Q3,기업,매출총이익,브이티|연결,63115988007,원,DART OpenAPI,2026-09-30
2025Q3,기업,판관비,브이티|연결,50992080925,원,DART OpenAPI,2026-09-30
2025Q3,기업,영업이익,브이티|연결,12123907082,원,DART OpenAPI,2026-09-30
2025Q3,기업,당기순이익,브이티|연결,8795518898,원,DART OpenAPI,2026-09-30
2025Q3,기업,지배주주순이익,브이티|연결,7970061170,원,DART OpenAPI,2026-09-30
2025Q3,기업,재고자산,브이티|연결,61560823159,원,DART OpenAPI,2026-09-30
2025Q3,기업,매출채권,브이티|연결,67063583682,원,DART OpenAPI,2026-09-30
2025Q3,기업,매출액,브이티|별도,94919688958,원,DART OpenAPI,2026-09-30
2025Q3,기업,매출총이익,브이티|별도,57393635510,원,DART OpenAPI,2026-09-30
2025Q3,기업,판관비,브이티|별도,47224416842,원,DART OpenAPI,2026-09-30
2025Q3,기업,영업이익,브이티|별도,10169218668,원,DART OpenAPI,2026-09-30
2025Q3,기업,당기순이익,브이티|별도,8610196394,원,DART OpenAPI,2026-09-30
2025Q3,기업,재고자산,브이티|별도,43953938921,원,DART OpenAPI,2026-09-30
2025Q3,기업,매출채권,브이티|별도,59862447561,원,DART OpenAPI,2026-09-30
2025Q3,기업,직원수,브이티|별도,262,명,DART OpenAPI,2026-09-30
2025FY,기업,매출액,브이티|연결,437183656431,원,DART OpenAPI,2026-09-30
2025FY,기업,매출총이익,브이티|연결,264945440734,원,DART OpenAPI,2026-09-30
2025FY,기업,판관비,브이티|연결,182076225975,원,DART OpenAPI,2026-09-30
2025FY,기업,영업이익,브이티|연결,82869214759,원,DART OpenAPI,2026-09-30
2025FY,기업,당기순이익,브이티|연결,64205441522,원,DART OpenAPI,2026-09-30
2025FY,기업,지배주주순이익,브이티|연결,60933123064,원,DART OpenAPI,2026-09-30
2025Q4,기업,재고자산,브이티|연결,72605624461,원,DART OpenAPI,2026-09-30
2025Q4,기업,매출채권,브이티|연결,46934840727,원,DART OpenAPI,2026-09-30
2025FY,기업,매출액,브이티|별도,381052176242,원,DART OpenAPI,2026-09-30
2025FY,기업,매출총이익,브이티|별도,242483491199,원,DART OpenAPI,2026-09-30
2025FY,기업,판관비,브이티|별도,168654525745,원,DART OpenAPI,2026-09-30
2025FY,기업,영업이익,브이티|별도,73828965454,원,DART OpenAPI,2026-09-30
2025FY,기업,당기순이익,브이티|별도,56194517521,원,DART OpenAPI,2026-09-30
2025Q4,기업,재고자산,브이티|별도,39353058094,원,DART OpenAPI,2026-09-30
2025Q4,기업,매출채권,브이티|별도,59964274202,원,DART OpenAPI,2026-09-30
2025Q4,기업,직원수,브이티|별도,277,명,DART OpenAPI,2026-09-30
2026Q1,기업,매출액,브이티|연결,114290932582,원,DART OpenAPI,2026-09-30
2026Q1,기업,매출총이익,브이티|연결,72005124637,원,DART OpenAPI,2026-09-30
2026Q1,기업,판관비,브이티|연결,54671641959,원,DART OpenAPI,2026-09-30
2026Q1,기업,영업이익,브이티|연결,17333482678,원,DART OpenAPI,2026-09-30
2026Q1,기업,당기순이익,브이티|연결,18404226841,원,DART OpenAPI,2026-09-30
2026Q1,기업,지배주주순이익,브이티|연결,18237692838,원,DART OpenAPI,2026-09-30
2026Q1,기업,재고자산,브이티|연결,82227505917,원,DART OpenAPI,2026-09-30
2026Q1,기업,매출채권,브이티|연결,41962141379,원,DART OpenAPI,2026-09-30
2026Q1,기업,매출액,브이티|별도,92712356162,원,DART OpenAPI,2026-09-30
2026Q1,기업,매출총이익,브이티|별도,60798586064,원,DART OpenAPI,2026-09-30
2026Q1,기업,판관비,브이티|별도,43665045477,원,DART OpenAPI,2026-09-30
2026Q1,기업,영업이익,브이티|별도,17133540587,원,DART OpenAPI,2026-09-30
2026Q1,기업,당기순이익,브이티|별도,16242759452,원,DART OpenAPI,2026-09-30
2026Q1,기업,재고자산,브이티|별도,49657275587,원,DART OpenAPI,2026-09-30
2026Q1,기업,매출채권,브이티|별도,54109742639,원,DART OpenAPI,2026-09-30
2026Q2,기업,매출액,브이티|연결,131668235835,원,DART OpenAPI,2026-09-30
2026Q2,기업,매출총이익,브이티|연결,70512956196,원,DART OpenAPI,2026-09-30
2026Q2,기업,판관비,브이티|연결,59834269958,원,DART OpenAPI,2026-09-30
2026Q2,기업,영업이익,브이티|연결,10678686238,원,DART OpenAPI,2026-09-30
2026Q2,기업,당기순이익,브이티|연결,3222848790,원,DART OpenAPI,2026-09-30
2026Q2,기업,지배주주순이익,브이티|연결,2708620511,원,DART OpenAPI,2026-09-30
2026Q2,기업,재고자산,브이티|연결,79586207273,원,DART OpenAPI,2026-09-30
2026Q2,기업,매출채권,브이티|연결,42116820174,원,DART OpenAPI,2026-09-30
2026Q2,기업,매출액,브이티|별도,106854892661,원,DART OpenAPI,2026-09-30
2026Q2,기업,매출총이익,브이티|별도,66673717709,원,DART OpenAPI,2026-09-30
2026Q2,기업,판관비,브이티|별도,49670451382,원,DART OpenAPI,2026-09-30
2026Q2,기업,영업이익,브이티|별도,17003266327,원,DART OpenAPI,2026-09-30
2026Q2,기업,당기순이익,브이티|별도,10343498797,원,DART OpenAPI,2026-09-30
2026Q2,기업,재고자산,브이티|별도,54091295380,원,DART OpenAPI,2026-09-30
2026Q2,기업,매출채권,브이티|별도,49425941058,원,DART OpenAPI,2026-09-30
2026Q2,기업,직원수,브이티|별도,304,명,DART OpenAPI,2026-09-30
2020Q1,기업,매출액,파마리서치|연결,20675225706,원,DART OpenAPI,2026-09-30
2020Q1,기업,매출총이익,파마리서치|연결,13383617533,원,DART OpenAPI,2026-09-30
2020Q1,기업,판관비,파마리서치|연결,8833105374,원,DART OpenAPI,2026-09-30
2020Q1,기업,영업이익,파마리서치|연결,4550512159,원,DART OpenAPI,2026-09-30
2020Q1,기업,당기순이익,파마리서치|연결,4169119863,원,DART OpenAPI,2026-09-30
2020Q1,기업,지배주주순이익,파마리서치|연결,4874603536,원,DART OpenAPI,2026-09-30
2020Q1,기업,재고자산,파마리서치|연결,16558891290,원,DART OpenAPI,2026-09-30
2020Q1,기업,매출채권,파마리서치|연결,19643057115,원,DART OpenAPI,2026-09-30
2020Q1,기업,매출액,파마리서치|별도,20025642183,원,DART OpenAPI,2026-09-30
2020Q1,기업,매출총이익,파마리서치|별도,12583000385,원,DART OpenAPI,2026-09-30
2020Q1,기업,판관비,파마리서치|별도,6250486808,원,DART OpenAPI,2026-09-30
2020Q1,기업,영업이익,파마리서치|별도,6332513577,원,DART OpenAPI,2026-09-30
2020Q1,기업,당기순이익,파마리서치|별도,5535867432,원,DART OpenAPI,2026-09-30
2020Q1,기업,재고자산,파마리서치|별도,14331270464,원,DART OpenAPI,2026-09-30
2020Q1,기업,매출채권,파마리서치|별도,19633665102,원,DART OpenAPI,2026-09-30
2020Q1,기업,직원수,파마리서치|별도,190,명,DART OpenAPI,2026-09-30
2020Q2,기업,매출액,파마리서치|연결,27696829179,원,DART OpenAPI,2026-09-30
2020Q2,기업,매출총이익,파마리서치|연결,17866048729,원,DART OpenAPI,2026-09-30
2020Q2,기업,판관비,파마리서치|연결,9817593981,원,DART OpenAPI,2026-09-30
2020Q2,기업,영업이익,파마리서치|연결,8048454748,원,DART OpenAPI,2026-09-30
2020Q2,기업,당기순이익,파마리서치|연결,9547207749,원,DART OpenAPI,2026-09-30
2020Q2,기업,지배주주순이익,파마리서치|연결,10085913424,원,DART OpenAPI,2026-09-30
2020Q2,기업,재고자산,파마리서치|연결,19015112893,원,DART OpenAPI,2026-09-30
2020Q2,기업,매출채권,파마리서치|연결,22922344730,원,DART OpenAPI,2026-09-30
2020Q2,기업,매출액,파마리서치|별도,26734897342,원,DART OpenAPI,2026-09-30
2020Q2,기업,매출총이익,파마리서치|별도,16903508995,원,DART OpenAPI,2026-09-30
2020Q2,기업,판관비,파마리서치|별도,7735631502,원,DART OpenAPI,2026-09-30
2020Q2,기업,영업이익,파마리서치|별도,9167877493,원,DART OpenAPI,2026-09-30
2020Q2,기업,당기순이익,파마리서치|별도,10205018824,원,DART OpenAPI,2026-09-30
2020Q2,기업,재고자산,파마리서치|별도,17186319378,원,DART OpenAPI,2026-09-30
2020Q2,기업,매출채권,파마리서치|별도,22702324649,원,DART OpenAPI,2026-09-30
2020Q2,기업,직원수,파마리서치|별도,226,명,DART OpenAPI,2026-09-30
2020Q3,기업,매출액,파마리서치|연결,29126534689,원,DART OpenAPI,2026-09-30
2020Q3,기업,매출총이익,파마리서치|연결,19826387826,원,DART OpenAPI,2026-09-30
2020Q3,기업,판관비,파마리서치|연결,10346745266,원,DART OpenAPI,2026-09-30
2020Q3,기업,영업이익,파마리서치|연결,9479642560,원,DART OpenAPI,2026-09-30
2020Q3,기업,당기순이익,파마리서치|연결,7235344986,원,DART OpenAPI,2026-09-30
2020Q3,기업,지배주주순이익,파마리서치|연결,7711393718,원,DART OpenAPI,2026-09-30
2020Q3,기업,재고자산,파마리서치|연결,22984222052,원,DART OpenAPI,2026-09-30
2020Q3,기업,매출채권,파마리서치|연결,22326080772,원,DART OpenAPI,2026-09-30
2020Q3,기업,매출액,파마리서치|별도,28542714293,원,DART OpenAPI,2026-09-30
2020Q3,기업,매출총이익,파마리서치|별도,18516524267,원,DART OpenAPI,2026-09-30
2020Q3,기업,판관비,파마리서치|별도,7826142369,원,DART OpenAPI,2026-09-30
2020Q3,기업,영업이익,파마리서치|별도,10690381898,원,DART OpenAPI,2026-09-30
2020Q3,기업,당기순이익,파마리서치|별도,8059527379,원,DART OpenAPI,2026-09-30
2020Q3,기업,재고자산,파마리서치|별도,21348433655,원,DART OpenAPI,2026-09-30
2020Q3,기업,매출채권,파마리서치|별도,22171925118,원,DART OpenAPI,2026-09-30
2020Q3,기업,직원수,파마리서치|별도,228,명,DART OpenAPI,2026-09-30
2020FY,기업,매출액,파마리서치|연결,108745921878,원,DART OpenAPI,2026-09-30
2020FY,기업,매출총이익,파마리서치|연결,72896385240,원,DART OpenAPI,2026-09-30
2020FY,기업,판관비,파마리서치|연결,39470513295,원,DART OpenAPI,2026-09-30
2020FY,기업,영업이익,파마리서치|연결,33425871945,원,DART OpenAPI,2026-09-30
2020FY,기업,당기순이익,파마리서치|연결,32452222466,원,DART OpenAPI,2026-09-30
2020FY,기업,지배주주순이익,파마리서치|연결,32774330366,원,DART OpenAPI,2026-09-30
2020Q4,기업,재고자산,파마리서치|연결,20780832596,원,DART OpenAPI,2026-09-30
2020Q4,기업,매출채권,파마리서치|연결,22826554545,원,DART OpenAPI,2026-09-30
2020Q4,기업,계약부채,파마리서치|연결,159889695,원,DART OpenAPI,2026-09-30
2020FY,기업,매출액,파마리서치|별도,103851724391,원,DART OpenAPI,2026-09-30
2020FY,기업,매출총이익,파마리서치|별도,66984081872,원,DART OpenAPI,2026-09-30
2020FY,기업,판관비,파마리서치|별도,30491550771,원,DART OpenAPI,2026-09-30
2020FY,기업,영업이익,파마리서치|별도,36492531101,원,DART OpenAPI,2026-09-30
2020FY,기업,당기순이익,파마리서치|별도,33867849006,원,DART OpenAPI,2026-09-30
2020Q4,기업,재고자산,파마리서치|별도,18639575700,원,DART OpenAPI,2026-09-30
2020Q4,기업,매출채권,파마리서치|별도,22171869885,원,DART OpenAPI,2026-09-30
2020Q4,기업,계약부채,파마리서치|별도,159889695,원,DART OpenAPI,2026-09-30
2020Q4,기업,직원수,파마리서치|별도,231,명,DART OpenAPI,2026-09-30
2021Q1,기업,매출액,파마리서치|연결,34537958087,원,DART OpenAPI,2026-09-30
2021Q1,기업,매출총이익,파마리서치|연결,24557719638,원,DART OpenAPI,2026-09-30
2021Q1,기업,판관비,파마리서치|연결,12265737958,원,DART OpenAPI,2026-09-30
2021Q1,기업,영업이익,파마리서치|연결,12291981680,원,DART OpenAPI,2026-09-30
2021Q1,기업,당기순이익,파마리서치|연결,12339650393,원,DART OpenAPI,2026-09-30
2021Q1,기업,지배주주순이익,파마리서치|연결,12252962642,원,DART OpenAPI,2026-09-30
2021Q1,기업,재고자산,파마리서치|연결,19975385020,원,DART OpenAPI,2026-09-30
2021Q1,기업,매출채권,파마리서치|연결,24987385596,원,DART OpenAPI,2026-09-30
2021Q1,기업,매출액,파마리서치|별도,30705319369,원,DART OpenAPI,2026-09-30
2021Q1,기업,매출총이익,파마리서치|별도,21502183854,원,DART OpenAPI,2026-09-30
2021Q1,기업,판관비,파마리서치|별도,10023606252,원,DART OpenAPI,2026-09-30
2021Q1,기업,영업이익,파마리서치|별도,11478577602,원,DART OpenAPI,2026-09-30
2021Q1,기업,당기순이익,파마리서치|별도,12287822053,원,DART OpenAPI,2026-09-30
2021Q1,기업,재고자산,파마리서치|별도,17626578399,원,DART OpenAPI,2026-09-30
2021Q1,기업,매출채권,파마리서치|별도,24425666211,원,DART OpenAPI,2026-09-30
2021Q1,기업,직원수,파마리서치|별도,235,명,DART OpenAPI,2026-09-30
2021Q2,기업,매출액,파마리서치|연결,38794388188,원,DART OpenAPI,2026-09-30
2021Q2,기업,매출총이익,파마리서치|연결,27318261823,원,DART OpenAPI,2026-09-30
2021Q2,기업,판관비,파마리서치|연결,13405856353,원,DART OpenAPI,2026-09-30
2021Q2,기업,영업이익,파마리서치|연결,13912405470,원,DART OpenAPI,2026-09-30
2021Q2,기업,당기순이익,파마리서치|연결,11758040532,원,DART OpenAPI,2026-09-30
2021Q2,기업,지배주주순이익,파마리서치|연결,11466887548,원,DART OpenAPI,2026-09-30
2021Q2,기업,재고자산,파마리서치|연결,19136012339,원,DART OpenAPI,2026-09-30
2021Q2,기업,매출채권,파마리서치|연결,27025482991,원,DART OpenAPI,2026-09-30
2021Q2,기업,매출액,파마리서치|별도,34894664199,원,DART OpenAPI,2026-09-30
2021Q2,기업,매출총이익,파마리서치|별도,24720583199,원,DART OpenAPI,2026-09-30
2021Q2,기업,판관비,파마리서치|별도,11020044341,원,DART OpenAPI,2026-09-30
2021Q2,기업,영업이익,파마리서치|별도,13700538858,원,DART OpenAPI,2026-09-30
2021Q2,기업,당기순이익,파마리서치|별도,11722517563,원,DART OpenAPI,2026-09-30
2021Q2,기업,재고자산,파마리서치|별도,16714964872,원,DART OpenAPI,2026-09-30
2021Q2,기업,매출채권,파마리서치|별도,26387166671,원,DART OpenAPI,2026-09-30
2021Q2,기업,직원수,파마리서치|별도,269,명,DART OpenAPI,2026-09-30
2021Q3,기업,매출액,파마리서치|연결,38702580435,원,DART OpenAPI,2026-09-30
2021Q3,기업,매출총이익,파마리서치|연결,27090988052,원,DART OpenAPI,2026-09-30
2021Q3,기업,판관비,파마리서치|연결,13439536384,원,DART OpenAPI,2026-09-30
2021Q3,기업,영업이익,파마리서치|연결,13651451668,원,DART OpenAPI,2026-09-30
2021Q3,기업,당기순이익,파마리서치|연결,13286869830,원,DART OpenAPI,2026-09-30
2021Q3,기업,지배주주순이익,파마리서치|연결,13287267885,원,DART OpenAPI,2026-09-30
2021Q3,기업,재고자산,파마리서치|연결,20711794683,원,DART OpenAPI,2026-09-30
2021Q3,기업,매출채권,파마리서치|연결,27012676285,원,DART OpenAPI,2026-09-30
2021Q3,기업,매출액,파마리서치|별도,35714038778,원,DART OpenAPI,2026-09-30
2021Q3,기업,매출총이익,파마리서치|별도,25584832127,원,DART OpenAPI,2026-09-30
2021Q3,기업,판관비,파마리서치|별도,11252155972,원,DART OpenAPI,2026-09-30
2021Q3,기업,영업이익,파마리서치|별도,14332676155,원,DART OpenAPI,2026-09-30
2021Q3,기업,당기순이익,파마리서치|별도,13665332409,원,DART OpenAPI,2026-09-30
2021Q3,기업,재고자산,파마리서치|별도,18069046033,원,DART OpenAPI,2026-09-30
2021Q3,기업,매출채권,파마리서치|별도,26695155872,원,DART OpenAPI,2026-09-30
2021Q3,기업,직원수,파마리서치|별도,266,명,DART OpenAPI,2026-09-30
2021FY,기업,매출액,파마리서치|연결,154082897894,원,DART OpenAPI,2026-09-30
2021FY,기업,매출총이익,파마리서치|연결,108332541746,원,DART OpenAPI,2026-09-30
2021FY,기업,판관비,파마리서치|연결,55843645709,원,DART OpenAPI,2026-09-30
2021FY,기업,영업이익,파마리서치|연결,52488896037,원,DART OpenAPI,2026-09-30
2021FY,기업,당기순이익,파마리서치|연결,46823637037,원,DART OpenAPI,2026-09-30
2021FY,기업,지배주주순이익,파마리서치|연결,46688655710,원,DART OpenAPI,2026-09-30
2021Q4,기업,재고자산,파마리서치|연결,17342253792,원,DART OpenAPI,2026-09-30
2021Q4,기업,매출채권,파마리서치|연결,27741078811,원,DART OpenAPI,2026-09-30
2021FY,기업,매출액,파마리서치|별도,138555801248,원,DART OpenAPI,2026-09-30
2021FY,기업,매출총이익,파마리서치|별도,98041297554,원,DART OpenAPI,2026-09-30
2021FY,기업,판관비,파마리서치|별도,45202846035,원,DART OpenAPI,2026-09-30
2021FY,기업,영업이익,파마리서치|별도,52838451519,원,DART OpenAPI,2026-09-30
2021FY,기업,당기순이익,파마리서치|별도,49424434530,원,DART OpenAPI,2026-09-30
2021Q4,기업,재고자산,파마리서치|별도,14337016513,원,DART OpenAPI,2026-09-30
2021Q4,기업,매출채권,파마리서치|별도,26958041418,원,DART OpenAPI,2026-09-30
2021Q4,기업,직원수,파마리서치|별도,270,명,DART OpenAPI,2026-09-30
2022Q1,기업,매출액,파마리서치|연결,45268535452,원,DART OpenAPI,2026-09-30
2022Q1,기업,매출총이익,파마리서치|연결,31926066384,원,DART OpenAPI,2026-09-30
2022Q1,기업,판관비,파마리서치|연결,16691384349,원,DART OpenAPI,2026-09-30
2022Q1,기업,영업이익,파마리서치|연결,15234682035,원,DART OpenAPI,2026-09-30
2022Q1,기업,당기순이익,파마리서치|연결,9851091835,원,DART OpenAPI,2026-09-30
2022Q1,기업,지배주주순이익,파마리서치|연결,9315936795,원,DART OpenAPI,2026-09-30
2022Q1,기업,재고자산,파마리서치|연결,18517471445,원,DART OpenAPI,2026-09-30
2022Q1,기업,매출채권,파마리서치|연결,30044095518,원,DART OpenAPI,2026-09-30
2022Q1,기업,매출액,파마리서치|별도,40102406076,원,DART OpenAPI,2026-09-30
2022Q1,기업,매출총이익,파마리서치|별도,28585906413,원,DART OpenAPI,2026-09-30
2022Q1,기업,판관비,파마리서치|별도,14031565216,원,DART OpenAPI,2026-09-30
2022Q1,기업,영업이익,파마리서치|별도,14554341197,원,DART OpenAPI,2026-09-30
2022Q1,기업,당기순이익,파마리서치|별도,9067188963,원,DART OpenAPI,2026-09-30
2022Q1,기업,재고자산,파마리서치|별도,15811250816,원,DART OpenAPI,2026-09-30
2022Q1,기업,매출채권,파마리서치|별도,29599943545,원,DART OpenAPI,2026-09-30
2022Q1,기업,직원수,파마리서치|별도,274,명,DART OpenAPI,2026-09-30
2022Q2,기업,매출액,파마리서치|연결,49700307875,원,DART OpenAPI,2026-09-30
2022Q2,기업,매출총이익,파마리서치|연결,35896921764,원,DART OpenAPI,2026-09-30
2022Q2,기업,판관비,파마리서치|연결,18505072502,원,DART OpenAPI,2026-09-30
2022Q2,기업,영업이익,파마리서치|연결,17391849262,원,DART OpenAPI,2026-09-30
2022Q2,기업,당기순이익,파마리서치|연결,9779737093,원,DART OpenAPI,2026-09-30
2022Q2,기업,지배주주순이익,파마리서치|연결,10081143405,원,DART OpenAPI,2026-09-30
2022Q2,기업,재고자산,파마리서치|연결,17970477343,원,DART OpenAPI,2026-09-30
2022Q2,기업,매출채권,파마리서치|연결,30147557644,원,DART OpenAPI,2026-09-30
2022Q2,기업,매출액,파마리서치|별도,42461962885,원,DART OpenAPI,2026-09-30
2022Q2,기업,매출총이익,파마리서치|별도,31066361345,원,DART OpenAPI,2026-09-30
2022Q2,기업,판관비,파마리서치|별도,15636012273,원,DART OpenAPI,2026-09-30
2022Q2,기업,영업이익,파마리서치|별도,15430349072,원,DART OpenAPI,2026-09-30
2022Q2,기업,당기순이익,파마리서치|별도,9761231575,원,DART OpenAPI,2026-09-30
2022Q2,기업,재고자산,파마리서치|별도,15480803193,원,DART OpenAPI,2026-09-30
2022Q2,기업,매출채권,파마리서치|별도,29684935197,원,DART OpenAPI,2026-09-30
2022Q2,기업,직원수,파마리서치|별도,285,명,DART OpenAPI,2026-09-30
2022Q3,기업,매출액,파마리서치|연결,46174667563,원,DART OpenAPI,2026-09-30
2022Q3,기업,매출총이익,파마리서치|연결,33800495906,원,DART OpenAPI,2026-09-30
2022Q3,기업,판관비,파마리서치|연결,17281853589,원,DART OpenAPI,2026-09-30
2022Q3,기업,영업이익,파마리서치|연결,16518642317,원,DART OpenAPI,2026-09-30
2022Q3,기업,당기순이익,파마리서치|연결,16609903361,원,DART OpenAPI,2026-09-30
2022Q3,기업,지배주주순이익,파마리서치|연결,17422341447,원,DART OpenAPI,2026-09-30
2022Q3,기업,재고자산,파마리서치|연결,21373243088,원,DART OpenAPI,2026-09-30
2022Q3,기업,매출채권,파마리서치|연결,28219785360,원,DART OpenAPI,2026-09-30
2022Q3,기업,매출액,파마리서치|별도,41400850585,원,DART OpenAPI,2026-09-30
2022Q3,기업,매출총이익,파마리서치|별도,31026272284,원,DART OpenAPI,2026-09-30
2022Q3,기업,판관비,파마리서치|별도,14023676868,원,DART OpenAPI,2026-09-30
2022Q3,기업,영업이익,파마리서치|별도,17002595416,원,DART OpenAPI,2026-09-30
2022Q3,기업,당기순이익,파마리서치|별도,16434728432,원,DART OpenAPI,2026-09-30
2022Q3,기업,재고자산,파마리서치|별도,18395465858,원,DART OpenAPI,2026-09-30
2022Q3,기업,매출채권,파마리서치|별도,27552025433,원,DART OpenAPI,2026-09-30
2022Q3,기업,직원수,파마리서치|별도,300,명,DART OpenAPI,2026-09-30
2022FY,기업,매출액,파마리서치|연결,194758643934,원,DART OpenAPI,2026-09-30
2022FY,기업,매출총이익,파마리서치|연결,141512929536,원,DART OpenAPI,2026-09-30
2022FY,기업,판관비,파마리서치|연결,75596777705,원,DART OpenAPI,2026-09-30
2022FY,기업,영업이익,파마리서치|연결,65916151831,원,DART OpenAPI,2026-09-30
2022FY,기업,당기순이익,파마리서치|연결,43434103895,원,DART OpenAPI,2026-09-30
2022FY,기업,지배주주순이익,파마리서치|연결,40576699245,원,DART OpenAPI,2026-09-30
2022Q4,기업,재고자산,파마리서치|연결,24452573078,원,DART OpenAPI,2026-09-30
2022Q4,기업,매출채권,파마리서치|연결,32304056306,원,DART OpenAPI,2026-09-30
2022Q4,기업,계약부채,파마리서치|연결,15525000,원,DART OpenAPI,2026-09-30
2022FY,기업,매출액,파마리서치|별도,174737653076,원,DART OpenAPI,2026-09-30
2022FY,기업,매출총이익,파마리서치|별도,126995085319,원,DART OpenAPI,2026-09-30
2022FY,기업,판관비,파마리서치|별도,62174069866,원,DART OpenAPI,2026-09-30
2022FY,기업,영업이익,파마리서치|별도,64821015453,원,DART OpenAPI,2026-09-30
2022FY,기업,당기순이익,파마리서치|별도,40474340068,원,DART OpenAPI,2026-09-30
2022Q4,기업,재고자산,파마리서치|별도,20349255582,원,DART OpenAPI,2026-09-30
2022Q4,기업,매출채권,파마리서치|별도,32048449124,원,DART OpenAPI,2026-09-30
2022Q4,기업,계약부채,파마리서치|별도,15525000,원,DART OpenAPI,2026-09-30
2022Q4,기업,직원수,파마리서치|별도,305,명,DART OpenAPI,2026-09-30
2023Q1,기업,매출액,파마리서치|연결,55442360591,원,DART OpenAPI,2026-09-30
2023Q1,기업,매출총이익,파마리서치|연결,40430737442,원,DART OpenAPI,2026-09-30
2023Q1,기업,판관비,파마리서치|연결,19691362543,원,DART OpenAPI,2026-09-30
2023Q1,기업,영업이익,파마리서치|연결,20739374899,원,DART OpenAPI,2026-09-30
2023Q1,기업,당기순이익,파마리서치|연결,18327114731,원,DART OpenAPI,2026-09-30
2023Q1,기업,지배주주순이익,파마리서치|연결,17703126094,원,DART OpenAPI,2026-09-30
2023Q1,기업,재고자산,파마리서치|연결,26946451747,원,DART OpenAPI,2026-09-30
2023Q1,기업,매출채권,파마리서치|연결,31834316833,원,DART OpenAPI,2026-09-30
2023Q1,기업,계약부채,파마리서치|연결,0,원,DART OpenAPI,2026-09-30
2023Q1,기업,매출액,파마리서치|별도,50152907823,원,DART OpenAPI,2026-09-30
2023Q1,기업,매출총이익,파마리서치|별도,36365328597,원,DART OpenAPI,2026-09-30
2023Q1,기업,판관비,파마리서치|별도,16332326381,원,DART OpenAPI,2026-09-30
2023Q1,기업,영업이익,파마리서치|별도,20033002216,원,DART OpenAPI,2026-09-30
2023Q1,기업,당기순이익,파마리서치|별도,17385178656,원,DART OpenAPI,2026-09-30
2023Q1,기업,재고자산,파마리서치|별도,22479956078,원,DART OpenAPI,2026-09-30
2023Q1,기업,매출채권,파마리서치|별도,31271680618,원,DART OpenAPI,2026-09-30
2023Q1,기업,계약부채,파마리서치|별도,0,원,DART OpenAPI,2026-09-30
2023Q1,기업,직원수,파마리서치|별도,346,명,DART OpenAPI,2026-09-30
2023Q2,기업,매출액,파마리서치|연결,66798134698,원,DART OpenAPI,2026-09-30
2023Q2,기업,매출총이익,파마리서치|연결,49846132631,원,DART OpenAPI,2026-09-30
2023Q2,기업,판관비,파마리서치|연결,26198722060,원,DART OpenAPI,2026-09-30
2023Q2,기업,영업이익,파마리서치|연결,23647410571,원,DART OpenAPI,2026-09-30
2023Q2,기업,당기순이익,파마리서치|연결,15183477277,원,DART OpenAPI,2026-09-30
2023Q2,기업,지배주주순이익,파마리서치|연결,16732075050,원,DART OpenAPI,2026-09-30
2023Q2,기업,재고자산,파마리서치|연결,41135566812,원,DART OpenAPI,2026-09-30
2023Q2,기업,매출채권,파마리서치|연결,31933642570,원,DART OpenAPI,2026-09-30
2023Q2,기업,매출액,파마리서치|별도,60954785513,원,DART OpenAPI,2026-09-30
2023Q2,기업,매출총이익,파마리서치|별도,45015866547,원,DART OpenAPI,2026-09-30
2023Q2,기업,판관비,파마리서치|별도,21337439045,원,DART OpenAPI,2026-09-30
2023Q2,기업,영업이익,파마리서치|별도,23678427502,원,DART OpenAPI,2026-09-30
2023Q2,기업,당기순이익,파마리서치|별도,16430579497,원,DART OpenAPI,2026-09-30
2023Q2,기업,재고자산,파마리서치|별도,36663067106,원,DART OpenAPI,2026-09-30
2023Q2,기업,매출채권,파마리서치|별도,31216949843,원,DART OpenAPI,2026-09-30
2023Q2,기업,직원수,파마리서치|별도,344,명,DART OpenAPI,2026-09-30
2023Q3,기업,매출액,파마리서치|연결,68805501576,원,DART OpenAPI,2026-09-30
2023Q3,기업,매출총이익,파마리서치|연결,50579365990,원,DART OpenAPI,2026-09-30
2023Q3,기업,판관비,파마리서치|연결,23084511170,원,DART OpenAPI,2026-09-30
2023Q3,기업,영업이익,파마리서치|연결,27494854820,원,DART OpenAPI,2026-09-30
2023Q3,기업,당기순이익,파마리서치|연결,28195848451,원,DART OpenAPI,2026-09-30
2023Q3,기업,지배주주순이익,파마리서치|연결,26709572860,원,DART OpenAPI,2026-09-30
2023Q3,기업,재고자산,파마리서치|연결,49872345460,원,DART OpenAPI,2026-09-30
2023Q3,기업,매출채권,파마리서치|연결,34408714234,원,DART OpenAPI,2026-09-30
2023Q3,기업,계약부채,파마리서치|연결,0,원,DART OpenAPI,2026-09-30
2023Q3,기업,매출액,파마리서치|별도,62079269434,원,DART OpenAPI,2026-09-30
2023Q3,기업,매출총이익,파마리서치|별도,44534668811,원,DART OpenAPI,2026-09-30
2023Q3,기업,판관비,파마리서치|별도,19092467722,원,DART OpenAPI,2026-09-30
2023Q3,기업,영업이익,파마리서치|별도,25442201089,원,DART OpenAPI,2026-09-30
2023Q3,기업,당기순이익,파마리서치|별도,25637425272,원,DART OpenAPI,2026-09-30
2023Q3,기업,재고자산,파마리서치|별도,45867564540,원,DART OpenAPI,2026-09-30
2023Q3,기업,매출채권,파마리서치|별도,33126609106,원,DART OpenAPI,2026-09-30
2023Q3,기업,계약부채,파마리서치|별도,0,원,DART OpenAPI,2026-09-30
2023Q3,기업,직원수,파마리서치|별도,370,명,DART OpenAPI,2026-09-30
2023FY,기업,매출액,파마리서치|연결,261010910564,원,DART OpenAPI,2026-09-30
2023FY,기업,매출총이익,파마리서치|연결,190258396105,원,DART OpenAPI,2026-09-30
2023FY,기업,판관비,파마리서치|연결,98000609477,원,DART OpenAPI,2026-09-30
2023FY,기업,영업이익,파마리서치|연결,92257786628,원,DART OpenAPI,2026-09-30
2023FY,기업,당기순이익,파마리서치|연결,77264652455,원,DART OpenAPI,2026-09-30
2023FY,기업,지배주주순이익,파마리서치|연결,76551213753,원,DART OpenAPI,2026-09-30
2023Q4,기업,재고자산,파마리서치|연결,50232365559,원,DART OpenAPI,2026-09-30
2023Q4,기업,매출채권,파마리서치|연결,31399949522,원,DART OpenAPI,2026-09-30
2023Q4,기업,계약부채,파마리서치|연결,0,원,DART OpenAPI,2026-09-30
2023FY,기업,매출액,파마리서치|별도,235499410567,원,DART OpenAPI,2026-09-30
2023FY,기업,매출총이익,파마리서치|별도,170523779231,원,DART OpenAPI,2026-09-30
2023FY,기업,판관비,파마리서치|별도,80965432144,원,DART OpenAPI,2026-09-30
2023FY,기업,영업이익,파마리서치|별도,89558347087,원,DART OpenAPI,2026-09-30
2023FY,기업,당기순이익,파마리서치|별도,76168774085,원,DART OpenAPI,2026-09-30
2023Q4,기업,재고자산,파마리서치|별도,48380324583,원,DART OpenAPI,2026-09-30
2023Q4,기업,매출채권,파마리서치|별도,30399998509,원,DART OpenAPI,2026-09-30
2023Q4,기업,계약부채,파마리서치|별도,0,원,DART OpenAPI,2026-09-30
2023Q4,기업,직원수,파마리서치|별도,370,명,DART OpenAPI,2026-09-30
2024Q1,기업,매출액,파마리서치|연결,74716536142,원,DART OpenAPI,2026-09-30
2024Q1,기업,매출총이익,파마리서치|연결,51789459873,원,DART OpenAPI,2026-09-30
2024Q1,기업,판관비,파마리서치|연결,25121097814,원,DART OpenAPI,2026-09-30
2024Q1,기업,영업이익,파마리서치|연결,26668362059,원,DART OpenAPI,2026-09-30
2024Q1,기업,당기순이익,파마리서치|연결,18305286876,원,DART OpenAPI,2026-09-30
2024Q1,기업,지배주주순이익,파마리서치|연결,17243841373,원,DART OpenAPI,2026-09-30
2024Q1,기업,재고자산,파마리서치|연결,51337603303,원,DART OpenAPI,2026-09-30
2024Q1,기업,매출채권,파마리서치|연결,31798011678,원,DART OpenAPI,2026-09-30
2024Q1,기업,매출액,파마리서치|별도,68113812205,원,DART OpenAPI,2026-09-30
2024Q1,기업,매출총이익,파마리서치|별도,47101605018,원,DART OpenAPI,2026-09-30
2024Q1,기업,판관비,파마리서치|별도,20205563551,원,DART OpenAPI,2026-09-30
2024Q1,기업,영업이익,파마리서치|별도,26896041467,원,DART OpenAPI,2026-09-30
2024Q1,기업,당기순이익,파마리서치|별도,18006581653,원,DART OpenAPI,2026-09-30
2024Q1,기업,재고자산,파마리서치|별도,49280966490,원,DART OpenAPI,2026-09-30
2024Q1,기업,매출채권,파마리서치|별도,31202998759,원,DART OpenAPI,2026-09-30
2024Q1,기업,직원수,파마리서치|별도,407,명,DART OpenAPI,2026-09-30
2024Q2,기업,매출액,파마리서치|연결,83106581620,원,DART OpenAPI,2026-09-30
2024Q2,기업,매출총이익,파마리서치|연결,59232871389,원,DART OpenAPI,2026-09-30
2024Q2,기업,판관비,파마리서치|연결,28472172546,원,DART OpenAPI,2026-09-30
2024Q2,기업,영업이익,파마리서치|연결,30760698843,원,DART OpenAPI,2026-09-30
2024Q2,기업,당기순이익,파마리서치|연결,28718192888,원,DART OpenAPI,2026-09-30
2024Q2,기업,지배주주순이익,파마리서치|연결,31384090853,원,DART OpenAPI,2026-09-30
2024Q2,기업,재고자산,파마리서치|연결,53281905493,원,DART OpenAPI,2026-09-30
2024Q2,기업,매출채권,파마리서치|연결,32339350209,원,DART OpenAPI,2026-09-30
2024Q2,기업,매출액,파마리서치|별도,73648827822,원,DART OpenAPI,2026-09-30
2024Q2,기업,매출총이익,파마리서치|별도,52410047576,원,DART OpenAPI,2026-09-30
2024Q2,기업,판관비,파마리서치|별도,23166771922,원,DART OpenAPI,2026-09-30
2024Q2,기업,영업이익,파마리서치|별도,29243275654,원,DART OpenAPI,2026-09-30
2024Q2,기업,당기순이익,파마리서치|별도,31384889338,원,DART OpenAPI,2026-09-30
2024Q2,기업,재고자산,파마리서치|별도,51482512588,원,DART OpenAPI,2026-09-30
2024Q2,기업,매출채권,파마리서치|별도,31484800289,원,DART OpenAPI,2026-09-30
2024Q2,기업,직원수,파마리서치|별도,412,명,DART OpenAPI,2026-09-30
2024Q3,기업,매출액,파마리서치|연결,89208791343,원,DART OpenAPI,2026-09-30
2024Q3,기업,매출총이익,파마리서치|연결,64563365602,원,DART OpenAPI,2026-09-30
2024Q3,기업,판관비,파마리서치|연결,29640102928,원,DART OpenAPI,2026-09-30
2024Q3,기업,영업이익,파마리서치|연결,34923262674,원,DART OpenAPI,2026-09-30
2024Q3,기업,당기순이익,파마리서치|연결,25512480181,원,DART OpenAPI,2026-09-30
2024Q3,기업,지배주주순이익,파마리서치|연결,24722634623,원,DART OpenAPI,2026-09-30
2024Q3,기업,재고자산,파마리서치|연결,53033342607,원,DART OpenAPI,2026-09-30
2024Q3,기업,매출채권,파마리서치|연결,34314140384,원,DART OpenAPI,2026-09-30
2024Q3,기업,매출액,파마리서치|별도,79273871585,원,DART OpenAPI,2026-09-30
2024Q3,기업,매출총이익,파마리서치|별도,57188477023,원,DART OpenAPI,2026-09-30
2024Q3,기업,판관비,파마리서치|별도,24150459988,원,DART OpenAPI,2026-09-30
2024Q3,기업,영업이익,파마리서치|별도,33038017035,원,DART OpenAPI,2026-09-30
2024Q3,기업,당기순이익,파마리서치|별도,24698459757,원,DART OpenAPI,2026-09-30
2024Q3,기업,재고자산,파마리서치|별도,51519599515,원,DART OpenAPI,2026-09-30
2024Q3,기업,매출채권,파마리서치|별도,34291751560,원,DART OpenAPI,2026-09-30
2024Q3,기업,직원수,파마리서치|별도,421,명,DART OpenAPI,2026-09-30
2024FY,기업,매출액,파마리서치|연결,350115068641,원,DART OpenAPI,2026-09-30
2024FY,기업,매출총이익,파마리서치|연결,251237257221,원,DART OpenAPI,2026-09-30
2024FY,기업,판관비,파마리서치|연결,125186500100,원,DART OpenAPI,2026-09-30
2024FY,기업,영업이익,파마리서치|연결,126050757121,원,DART OpenAPI,2026-09-30
2024FY,기업,당기순이익,파마리서치|연결,88943035620,원,DART OpenAPI,2026-09-30
2024FY,기업,지배주주순이익,파마리서치|연결,92043313166,원,DART OpenAPI,2026-09-30
2024Q4,기업,재고자산,파마리서치|연결,57325378675,원,DART OpenAPI,2026-09-30
2024Q4,기업,매출채권,파마리서치|연결,38459499866,원,DART OpenAPI,2026-09-30
2024Q4,기업,계약부채,파마리서치|연결,0,원,DART OpenAPI,2026-09-30
2024FY,기업,매출액,파마리서치|별도,312732023380,원,DART OpenAPI,2026-09-30
2024FY,기업,매출총이익,파마리서치|별도,222734875103,원,DART OpenAPI,2026-09-30
2024FY,기업,판관비,파마리서치|별도,100425665765,원,DART OpenAPI,2026-09-30
2024FY,기업,영업이익,파마리서치|별도,122309209338,원,DART OpenAPI,2026-09-30
2024FY,기업,당기순이익,파마리서치|별도,91093382497,원,DART OpenAPI,2026-09-30
2024Q4,기업,재고자산,파마리서치|별도,52727645425,원,DART OpenAPI,2026-09-30
2024Q4,기업,매출채권,파마리서치|별도,39022295889,원,DART OpenAPI,2026-09-30
2024Q4,기업,계약부채,파마리서치|별도,0,원,DART OpenAPI,2026-09-30
2024Q4,기업,직원수,파마리서치|별도,436,명,DART OpenAPI,2026-09-30
2025Q1,기업,매출액,파마리서치|연결,116909970307,원,DART OpenAPI,2026-09-30
2025Q1,기업,매출총이익,파마리서치|연결,85446473979,원,DART OpenAPI,2026-09-30
2025Q1,기업,판관비,파마리서치|연결,40712889376,원,DART OpenAPI,2026-09-30
2025Q1,기업,영업이익,파마리서치|연결,44733584603,원,DART OpenAPI,2026-09-30
2025Q1,기업,당기순이익,파마리서치|연결,36026848814,원,DART OpenAPI,2026-09-30
2025Q1,기업,지배주주순이익,파마리서치|연결,36173690383,원,DART OpenAPI,2026-09-30
2025Q1,기업,재고자산,파마리서치|연결,54499199467,원,DART OpenAPI,2026-09-30
2025Q1,기업,매출채권,파마리서치|연결,41360924761,원,DART OpenAPI,2026-09-30
2025Q1,기업,매출액,파마리서치|별도,105970709077,원,DART OpenAPI,2026-09-30
2025Q1,기업,매출총이익,파마리서치|별도,77136115767,원,DART OpenAPI,2026-09-30
2025Q1,기업,판관비,파마리서치|별도,31564390885,원,DART OpenAPI,2026-09-30
2025Q1,기업,영업이익,파마리서치|별도,45571724882,원,DART OpenAPI,2026-09-30
2025Q1,기업,당기순이익,파마리서치|별도,36053283783,원,DART OpenAPI,2026-09-30
2025Q1,기업,재고자산,파마리서치|별도,48253740320,원,DART OpenAPI,2026-09-30
2025Q1,기업,매출채권,파마리서치|별도,42231427936,원,DART OpenAPI,2026-09-30
2025Q1,기업,직원수,파마리서치|별도,454,명,DART OpenAPI,2026-09-30
2025Q2,기업,매출액,파마리서치|연결,140607447466,원,DART OpenAPI,2026-09-30
2025Q2,기업,매출총이익,파마리서치|연결,107197668472,원,DART OpenAPI,2026-09-30
2025Q2,기업,판관비,파마리서치|연결,51319978094,원,DART OpenAPI,2026-09-30
2025Q2,기업,영업이익,파마리서치|연결,55877690378,원,DART OpenAPI,2026-09-30
2025Q2,기업,당기순이익,파마리서치|연결,42044835186,원,DART OpenAPI,2026-09-30
2025Q2,기업,지배주주순이익,파마리서치|연결,47404397947,원,DART OpenAPI,2026-09-30
2025Q2,기업,재고자산,파마리서치|연결,60692662957,원,DART OpenAPI,2026-09-30
2025Q2,기업,매출채권,파마리서치|연결,48663082274,원,DART OpenAPI,2026-09-30
2025Q2,기업,매출액,파마리서치|별도,125324344237,원,DART OpenAPI,2026-09-30
2025Q2,기업,매출총이익,파마리서치|별도,94046996125,원,DART OpenAPI,2026-09-30
2025Q2,기업,판관비,파마리서치|별도,40232825749,원,DART OpenAPI,2026-09-30
2025Q2,기업,영업이익,파마리서치|별도,53814170376,원,DART OpenAPI,2026-09-30
2025Q2,기업,당기순이익,파마리서치|별도,47316287782,원,DART OpenAPI,2026-09-30
2025Q2,기업,재고자산,파마리서치|별도,51502751748,원,DART OpenAPI,2026-09-30
2025Q2,기업,매출채권,파마리서치|별도,52222964900,원,DART OpenAPI,2026-09-30
2025Q2,기업,직원수,파마리서치|별도,470,명,DART OpenAPI,2026-09-30
2025Q3,기업,매출액,파마리서치|연결,135426410999,원,DART OpenAPI,2026-09-30
2025Q3,기업,매출총이익,파마리서치|연결,109144085731,원,DART OpenAPI,2026-09-30
2025Q3,기업,판관비,파마리서치|연결,47273527551,원,DART OpenAPI,2026-09-30
2025Q3,기업,영업이익,파마리서치|연결,61870558180,원,DART OpenAPI,2026-09-30
2025Q3,기업,당기순이익,파마리서치|연결,50852909683,원,DART OpenAPI,2026-09-30
2025Q3,기업,지배주주순이익,파마리서치|연결,48971947197,원,DART OpenAPI,2026-09-30
2025Q3,기업,재고자산,파마리서치|연결,71054529428,원,DART OpenAPI,2026-09-30
2025Q3,기업,매출채권,파마리서치|연결,50480606965,원,DART OpenAPI,2026-09-30
2025Q3,기업,매출액,파마리서치|별도,123908903974,원,DART OpenAPI,2026-09-30
2025Q3,기업,매출총이익,파마리서치|별도,88874149519,원,DART OpenAPI,2026-09-30
2025Q3,기업,판관비,파마리서치|별도,35182294034,원,DART OpenAPI,2026-09-30
2025Q3,기업,영업이익,파마리서치|별도,53691855485,원,DART OpenAPI,2026-09-30
2025Q3,기업,당기순이익,파마리서치|별도,48684776587,원,DART OpenAPI,2026-09-30
2025Q3,기업,재고자산,파마리서치|별도,57754826154,원,DART OpenAPI,2026-09-30
2025Q3,기업,매출채권,파마리서치|별도,59171603858,원,DART OpenAPI,2026-09-30
2025Q3,기업,직원수,파마리서치|별도,518,명,DART OpenAPI,2026-09-30
2025FY,기업,매출액,파마리서치|연결,536289118812,원,DART OpenAPI,2026-09-30
2025FY,기업,매출총이익,파마리서치|연결,411217163051,원,DART OpenAPI,2026-09-30
2025FY,기업,판관비,파마리서치|연결,196821404480,원,DART OpenAPI,2026-09-30
2025FY,기업,영업이익,파마리서치|연결,214395758571,원,DART OpenAPI,2026-09-30
2025FY,기업,당기순이익,파마리서치|연결,168255434874,원,DART OpenAPI,2026-09-30
2025FY,기업,지배주주순이익,파마리서치|연결,165120956459,원,DART OpenAPI,2026-09-30
2025Q4,기업,재고자산,파마리서치|연결,82702047728,원,DART OpenAPI,2026-09-30
2025Q4,기업,매출채권,파마리서치|연결,44490083374,원,DART OpenAPI,2026-09-30
2025Q4,기업,계약부채,파마리서치|연결,283978080,원,DART OpenAPI,2026-09-30
2025FY,기업,매출액,파마리서치|별도,473789922204,원,DART OpenAPI,2026-09-30
2025FY,기업,매출총이익,파마리서치|별도,350125257521,원,DART OpenAPI,2026-09-30
2025FY,기업,판관비,파마리서치|별도,142571694840,원,DART OpenAPI,2026-09-30
2025FY,기업,영업이익,파마리서치|별도,207553562681,원,DART OpenAPI,2026-09-30
2025FY,기업,당기순이익,파마리서치|별도,163418388726,원,DART OpenAPI,2026-09-30
2025Q4,기업,재고자산,파마리서치|별도,70244330836,원,DART OpenAPI,2026-09-30
2025Q4,기업,매출채권,파마리서치|별도,53176420165,원,DART OpenAPI,2026-09-30
2025Q4,기업,계약부채,파마리서치|별도,283978080,원,DART OpenAPI,2026-09-30
2025Q4,기업,직원수,파마리서치|별도,526,명,DART OpenAPI,2026-09-30
2026Q1,기업,매출액,파마리서치|연결,146100260508,원,DART OpenAPI,2026-09-30
2026Q1,기업,매출총이익,파마리서치|연결,112925612563,원,DART OpenAPI,2026-09-30
2026Q1,기업,판관비,파마리서치|연결,55633269990,원,DART OpenAPI,2026-09-30
2026Q1,기업,영업이익,파마리서치|연결,57292342573,원,DART OpenAPI,2026-09-30
2026Q1,기업,당기순이익,파마리서치|연결,48748490607,원,DART OpenAPI,2026-09-30
2026Q1,기업,지배주주순이익,파마리서치|연결,47574252216,원,DART OpenAPI,2026-09-30
2026Q1,기업,재고자산,파마리서치|연결,86661149802,원,DART OpenAPI,2026-09-30
2026Q1,기업,매출채권,파마리서치|연결,46379218260,원,DART OpenAPI,2026-09-30
2026Q1,기업,계약부채,파마리서치|연결,2145540054,원,DART OpenAPI,2026-09-30
2026Q1,기업,매출액,파마리서치|별도,124732658633,원,DART OpenAPI,2026-09-30
2026Q1,기업,매출총이익,파마리서치|별도,92837669750,원,DART OpenAPI,2026-09-30
2026Q1,기업,판관비,파마리서치|별도,36886856256,원,DART OpenAPI,2026-09-30
2026Q1,기업,영업이익,파마리서치|별도,55950813494,원,DART OpenAPI,2026-09-30
2026Q1,기업,당기순이익,파마리서치|별도,48641026200,원,DART OpenAPI,2026-09-30
2026Q1,기업,재고자산,파마리서치|별도,72706541195,원,DART OpenAPI,2026-09-30
2026Q1,기업,매출채권,파마리서치|별도,55765414241,원,DART OpenAPI,2026-09-30
2026Q1,기업,계약부채,파마리서치|별도,2145540054,원,DART OpenAPI,2026-09-30
2026Q1,기업,직원수,파마리서치|별도,580,명,DART OpenAPI,2026-09-30
2026Q2,기업,매출액,파마리서치|연결,178704799285,원,DART OpenAPI,2026-09-30
2026Q2,기업,매출총이익,파마리서치|연결,137547010550,원,DART OpenAPI,2026-09-30
2026Q2,기업,판관비,파마리서치|연결,71077348369,원,DART OpenAPI,2026-09-30
2026Q2,기업,영업이익,파마리서치|연결,66469662181,원,DART OpenAPI,2026-09-30
2026Q2,기업,당기순이익,파마리서치|연결,56228701360,원,DART OpenAPI,2026-09-30
2026Q2,기업,지배주주순이익,파마리서치|연결,56572424864,원,DART OpenAPI,2026-09-30
2026Q2,기업,재고자산,파마리서치|연결,99865948560,원,DART OpenAPI,2026-09-30
2026Q2,기업,매출채권,파마리서치|연결,64025588056,원,DART OpenAPI,2026-09-30
2026Q2,기업,계약부채,파마리서치|연결,581427103,원,DART OpenAPI,2026-09-30
2026Q2,기업,매출액,파마리서치|별도,157465439984,원,DART OpenAPI,2026-09-30
2026Q2,기업,매출총이익,파마리서치|별도,117989071053,원,DART OpenAPI,2026-09-30
2026Q2,기업,판관비,파마리서치|별도,51183239483,원,DART OpenAPI,2026-09-30
2026Q2,기업,영업이익,파마리서치|별도,66805831570,원,DART OpenAPI,2026-09-30
2026Q2,기업,당기순이익,파마리서치|별도,57558516999,원,DART OpenAPI,2026-09-30
2026Q2,기업,재고자산,파마리서치|별도,83283571756,원,DART OpenAPI,2026-09-30
2026Q2,기업,매출채권,파마리서치|별도,70860765531,원,DART OpenAPI,2026-09-30
2026Q2,기업,계약부채,파마리서치|별도,581427103,원,DART OpenAPI,2026-09-30
2026Q2,기업,직원수,파마리서치|별도,589,명,DART OpenAPI,2026-09-30
2020Q1,기업,매출액,휴젤|연결,41257994447,원,DART OpenAPI,2026-09-30
2020Q1,기업,매출총이익,휴젤|연결,28249433912,원,DART OpenAPI,2026-09-30
2020Q1,기업,판관비,휴젤|연결,15938022660,원,DART OpenAPI,2026-09-30
2020Q1,기업,영업이익,휴젤|연결,12311411252,원,DART OpenAPI,2026-09-30
2020Q1,기업,당기순이익,휴젤|연결,6695671225,원,DART OpenAPI,2026-09-30
2020Q1,기업,지배주주순이익,휴젤|연결,6001495036,원,DART OpenAPI,2026-09-30
2020Q1,기업,재고자산,휴젤|연결,31831961920,원,DART OpenAPI,2026-09-30
2020Q1,기업,매출채권,휴젤|연결,34580798513,원,DART OpenAPI,2026-09-30
2020Q1,기업,매출액,휴젤|별도,34808904018,원,DART OpenAPI,2026-09-30
2020Q1,기업,매출총이익,휴젤|별도,20511058640,원,DART OpenAPI,2026-09-30
2020Q1,기업,판관비,휴젤|별도,14478134637,원,DART OpenAPI,2026-09-30
2020Q1,기업,영업이익,휴젤|별도,6032924003,원,DART OpenAPI,2026-09-30
2020Q1,기업,당기순이익,휴젤|별도,2491675204,원,DART OpenAPI,2026-09-30
2020Q1,기업,재고자산,휴젤|별도,31093606226,원,DART OpenAPI,2026-09-30
2020Q1,기업,매출채권,휴젤|별도,33144959234,원,DART OpenAPI,2026-09-30
2020Q1,기업,직원수,휴젤|별도,421,명,DART OpenAPI,2026-09-30
2020Q2,기업,매출액,휴젤|연결,48278347671,원,DART OpenAPI,2026-09-30
2020Q2,기업,매출총이익,휴젤|연결,33035721025,원,DART OpenAPI,2026-09-30
2020Q2,기업,판관비,휴젤|연결,16326909276,원,DART OpenAPI,2026-09-30
2020Q2,기업,영업이익,휴젤|연결,16708811749,원,DART OpenAPI,2026-09-30
2020Q2,기업,당기순이익,휴젤|연결,15120386300,원,DART OpenAPI,2026-09-30
2020Q2,기업,지배주주순이익,휴젤|연결,14372358181,원,DART OpenAPI,2026-09-30
2020Q2,기업,재고자산,휴젤|연결,30365946766,원,DART OpenAPI,2026-09-30
2020Q2,기업,매출채권,휴젤|연결,30035152093,원,DART OpenAPI,2026-09-30
2020Q2,기업,매출액,휴젤|별도,43968973270,원,DART OpenAPI,2026-09-30
2020Q2,기업,매출총이익,휴젤|별도,26465857552,원,DART OpenAPI,2026-09-30
2020Q2,기업,판관비,휴젤|별도,15016195384,원,DART OpenAPI,2026-09-30
2020Q2,기업,영업이익,휴젤|별도,11449662168,원,DART OpenAPI,2026-09-30
2020Q2,기업,당기순이익,휴젤|별도,11295970253,원,DART OpenAPI,2026-09-30
2020Q2,기업,재고자산,휴젤|별도,29354777105,원,DART OpenAPI,2026-09-30
2020Q2,기업,매출채권,휴젤|별도,28579683483,원,DART OpenAPI,2026-09-30
2020Q2,기업,직원수,휴젤|별도,429,명,DART OpenAPI,2026-09-30
2020Q3,기업,매출액,휴젤|연결,54072110072,원,DART OpenAPI,2026-09-30
2020Q3,기업,매출총이익,휴젤|연결,38429364410,원,DART OpenAPI,2026-09-30
2020Q3,기업,판관비,휴젤|연결,17263386063,원,DART OpenAPI,2026-09-30
2020Q3,기업,영업이익,휴젤|연결,21165978347,원,DART OpenAPI,2026-09-30
2020Q3,기업,당기순이익,휴젤|연결,10663180273,원,DART OpenAPI,2026-09-30
2020Q3,기업,지배주주순이익,휴젤|연결,9823474404,원,DART OpenAPI,2026-09-30
2020Q3,기업,재고자산,휴젤|연결,28350461700,원,DART OpenAPI,2026-09-30
2020Q3,기업,매출채권,휴젤|연결,30912837309,원,DART OpenAPI,2026-09-30
2020Q3,기업,매출액,휴젤|별도,47739701483,원,DART OpenAPI,2026-09-30
2020Q3,기업,매출총이익,휴젤|별도,29478892996,원,DART OpenAPI,2026-09-30
2020Q3,기업,판관비,휴젤|별도,15759133919,원,DART OpenAPI,2026-09-30
2020Q3,기업,영업이익,휴젤|별도,13719759077,원,DART OpenAPI,2026-09-30
2020Q3,기업,당기순이익,휴젤|별도,5755354626,원,DART OpenAPI,2026-09-30
2020Q3,기업,재고자산,휴젤|별도,26158519240,원,DART OpenAPI,2026-09-30
2020Q3,기업,매출채권,휴젤|별도,28938994270,원,DART OpenAPI,2026-09-30
2020Q3,기업,직원수,휴젤|별도,428,명,DART OpenAPI,2026-09-30
2020FY,기업,매출액,휴젤|연결,211038348381,원,DART OpenAPI,2026-09-30
2020FY,기업,매출총이익,휴젤|연결,148785122098,원,DART OpenAPI,2026-09-30
2020FY,기업,판관비,휴젤|연결,70725329507,원,DART OpenAPI,2026-09-30
2020FY,기업,영업이익,휴젤|연결,78059792591,원,DART OpenAPI,2026-09-30
2020FY,기업,당기순이익,휴젤|연결,45316091400,원,DART OpenAPI,2026-09-30
2020FY,기업,지배주주순이익,휴젤|연결,41992095488,원,DART OpenAPI,2026-09-30
2020Q4,기업,재고자산,휴젤|연결,23179093275,원,DART OpenAPI,2026-09-30
2020Q4,기업,매출채권,휴젤|연결,27981322892,원,DART OpenAPI,2026-09-30
2020FY,기업,매출액,휴젤|별도,183751299271,원,DART OpenAPI,2026-09-30
2020FY,기업,매출총이익,휴젤|별도,113103507493,원,DART OpenAPI,2026-09-30
2020FY,기업,판관비,휴젤|별도,63793062533,원,DART OpenAPI,2026-09-30
2020FY,기업,영업이익,휴젤|별도,49310444960,원,DART OpenAPI,2026-09-30
2020FY,기업,당기순이익,휴젤|별도,26659433301,원,DART OpenAPI,2026-09-30
2020Q4,기업,재고자산,휴젤|별도,22094282589,원,DART OpenAPI,2026-09-30
2020Q4,기업,매출채권,휴젤|별도,26246404874,원,DART OpenAPI,2026-09-30
2020Q4,기업,직원수,휴젤|별도,438,명,DART OpenAPI,2026-09-30
2021Q1,기업,매출액,휴젤|연결,63823581229,원,DART OpenAPI,2026-09-30
2021Q1,기업,매출총이익,휴젤|연결,47823125225,원,DART OpenAPI,2026-09-30
2021Q1,기업,판관비,휴젤|연결,18364847977,원,DART OpenAPI,2026-09-30
2021Q1,기업,영업이익,휴젤|연결,29458277248,원,DART OpenAPI,2026-09-30
2021Q1,기업,당기순이익,휴젤|연결,19433810877,원,DART OpenAPI,2026-09-30
2021Q1,기업,지배주주순이익,휴젤|연결,18624359437,원,DART OpenAPI,2026-09-30
2021Q1,기업,재고자산,휴젤|연결,22224876511,원,DART OpenAPI,2026-09-30
2021Q1,기업,매출채권,휴젤|연결,32659680111,원,DART OpenAPI,2026-09-30
2021Q1,기업,매출액,휴젤|별도,55797544539,원,DART OpenAPI,2026-09-30
2021Q1,기업,매출총이익,휴젤|별도,37830086874,원,DART OpenAPI,2026-09-30
2021Q1,기업,판관비,휴젤|별도,15637223510,원,DART OpenAPI,2026-09-30
2021Q1,기업,영업이익,휴젤|별도,22192863364,원,DART OpenAPI,2026-09-30
2021Q1,기업,당기순이익,휴젤|별도,14481001480,원,DART OpenAPI,2026-09-30
2021Q1,기업,재고자산,휴젤|별도,19661728351,원,DART OpenAPI,2026-09-30
2021Q1,기업,매출채권,휴젤|별도,31335635929,원,DART OpenAPI,2026-09-30
2021Q1,기업,직원수,휴젤|별도,461,명,DART OpenAPI,2026-09-30
2021Q2,기업,매출액,휴젤|연결,64528228594,원,DART OpenAPI,2026-09-30
2021Q2,기업,매출총이익,휴젤|연결,47278329037,원,DART OpenAPI,2026-09-30
2021Q2,기업,판관비,휴젤|연결,20689658060,원,DART OpenAPI,2026-09-30
2021Q2,기업,영업이익,휴젤|연결,26588670977,원,DART OpenAPI,2026-09-30
2021Q2,기업,당기순이익,휴젤|연결,15398123207,원,DART OpenAPI,2026-09-30
2021Q2,기업,지배주주순이익,휴젤|연결,14695136110,원,DART OpenAPI,2026-09-30
2021Q2,기업,재고자산,휴젤|연결,19399232574,원,DART OpenAPI,2026-09-30
2021Q2,기업,매출채권,휴젤|연결,29931455573,원,DART OpenAPI,2026-09-30
2021Q2,기업,매출액,휴젤|별도,52468822382,원,DART OpenAPI,2026-09-30
2021Q2,기업,매출총이익,휴젤|별도,34097049896,원,DART OpenAPI,2026-09-30
2021Q2,기업,판관비,휴젤|별도,15924572598,원,DART OpenAPI,2026-09-30
2021Q2,기업,영업이익,휴젤|별도,18172477298,원,DART OpenAPI,2026-09-30
2021Q2,기업,당기순이익,휴젤|별도,10168643861,원,DART OpenAPI,2026-09-30
2021Q2,기업,재고자산,휴젤|별도,15790635144,원,DART OpenAPI,2026-09-30
2021Q2,기업,매출채권,휴젤|별도,27476126972,원,DART OpenAPI,2026-09-30
2021Q2,기업,직원수,휴젤|별도,459,명,DART OpenAPI,2026-09-30
2021Q3,기업,매출액,휴젤|연결,55791778910,원,DART OpenAPI,2026-09-30
2021Q3,기업,매출총이익,휴젤|연결,41414151025,원,DART OpenAPI,2026-09-30
2021Q3,기업,판관비,휴젤|연결,20059706107,원,DART OpenAPI,2026-09-30
2021Q3,기업,영업이익,휴젤|연결,21354444918,원,DART OpenAPI,2026-09-30
2021Q3,기업,당기순이익,휴젤|연결,21145777967,원,DART OpenAPI,2026-09-30
2021Q3,기업,지배주주순이익,휴젤|연결,20479226165,원,DART OpenAPI,2026-09-30
2021Q3,기업,재고자산,휴젤|연결,25120626681,원,DART OpenAPI,2026-09-30
2021Q3,기업,매출채권,휴젤|연결,26388645346,원,DART OpenAPI,2026-09-30
2021Q3,기업,매출액,휴젤|별도,45610605267,원,DART OpenAPI,2026-09-30
2021Q3,기업,매출총이익,휴젤|별도,29207359466,원,DART OpenAPI,2026-09-30
2021Q3,기업,판관비,휴젤|별도,14951688998,원,DART OpenAPI,2026-09-30
2021Q3,기업,영업이익,휴젤|별도,14255670468,원,DART OpenAPI,2026-09-30
2021Q3,기업,당기순이익,휴젤|별도,16800555614,원,DART OpenAPI,2026-09-30
2021Q3,기업,재고자산,휴젤|별도,19910195741,원,DART OpenAPI,2026-09-30
2021Q3,기업,매출채권,휴젤|별도,26840057228,원,DART OpenAPI,2026-09-30
2021Q3,기업,직원수,휴젤|별도,468,명,DART OpenAPI,2026-09-30
2021FY,기업,매출액,휴젤|연결,245153111424,원,DART OpenAPI,2026-09-30
2021FY,기업,매출총이익,휴젤|연결,180798965145,원,DART OpenAPI,2026-09-30
2021FY,기업,판관비,휴젤|연결,83639141286,원,DART OpenAPI,2026-09-30
2021FY,기업,영업이익,휴젤|연결,97159823859,원,DART OpenAPI,2026-09-30
2021FY,기업,당기순이익,휴젤|연결,60393105236,원,DART OpenAPI,2026-09-30
2021FY,기업,지배주주순이익,휴젤|연결,57730176340,원,DART OpenAPI,2026-09-30
2021Q4,기업,재고자산,휴젤|연결,27359631008,원,DART OpenAPI,2026-09-30
2021Q4,기업,매출채권,휴젤|연결,28435222882,원,DART OpenAPI,2026-09-30
2021FY,기업,매출액,휴젤|별도,201136525815,원,DART OpenAPI,2026-09-30
2021FY,기업,매출총이익,휴젤|별도,130680893932,원,DART OpenAPI,2026-09-30
2021FY,기업,판관비,휴젤|별도,65342769925,원,DART OpenAPI,2026-09-30
2021FY,기업,영업이익,휴젤|별도,65338124007,원,DART OpenAPI,2026-09-30
2021FY,기업,당기순이익,휴젤|별도,43271402005,원,DART OpenAPI,2026-09-30
2021Q4,기업,재고자산,휴젤|별도,23188816006,원,DART OpenAPI,2026-09-30
2021Q4,기업,매출채권,휴젤|별도,27428482704,원,DART OpenAPI,2026-09-30
2021Q4,기업,직원수,휴젤|별도,472,명,DART OpenAPI,2026-09-30
2022Q1,기업,매출액,휴젤|연결,64899007398,원,DART OpenAPI,2026-09-30
2022Q1,기업,매출총이익,휴젤|연결,47527322955,원,DART OpenAPI,2026-09-30
2022Q1,기업,판관비,휴젤|연결,22540760860,원,DART OpenAPI,2026-09-30
2022Q1,기업,영업이익,휴젤|연결,24986562095,원,DART OpenAPI,2026-09-30
2022Q1,기업,당기순이익,휴젤|연결,15926965864,원,DART OpenAPI,2026-09-30
2022Q1,기업,지배주주순이익,휴젤|연결,14978096783,원,DART OpenAPI,2026-09-30
2022Q1,기업,재고자산,휴젤|연결,28569390537,원,DART OpenAPI,2026-09-30
2022Q1,기업,매출채권,휴젤|연결,29829245472,원,DART OpenAPI,2026-09-30
2022Q1,기업,매출액,휴젤|별도,52998420380,원,DART OpenAPI,2026-09-30
2022Q1,기업,매출총이익,휴젤|별도,34064205350,원,DART OpenAPI,2026-09-30
2022Q1,기업,판관비,휴젤|별도,17184053811,원,DART OpenAPI,2026-09-30
2022Q1,기업,영업이익,휴젤|별도,16880151539,원,DART OpenAPI,2026-09-30
2022Q1,기업,당기순이익,휴젤|별도,10816918474,원,DART OpenAPI,2026-09-30
2022Q1,기업,재고자산,휴젤|별도,24481589922,원,DART OpenAPI,2026-09-30
2022Q1,기업,매출채권,휴젤|별도,29381340246,원,DART OpenAPI,2026-09-30
2022Q1,기업,직원수,휴젤|별도,479,명,DART OpenAPI,2026-09-30
2022Q2,기업,매출액,휴젤|연결,67400702831,원,DART OpenAPI,2026-09-30
2022Q2,기업,매출총이익,휴젤|연결,50577055732,원,DART OpenAPI,2026-09-30
2022Q2,기업,판관비,휴젤|연결,28256556671,원,DART OpenAPI,2026-09-30
2022Q2,기업,영업이익,휴젤|연결,22320499061,원,DART OpenAPI,2026-09-30
2022Q2,기업,당기순이익,휴젤|연결,15396336834,원,DART OpenAPI,2026-09-30
2022Q2,기업,지배주주순이익,휴젤|연결,14779834644,원,DART OpenAPI,2026-09-30
2022Q2,기업,재고자산,휴젤|연결,29247831774,원,DART OpenAPI,2026-09-30
2022Q2,기업,매출채권,휴젤|연결,33791108676,원,DART OpenAPI,2026-09-30
2022Q2,기업,매출액,휴젤|별도,53471875512,원,DART OpenAPI,2026-09-30
2022Q2,기업,매출총이익,휴젤|별도,36331665896,원,DART OpenAPI,2026-09-30
2022Q2,기업,판관비,휴젤|별도,21252986426,원,DART OpenAPI,2026-09-30
2022Q2,기업,영업이익,휴젤|별도,15078679470,원,DART OpenAPI,2026-09-30
2022Q2,기업,당기순이익,휴젤|별도,11640574161,원,DART OpenAPI,2026-09-30
2022Q2,기업,재고자산,휴젤|별도,24558373973,원,DART OpenAPI,2026-09-30
2022Q2,기업,매출채권,휴젤|별도,32507132257,원,DART OpenAPI,2026-09-30
2022Q2,기업,직원수,휴젤|별도,480,명,DART OpenAPI,2026-09-30
2022Q3,기업,매출액,휴젤|연결,70677339756,원,DART OpenAPI,2026-09-30
2022Q3,기업,매출총이익,휴젤|연결,55609991053,원,DART OpenAPI,2026-09-30
2022Q3,기업,판관비,휴젤|연결,30840959576,원,DART OpenAPI,2026-09-30
2022Q3,기업,영업이익,휴젤|연결,24769031477,원,DART OpenAPI,2026-09-30
2022Q3,기업,당기순이익,휴젤|연결,26252154506,원,DART OpenAPI,2026-09-30
2022Q3,기업,지배주주순이익,휴젤|연결,25760615331,원,DART OpenAPI,2026-09-30
2022Q3,기업,재고자산,휴젤|연결,29450750405,원,DART OpenAPI,2026-09-30
2022Q3,기업,매출채권,휴젤|연결,46285967323,원,DART OpenAPI,2026-09-30
2022Q3,기업,매출액,휴젤|별도,55115757009,원,DART OpenAPI,2026-09-30
2022Q3,기업,매출총이익,휴젤|별도,40181749332,원,DART OpenAPI,2026-09-30
2022Q3,기업,판관비,휴젤|별도,22923360188,원,DART OpenAPI,2026-09-30
2022Q3,기업,영업이익,휴젤|별도,17258389144,원,DART OpenAPI,2026-09-30
2022Q3,기업,당기순이익,휴젤|별도,22646291908,원,DART OpenAPI,2026-09-30
2022Q3,기업,재고자산,휴젤|별도,23566423436,원,DART OpenAPI,2026-09-30
2022Q3,기업,매출채권,휴젤|별도,44563626671,원,DART OpenAPI,2026-09-30
2022Q3,기업,직원수,휴젤|별도,498,명,DART OpenAPI,2026-09-30
2022FY,기업,매출액,휴젤|연결,281675135067,원,DART OpenAPI,2026-09-30
2022FY,기업,매출총이익,휴젤|연결,218856882590,원,DART OpenAPI,2026-09-30
2022FY,기업,판관비,휴젤|연결,117478389319,원,DART OpenAPI,2026-09-30
2022FY,기업,영업이익,휴젤|연결,101378493271,원,DART OpenAPI,2026-09-30
2022FY,기업,당기순이익,휴젤|연결,60681761506,원,DART OpenAPI,2026-09-30
2022FY,기업,지배주주순이익,휴젤|연결,57331825842,원,DART OpenAPI,2026-09-30
2022Q4,기업,재고자산,휴젤|연결,26906646505,원,DART OpenAPI,2026-09-30
2022Q4,기업,매출채권,휴젤|연결,53170302881,원,DART OpenAPI,2026-09-30
2022FY,기업,매출액,휴젤|별도,223135011709,원,DART OpenAPI,2026-09-30
2022FY,기업,매출총이익,휴젤|별도,157423460887,원,DART OpenAPI,2026-09-30
2022FY,기업,판관비,휴젤|별도,87256947404,원,DART OpenAPI,2026-09-30
2022FY,기업,영업이익,휴젤|별도,70166513483,원,DART OpenAPI,2026-09-30
2022FY,기업,당기순이익,휴젤|별도,27949078473,원,DART OpenAPI,2026-09-30
2022Q4,기업,재고자산,휴젤|별도,20206487260,원,DART OpenAPI,2026-09-30
2022Q4,기업,매출채권,휴젤|별도,49774280452,원,DART OpenAPI,2026-09-30
2022Q4,기업,직원수,휴젤|별도,512,명,DART OpenAPI,2026-09-30
2023Q1,기업,매출액,휴젤|연결,64380376483,원,DART OpenAPI,2026-09-30
2023Q1,기업,매출총이익,휴젤|연결,50089517547,원,DART OpenAPI,2026-09-30
2023Q1,기업,판관비,휴젤|연결,31589372050,원,DART OpenAPI,2026-09-30
2023Q1,기업,영업이익,휴젤|연결,18500145497,원,DART OpenAPI,2026-09-30
2023Q1,기업,당기순이익,휴젤|연결,16980708446,원,DART OpenAPI,2026-09-30
2023Q1,기업,지배주주순이익,휴젤|연결,16375197374,원,DART OpenAPI,2026-09-30
2023Q1,기업,재고자산,휴젤|연결,30298292277,원,DART OpenAPI,2026-09-30
2023Q1,기업,매출채권,휴젤|연결,43924815883,원,DART OpenAPI,2026-09-30
2023Q1,기업,매출액,휴젤|별도,49770103623,원,DART OpenAPI,2026-09-30
2023Q1,기업,매출총이익,휴젤|별도,33825644901,원,DART OpenAPI,2026-09-30
2023Q1,기업,판관비,휴젤|별도,21438565698,원,DART OpenAPI,2026-09-30
2023Q1,기업,영업이익,휴젤|별도,12387079203,원,DART OpenAPI,2026-09-30
2023Q1,기업,당기순이익,휴젤|별도,12464219471,원,DART OpenAPI,2026-09-30
2023Q1,기업,재고자산,휴젤|별도,23766301251,원,DART OpenAPI,2026-09-30
2023Q1,기업,매출채권,휴젤|별도,42731904186,원,DART OpenAPI,2026-09-30
2023Q1,기업,직원수,휴젤|별도,554,명,DART OpenAPI,2026-09-30
2023Q2,기업,매출액,휴젤|연결,81555538910,원,DART OpenAPI,2026-09-30
2023Q2,기업,매출총이익,휴젤|연결,62865585215,원,DART OpenAPI,2026-09-30
2023Q2,기업,판관비,휴젤|연결,34880154094,원,DART OpenAPI,2026-09-30
2023Q2,기업,영업이익,휴젤|연결,27985431121,원,DART OpenAPI,2026-09-30
2023Q2,기업,당기순이익,휴젤|연결,21408298269,원,DART OpenAPI,2026-09-30
2023Q2,기업,지배주주순이익,휴젤|연결,21110330415,원,DART OpenAPI,2026-09-30
2023Q2,기업,재고자산,휴젤|연결,32795929599,원,DART OpenAPI,2026-09-30
2023Q2,기업,매출채권,휴젤|연결,36977179062,원,DART OpenAPI,2026-09-30
2023Q2,기업,매출액,휴젤|별도,62118237474,원,DART OpenAPI,2026-09-30
2023Q2,기업,매출총이익,휴젤|별도,41259170243,원,DART OpenAPI,2026-09-30
2023Q2,기업,판관비,휴젤|별도,23931589961,원,DART OpenAPI,2026-09-30
2023Q2,기업,영업이익,휴젤|별도,17327580282,원,DART OpenAPI,2026-09-30
2023Q2,기업,당기순이익,휴젤|별도,13995036641,원,DART OpenAPI,2026-09-30
2023Q2,기업,재고자산,휴젤|별도,25232697045,원,DART OpenAPI,2026-09-30
2023Q2,기업,매출채권,휴젤|별도,35762913171,원,DART OpenAPI,2026-09-30
2023Q2,기업,직원수,휴젤|별도,569,명,DART OpenAPI,2026-09-30
2023Q3,기업,매출액,휴젤|연결,84817212854,원,DART OpenAPI,2026-09-30
2023Q3,기업,매출총이익,휴젤|연결,66209926841,원,DART OpenAPI,2026-09-30
2023Q3,기업,판관비,휴젤|연결,31657653125,원,DART OpenAPI,2026-09-30
2023Q3,기업,영업이익,휴젤|연결,34552273716,원,DART OpenAPI,2026-09-30
2023Q3,기업,당기순이익,휴젤|연결,41576358997,원,DART OpenAPI,2026-09-30
2023Q3,기업,지배주주순이익,휴젤|연결,39392678968,원,DART OpenAPI,2026-09-30
2023Q3,기업,재고자산,휴젤|연결,33763892911,원,DART OpenAPI,2026-09-30
2023Q3,기업,매출채권,휴젤|연결,34216971821,원,DART OpenAPI,2026-09-30
2023Q3,기업,매출액,휴젤|별도,60985239571,원,DART OpenAPI,2026-09-30
2023Q3,기업,매출총이익,휴젤|별도,41179193733,원,DART OpenAPI,2026-09-30
2023Q3,기업,판관비,휴젤|별도,24177394517,원,DART OpenAPI,2026-09-30
2023Q3,기업,영업이익,휴젤|별도,17001799216,원,DART OpenAPI,2026-09-30
2023Q3,기업,당기순이익,휴젤|별도,24088287240,원,DART OpenAPI,2026-09-30
2023Q3,기업,재고자산,휴젤|별도,28470246664,원,DART OpenAPI,2026-09-30
2023Q3,기업,매출채권,휴젤|별도,29691754200,원,DART OpenAPI,2026-09-30
2023Q3,기업,직원수,휴젤|별도,592,명,DART OpenAPI,2026-09-30
2023FY,기업,매출액,휴젤|연결,319699941151,원,DART OpenAPI,2026-09-30
2023FY,기업,매출총이익,휴젤|연결,246162831212,원,DART OpenAPI,2026-09-30
2023FY,기업,판관비,휴젤|연결,128381045257,원,DART OpenAPI,2026-09-30
2023FY,기업,영업이익,휴젤|연결,117781785955,원,DART OpenAPI,2026-09-30
2023FY,기업,당기순이익,휴젤|연결,97660299628,원,DART OpenAPI,2026-09-30
2023FY,기업,지배주주순이익,휴젤|연결,93076068773,원,DART OpenAPI,2026-09-30
2023Q4,기업,재고자산,휴젤|연결,34280808291,원,DART OpenAPI,2026-09-30
2023Q4,기업,매출채권,휴젤|연결,44148484834,원,DART OpenAPI,2026-09-30
2023FY,기업,매출액,휴젤|별도,241395409455,원,DART OpenAPI,2026-09-30
2023FY,기업,매출총이익,휴젤|별도,160572440775,원,DART OpenAPI,2026-09-30
2023FY,기업,판관비,휴젤|별도,93125610568,원,DART OpenAPI,2026-09-30
2023FY,기업,영업이익,휴젤|별도,67446830207,원,DART OpenAPI,2026-09-30
2023FY,기업,당기순이익,휴젤|별도,67932763495,원,DART OpenAPI,2026-09-30
2023Q4,기업,재고자산,휴젤|별도,27206716108,원,DART OpenAPI,2026-09-30
2023Q4,기업,매출채권,휴젤|별도,41079646865,원,DART OpenAPI,2026-09-30
2023Q4,기업,직원수,휴젤|별도,611,명,DART OpenAPI,2026-09-30
2024Q1,기업,매출액,휴젤|연결,74306211152,원,DART OpenAPI,2026-09-30
2024Q1,기업,매출총이익,휴젤|연결,57090344608,원,DART OpenAPI,2026-09-30
2024Q1,기업,판관비,휴젤|연결,33134836785,원,DART OpenAPI,2026-09-30
2024Q1,기업,영업이익,휴젤|연결,23955507823,원,DART OpenAPI,2026-09-30
2024Q1,기업,당기순이익,휴젤|연결,22726498650,원,DART OpenAPI,2026-09-30
2024Q1,기업,지배주주순이익,휴젤|연결,20805011235,원,DART OpenAPI,2026-09-30
2024Q1,기업,재고자산,휴젤|연결,43952084710,원,DART OpenAPI,2026-09-30
2024Q1,기업,매출채권,휴젤|연결,26716867515,원,DART OpenAPI,2026-09-30
2024Q1,기업,매출액,휴젤|별도,53166411654,원,DART OpenAPI,2026-09-30
2024Q1,기업,매출총이익,휴젤|별도,36088909162,원,DART OpenAPI,2026-09-30
2024Q1,기업,판관비,휴젤|별도,25817684190,원,DART OpenAPI,2026-09-30
2024Q1,기업,영업이익,휴젤|별도,10271224972,원,DART OpenAPI,2026-09-30
2024Q1,기업,당기순이익,휴젤|별도,11136338724,원,DART OpenAPI,2026-09-30
2024Q1,기업,재고자산,휴젤|별도,34533555323,원,DART OpenAPI,2026-09-30
2024Q1,기업,매출채권,휴젤|별도,23825370075,원,DART OpenAPI,2026-09-30
2024Q1,기업,직원수,휴젤|별도,629,명,DART OpenAPI,2026-09-30
2024Q2,기업,매출액,휴젤|연결,95423375602,원,DART OpenAPI,2026-09-30
2024Q2,기업,매출총이익,휴젤|연결,71499140311,원,DART OpenAPI,2026-09-30
2024Q2,기업,판관비,휴젤|연결,29068098783,원,DART OpenAPI,2026-09-30
2024Q2,기업,영업이익,휴젤|연결,42431041528,원,DART OpenAPI,2026-09-30
2024Q2,기업,당기순이익,휴젤|연결,36978818606,원,DART OpenAPI,2026-09-30
2024Q2,기업,지배주주순이익,휴젤|연결,34778817307,원,DART OpenAPI,2026-09-30
2024Q2,기업,재고자산,휴젤|연결,43610321246,원,DART OpenAPI,2026-09-30
2024Q2,기업,매출채권,휴젤|연결,39501711338,원,DART OpenAPI,2026-09-30
2024Q2,기업,매출액,휴젤|별도,71028531144,원,DART OpenAPI,2026-09-30
2024Q2,기업,매출총이익,휴젤|별도,47073278310,원,DART OpenAPI,2026-09-30
2024Q2,기업,판관비,휴젤|별도,22872411229,원,DART OpenAPI,2026-09-30
2024Q2,기업,영업이익,휴젤|별도,24200867081,원,DART OpenAPI,2026-09-30
2024Q2,기업,당기순이익,휴젤|별도,21420595721,원,DART OpenAPI,2026-09-30
2024Q2,기업,재고자산,휴젤|별도,34398236864,원,DART OpenAPI,2026-09-30
2024Q2,기업,매출채권,휴젤|별도,37744824532,원,DART OpenAPI,2026-09-30
2024Q2,기업,직원수,휴젤|별도,631,명,DART OpenAPI,2026-09-30
2024Q3,기업,매출액,휴젤|연결,105108731181,원,DART OpenAPI,2026-09-30
2024Q3,기업,매출총이익,휴젤|연결,82863818028,원,DART OpenAPI,2026-09-30
2024Q3,기업,판관비,휴젤|연결,29483373539,원,DART OpenAPI,2026-09-30
2024Q3,기업,영업이익,휴젤|연결,53380444489,원,DART OpenAPI,2026-09-30
2024Q3,기업,당기순이익,휴젤|연결,42029434819,원,DART OpenAPI,2026-09-30
2024Q3,기업,지배주주순이익,휴젤|연결,40262279636,원,DART OpenAPI,2026-09-30
2024Q3,기업,재고자산,휴젤|연결,43569762662,원,DART OpenAPI,2026-09-30
2024Q3,기업,매출채권,휴젤|연결,42900582873,원,DART OpenAPI,2026-09-30
2024Q3,기업,매출액,휴젤|별도,73277972552,원,DART OpenAPI,2026-09-30
2024Q3,기업,매출총이익,휴젤|별도,52429113488,원,DART OpenAPI,2026-09-30
2024Q3,기업,판관비,휴젤|별도,22925963972,원,DART OpenAPI,2026-09-30
2024Q3,기업,영업이익,휴젤|별도,29503149516,원,DART OpenAPI,2026-09-30
2024Q3,기업,당기순이익,휴젤|별도,22983046380,원,DART OpenAPI,2026-09-30
2024Q3,기업,재고자산,휴젤|별도,33658332476,원,DART OpenAPI,2026-09-30
2024Q3,기업,매출채권,휴젤|별도,46943092150,원,DART OpenAPI,2026-09-30
2024Q3,기업,직원수,휴젤|별도,624,명,DART OpenAPI,2026-09-30
2024FY,기업,매출액,휴젤|연결,373046885998,원,DART OpenAPI,2026-09-30
2024FY,기업,매출총이익,휴젤|연결,287175496572,원,DART OpenAPI,2026-09-30
2024FY,기업,판관비,휴젤|연결,120946325954,원,DART OpenAPI,2026-09-30
2024FY,기업,영업이익,휴젤|연결,166229170618,원,DART OpenAPI,2026-09-30
2024FY,기업,당기순이익,휴젤|연결,143134582847,원,DART OpenAPI,2026-09-30
2024FY,기업,지배주주순이익,휴젤|연결,135813576902,원,DART OpenAPI,2026-09-30
2024Q4,기업,재고자산,휴젤|연결,42645944090,원,DART OpenAPI,2026-09-30
2024Q4,기업,매출채권,휴젤|연결,48373138006,원,DART OpenAPI,2026-09-30
2024FY,기업,매출액,휴젤|별도,269014929779,원,DART OpenAPI,2026-09-30
2024FY,기업,매출총이익,휴젤|별도,186731825455,원,DART OpenAPI,2026-09-30
2024FY,기업,판관비,휴젤|별도,93157953245,원,DART OpenAPI,2026-09-30
2024FY,기업,영업이익,휴젤|별도,93573872210,원,DART OpenAPI,2026-09-30
2024FY,기업,당기순이익,휴젤|별도,73174874038,원,DART OpenAPI,2026-09-30
2024Q4,기업,재고자산,휴젤|별도,32532809476,원,DART OpenAPI,2026-09-30
2024Q4,기업,매출채권,휴젤|별도,45463442664,원,DART OpenAPI,2026-09-30
2024Q4,기업,직원수,휴젤|별도,609,명,DART OpenAPI,2026-09-30
2025Q1,기업,매출액,휴젤|연결,89820459818,원,DART OpenAPI,2026-09-30
2025Q1,기업,매출총이익,휴젤|연결,69022268239,원,DART OpenAPI,2026-09-30
2025Q1,기업,판관비,휴젤|연결,30068691419,원,DART OpenAPI,2026-09-30
2025Q1,기업,영업이익,휴젤|연결,38953576820,원,DART OpenAPI,2026-09-30
2025Q1,기업,당기순이익,휴젤|연결,30887166046,원,DART OpenAPI,2026-09-30
2025Q1,기업,지배주주순이익,휴젤|연결,29061819257,원,DART OpenAPI,2026-09-30
2025Q1,기업,재고자산,휴젤|연결,42280512322,원,DART OpenAPI,2026-09-30
2025Q1,기업,매출채권,휴젤|연결,38160287820,원,DART OpenAPI,2026-09-30
2025Q1,기업,매출액,휴젤|별도,66250063803,원,DART OpenAPI,2026-09-30
2025Q1,기업,매출총이익,휴젤|별도,46612624285,원,DART OpenAPI,2026-09-30
2025Q1,기업,판관비,휴젤|별도,23379727628,원,DART OpenAPI,2026-09-30
2025Q1,기업,영업이익,휴젤|별도,23232896657,원,DART OpenAPI,2026-09-30
2025Q1,기업,당기순이익,휴젤|별도,18479642678,원,DART OpenAPI,2026-09-30
2025Q1,기업,재고자산,휴젤|별도,32307110863,원,DART OpenAPI,2026-09-30
2025Q1,기업,매출채권,휴젤|별도,34848067535,원,DART OpenAPI,2026-09-30
2025Q1,기업,직원수,휴젤|별도,622,명,DART OpenAPI,2026-09-30
2025Q2,기업,매출액,휴젤|연결,110260417924,원,DART OpenAPI,2026-09-30
2025Q2,기업,매출총이익,휴젤|연결,86622127186,원,DART OpenAPI,2026-09-30
2025Q2,기업,판관비,휴젤|연결,29951812181,원,DART OpenAPI,2026-09-30
2025Q2,기업,영업이익,휴젤|연결,56670315005,원,DART OpenAPI,2026-09-30
2025Q2,기업,당기순이익,휴젤|연결,38213817234,원,DART OpenAPI,2026-09-30
2025Q2,기업,지배주주순이익,휴젤|연결,36427747733,원,DART OpenAPI,2026-09-30
2025Q2,기업,재고자산,휴젤|연결,46330969246,원,DART OpenAPI,2026-09-30
2025Q2,기업,매출채권,휴젤|연결,56856221237,원,DART OpenAPI,2026-09-30
2025Q2,기업,매출액,휴젤|별도,72311207771,원,DART OpenAPI,2026-09-30
2025Q2,기업,매출총이익,휴젤|별도,50697453159,원,DART OpenAPI,2026-09-30
2025Q2,기업,판관비,휴젤|별도,22813910894,원,DART OpenAPI,2026-09-30
2025Q2,기업,영업이익,휴젤|별도,27883542265,원,DART OpenAPI,2026-09-30
2025Q2,기업,당기순이익,휴젤|별도,16659020792,원,DART OpenAPI,2026-09-30
2025Q2,기업,재고자산,휴젤|별도,36844682325,원,DART OpenAPI,2026-09-30
2025Q2,기업,매출채권,휴젤|별도,45769738804,원,DART OpenAPI,2026-09-30
2025Q2,기업,직원수,휴젤|별도,625,명,DART OpenAPI,2026-09-30
2025Q3,기업,매출액,휴젤|연결,105898058047,원,DART OpenAPI,2026-09-30
2025Q3,기업,매출총이익,휴젤|연결,81662751371,원,DART OpenAPI,2026-09-30
2025Q3,기업,판관비,휴젤|연결,34260834026,원,DART OpenAPI,2026-09-30
2025Q3,기업,영업이익,휴젤|연결,47401917345,원,DART OpenAPI,2026-09-30
2025Q3,기업,당기순이익,휴젤|연결,38043614462,원,DART OpenAPI,2026-09-30
2025Q3,기업,지배주주순이익,휴젤|연결,36812610726,원,DART OpenAPI,2026-09-30
2025Q3,기업,재고자산,휴젤|연결,52081477070,원,DART OpenAPI,2026-09-30
2025Q3,기업,매출채권,휴젤|연결,75700443571,원,DART OpenAPI,2026-09-30
2025Q3,기업,매출액,휴젤|별도,74008446756,원,DART OpenAPI,2026-09-30
2025Q3,기업,매출총이익,휴젤|별도,51677485536,원,DART OpenAPI,2026-09-30
2025Q3,기업,판관비,휴젤|별도,27147003190,원,DART OpenAPI,2026-09-30
2025Q3,기업,영업이익,휴젤|별도,24530482346,원,DART OpenAPI,2026-09-30
2025Q3,기업,당기순이익,휴젤|별도,19941295584,원,DART OpenAPI,2026-09-30
2025Q3,기업,재고자산,휴젤|별도,42613488636,원,DART OpenAPI,2026-09-30
2025Q3,기업,매출채권,휴젤|별도,69323038806,원,DART OpenAPI,2026-09-30
2025Q3,기업,직원수,휴젤|별도,625,명,DART OpenAPI,2026-09-30
2025FY,기업,매출액,휴젤|연결,425109983561,원,DART OpenAPI,2026-09-30
2025FY,기업,매출총이익,휴젤|연결,333484127072,원,DART OpenAPI,2026-09-30
2025FY,기업,판관비,휴젤|연결,132632794157,원,DART OpenAPI,2026-09-30
2025FY,기업,영업이익,휴젤|연결,200851332915,원,DART OpenAPI,2026-09-30
2025FY,기업,당기순이익,휴젤|연결,146974291500,원,DART OpenAPI,2026-09-30
2025FY,기업,지배주주순이익,휴젤|연결,140871770938,원,DART OpenAPI,2026-09-30
2025Q4,기업,재고자산,휴젤|연결,55845161168,원,DART OpenAPI,2026-09-30
2025Q4,기업,매출채권,휴젤|연결,74988539187,원,DART OpenAPI,2026-09-30
2025FY,기업,매출액,휴젤|별도,292849776347,원,DART OpenAPI,2026-09-30
2025FY,기업,매출총이익,휴젤|별도,209733142609,원,DART OpenAPI,2026-09-30
2025FY,기업,판관비,휴젤|별도,102882001640,원,DART OpenAPI,2026-09-30
2025FY,기업,영업이익,휴젤|별도,106851140969,원,DART OpenAPI,2026-09-30
2025FY,기업,당기순이익,휴젤|별도,80099400623,원,DART OpenAPI,2026-09-30
2025Q4,기업,재고자산,휴젤|별도,46275035975,원,DART OpenAPI,2026-09-30
2025Q4,기업,매출채권,휴젤|별도,65055724662,원,DART OpenAPI,2026-09-30
2025Q4,기업,직원수,휴젤|별도,629,명,DART OpenAPI,2026-09-30
2026Q1,기업,매출액,휴젤|연결,116639119757,원,DART OpenAPI,2026-09-30
2026Q1,기업,매출총이익,휴젤|연결,90084456983,원,DART OpenAPI,2026-09-30
2026Q1,기업,판관비,휴젤|연결,42459476551,원,DART OpenAPI,2026-09-30
2026Q1,기업,영업이익,휴젤|연결,47624980432,원,DART OpenAPI,2026-09-30
2026Q1,기업,당기순이익,휴젤|연결,40606657391,원,DART OpenAPI,2026-09-30
2026Q1,기업,지배주주순이익,휴젤|연결,39254886257,원,DART OpenAPI,2026-09-30
2026Q1,기업,재고자산,휴젤|연결,55041497790,원,DART OpenAPI,2026-09-30
2026Q1,기업,매출채권,휴젤|연결,74339481586,원,DART OpenAPI,2026-09-30
2026Q1,기업,매출액,휴젤|별도,84002524309,원,DART OpenAPI,2026-09-30
2026Q1,기업,매출총이익,휴젤|별도,59955060465,원,DART OpenAPI,2026-09-30
2026Q1,기업,판관비,휴젤|별도,30294835005,원,DART OpenAPI,2026-09-30
2026Q1,기업,영업이익,휴젤|별도,29660225460,원,DART OpenAPI,2026-09-30
2026Q1,기업,당기순이익,휴젤|별도,26867577184,원,DART OpenAPI,2026-09-30
2026Q1,기업,재고자산,휴젤|별도,45872810206,원,DART OpenAPI,2026-09-30
2026Q1,기업,매출채권,휴젤|별도,66323541829,원,DART OpenAPI,2026-09-30
2026Q1,기업,직원수,휴젤|별도,637,명,DART OpenAPI,2026-09-30
2026Q2,기업,매출액,휴젤|연결,137903428646,원,DART OpenAPI,2026-09-30
2026Q2,기업,매출총이익,휴젤|연결,105761439333,원,DART OpenAPI,2026-09-30
2026Q2,기업,판관비,휴젤|연결,49730991766,원,DART OpenAPI,2026-09-30
2026Q2,기업,영업이익,휴젤|연결,56030447567,원,DART OpenAPI,2026-09-30
2026Q2,기업,당기순이익,휴젤|연결,44738790809,원,DART OpenAPI,2026-09-30
2026Q2,기업,지배주주순이익,휴젤|연결,43339861687,원,DART OpenAPI,2026-09-30
2026Q2,기업,재고자산,휴젤|연결,57141403552,원,DART OpenAPI,2026-09-30
2026Q2,기업,매출채권,휴젤|연결,87357824777,원,DART OpenAPI,2026-09-30
2026Q2,기업,매출액,휴젤|별도,101733494875,원,DART OpenAPI,2026-09-30
2026Q2,기업,매출총이익,휴젤|별도,73128390735,원,DART OpenAPI,2026-09-30
2026Q2,기업,판관비,휴젤|별도,31935160752,원,DART OpenAPI,2026-09-30
2026Q2,기업,영업이익,휴젤|별도,41193229983,원,DART OpenAPI,2026-09-30
2026Q2,기업,당기순이익,휴젤|별도,33600842113,원,DART OpenAPI,2026-09-30
2026Q2,기업,재고자산,휴젤|별도,47083526817,원,DART OpenAPI,2026-09-30
2026Q2,기업,매출채권,휴젤|별도,77160774960,원,DART OpenAPI,2026-09-30
2026Q2,기업,직원수,휴젤|별도,656,명,DART OpenAPI,2026-09-30
2020Q1,기업,매출액,클래시스|연결,21429025819,원,DART OpenAPI,2026-09-30
2020Q1,기업,매출총이익,클래시스|연결,17519001564,원,DART OpenAPI,2026-09-30
2020Q1,기업,판관비,클래시스|연결,4085222637,원,DART OpenAPI,2026-09-30
2020Q1,기업,영업이익,클래시스|연결,13433778927,원,DART OpenAPI,2026-09-30
2020Q1,기업,당기순이익,클래시스|연결,11403885916,원,DART OpenAPI,2026-09-30
2020Q1,기업,지배주주순이익,클래시스|연결,11403885916,원,DART OpenAPI,2026-09-30
2020Q1,기업,재고자산,클래시스|연결,9408744770,원,DART OpenAPI,2026-09-30
2020Q1,기업,매출채권,클래시스|연결,4041910414,원,DART OpenAPI,2026-09-30
2020Q1,기업,매출액,클래시스|별도,21261637804,원,DART OpenAPI,2026-09-30
2020Q1,기업,매출총이익,클래시스|별도,17359555875,원,DART OpenAPI,2026-09-30
2020Q1,기업,판관비,클래시스|별도,3985144042,원,DART OpenAPI,2026-09-30
2020Q1,기업,영업이익,클래시스|별도,13374411833,원,DART OpenAPI,2026-09-30
2020Q1,기업,당기순이익,클래시스|별도,11344510497,원,DART OpenAPI,2026-09-30
2020Q1,기업,재고자산,클래시스|별도,9370581739,원,DART OpenAPI,2026-09-30
2020Q1,기업,매출채권,클래시스|별도,4080416210,원,DART OpenAPI,2026-09-30
2020Q1,기업,직원수,클래시스|별도,184,명,DART OpenAPI,2026-09-30
2020Q2,기업,매출액,클래시스|연결,14590129124,원,DART OpenAPI,2026-09-30
2020Q2,기업,매출총이익,클래시스|연결,11402302325,원,DART OpenAPI,2026-09-30
2020Q2,기업,판관비,클래시스|연결,5035040563,원,DART OpenAPI,2026-09-30
2020Q2,기업,영업이익,클래시스|연결,6367261762,원,DART OpenAPI,2026-09-30
2020Q2,기업,당기순이익,클래시스|연결,4719942152,원,DART OpenAPI,2026-09-30
2020Q2,기업,지배주주순이익,클래시스|연결,4719942152,원,DART OpenAPI,2026-09-30
2020Q2,기업,재고자산,클래시스|연결,11140338174,원,DART OpenAPI,2026-09-30
2020Q2,기업,매출채권,클래시스|연결,3174659378,원,DART OpenAPI,2026-09-30
2020Q2,기업,매출액,클래시스|별도,14413155963,원,DART OpenAPI,2026-09-30
2020Q2,기업,매출총이익,클래시스|별도,11216466821,원,DART OpenAPI,2026-09-30
2020Q2,기업,판관비,클래시스|별도,4899830352,원,DART OpenAPI,2026-09-30
2020Q2,기업,영업이익,클래시스|별도,6316636469,원,DART OpenAPI,2026-09-30
2020Q2,기업,당기순이익,클래시스|별도,4669514915,원,DART OpenAPI,2026-09-30
2020Q2,기업,재고자산,클래시스|별도,11095061266,원,DART OpenAPI,2026-09-30
2020Q2,기업,매출채권,클래시스|별도,3239729919,원,DART OpenAPI,2026-09-30
2020Q2,기업,직원수,클래시스|별도,182,명,DART OpenAPI,2026-09-30
2020Q3,기업,매출액,클래시스|연결,19564878380,원,DART OpenAPI,2026-09-30
2020Q3,기업,매출총이익,클래시스|연결,15989194736,원,DART OpenAPI,2026-09-30
2020Q3,기업,판관비,클래시스|연결,4124843140,원,DART OpenAPI,2026-09-30
2020Q3,기업,영업이익,클래시스|연결,11864351596,원,DART OpenAPI,2026-09-30
2020Q3,기업,당기순이익,클래시스|연결,8826918317,원,DART OpenAPI,2026-09-30
2020Q3,기업,지배주주순이익,클래시스|연결,8826918317,원,DART OpenAPI,2026-09-30
2020Q3,기업,재고자산,클래시스|연결,12089852884,원,DART OpenAPI,2026-09-30
2020Q3,기업,매출채권,클래시스|연결,3101059903,원,DART OpenAPI,2026-09-30
2020Q3,기업,매출액,클래시스|별도,19416377063,원,DART OpenAPI,2026-09-30
2020Q3,기업,매출총이익,클래시스|별도,15854567223,원,DART OpenAPI,2026-09-30
2020Q3,기업,판관비,클래시스|별도,4013546917,원,DART OpenAPI,2026-09-30
2020Q3,기업,영업이익,클래시스|별도,11841020306,원,DART OpenAPI,2026-09-30
2020Q3,기업,당기순이익,클래시스|별도,8800294917,원,DART OpenAPI,2026-09-30
2020Q3,기업,재고자산,클래시스|별도,12060779989,원,DART OpenAPI,2026-09-30
2020Q3,기업,매출채권,클래시스|별도,3112075137,원,DART OpenAPI,2026-09-30
2020Q3,기업,직원수,클래시스|별도,177,명,DART OpenAPI,2026-09-30
2020FY,기업,매출액,클래시스|연결,76460931514,원,DART OpenAPI,2026-09-30
2020FY,기업,매출총이익,클래시스|연결,60959256050,원,DART OpenAPI,2026-09-30
2020FY,기업,판관비,클래시스|연결,20350687039,원,DART OpenAPI,2026-09-30
2020FY,기업,영업이익,클래시스|연결,40608569011,원,DART OpenAPI,2026-09-30
2020FY,기업,당기순이익,클래시스|연결,38164823423,원,DART OpenAPI,2026-09-30
2020FY,기업,지배주주순이익,클래시스|연결,38164823423,원,DART OpenAPI,2026-09-30
2020Q4,기업,재고자산,클래시스|연결,9940294738,원,DART OpenAPI,2026-09-30
2020Q4,기업,매출채권,클래시스|연결,3466866129,원,DART OpenAPI,2026-09-30
2020FY,기업,매출액,클래시스|별도,75857104156,원,DART OpenAPI,2026-09-30
2020FY,기업,매출총이익,클래시스|별도,60374731439,원,DART OpenAPI,2026-09-30
2020FY,기업,판관비,클래시스|별도,19909892232,원,DART OpenAPI,2026-09-30
2020FY,기업,영업이익,클래시스|별도,40464839207,원,DART OpenAPI,2026-09-30
2020FY,기업,당기순이익,클래시스|별도,38050186549,원,DART OpenAPI,2026-09-30
2020Q4,기업,재고자산,클래시스|별도,9916140772,원,DART OpenAPI,2026-09-30
2020Q4,기업,매출채권,클래시스|별도,3474463825,원,DART OpenAPI,2026-09-30
2020Q4,기업,직원수,클래시스|별도,185,명,DART OpenAPI,2026-09-30
2021Q1,기업,매출액,클래시스|연결,21320567665,원,DART OpenAPI,2026-09-30
2021Q1,기업,매출총이익,클래시스|연결,16726475130,원,DART OpenAPI,2026-09-30
2021Q1,기업,판관비,클래시스|연결,5831905134,원,DART OpenAPI,2026-09-30
2021Q1,기업,영업이익,클래시스|연결,10894569996,원,DART OpenAPI,2026-09-30
2021Q1,기업,당기순이익,클래시스|연결,9562254068,원,DART OpenAPI,2026-09-30
2021Q1,기업,지배주주순이익,클래시스|연결,9562254068,원,DART OpenAPI,2026-09-30
2021Q1,기업,재고자산,클래시스|연결,9188777758,원,DART OpenAPI,2026-09-30
2021Q1,기업,매출채권,클래시스|연결,4437186564,원,DART OpenAPI,2026-09-30
2021Q1,기업,매출액,클래시스|별도,21238033712,원,DART OpenAPI,2026-09-30
2021Q1,기업,매출총이익,클래시스|별도,16656729798,원,DART OpenAPI,2026-09-30
2021Q1,기업,판관비,클래시스|별도,5774800717,원,DART OpenAPI,2026-09-30
2021Q1,기업,영업이익,클래시스|별도,10881929081,원,DART OpenAPI,2026-09-30
2021Q1,기업,당기순이익,클래시스|별도,9542443810,원,DART OpenAPI,2026-09-30
2021Q1,기업,재고자산,클래시스|별도,9176358460,원,DART OpenAPI,2026-09-30
2021Q1,기업,매출채권,클래시스|별도,4437537184,원,DART OpenAPI,2026-09-30
2021Q1,기업,직원수,클래시스|별도,207,명,DART OpenAPI,2026-09-30
2021Q2,기업,매출액,클래시스|연결,29489774570,원,DART OpenAPI,2026-09-30
2021Q2,기업,매출총이익,클래시스|연결,23016270935,원,DART OpenAPI,2026-09-30
2021Q2,기업,판관비,클래시스|연결,6960609904,원,DART OpenAPI,2026-09-30
2021Q2,기업,영업이익,클래시스|연결,16055661031,원,DART OpenAPI,2026-09-30
2021Q2,기업,당기순이익,클래시스|연결,12039163775,원,DART OpenAPI,2026-09-30
2021Q2,기업,지배주주순이익,클래시스|연결,12039163775,원,DART OpenAPI,2026-09-30
2021Q2,기업,재고자산,클래시스|연결,10023948367,원,DART OpenAPI,2026-09-30
2021Q2,기업,매출채권,클래시스|연결,3853979302,원,DART OpenAPI,2026-09-30
2021Q2,기업,매출액,클래시스|별도,29422992274,원,DART OpenAPI,2026-09-30
2021Q2,기업,매출총이익,클래시스|별도,22963518303,원,DART OpenAPI,2026-09-30
2021Q2,기업,판관비,클래시스|별도,6911644552,원,DART OpenAPI,2026-09-30
2021Q2,기업,영업이익,클래시스|별도,16051873751,원,DART OpenAPI,2026-09-30
2021Q2,기업,당기순이익,클래시스|별도,12035355766,원,DART OpenAPI,2026-09-30
2021Q2,기업,재고자산,클래시스|별도,10009200738,원,DART OpenAPI,2026-09-30
2021Q2,기업,매출채권,클래시스|별도,3864167338,원,DART OpenAPI,2026-09-30
2021Q2,기업,직원수,클래시스|별도,220,명,DART OpenAPI,2026-09-30
2021Q3,기업,매출액,클래시스|연결,24466302029,원,DART OpenAPI,2026-09-30
2021Q3,기업,매출총이익,클래시스|연결,19152292642,원,DART OpenAPI,2026-09-30
2021Q3,기업,판관비,클래시스|연결,5823514755,원,DART OpenAPI,2026-09-30
2021Q3,기업,영업이익,클래시스|연결,13328777887,원,DART OpenAPI,2026-09-30
2021Q3,기업,당기순이익,클래시스|연결,12523476034,원,DART OpenAPI,2026-09-30
2021Q3,기업,지배주주순이익,클래시스|연결,12523476034,원,DART OpenAPI,2026-09-30
2021Q3,기업,재고자산,클래시스|연결,12690405835,원,DART OpenAPI,2026-09-30
2021Q3,기업,매출채권,클래시스|연결,3726114702,원,DART OpenAPI,2026-09-30
2021Q3,기업,매출액,클래시스|별도,24402185940,원,DART OpenAPI,2026-09-30
2021Q3,기업,매출총이익,클래시스|별도,19101007891,원,DART OpenAPI,2026-09-30
2021Q3,기업,판관비,클래시스|별도,5761109006,원,DART OpenAPI,2026-09-30
2021Q3,기업,영업이익,클래시스|별도,13339898885,원,DART OpenAPI,2026-09-30
2021Q3,기업,당기순이익,클래시스|별도,12534370564,원,DART OpenAPI,2026-09-30
2021Q3,기업,재고자산,클래시스|별도,12672895055,원,DART OpenAPI,2026-09-30
2021Q3,기업,매출채권,클래시스|별도,3742260138,원,DART OpenAPI,2026-09-30
2021Q3,기업,직원수,클래시스|별도,245,명,DART OpenAPI,2026-09-30
2021FY,기업,매출액,클래시스|연결,100596935574,원,DART OpenAPI,2026-09-30
2021FY,기업,매출총이익,클래시스|연결,77852663863,원,DART OpenAPI,2026-09-30
2021FY,기업,판관비,클래시스|연결,26139943465,원,DART OpenAPI,2026-09-30
2021FY,기업,영업이익,클래시스|연결,51712720398,원,DART OpenAPI,2026-09-30
2021FY,기업,당기순이익,클래시스|연결,43804676382,원,DART OpenAPI,2026-09-30
2021FY,기업,지배주주순이익,클래시스|연결,43804676382,원,DART OpenAPI,2026-09-30
2021Q4,기업,재고자산,클래시스|연결,16465363683,원,DART OpenAPI,2026-09-30
2021Q4,기업,매출채권,클래시스|연결,2115901774,원,DART OpenAPI,2026-09-30
2021FY,기업,매출액,클래시스|별도,100343763306,원,DART OpenAPI,2026-09-30
2021FY,기업,매출총이익,클래시스|별도,77633810884,원,DART OpenAPI,2026-09-30
2021FY,기업,판관비,클래시스|별도,25925396165,원,DART OpenAPI,2026-09-30
2021FY,기업,영업이익,클래시스|별도,51708414719,원,DART OpenAPI,2026-09-30
2021FY,기업,당기순이익,클래시스|별도,43800595099,원,DART OpenAPI,2026-09-30
2021Q4,기업,재고자산,클래시스|별도,16441947885,원,DART OpenAPI,2026-09-30
2021Q4,기업,매출채권,클래시스|별도,2144686553,원,DART OpenAPI,2026-09-30
2021Q4,기업,직원수,클래시스|별도,273,명,DART OpenAPI,2026-09-30
2022Q1,기업,매출액,클래시스|연결,35381923747,원,DART OpenAPI,2026-09-30
2022Q1,기업,매출총이익,클래시스|연결,26581602557,원,DART OpenAPI,2026-09-30
2022Q1,기업,판관비,클래시스|연결,9876723392,원,DART OpenAPI,2026-09-30
2022Q1,기업,영업이익,클래시스|연결,16704879165,원,DART OpenAPI,2026-09-30
2022Q1,기업,당기순이익,클래시스|연결,12816563552,원,DART OpenAPI,2026-09-30
2022Q1,기업,지배주주순이익,클래시스|연결,12816563552,원,DART OpenAPI,2026-09-30
2022Q1,기업,재고자산,클래시스|연결,18897354263,원,DART OpenAPI,2026-09-30
2022Q1,기업,매출채권,클래시스|연결,5946614313,원,DART OpenAPI,2026-09-30
2022Q1,기업,매출액,클래시스|별도,35295944419,원,DART OpenAPI,2026-09-30
2022Q1,기업,매출총이익,클래시스|별도,26497301286,원,DART OpenAPI,2026-09-30
2022Q1,기업,판관비,클래시스|별도,9804801975,원,DART OpenAPI,2026-09-30
2022Q1,기업,영업이익,클래시스|별도,16692499311,원,DART OpenAPI,2026-09-30
2022Q1,기업,당기순이익,클래시스|별도,12811179042,원,DART OpenAPI,2026-09-30
2022Q1,기업,재고자산,클래시스|별도,18876429879,원,DART OpenAPI,2026-09-30
2022Q1,기업,매출채권,클래시스|별도,5930079910,원,DART OpenAPI,2026-09-30
2022Q1,기업,직원수,클래시스|별도,303,명,DART OpenAPI,2026-09-30
2022Q2,기업,매출액,클래시스|연결,32684579300,원,DART OpenAPI,2026-09-30
2022Q2,기업,매출총이익,클래시스|연결,24407114644,원,DART OpenAPI,2026-09-30
2022Q2,기업,판관비,클래시스|연결,9144952585,원,DART OpenAPI,2026-09-30
2022Q2,기업,영업이익,클래시스|연결,15262162059,원,DART OpenAPI,2026-09-30
2022Q2,기업,당기순이익,클래시스|연결,13807994423,원,DART OpenAPI,2026-09-30
2022Q2,기업,지배주주순이익,클래시스|연결,13807994423,원,DART OpenAPI,2026-09-30
2022Q2,기업,재고자산,클래시스|연결,22425612138,원,DART OpenAPI,2026-09-30
2022Q2,기업,매출채권,클래시스|연결,5349629233,원,DART OpenAPI,2026-09-30
2022Q2,기업,매출액,클래시스|별도,32550891711,원,DART OpenAPI,2026-09-30
2022Q2,기업,매출총이익,클래시스|별도,24297807718,원,DART OpenAPI,2026-09-30
2022Q2,기업,판관비,클래시스|별도,9074078461,원,DART OpenAPI,2026-09-30
2022Q2,기업,영업이익,클래시스|별도,15223729257,원,DART OpenAPI,2026-09-30
2022Q2,기업,당기순이익,클래시스|별도,13770077993,원,DART OpenAPI,2026-09-30
2022Q2,기업,재고자산,클래시스|별도,22391738073,원,DART OpenAPI,2026-09-30
2022Q2,기업,매출채권,클래시스|별도,5376086442,원,DART OpenAPI,2026-09-30
2022Q2,기업,직원수,클래시스|별도,311,명,DART OpenAPI,2026-09-30
2022Q3,기업,매출액,클래시스|연결,33268981198,원,DART OpenAPI,2026-09-30
2022Q3,기업,매출총이익,클래시스|연결,25951973806,원,DART OpenAPI,2026-09-30
2022Q3,기업,판관비,클래시스|연결,8471928840,원,DART OpenAPI,2026-09-30
2022Q3,기업,영업이익,클래시스|연결,17480044966,원,DART OpenAPI,2026-09-30
2022Q3,기업,당기순이익,클래시스|연결,18716217300,원,DART OpenAPI,2026-09-30
2022Q3,기업,지배주주순이익,클래시스|연결,18716217300,원,DART OpenAPI,2026-09-30
2022Q3,기업,재고자산,클래시스|연결,25110388919,원,DART OpenAPI,2026-09-30
2022Q3,기업,매출채권,클래시스|연결,8568310989,원,DART OpenAPI,2026-09-30
2022Q3,기업,매출액,클래시스|별도,33206566628,원,DART OpenAPI,2026-09-30
2022Q3,기업,매출총이익,클래시스|별도,25891760379,원,DART OpenAPI,2026-09-30
2022Q3,기업,판관비,클래시스|별도,8411748774,원,DART OpenAPI,2026-09-30
2022Q3,기업,영업이익,클래시스|별도,17480011605,원,DART OpenAPI,2026-09-30
2022Q3,기업,당기순이익,클래시스|별도,18715849116,원,DART OpenAPI,2026-09-30
2022Q3,기업,재고자산,클래시스|별도,25076214965,원,DART OpenAPI,2026-09-30
2022Q3,기업,매출채권,클래시스|별도,8606609668,원,DART OpenAPI,2026-09-30
2022Q3,기업,직원수,클래시스|별도,345,명,DART OpenAPI,2026-09-30
2022FY,기업,매출액,클래시스|연결,141803242402,원,DART OpenAPI,2026-09-30
2022FY,기업,매출총이익,클래시스|연결,108167023855,원,DART OpenAPI,2026-09-30
2022FY,기업,판관비,클래시스|연결,39290816397,원,DART OpenAPI,2026-09-30
2022FY,기업,영업이익,클래시스|연결,68876207458,원,DART OpenAPI,2026-09-30
2022FY,기업,당기순이익,클래시스|연결,75378647248,원,DART OpenAPI,2026-09-30
2022FY,기업,지배주주순이익,클래시스|연결,75378647248,원,DART OpenAPI,2026-09-30
2022Q4,기업,재고자산,클래시스|연결,23397666986,원,DART OpenAPI,2026-09-30
2022Q4,기업,매출채권,클래시스|연결,8003983210,원,DART OpenAPI,2026-09-30
2022FY,기업,매출액,클래시스|별도,141442784185,원,DART OpenAPI,2026-09-30
2022FY,기업,매출총이익,클래시스|별도,107841753917,원,DART OpenAPI,2026-09-30
2022FY,기업,판관비,클래시스|별도,39011727508,원,DART OpenAPI,2026-09-30
2022FY,기업,영업이익,클래시스|별도,68830026409,원,DART OpenAPI,2026-09-30
2022FY,기업,당기순이익,클래시스|별도,75340859170,원,DART OpenAPI,2026-09-30
2022Q4,기업,재고자산,클래시스|별도,23374965839,원,DART OpenAPI,2026-09-30
2022Q4,기업,매출채권,클래시스|별도,7995484677,원,DART OpenAPI,2026-09-30
2022Q4,기업,직원수,클래시스|별도,350,명,DART OpenAPI,2026-09-30
2023Q1,기업,매출액,클래시스|연결,38974115962,원,DART OpenAPI,2026-09-30
2023Q1,기업,매출총이익,클래시스|연결,30210485816,원,DART OpenAPI,2026-09-30
2023Q1,기업,판관비,클래시스|연결,10318627559,원,DART OpenAPI,2026-09-30
2023Q1,기업,영업이익,클래시스|연결,19891858257,원,DART OpenAPI,2026-09-30
2023Q1,기업,당기순이익,클래시스|연결,18775178558,원,DART OpenAPI,2026-09-30
2023Q1,기업,지배주주순이익,클래시스|연결,18775178558,원,DART OpenAPI,2026-09-30
2023Q1,기업,재고자산,클래시스|연결,22444798663,원,DART OpenAPI,2026-09-30
2023Q1,기업,매출채권,클래시스|연결,11228500811,원,DART OpenAPI,2026-09-30
2023Q1,기업,매출액,클래시스|별도,38936855162,원,DART OpenAPI,2026-09-30
2023Q1,기업,매출총이익,클래시스|별도,30163307207,원,DART OpenAPI,2026-09-30
2023Q1,기업,판관비,클래시스|별도,10284895897,원,DART OpenAPI,2026-09-30
2023Q1,기업,영업이익,클래시스|별도,19878411310,원,DART OpenAPI,2026-09-30
2023Q1,기업,당기순이익,클래시스|별도,18771249919,원,DART OpenAPI,2026-09-30
2023Q1,기업,재고자산,클래시스|별도,22417594964,원,DART OpenAPI,2026-09-30
2023Q1,기업,매출채권,클래시스|별도,11231250148,원,DART OpenAPI,2026-09-30
2023Q1,기업,직원수,클래시스|별도,355,명,DART OpenAPI,2026-09-30
2023Q2,기업,매출액,클래시스|연결,45897817208,원,DART OpenAPI,2026-09-30
2023Q2,기업,매출총이익,클래시스|연결,36320289727,원,DART OpenAPI,2026-09-30
2023Q2,기업,판관비,클래시스|연결,13174373553,원,DART OpenAPI,2026-09-30
2023Q2,기업,영업이익,클래시스|연결,23145916174,원,DART OpenAPI,2026-09-30
2023Q2,기업,당기순이익,클래시스|연결,18558522588,원,DART OpenAPI,2026-09-30
2023Q2,기업,지배주주순이익,클래시스|연결,18558522588,원,DART OpenAPI,2026-09-30
2023Q2,기업,재고자산,클래시스|연결,22393907862,원,DART OpenAPI,2026-09-30
2023Q2,기업,매출채권,클래시스|연결,13654072505,원,DART OpenAPI,2026-09-30
2023Q2,기업,매출액,클래시스|별도,45858790006,원,DART OpenAPI,2026-09-30
2023Q2,기업,매출총이익,클래시스|별도,36308119891,원,DART OpenAPI,2026-09-30
2023Q2,기업,판관비,클래시스|별도,13150666872,원,DART OpenAPI,2026-09-30
2023Q2,기업,영업이익,클래시스|별도,23157453019,원,DART OpenAPI,2026-09-30
2023Q2,기업,당기순이익,클래시스|별도,18569525637,원,DART OpenAPI,2026-09-30
2023Q2,기업,재고자산,클래시스|별도,22386445848,원,DART OpenAPI,2026-09-30
2023Q2,기업,매출채권,클래시스|별도,13667970965,원,DART OpenAPI,2026-09-30
2023Q2,기업,직원수,클래시스|별도,355,명,DART OpenAPI,2026-09-30
2023Q3,기업,매출액,클래시스|연결,48246060900,원,DART OpenAPI,2026-09-30
2023Q3,기업,매출총이익,클래시스|연결,37012200100,원,DART OpenAPI,2026-09-30
2023Q3,기업,판관비,클래시스|연결,12348211810,원,DART OpenAPI,2026-09-30
2023Q3,기업,영업이익,클래시스|연결,24663988290,원,DART OpenAPI,2026-09-30
2023Q3,기업,당기순이익,클래시스|연결,21193422257,원,DART OpenAPI,2026-09-30
2023Q3,기업,지배주주순이익,클래시스|연결,21193422257,원,DART OpenAPI,2026-09-30
2023Q3,기업,재고자산,클래시스|연결,21607032250,원,DART OpenAPI,2026-09-30
2023Q3,기업,매출채권,클래시스|연결,17429199883,원,DART OpenAPI,2026-09-30
2023Q3,기업,매출액,클래시스|별도,48218186577,원,DART OpenAPI,2026-09-30
2023Q3,기업,매출총이익,클래시스|별도,36987792669,원,DART OpenAPI,2026-09-30
2023Q3,기업,판관비,클래시스|별도,12307933229,원,DART OpenAPI,2026-09-30
2023Q3,기업,영업이익,클래시스|별도,24679859440,원,DART OpenAPI,2026-09-30
2023Q3,기업,당기순이익,클래시스|별도,21208972204,원,DART OpenAPI,2026-09-30
2023Q3,기업,재고자산,클래시스|별도,21603919898,원,DART OpenAPI,2026-09-30
2023Q3,기업,매출채권,클래시스|별도,17454494240,원,DART OpenAPI,2026-09-30
2023Q3,기업,직원수,클래시스|별도,370,명,DART OpenAPI,2026-09-30
2023FY,기업,매출액,클래시스|연결,180122798016,원,DART OpenAPI,2026-09-30
2023FY,기업,매출총이익,클래시스|연결,140449064347,원,DART OpenAPI,2026-09-30
2023FY,기업,판관비,클래시스|연결,50826682284,원,DART OpenAPI,2026-09-30
2023FY,기업,영업이익,클래시스|연결,89622382063,원,DART OpenAPI,2026-09-30
2023FY,기업,당기순이익,클래시스|연결,74225203196,원,DART OpenAPI,2026-09-30
2023FY,기업,지배주주순이익,클래시스|연결,74225203196,원,DART OpenAPI,2026-09-30
2023Q4,기업,재고자산,클래시스|연결,19434327936,원,DART OpenAPI,2026-09-30
2023Q4,기업,매출채권,클래시스|연결,17710839993,원,DART OpenAPI,2026-09-30
2023FY,기업,매출액,클래시스|별도,179996406693,원,DART OpenAPI,2026-09-30
2023FY,기업,매출총이익,클래시스|별도,140340590891,원,DART OpenAPI,2026-09-30
2023FY,기업,판관비,클래시스|별도,50653820617,원,DART OpenAPI,2026-09-30
2023FY,기업,영업이익,클래시스|별도,89686770274,원,DART OpenAPI,2026-09-30
2023FY,기업,당기순이익,클래시스|별도,74298860807,원,DART OpenAPI,2026-09-30
2023Q4,기업,재고자산,클래시스|별도,19429424546,원,DART OpenAPI,2026-09-30
2023Q4,기업,매출채권,클래시스|별도,17732068380,원,DART OpenAPI,2026-09-30
2023Q4,기업,직원수,클래시스|별도,383,명,DART OpenAPI,2026-09-30
2024Q1,기업,매출액,클래시스|연결,50379744695,원,DART OpenAPI,2026-09-30
2024Q1,기업,매출총이익,클래시스|연결,40202876990,원,DART OpenAPI,2026-09-30
2024Q1,기업,판관비,클래시스|연결,13694299279,원,DART OpenAPI,2026-09-30
2024Q1,기업,영업이익,클래시스|연결,26508577711,원,DART OpenAPI,2026-09-30
2024Q1,기업,당기순이익,클래시스|연결,26089918899,원,DART OpenAPI,2026-09-30
2024Q1,기업,지배주주순이익,클래시스|연결,26089918899,원,DART OpenAPI,2026-09-30
2024Q1,기업,재고자산,클래시스|연결,19355875768,원,DART OpenAPI,2026-09-30
2024Q1,기업,매출채권,클래시스|연결,24018258822,원,DART OpenAPI,2026-09-30
2024Q1,기업,매출액,클래시스|별도,50344138465,원,DART OpenAPI,2026-09-30
2024Q1,기업,매출총이익,클래시스|별도,40169691212,원,DART OpenAPI,2026-09-30
2024Q1,기업,판관비,클래시스|별도,13665876241,원,DART OpenAPI,2026-09-30
2024Q1,기업,영업이익,클래시스|별도,26503814971,원,DART OpenAPI,2026-09-30
2024Q1,기업,당기순이익,클래시스|별도,26084832400,원,DART OpenAPI,2026-09-30
2024Q1,기업,재고자산,클래시스|별도,19353218472,원,DART OpenAPI,2026-09-30
2024Q1,기업,매출채권,클래시스|별도,24022243992,원,DART OpenAPI,2026-09-30
2024Q1,기업,직원수,클래시스|별도,390,명,DART OpenAPI,2026-09-30
2024Q2,기업,매출액,클래시스|연결,58742159578,원,DART OpenAPI,2026-09-30
2024Q2,기업,매출총이익,클래시스|연결,47514353848,원,DART OpenAPI,2026-09-30
2024Q2,기업,판관비,클래시스|연결,16325518280,원,DART OpenAPI,2026-09-30
2024Q2,기업,영업이익,클래시스|연결,31188835568,원,DART OpenAPI,2026-09-30
2024Q2,기업,당기순이익,클래시스|연결,26580699262,원,DART OpenAPI,2026-09-30
2024Q2,기업,지배주주순이익,클래시스|연결,26580699262,원,DART OpenAPI,2026-09-30
2024Q2,기업,재고자산,클래시스|연결,17860255971,원,DART OpenAPI,2026-09-30
2024Q2,기업,매출채권,클래시스|연결,31849189924,원,DART OpenAPI,2026-09-30
2024Q2,기업,매출액,클래시스|별도,58730860733,원,DART OpenAPI,2026-09-30
2024Q2,기업,매출총이익,클래시스|별도,47499962975,원,DART OpenAPI,2026-09-30
2024Q2,기업,판관비,클래시스|별도,16293465835,원,DART OpenAPI,2026-09-30
2024Q2,기업,영업이익,클래시스|별도,31206497140,원,DART OpenAPI,2026-09-30
2024Q2,기업,당기순이익,클래시스|별도,26392618848,원,DART OpenAPI,2026-09-30
2024Q2,기업,재고자산,클래시스|별도,17854329712,원,DART OpenAPI,2026-09-30
2024Q2,기업,매출채권,클래시스|별도,31870445653,원,DART OpenAPI,2026-09-30
2024Q2,기업,직원수,클래시스|별도,399,명,DART OpenAPI,2026-09-30
2024Q3,기업,매출액,클래시스|연결,59413228848,원,DART OpenAPI,2026-09-30
2024Q3,기업,매출총이익,클래시스|연결,46599096014,원,DART OpenAPI,2026-09-30
2024Q3,기업,판관비,클래시스|연결,17648229958,원,DART OpenAPI,2026-09-30
2024Q3,기업,영업이익,클래시스|연결,28950866056,원,DART OpenAPI,2026-09-30
2024Q3,기업,당기순이익,클래시스|연결,16488663652,원,DART OpenAPI,2026-09-30
2024Q3,기업,지배주주순이익,클래시스|연결,16488663652,원,DART OpenAPI,2026-09-30
2024Q3,기업,재고자산,클래시스|연결,16736942159,원,DART OpenAPI,2026-09-30
2024Q3,기업,매출채권,클래시스|연결,32839930093,원,DART OpenAPI,2026-09-30
2024Q3,기업,매출액,클래시스|별도,59389546027,원,DART OpenAPI,2026-09-30
2024Q3,기업,매출총이익,클래시스|별도,46578611732,원,DART OpenAPI,2026-09-30
2024Q3,기업,판관비,클래시스|별도,17614578194,원,DART OpenAPI,2026-09-30
2024Q3,기업,영업이익,클래시스|별도,28964033538,원,DART OpenAPI,2026-09-30
2024Q3,기업,당기순이익,클래시스|별도,17134162919,원,DART OpenAPI,2026-09-30
2024Q3,기업,재고자산,클래시스|별도,16734212226,원,DART OpenAPI,2026-09-30
2024Q3,기업,매출채권,클래시스|별도,32841354676,원,DART OpenAPI,2026-09-30
2024Q3,기업,직원수,클래시스|별도,420,명,DART OpenAPI,2026-09-30
2024FY,기업,매출액,클래시스|연결,242938965374,원,DART OpenAPI,2026-09-30
2024FY,기업,매출총이익,클래시스|연결,191127529489,원,DART OpenAPI,2026-09-30
2024FY,기업,판관비,클래시스|연결,68684935188,원,DART OpenAPI,2026-09-30
2024FY,기업,영업이익,클래시스|연결,122442594301,원,DART OpenAPI,2026-09-30
2024FY,기업,당기순이익,클래시스|연결,97543753801,원,DART OpenAPI,2026-09-30
2024FY,기업,지배주주순이익,클래시스|연결,97875278357,원,DART OpenAPI,2026-09-30
2024Q4,기업,재고자산,클래시스|연결,29999806868,원,DART OpenAPI,2026-09-30
2024Q4,기업,매출채권,클래시스|연결,38651087958,원,DART OpenAPI,2026-09-30
2024FY,기업,매출액,클래시스|별도,242500154766,원,DART OpenAPI,2026-09-30
2024FY,기업,매출총이익,클래시스|별도,191477575252,원,DART OpenAPI,2026-09-30
2024FY,기업,판관비,클래시스|별도,68310597149,원,DART OpenAPI,2026-09-30
2024FY,기업,영업이익,클래시스|별도,123166978103,원,DART OpenAPI,2026-09-30
2024FY,기업,당기순이익,클래시스|별도,98424970324,원,DART OpenAPI,2026-09-30
2024Q4,기업,재고자산,클래시스|별도,28867537590,원,DART OpenAPI,2026-09-30
2024Q4,기업,매출채권,클래시스|별도,38656022039,원,DART OpenAPI,2026-09-30
2024Q4,기업,직원수,클래시스|별도,527,명,DART OpenAPI,2026-09-30
2025Q1,기업,매출액,클래시스|연결,77113296534,원,DART OpenAPI,2026-09-30
2025Q1,기업,매출총이익,클래시스|연결,61327678152,원,DART OpenAPI,2026-09-30
2025Q1,기업,판관비,클래시스|연결,22545746560,원,DART OpenAPI,2026-09-30
2025Q1,기업,영업이익,클래시스|연결,38781931592,원,DART OpenAPI,2026-09-30
2025Q1,기업,당기순이익,클래시스|연결,29723792835,원,DART OpenAPI,2026-09-30
2025Q1,기업,지배주주순이익,클래시스|연결,29815915627,원,DART OpenAPI,2026-09-30
2025Q1,기업,재고자산,클래시스|연결,30415154530,원,DART OpenAPI,2026-09-30
2025Q1,기업,매출채권,클래시스|연결,40215508634,원,DART OpenAPI,2026-09-30
2025Q1,기업,매출액,클래시스|별도,77107200046,원,DART OpenAPI,2026-09-30
2025Q1,기업,매출총이익,클래시스|별도,61136707568,원,DART OpenAPI,2026-09-30
2025Q1,기업,판관비,클래시스|별도,22051585367,원,DART OpenAPI,2026-09-30
2025Q1,기업,영업이익,클래시스|별도,39085122201,원,DART OpenAPI,2026-09-30
2025Q1,기업,당기순이익,클래시스|별도,30109706104,원,DART OpenAPI,2026-09-30
2025Q1,기업,재고자산,클래시스|별도,29066862812,원,DART OpenAPI,2026-09-30
2025Q1,기업,매출채권,클래시스|별도,40226470839,원,DART OpenAPI,2026-09-30
2025Q1,기업,직원수,클래시스|별도,513,명,DART OpenAPI,2026-09-30
2025Q2,기업,매출액,클래시스|연결,83283805952,원,DART OpenAPI,2026-09-30
2025Q2,기업,매출총이익,클래시스|연결,64017754127,원,DART OpenAPI,2026-09-30
2025Q2,기업,판관비,클래시스|연결,21007104274,원,DART OpenAPI,2026-09-30
2025Q2,기업,영업이익,클래시스|연결,43010649853,원,DART OpenAPI,2026-09-30
2025Q2,기업,당기순이익,클래시스|연결,26472747965,원,DART OpenAPI,2026-09-30
2025Q2,기업,지배주주순이익,클래시스|연결,26471363720,원,DART OpenAPI,2026-09-30
2025Q2,기업,재고자산,클래시스|연결,30085433392,원,DART OpenAPI,2026-09-30
2025Q2,기업,매출채권,클래시스|연결,48972260984,원,DART OpenAPI,2026-09-30
2025Q2,기업,매출액,클래시스|별도,83257904127,원,DART OpenAPI,2026-09-30
2025Q2,기업,매출총이익,클래시스|별도,63731860706,원,DART OpenAPI,2026-09-30
2025Q2,기업,판관비,클래시스|별도,20664588705,원,DART OpenAPI,2026-09-30
2025Q2,기업,영업이익,클래시스|별도,43067272001,원,DART OpenAPI,2026-09-30
2025Q2,기업,당기순이익,클래시스|별도,26631998529,원,DART OpenAPI,2026-09-30
2025Q2,기업,재고자산,클래시스|별도,28829810187,원,DART OpenAPI,2026-09-30
2025Q2,기업,매출채권,클래시스|별도,48824483368,원,DART OpenAPI,2026-09-30
2025Q2,기업,직원수,클래시스|별도,515,명,DART OpenAPI,2026-09-30
2025Q3,기업,매출액,클래시스|연결,82997291548,원,DART OpenAPI,2026-09-30
2025Q3,기업,매출총이익,클래시스|연결,63724163486,원,DART OpenAPI,2026-09-30
2025Q3,기업,판관비,클래시스|연결,26106022549,원,DART OpenAPI,2026-09-30
2025Q3,기업,영업이익,클래시스|연결,37618140937,원,DART OpenAPI,2026-09-30
2025Q3,기업,당기순이익,클래시스|연결,33108648724,원,DART OpenAPI,2026-09-30
2025Q3,기업,지배주주순이익,클래시스|연결,33007914787,원,DART OpenAPI,2026-09-30
2025Q3,기업,재고자산,클래시스|연결,31261395182,원,DART OpenAPI,2026-09-30
2025Q3,기업,매출채권,클래시스|연결,57741728236,원,DART OpenAPI,2026-09-30
2025Q3,기업,매출액,클래시스|별도,83001282509,원,DART OpenAPI,2026-09-30
2025Q3,기업,매출총이익,클래시스|별도,63198299829,원,DART OpenAPI,2026-09-30
2025Q3,기업,판관비,클래시스|별도,25216453951,원,DART OpenAPI,2026-09-30
2025Q3,기업,영업이익,클래시스|별도,37981845878,원,DART OpenAPI,2026-09-30
2025Q3,기업,당기순이익,클래시스|별도,33514728955,원,DART OpenAPI,2026-09-30
2025Q3,기업,재고자산,클래시스|별도,29589837088,원,DART OpenAPI,2026-09-30
2025Q3,기업,매출채권,클래시스|별도,57775944903,원,DART OpenAPI,2026-09-30
2025FY,기업,매출액,클래시스|연결,336819637856,원,DART OpenAPI,2026-09-30
2025FY,기업,매출총이익,클래시스|연결,261091857369,원,DART OpenAPI,2026-09-30
2025FY,기업,판관비,클래시스|연결,90490983302,원,DART OpenAPI,2026-09-30
2025FY,기업,영업이익,클래시스|연결,170600874067,원,DART OpenAPI,2026-09-30
2025FY,기업,당기순이익,클래시스|연결,131970250448,원,DART OpenAPI,2026-09-30
2025FY,기업,지배주주순이익,클래시스|연결,131935919643,원,DART OpenAPI,2026-09-30
2025Q4,기업,재고자산,클래시스|연결,30096456975,원,DART OpenAPI,2026-09-30
2025Q4,기업,매출채권,클래시스|연결,48372251146,원,DART OpenAPI,2026-09-30
2025FY,기업,매출액,클래시스|별도,336505017215,원,DART OpenAPI,2026-09-30
2025FY,기업,매출총이익,클래시스|별도,259238260711,원,DART OpenAPI,2026-09-30
2025FY,기업,판관비,클래시스|별도,87816398829,원,DART OpenAPI,2026-09-30
2025FY,기업,영업이익,클래시스|별도,171421861882,원,DART OpenAPI,2026-09-30
2025FY,기업,당기순이익,클래시스|별도,133074635746,원,DART OpenAPI,2026-09-30
2025Q4,기업,재고자산,클래시스|별도,28101872991,원,DART OpenAPI,2026-09-30
2025Q4,기업,매출채권,클래시스|별도,48330359838,원,DART OpenAPI,2026-09-30
2025Q4,기업,직원수,클래시스|별도,528,명,DART OpenAPI,2026-09-30
2026Q1,기업,매출액,클래시스|연결,87175298796,원,DART OpenAPI,2026-09-30
2026Q1,기업,매출총이익,클래시스|연결,65048677094,원,DART OpenAPI,2026-09-30
2026Q1,기업,판관비,클래시스|연결,27849181880,원,DART OpenAPI,2026-09-30
2026Q1,기업,영업이익,클래시스|연결,37199495214,원,DART OpenAPI,2026-09-30
2026Q1,기업,당기순이익,클래시스|연결,33156119496,원,DART OpenAPI,2026-09-30
2026Q1,기업,지배주주순이익,클래시스|연결,33616341190,원,DART OpenAPI,2026-09-30
2026Q1,기업,재고자산,클래시스|연결,59119678210,원,DART OpenAPI,2026-09-30
2026Q1,기업,매출채권,클래시스|연결,108647642958,원,DART OpenAPI,2026-09-30
2026Q1,기업,매출액,클래시스|별도,85245329359,원,DART OpenAPI,2026-09-30
2026Q1,기업,매출총이익,클래시스|별도,65567167037,원,DART OpenAPI,2026-09-30
2026Q1,기업,판관비,클래시스|별도,24876534328,원,DART OpenAPI,2026-09-30
2026Q1,기업,영업이익,클래시스|별도,40690632709,원,DART OpenAPI,2026-09-30
2026Q1,기업,당기순이익,클래시스|별도,38303803495,원,DART OpenAPI,2026-09-30
2026Q1,기업,재고자산,클래시스|별도,30441672171,원,DART OpenAPI,2026-09-30
2026Q1,기업,매출채권,클래시스|별도,69934702657,원,DART OpenAPI,2026-09-30
2026Q2,기업,매출액,클래시스|연결,105515317742,원,DART OpenAPI,2026-09-30
2026Q2,기업,매출총이익,클래시스|연결,76517518782,원,DART OpenAPI,2026-09-30
2026Q2,기업,판관비,클래시스|연결,32576833119,원,DART OpenAPI,2026-09-30
2026Q2,기업,영업이익,클래시스|연결,43940685663,원,DART OpenAPI,2026-09-30
2026Q2,기업,당기순이익,클래시스|연결,25521125279,원,DART OpenAPI,2026-09-30
2026Q2,기업,지배주주순이익,클래시스|연결,28365607150,원,DART OpenAPI,2026-09-30
2026Q2,기업,재고자산,클래시스|연결,64896970666,원,DART OpenAPI,2026-09-30
2026Q2,기업,매출채권,클래시스|연결,98394755957,원,DART OpenAPI,2026-09-30
2026Q2,기업,매출액,클래시스|별도,90396763890,원,DART OpenAPI,2026-09-30
2026Q2,기업,매출총이익,클래시스|별도,69484412081,원,DART OpenAPI,2026-09-30
2026Q2,기업,판관비,클래시스|별도,23563864642,원,DART OpenAPI,2026-09-30
2026Q2,기업,영업이익,클래시스|별도,45920547439,원,DART OpenAPI,2026-09-30
2026Q2,기업,당기순이익,클래시스|별도,38774857011,원,DART OpenAPI,2026-09-30
2026Q2,기업,재고자산,클래시스|별도,31766963177,원,DART OpenAPI,2026-09-30
2026Q2,기업,매출채권,클래시스|별도,76442383952,원,DART OpenAPI,2026-09-30
2026Q2,기업,직원수,클래시스|별도,548,명,DART OpenAPI,2026-09-30
2020FY,기업,매출액,선진뷰티사이언스|연결,46392320333,원,DART OpenAPI,2026-09-30
2020FY,기업,매출총이익,선진뷰티사이언스|연결,11610071247,원,DART OpenAPI,2026-09-30
2020FY,기업,판관비,선진뷰티사이언스|연결,8050383670,원,DART OpenAPI,2026-09-30
2020FY,기업,영업이익,선진뷰티사이언스|연결,3559687577,원,DART OpenAPI,2026-09-30
2020FY,기업,당기순이익,선진뷰티사이언스|연결,2988768703,원,DART OpenAPI,2026-09-30
2020FY,기업,지배주주순이익,선진뷰티사이언스|연결,2628202357,원,DART OpenAPI,2026-09-30
2020Q4,기업,재고자산,선진뷰티사이언스|연결,9616468314,원,DART OpenAPI,2026-09-30
2020Q4,기업,매출채권,선진뷰티사이언스|연결,11487621545,원,DART OpenAPI,2026-09-30
2020FY,기업,매출액,선진뷰티사이언스|별도,43725183663,원,DART OpenAPI,2026-09-30
2020FY,기업,매출총이익,선진뷰티사이언스|별도,10281963878,원,DART OpenAPI,2026-09-30
2020FY,기업,판관비,선진뷰티사이언스|별도,7151550172,원,DART OpenAPI,2026-09-30
2020FY,기업,영업이익,선진뷰티사이언스|별도,3130413706,원,DART OpenAPI,2026-09-30
2020FY,기업,당기순이익,선진뷰티사이언스|별도,2263363166,원,DART OpenAPI,2026-09-30
2020Q4,기업,재고자산,선진뷰티사이언스|별도,8448175158,원,DART OpenAPI,2026-09-30
2020Q4,기업,매출채권,선진뷰티사이언스|별도,8341180097,원,DART OpenAPI,2026-09-30
2020Q4,기업,직원수,선진뷰티사이언스|별도,114,명,DART OpenAPI,2026-09-30
2021Q1,기업,매출액,선진뷰티사이언스|연결,13020458794,원,DART OpenAPI,2026-09-30
2021Q1,기업,매출총이익,선진뷰티사이언스|연결,3214575474,원,DART OpenAPI,2026-09-30
2021Q1,기업,판관비,선진뷰티사이언스|연결,2308815754,원,DART OpenAPI,2026-09-30
2021Q1,기업,영업이익,선진뷰티사이언스|연결,905759720,원,DART OpenAPI,2026-09-30
2021Q1,기업,당기순이익,선진뷰티사이언스|연결,1185481029,원,DART OpenAPI,2026-09-30
2021Q1,기업,지배주주순이익,선진뷰티사이언스|연결,1115433479,원,DART OpenAPI,2026-09-30
2021Q1,기업,재고자산,선진뷰티사이언스|연결,8330442298,원,DART OpenAPI,2026-09-30
2021Q1,기업,매출채권,선진뷰티사이언스|연결,13417356364,원,DART OpenAPI,2026-09-30
2021Q1,기업,매출액,선진뷰티사이언스|별도,12214611483,원,DART OpenAPI,2026-09-30
2021Q1,기업,매출총이익,선진뷰티사이언스|별도,2736521922,원,DART OpenAPI,2026-09-30
2021Q1,기업,판관비,선진뷰티사이언스|별도,1988902471,원,DART OpenAPI,2026-09-30
2021Q1,기업,영업이익,선진뷰티사이언스|별도,747619451,원,DART OpenAPI,2026-09-30
2021Q1,기업,당기순이익,선진뷰티사이언스|별도,1056425362,원,DART OpenAPI,2026-09-30
2021Q1,기업,재고자산,선진뷰티사이언스|별도,7111781344,원,DART OpenAPI,2026-09-30
2021Q1,기업,매출채권,선진뷰티사이언스|별도,10340219750,원,DART OpenAPI,2026-09-30
2021Q1,기업,직원수,선진뷰티사이언스|별도,112,명,DART OpenAPI,2026-09-30
2021Q2,기업,매출액,선진뷰티사이언스|연결,12853852088,원,DART OpenAPI,2026-09-30
2021Q2,기업,매출총이익,선진뷰티사이언스|연결,3806027607,원,DART OpenAPI,2026-09-30
2021Q2,기업,판관비,선진뷰티사이언스|연결,2220443894,원,DART OpenAPI,2026-09-30
2021Q2,기업,영업이익,선진뷰티사이언스|연결,1585583713,원,DART OpenAPI,2026-09-30
2021Q2,기업,당기순이익,선진뷰티사이언스|연결,1183880015,원,DART OpenAPI,2026-09-30
2021Q2,기업,지배주주순이익,선진뷰티사이언스|연결,1051496166,원,DART OpenAPI,2026-09-30
2021Q2,기업,재고자산,선진뷰티사이언스|연결,7562510769,원,DART OpenAPI,2026-09-30
2021Q2,기업,매출채권,선진뷰티사이언스|연결,10364513017,원,DART OpenAPI,2026-09-30
2021Q2,기업,매출액,선진뷰티사이언스|별도,12272827228,원,DART OpenAPI,2026-09-30
2021Q2,기업,매출총이익,선진뷰티사이언스|별도,3425790839,원,DART OpenAPI,2026-09-30
2021Q2,기업,판관비,선진뷰티사이언스|별도,2022468049,원,DART OpenAPI,2026-09-30
2021Q2,기업,영업이익,선진뷰티사이언스|별도,1403322790,원,DART OpenAPI,2026-09-30
2021Q2,기업,당기순이익,선진뷰티사이언스|별도,1197007843,원,DART OpenAPI,2026-09-30
2021Q2,기업,재고자산,선진뷰티사이언스|별도,6351370897,원,DART OpenAPI,2026-09-30
2021Q2,기업,매출채권,선진뷰티사이언스|별도,9715665848,원,DART OpenAPI,2026-09-30
2021Q2,기업,직원수,선진뷰티사이언스|별도,117,명,DART OpenAPI,2026-09-30
2021Q3,기업,매출액,선진뷰티사이언스|연결,9976376271,원,DART OpenAPI,2026-09-30
2021Q3,기업,매출총이익,선진뷰티사이언스|연결,2690432763,원,DART OpenAPI,2026-09-30
2021Q3,기업,판관비,선진뷰티사이언스|연결,2231791857,원,DART OpenAPI,2026-09-30
2021Q3,기업,영업이익,선진뷰티사이언스|연결,458640906,원,DART OpenAPI,2026-09-30
2021Q3,기업,당기순이익,선진뷰티사이언스|연결,606091557,원,DART OpenAPI,2026-09-30
2021Q3,기업,지배주주순이익,선진뷰티사이언스|연결,525622109,원,DART OpenAPI,2026-09-30
2021Q3,기업,재고자산,선진뷰티사이언스|연결,9623046514,원,DART OpenAPI,2026-09-30
2021Q3,기업,매출채권,선진뷰티사이언스|연결,9529674576,원,DART OpenAPI,2026-09-30
2021Q3,기업,매출액,선진뷰티사이언스|별도,9361187402,원,DART OpenAPI,2026-09-30
2021Q3,기업,매출총이익,선진뷰티사이언스|별도,2469870136,원,DART OpenAPI,2026-09-30
2021Q3,기업,판관비,선진뷰티사이언스|별도,2018617272,원,DART OpenAPI,2026-09-30
2021Q3,기업,영업이익,선진뷰티사이언스|별도,451252864,원,DART OpenAPI,2026-09-30
2021Q3,기업,당기순이익,선진뷰티사이언스|별도,837774862,원,DART OpenAPI,2026-09-30
2021Q3,기업,재고자산,선진뷰티사이언스|별도,7883541307,원,DART OpenAPI,2026-09-30
2021Q3,기업,매출채권,선진뷰티사이언스|별도,8406582785,원,DART OpenAPI,2026-09-30
2021Q3,기업,직원수,선진뷰티사이언스|별도,116,명,DART OpenAPI,2026-09-30
2021FY,기업,매출액,선진뷰티사이언스|연결,48702984011,원,DART OpenAPI,2026-09-30
2021FY,기업,매출총이익,선진뷰티사이언스|연결,13526981888,원,DART OpenAPI,2026-09-30
2021FY,기업,판관비,선진뷰티사이언스|연결,9825003876,원,DART OpenAPI,2026-09-30
2021FY,기업,영업이익,선진뷰티사이언스|연결,3701978012,원,DART OpenAPI,2026-09-30
2021FY,기업,당기순이익,선진뷰티사이언스|연결,1623454779,원,DART OpenAPI,2026-09-30
2021FY,기업,지배주주순이익,선진뷰티사이언스|연결,1189661375,원,DART OpenAPI,2026-09-30
2021Q4,기업,재고자산,선진뷰티사이언스|연결,10403653019,원,DART OpenAPI,2026-09-30
2021Q4,기업,매출채권,선진뷰티사이언스|연결,11159555003,원,DART OpenAPI,2026-09-30
2021FY,기업,매출액,선진뷰티사이언스|별도,45926732226,원,DART OpenAPI,2026-09-30
2021FY,기업,매출총이익,선진뷰티사이언스|별도,11910788576,원,DART OpenAPI,2026-09-30
2021FY,기업,판관비,선진뷰티사이언스|별도,8844794909,원,DART OpenAPI,2026-09-30
2021FY,기업,영업이익,선진뷰티사이언스|별도,3065993667,원,DART OpenAPI,2026-09-30
2021FY,기업,당기순이익,선진뷰티사이언스|별도,1469598622,원,DART OpenAPI,2026-09-30
2021Q4,기업,재고자산,선진뷰티사이언스|별도,8313633243,원,DART OpenAPI,2026-09-30
2021Q4,기업,매출채권,선진뷰티사이언스|별도,9979489765,원,DART OpenAPI,2026-09-30
2021Q4,기업,직원수,선진뷰티사이언스|별도,117,명,DART OpenAPI,2026-09-30
2022Q1,기업,매출액,선진뷰티사이언스|연결,16286440653,원,DART OpenAPI,2026-09-30
2022Q1,기업,매출총이익,선진뷰티사이언스|연결,5418718435,원,DART OpenAPI,2026-09-30
2022Q1,기업,판관비,선진뷰티사이언스|연결,3459900138,원,DART OpenAPI,2026-09-30
2022Q1,기업,영업이익,선진뷰티사이언스|연결,1958818297,원,DART OpenAPI,2026-09-30
2022Q1,기업,당기순이익,선진뷰티사이언스|연결,1674802381,원,DART OpenAPI,2026-09-30
2022Q1,기업,지배주주순이익,선진뷰티사이언스|연결,1646711818,원,DART OpenAPI,2026-09-30
2022Q1,기업,재고자산,선진뷰티사이언스|연결,11019059722,원,DART OpenAPI,2026-09-30
2022Q1,기업,매출채권,선진뷰티사이언스|연결,12497486860,원,DART OpenAPI,2026-09-30
2022Q1,기업,매출액,선진뷰티사이언스|별도,15375028926,원,DART OpenAPI,2026-09-30
2022Q1,기업,매출총이익,선진뷰티사이언스|별도,5043329365,원,DART OpenAPI,2026-09-30
2022Q1,기업,판관비,선진뷰티사이언스|별도,3122987368,원,DART OpenAPI,2026-09-30
2022Q1,기업,영업이익,선진뷰티사이언스|별도,1920341997,원,DART OpenAPI,2026-09-30
2022Q1,기업,당기순이익,선진뷰티사이언스|별도,1902750458,원,DART OpenAPI,2026-09-30
2022Q1,기업,재고자산,선진뷰티사이언스|별도,9539545661,원,DART OpenAPI,2026-09-30
2022Q1,기업,매출채권,선진뷰티사이언스|별도,11949092392,원,DART OpenAPI,2026-09-30
2022Q1,기업,직원수,선진뷰티사이언스|별도,114,명,DART OpenAPI,2026-09-30
2022Q2,기업,매출액,선진뷰티사이언스|연결,16010365589,원,DART OpenAPI,2026-09-30
2022Q2,기업,매출총이익,선진뷰티사이언스|연결,4877316960,원,DART OpenAPI,2026-09-30
2022Q2,기업,판관비,선진뷰티사이언스|연결,3544599804,원,DART OpenAPI,2026-09-30
2022Q2,기업,영업이익,선진뷰티사이언스|연결,1332717156,원,DART OpenAPI,2026-09-30
2022Q2,기업,당기순이익,선진뷰티사이언스|연결,1391670778,원,DART OpenAPI,2026-09-30
2022Q2,기업,지배주주순이익,선진뷰티사이언스|연결,1145701775,원,DART OpenAPI,2026-09-30
2022Q2,기업,재고자산,선진뷰티사이언스|연결,10790615866,원,DART OpenAPI,2026-09-30
2022Q2,기업,매출채권,선진뷰티사이언스|연결,12149994508,원,DART OpenAPI,2026-09-30
2022Q2,기업,매출액,선진뷰티사이언스|별도,15458923616,원,DART OpenAPI,2026-09-30
2022Q2,기업,매출총이익,선진뷰티사이언스|별도,4706099382,원,DART OpenAPI,2026-09-30
2022Q2,기업,판관비,선진뷰티사이언스|별도,3340451014,원,DART OpenAPI,2026-09-30
2022Q2,기업,영업이익,선진뷰티사이언스|별도,1365648368,원,DART OpenAPI,2026-09-30
2022Q2,기업,당기순이익,선진뷰티사이언스|별도,1066754247,원,DART OpenAPI,2026-09-30
2022Q2,기업,재고자산,선진뷰티사이언스|별도,9175588578,원,DART OpenAPI,2026-09-30
2022Q2,기업,매출채권,선진뷰티사이언스|별도,11807585113,원,DART OpenAPI,2026-09-30
2022Q2,기업,직원수,선진뷰티사이언스|별도,117,명,DART OpenAPI,2026-09-30
2022Q3,기업,매출액,선진뷰티사이언스|연결,14400645060,원,DART OpenAPI,2026-09-30
2022Q3,기업,매출총이익,선진뷰티사이언스|연결,4659927092,원,DART OpenAPI,2026-09-30
2022Q3,기업,판관비,선진뷰티사이언스|연결,3867529046,원,DART OpenAPI,2026-09-30
2022Q3,기업,영업이익,선진뷰티사이언스|연결,792398046,원,DART OpenAPI,2026-09-30
2022Q3,기업,당기순이익,선진뷰티사이언스|연결,385576602,원,DART OpenAPI,2026-09-30
2022Q3,기업,지배주주순이익,선진뷰티사이언스|연결,555171442,원,DART OpenAPI,2026-09-30
2022Q3,기업,재고자산,선진뷰티사이언스|연결,12837064694,원,DART OpenAPI,2026-09-30
2022Q3,기업,매출채권,선진뷰티사이언스|연결,12008273481,원,DART OpenAPI,2026-09-30
2022Q3,기업,매출액,선진뷰티사이언스|별도,14115637950,원,DART OpenAPI,2026-09-30
2022Q3,기업,매출총이익,선진뷰티사이언스|별도,4171347946,원,DART OpenAPI,2026-09-30
2022Q3,기업,판관비,선진뷰티사이언스|별도,3306375386,원,DART OpenAPI,2026-09-30
2022Q3,기업,영업이익,선진뷰티사이언스|별도,864972560,원,DART OpenAPI,2026-09-30
2022Q3,기업,당기순이익,선진뷰티사이언스|별도,1085868525,원,DART OpenAPI,2026-09-30
2022Q3,기업,재고자산,선진뷰티사이언스|별도,10441931476,원,DART OpenAPI,2026-09-30
2022Q3,기업,매출채권,선진뷰티사이언스|별도,11756731072,원,DART OpenAPI,2026-09-30
2022Q3,기업,직원수,선진뷰티사이언스|별도,117,명,DART OpenAPI,2026-09-30
2022FY,기업,매출액,선진뷰티사이언스|연결,64332226652,원,DART OpenAPI,2026-09-30
2022FY,기업,매출총이익,선진뷰티사이언스|연결,20292454239,원,DART OpenAPI,2026-09-30
2022FY,기업,판관비,선진뷰티사이언스|연결,14971571987,원,DART OpenAPI,2026-09-30
2022FY,기업,영업이익,선진뷰티사이언스|연결,5320882252,원,DART OpenAPI,2026-09-30
2022FY,기업,당기순이익,선진뷰티사이언스|연결,20104595647,원,DART OpenAPI,2026-09-30
2022FY,기업,지배주주순이익,선진뷰티사이언스|연결,19632441683,원,DART OpenAPI,2026-09-30
2022Q4,기업,재고자산,선진뷰티사이언스|연결,12880621138,원,DART OpenAPI,2026-09-30
2022Q4,기업,매출채권,선진뷰티사이언스|연결,31581772201,원,DART OpenAPI,2026-09-30
2022FY,기업,매출액,선진뷰티사이언스|별도,60529217248,원,DART OpenAPI,2026-09-30
2022FY,기업,매출총이익,선진뷰티사이언스|별도,17824741860,원,DART OpenAPI,2026-09-30
2022FY,기업,판관비,선진뷰티사이언스|별도,13296220882,원,DART OpenAPI,2026-09-30
2022FY,기업,영업이익,선진뷰티사이언스|별도,4528520978,원,DART OpenAPI,2026-09-30
2022FY,기업,당기순이익,선진뷰티사이언스|별도,19444632499,원,DART OpenAPI,2026-09-30
2022Q4,기업,재고자산,선진뷰티사이언스|별도,10551481694,원,DART OpenAPI,2026-09-30
2022Q4,기업,매출채권,선진뷰티사이언스|별도,30891483845,원,DART OpenAPI,2026-09-30
2022Q4,기업,직원수,선진뷰티사이언스|별도,119,명,DART OpenAPI,2026-09-30
2023Q1,기업,매출액,선진뷰티사이언스|연결,20392591038,원,DART OpenAPI,2026-09-30
2023Q1,기업,매출총이익,선진뷰티사이언스|연결,6861926428,원,DART OpenAPI,2026-09-30
2023Q1,기업,판관비,선진뷰티사이언스|연결,3830574469,원,DART OpenAPI,2026-09-30
2023Q1,기업,영업이익,선진뷰티사이언스|연결,3031351959,원,DART OpenAPI,2026-09-30
2023Q1,기업,당기순이익,선진뷰티사이언스|연결,3003568193,원,DART OpenAPI,2026-09-30
2023Q1,기업,지배주주순이익,선진뷰티사이언스|연결,2703815093,원,DART OpenAPI,2026-09-30
2023Q1,기업,재고자산,선진뷰티사이언스|연결,12528091623,원,DART OpenAPI,2026-09-30
2023Q1,기업,매출채권,선진뷰티사이언스|연결,14068340011,원,DART OpenAPI,2026-09-30
2023Q1,기업,매출액,선진뷰티사이언스|별도,18689512301,원,DART OpenAPI,2026-09-30
2023Q1,기업,매출총이익,선진뷰티사이언스|별도,5653681767,원,DART OpenAPI,2026-09-30
2023Q1,기업,판관비,선진뷰티사이언스|별도,3264099373,원,DART OpenAPI,2026-09-30
2023Q1,기업,영업이익,선진뷰티사이언스|별도,2389582394,원,DART OpenAPI,2026-09-30
2023Q1,기업,당기순이익,선진뷰티사이언스|별도,2638034532,원,DART OpenAPI,2026-09-30
2023Q1,기업,재고자산,선진뷰티사이언스|별도,10681940859,원,DART OpenAPI,2026-09-30
2023Q1,기업,매출채권,선진뷰티사이언스|별도,13150628856,원,DART OpenAPI,2026-09-30
2023Q1,기업,직원수,선진뷰티사이언스|별도,131,명,DART OpenAPI,2026-09-30
2023Q2,기업,매출액,선진뷰티사이언스|연결,19042481985,원,DART OpenAPI,2026-09-30
2023Q2,기업,매출총이익,선진뷰티사이언스|연결,6277930716,원,DART OpenAPI,2026-09-30
2023Q2,기업,판관비,선진뷰티사이언스|연결,3709597810,원,DART OpenAPI,2026-09-30
2023Q2,기업,영업이익,선진뷰티사이언스|연결,2568332906,원,DART OpenAPI,2026-09-30
2023Q2,기업,당기순이익,선진뷰티사이언스|연결,1682070935,원,DART OpenAPI,2026-09-30
2023Q2,기업,지배주주순이익,선진뷰티사이언스|연결,1615209918,원,DART OpenAPI,2026-09-30
2023Q2,기업,재고자산,선진뷰티사이언스|연결,11790089615,원,DART OpenAPI,2026-09-30
2023Q2,기업,매출채권,선진뷰티사이언스|연결,13339922588,원,DART OpenAPI,2026-09-30
2023Q2,기업,매출액,선진뷰티사이언스|별도,18103242678,원,DART OpenAPI,2026-09-30
2023Q2,기업,매출총이익,선진뷰티사이언스|별도,5462174111,원,DART OpenAPI,2026-09-30
2023Q2,기업,판관비,선진뷰티사이언스|별도,3148460733,원,DART OpenAPI,2026-09-30
2023Q2,기업,영업이익,선진뷰티사이언스|별도,2313713378,원,DART OpenAPI,2026-09-30
2023Q2,기업,당기순이익,선진뷰티사이언스|별도,1556951530,원,DART OpenAPI,2026-09-30
2023Q2,기업,재고자산,선진뷰티사이언스|별도,9525775862,원,DART OpenAPI,2026-09-30
2023Q2,기업,매출채권,선진뷰티사이언스|별도,14054485686,원,DART OpenAPI,2026-09-30
2023Q2,기업,직원수,선진뷰티사이언스|별도,138,명,DART OpenAPI,2026-09-30
2023Q3,기업,매출액,선진뷰티사이언스|연결,15278876002,원,DART OpenAPI,2026-09-30
2023Q3,기업,매출총이익,선진뷰티사이언스|연결,5408708180,원,DART OpenAPI,2026-09-30
2023Q3,기업,판관비,선진뷰티사이언스|연결,3944373086,원,DART OpenAPI,2026-09-30
2023Q3,기업,영업이익,선진뷰티사이언스|연결,1464335094,원,DART OpenAPI,2026-09-30
2023Q3,기업,당기순이익,선진뷰티사이언스|연결,568344186,원,DART OpenAPI,2026-09-30
2023Q3,기업,지배주주순이익,선진뷰티사이언스|연결,161354489,원,DART OpenAPI,2026-09-30
2023Q3,기업,재고자산,선진뷰티사이언스|연결,14299027036,원,DART OpenAPI,2026-09-30
2023Q3,기업,매출채권,선진뷰티사이언스|연결,13386607597,원,DART OpenAPI,2026-09-30
2023Q3,기업,매출액,선진뷰티사이언스|별도,14592799415,원,DART OpenAPI,2026-09-30
2023Q3,기업,매출총이익,선진뷰티사이언스|별도,4170007246,원,DART OpenAPI,2026-09-30
2023Q3,기업,판관비,선진뷰티사이언스|별도,3412111965,원,DART OpenAPI,2026-09-30
2023Q3,기업,영업이익,선진뷰티사이언스|별도,757895281,원,DART OpenAPI,2026-09-30
2023Q3,기업,당기순이익,선진뷰티사이언스|별도,95466495,원,DART OpenAPI,2026-09-30
2023Q3,기업,재고자산,선진뷰티사이언스|별도,11393383125,원,DART OpenAPI,2026-09-30
2023Q3,기업,매출채권,선진뷰티사이언스|별도,14302317126,원,DART OpenAPI,2026-09-30
2023Q3,기업,직원수,선진뷰티사이언스|별도,140,명,DART OpenAPI,2026-09-30
2023FY,기업,매출액,선진뷰티사이언스|연결,72622359560,원,DART OpenAPI,2026-09-30
2023FY,기업,매출총이익,선진뷰티사이언스|연결,24440672581,원,DART OpenAPI,2026-09-30
2023FY,기업,판관비,선진뷰티사이언스|연결,15397020608,원,DART OpenAPI,2026-09-30
2023FY,기업,영업이익,선진뷰티사이언스|연결,9043651973,원,DART OpenAPI,2026-09-30
2023FY,기업,당기순이익,선진뷰티사이언스|연결,6668125849,원,DART OpenAPI,2026-09-30
2023FY,기업,지배주주순이익,선진뷰티사이언스|연결,5613162535,원,DART OpenAPI,2026-09-30
2023Q4,기업,재고자산,선진뷰티사이언스|연결,15886572997,원,DART OpenAPI,2026-09-30
2023Q4,기업,매출채권,선진뷰티사이언스|연결,13598764422,원,DART OpenAPI,2026-09-30
2023FY,기업,매출액,선진뷰티사이언스|별도,68410737212,원,DART OpenAPI,2026-09-30
2023FY,기업,매출총이익,선진뷰티사이언스|별도,19546797662,원,DART OpenAPI,2026-09-30
2023FY,기업,판관비,선진뷰티사이언스|별도,12948755334,원,DART OpenAPI,2026-09-30
2023FY,기업,영업이익,선진뷰티사이언스|별도,6598042328,원,DART OpenAPI,2026-09-30
2023FY,기업,당기순이익,선진뷰티사이언스|별도,4925518368,원,DART OpenAPI,2026-09-30
2023Q4,기업,재고자산,선진뷰티사이언스|별도,11674756819,원,DART OpenAPI,2026-09-30
2023Q4,기업,매출채권,선진뷰티사이언스|별도,14578941433,원,DART OpenAPI,2026-09-30
2023Q4,기업,직원수,선진뷰티사이언스|별도,151,명,DART OpenAPI,2026-09-30
2024Q1,기업,매출액,선진뷰티사이언스|연결,20793871567,원,DART OpenAPI,2026-09-30
2024Q1,기업,매출총이익,선진뷰티사이언스|연결,7516170982,원,DART OpenAPI,2026-09-30
2024Q1,기업,판관비,선진뷰티사이언스|연결,3699139678,원,DART OpenAPI,2026-09-30
2024Q1,기업,영업이익,선진뷰티사이언스|연결,3817031304,원,DART OpenAPI,2026-09-30
2024Q1,기업,당기순이익,선진뷰티사이언스|연결,3604041406,원,DART OpenAPI,2026-09-30
2024Q1,기업,지배주주순이익,선진뷰티사이언스|연결,3253331315,원,DART OpenAPI,2026-09-30
2024Q1,기업,재고자산,선진뷰티사이언스|연결,15504389771,원,DART OpenAPI,2026-09-30
2024Q1,기업,매출채권,선진뷰티사이언스|연결,15851208016,원,DART OpenAPI,2026-09-30
2024Q1,기업,매출액,선진뷰티사이언스|별도,19721609629,원,DART OpenAPI,2026-09-30
2024Q1,기업,매출총이익,선진뷰티사이언스|별도,6824535644,원,DART OpenAPI,2026-09-30
2024Q1,기업,판관비,선진뷰티사이언스|별도,2858273655,원,DART OpenAPI,2026-09-30
2024Q1,기업,영업이익,선진뷰티사이언스|별도,3966261989,원,DART OpenAPI,2026-09-30
2024Q1,기업,당기순이익,선진뷰티사이언스|별도,4307278917,원,DART OpenAPI,2026-09-30
2024Q1,기업,재고자산,선진뷰티사이언스|별도,10810453575,원,DART OpenAPI,2026-09-30
2024Q1,기업,매출채권,선진뷰티사이언스|별도,18744228679,원,DART OpenAPI,2026-09-30
2024Q1,기업,직원수,선진뷰티사이언스|별도,154,명,DART OpenAPI,2026-09-30
2024Q2,기업,매출액,선진뷰티사이언스|연결,21842753620,원,DART OpenAPI,2026-09-30
2024Q2,기업,매출총이익,선진뷰티사이언스|연결,8327479728,원,DART OpenAPI,2026-09-30
2024Q2,기업,판관비,선진뷰티사이언스|연결,4518902089,원,DART OpenAPI,2026-09-30
2024Q2,기업,영업이익,선진뷰티사이언스|연결,3808577639,원,DART OpenAPI,2026-09-30
2024Q2,기업,당기순이익,선진뷰티사이언스|연결,2684119894,원,DART OpenAPI,2026-09-30
2024Q2,기업,지배주주순이익,선진뷰티사이언스|연결,2201985304,원,DART OpenAPI,2026-09-30
2024Q2,기업,재고자산,선진뷰티사이언스|연결,17403306005,원,DART OpenAPI,2026-09-30
2024Q2,기업,매출채권,선진뷰티사이언스|연결,16098301576,원,DART OpenAPI,2026-09-30
2024Q2,기업,매출액,선진뷰티사이언스|별도,19408025948,원,DART OpenAPI,2026-09-30
2024Q2,기업,매출총이익,선진뷰티사이언스|별도,6779871637,원,DART OpenAPI,2026-09-30
2024Q2,기업,판관비,선진뷰티사이언스|별도,3695918595,원,DART OpenAPI,2026-09-30
2024Q2,기업,영업이익,선진뷰티사이언스|별도,3083953042,원,DART OpenAPI,2026-09-30
2024Q2,기업,당기순이익,선진뷰티사이언스|별도,2836866279,원,DART OpenAPI,2026-09-30
2024Q2,기업,재고자산,선진뷰티사이언스|별도,12637040363,원,DART OpenAPI,2026-09-30
2024Q2,기업,매출채권,선진뷰티사이언스|별도,17442090054,원,DART OpenAPI,2026-09-30
2024Q2,기업,직원수,선진뷰티사이언스|별도,169,명,DART OpenAPI,2026-09-30
2024Q3,기업,매출액,선진뷰티사이언스|연결,18228911960,원,DART OpenAPI,2026-09-30
2024Q3,기업,매출총이익,선진뷰티사이언스|연결,7109128228,원,DART OpenAPI,2026-09-30
2024Q3,기업,판관비,선진뷰티사이언스|연결,4589043898,원,DART OpenAPI,2026-09-30
2024Q3,기업,영업이익,선진뷰티사이언스|연결,2520084330,원,DART OpenAPI,2026-09-30
2024Q3,기업,당기순이익,선진뷰티사이언스|연결,1407995896,원,DART OpenAPI,2026-09-30
2024Q3,기업,지배주주순이익,선진뷰티사이언스|연결,1104546559,원,DART OpenAPI,2026-09-30
2024Q3,기업,재고자산,선진뷰티사이언스|연결,20486639138,원,DART OpenAPI,2026-09-30
2024Q3,기업,매출채권,선진뷰티사이언스|연결,12604683871,원,DART OpenAPI,2026-09-30
2024Q3,기업,매출액,선진뷰티사이언스|별도,16425600301,원,DART OpenAPI,2026-09-30
2024Q3,기업,매출총이익,선진뷰티사이언스|별도,5696933804,원,DART OpenAPI,2026-09-30
2024Q3,기업,판관비,선진뷰티사이언스|별도,3913789550,원,DART OpenAPI,2026-09-30
2024Q3,기업,영업이익,선진뷰티사이언스|별도,1783144254,원,DART OpenAPI,2026-09-30
2024Q3,기업,당기순이익,선진뷰티사이언스|별도,939762046,원,DART OpenAPI,2026-09-30
2024Q3,기업,재고자산,선진뷰티사이언스|별도,15428061924,원,DART OpenAPI,2026-09-30
2024Q3,기업,매출채권,선진뷰티사이언스|별도,14150028705,원,DART OpenAPI,2026-09-30
2024Q3,기업,직원수,선진뷰티사이언스|별도,179,명,DART OpenAPI,2026-09-30
2024FY,기업,매출액,선진뷰티사이언스|연결,79372060433,원,DART OpenAPI,2026-09-30
2024FY,기업,매출총이익,선진뷰티사이언스|연결,28260600780,원,DART OpenAPI,2026-09-30
2024FY,기업,판관비,선진뷰티사이언스|연결,17620756008,원,DART OpenAPI,2026-09-30
2024FY,기업,영업이익,선진뷰티사이언스|연결,10639844772,원,DART OpenAPI,2026-09-30
2024FY,기업,당기순이익,선진뷰티사이언스|연결,10433403002,원,DART OpenAPI,2026-09-30
2024FY,기업,지배주주순이익,선진뷰티사이언스|연결,9121513094,원,DART OpenAPI,2026-09-30
2024Q4,기업,재고자산,선진뷰티사이언스|연결,20244504483,원,DART OpenAPI,2026-09-30
2024Q4,기업,매출채권,선진뷰티사이언스|연결,14172650730,원,DART OpenAPI,2026-09-30
2024FY,기업,매출액,선진뷰티사이언스|별도,72592297354,원,DART OpenAPI,2026-09-30
2024FY,기업,매출총이익,선진뷰티사이언스|별도,23634795026,원,DART OpenAPI,2026-09-30
2024FY,기업,판관비,선진뷰티사이언스|별도,14362513392,원,DART OpenAPI,2026-09-30
2024FY,기업,영업이익,선진뷰티사이언스|별도,9272281634,원,DART OpenAPI,2026-09-30
2024FY,기업,당기순이익,선진뷰티사이언스|별도,9895962213,원,DART OpenAPI,2026-09-30
2024Q4,기업,재고자산,선진뷰티사이언스|별도,14790539316,원,DART OpenAPI,2026-09-30
2024Q4,기업,매출채권,선진뷰티사이언스|별도,14970543868,원,DART OpenAPI,2026-09-30
2024Q4,기업,직원수,선진뷰티사이언스|별도,181,명,DART OpenAPI,2026-09-30
2025Q1,기업,매출액,선진뷰티사이언스|연결,22488145876,원,DART OpenAPI,2026-09-30
2025Q1,기업,매출총이익,선진뷰티사이언스|연결,9308003167,원,DART OpenAPI,2026-09-30
2025Q1,기업,판관비,선진뷰티사이언스|연결,5573264939,원,DART OpenAPI,2026-09-30
2025Q1,기업,영업이익,선진뷰티사이언스|연결,3734738228,원,DART OpenAPI,2026-09-30
2025Q1,기업,당기순이익,선진뷰티사이언스|연결,3329637355,원,DART OpenAPI,2026-09-30
2025Q1,기업,지배주주순이익,선진뷰티사이언스|연결,2821505927,원,DART OpenAPI,2026-09-30
2025Q1,기업,재고자산,선진뷰티사이언스|연결,22424814987,원,DART OpenAPI,2026-09-30
2025Q1,기업,매출채권,선진뷰티사이언스|연결,17545424357,원,DART OpenAPI,2026-09-30
2025Q1,기업,매출액,선진뷰티사이언스|별도,20262738707,원,DART OpenAPI,2026-09-30
2025Q1,기업,매출총이익,선진뷰티사이언스|별도,7436915902,원,DART OpenAPI,2026-09-30
2025Q1,기업,판관비,선진뷰티사이언스|별도,4277312908,원,DART OpenAPI,2026-09-30
2025Q1,기업,영업이익,선진뷰티사이언스|별도,3159602994,원,DART OpenAPI,2026-09-30
2025Q1,기업,당기순이익,선진뷰티사이언스|별도,3477441362,원,DART OpenAPI,2026-09-30
2025Q1,기업,재고자산,선진뷰티사이언스|별도,16356387288,원,DART OpenAPI,2026-09-30
2025Q1,기업,매출채권,선진뷰티사이언스|별도,20593428055,원,DART OpenAPI,2026-09-30
2025Q1,기업,직원수,선진뷰티사이언스|별도,189,명,DART OpenAPI,2026-09-30
2025Q2,기업,매출액,선진뷰티사이언스|연결,21648345304,원,DART OpenAPI,2026-09-30
2025Q2,기업,매출총이익,선진뷰티사이언스|연결,8761995052,원,DART OpenAPI,2026-09-30
2025Q2,기업,판관비,선진뷰티사이언스|연결,6728678902,원,DART OpenAPI,2026-09-30
2025Q2,기업,영업이익,선진뷰티사이언스|연결,2033316150,원,DART OpenAPI,2026-09-30
2025Q2,기업,당기순이익,선진뷰티사이언스|연결,2189928303,원,DART OpenAPI,2026-09-30
2025Q2,기업,지배주주순이익,선진뷰티사이언스|연결,1868885298,원,DART OpenAPI,2026-09-30
2025Q2,기업,재고자산,선진뷰티사이언스|연결,23333598896,원,DART OpenAPI,2026-09-30
2025Q2,기업,매출채권,선진뷰티사이언스|연결,15715142489,원,DART OpenAPI,2026-09-30
2025Q2,기업,매출액,선진뷰티사이언스|별도,19364863758,원,DART OpenAPI,2026-09-30
2025Q2,기업,매출총이익,선진뷰티사이언스|별도,6528856339,원,DART OpenAPI,2026-09-30
2025Q2,기업,판관비,선진뷰티사이언스|별도,5384202250,원,DART OpenAPI,2026-09-30
2025Q2,기업,영업이익,선진뷰티사이언스|별도,1144654089,원,DART OpenAPI,2026-09-30
2025Q2,기업,당기순이익,선진뷰티사이언스|별도,2237471064,원,DART OpenAPI,2026-09-30
2025Q2,기업,재고자산,선진뷰티사이언스|별도,17281923520,원,DART OpenAPI,2026-09-30
2025Q2,기업,매출채권,선진뷰티사이언스|별도,18569817028,원,DART OpenAPI,2026-09-30
2025Q2,기업,직원수,선진뷰티사이언스|별도,200,명,DART OpenAPI,2026-09-30
2025Q3,기업,매출액,선진뷰티사이언스|연결,18855969632,원,DART OpenAPI,2026-09-30
2025Q3,기업,매출총이익,선진뷰티사이언스|연결,6864550580,원,DART OpenAPI,2026-09-30
2025Q3,기업,판관비,선진뷰티사이언스|연결,6167936243,원,DART OpenAPI,2026-09-30
2025Q3,기업,영업이익,선진뷰티사이언스|연결,696614337,원,DART OpenAPI,2026-09-30
2025Q3,기업,당기순이익,선진뷰티사이언스|연결,1208969566,원,DART OpenAPI,2026-09-30
2025Q3,기업,지배주주순이익,선진뷰티사이언스|연결,808339071,원,DART OpenAPI,2026-09-30
2025Q3,기업,재고자산,선진뷰티사이언스|연결,24950000586,원,DART OpenAPI,2026-09-30
2025Q3,기업,매출채권,선진뷰티사이언스|연결,10781042937,원,DART OpenAPI,2026-09-30
2025Q3,기업,매출액,선진뷰티사이언스|별도,14636850772,원,DART OpenAPI,2026-09-30
2025Q3,기업,매출총이익,선진뷰티사이언스|별도,4657929363,원,DART OpenAPI,2026-09-30
2025Q3,기업,판관비,선진뷰티사이언스|별도,4994742129,원,DART OpenAPI,2026-09-30
2025Q3,기업,영업이익,선진뷰티사이언스|별도,-336812766,원,DART OpenAPI,2026-09-30
2025Q3,기업,당기순이익,선진뷰티사이언스|별도,392038545,원,DART OpenAPI,2026-09-30
2025Q3,기업,재고자산,선진뷰티사이언스|별도,19470436497,원,DART OpenAPI,2026-09-30
2025Q3,기업,매출채권,선진뷰티사이언스|별도,12486295304,원,DART OpenAPI,2026-09-30
2025Q3,기업,직원수,선진뷰티사이언스|별도,216,명,DART OpenAPI,2026-09-30
2025FY,기업,매출액,선진뷰티사이언스|연결,80766128193,원,DART OpenAPI,2026-09-30
2025FY,기업,매출총이익,선진뷰티사이언스|연결,31858591962,원,DART OpenAPI,2026-09-30
2025FY,기업,판관비,선진뷰티사이언스|연결,25799037833,원,DART OpenAPI,2026-09-30
2025FY,기업,영업이익,선진뷰티사이언스|연결,6059554129,원,DART OpenAPI,2026-09-30
2025FY,기업,당기순이익,선진뷰티사이언스|연결,7316681919,원,DART OpenAPI,2026-09-30
2025FY,기업,지배주주순이익,선진뷰티사이언스|연결,5961092046,원,DART OpenAPI,2026-09-30
2025Q4,기업,재고자산,선진뷰티사이언스|연결,26547284601,원,DART OpenAPI,2026-09-30
2025Q4,기업,매출채권,선진뷰티사이언스|연결,10359692497,원,DART OpenAPI,2026-09-30
2025FY,기업,매출액,선진뷰티사이언스|별도,68805862444,원,DART OpenAPI,2026-09-30
2025FY,기업,매출총이익,선진뷰티사이언스|별도,23350681315,원,DART OpenAPI,2026-09-30
2025FY,기업,판관비,선진뷰티사이언스|별도,20179252002,원,DART OpenAPI,2026-09-30
2025FY,기업,영업이익,선진뷰티사이언스|별도,3171429313,원,DART OpenAPI,2026-09-30
2025FY,기업,당기순이익,선진뷰티사이언스|별도,6483473671,원,DART OpenAPI,2026-09-30
2025Q4,기업,재고자산,선진뷰티사이언스|별도,21232250360,원,DART OpenAPI,2026-09-30
2025Q4,기업,매출채권,선진뷰티사이언스|별도,11165378570,원,DART OpenAPI,2026-09-30
2025Q4,기업,직원수,선진뷰티사이언스|별도,228,명,DART OpenAPI,2026-09-30
2026Q1,기업,매출액,선진뷰티사이언스|연결,22733076598,원,DART OpenAPI,2026-09-30
2026Q1,기업,매출총이익,선진뷰티사이언스|연결,9490045316,원,DART OpenAPI,2026-09-30
2026Q1,기업,판관비,선진뷰티사이언스|연결,7970730067,원,DART OpenAPI,2026-09-30
2026Q1,기업,영업이익,선진뷰티사이언스|연결,1519315249,원,DART OpenAPI,2026-09-30
2026Q1,기업,당기순이익,선진뷰티사이언스|연결,2096612413,원,DART OpenAPI,2026-09-30
2026Q1,기업,지배주주순이익,선진뷰티사이언스|연결,1810942587,원,DART OpenAPI,2026-09-30
2026Q1,기업,재고자산,선진뷰티사이언스|연결,28191633924,원,DART OpenAPI,2026-09-30
2026Q1,기업,매출채권,선진뷰티사이언스|연결,15541614773,원,DART OpenAPI,2026-09-30
2026Q1,기업,매출액,선진뷰티사이언스|별도,20152140729,원,DART OpenAPI,2026-09-30
2026Q1,기업,매출총이익,선진뷰티사이언스|별도,7115446622,원,DART OpenAPI,2026-09-30
2026Q1,기업,판관비,선진뷰티사이언스|별도,6262172217,원,DART OpenAPI,2026-09-30
2026Q1,기업,영업이익,선진뷰티사이언스|별도,853274405,원,DART OpenAPI,2026-09-30
2026Q1,기업,당기순이익,선진뷰티사이언스|별도,2462643965,원,DART OpenAPI,2026-09-30
2026Q1,기업,재고자산,선진뷰티사이언스|별도,22290639187,원,DART OpenAPI,2026-09-30
2026Q1,기업,매출채권,선진뷰티사이언스|별도,18374938371,원,DART OpenAPI,2026-09-30
2026Q1,기업,직원수,선진뷰티사이언스|별도,219,명,DART OpenAPI,2026-09-30
2026Q2,기업,매출액,선진뷰티사이언스|연결,23572034611,원,DART OpenAPI,2026-09-30
2026Q2,기업,매출총이익,선진뷰티사이언스|연결,9714992380,원,DART OpenAPI,2026-09-30
2026Q2,기업,판관비,선진뷰티사이언스|연결,8038860996,원,DART OpenAPI,2026-09-30
2026Q2,기업,영업이익,선진뷰티사이언스|연결,1676131384,원,DART OpenAPI,2026-09-30
2026Q2,기업,당기순이익,선진뷰티사이언스|연결,2310684060,원,DART OpenAPI,2026-09-30
2026Q2,기업,지배주주순이익,선진뷰티사이언스|연결,1910097922,원,DART OpenAPI,2026-09-30
2026Q2,기업,재고자산,선진뷰티사이언스|연결,29983656165,원,DART OpenAPI,2026-09-30
2026Q2,기업,매출채권,선진뷰티사이언스|연결,15388495140,원,DART OpenAPI,2026-09-30
2026Q2,기업,매출액,선진뷰티사이언스|별도,21136976383,원,DART OpenAPI,2026-09-30
2026Q2,기업,매출총이익,선진뷰티사이언스|별도,7775502915,원,DART OpenAPI,2026-09-30
2026Q2,기업,판관비,선진뷰티사이언스|별도,6200794409,원,DART OpenAPI,2026-09-30
2026Q2,기업,영업이익,선진뷰티사이언스|별도,1574708506,원,DART OpenAPI,2026-09-30
2026Q2,기업,당기순이익,선진뷰티사이언스|별도,2158259761,원,DART OpenAPI,2026-09-30
2026Q2,기업,재고자산,선진뷰티사이언스|별도,23341205644,원,DART OpenAPI,2026-09-30
2026Q2,기업,매출채권,선진뷰티사이언스|별도,18241132022,원,DART OpenAPI,2026-09-30
2026Q2,기업,직원수,선진뷰티사이언스|별도,220,명,DART OpenAPI,2026-09-30
2020FY,기업,매출액,엔에프씨|연결,33324513248,원,DART OpenAPI,2026-09-30
2020FY,기업,매출총이익,엔에프씨|연결,10493046950,원,DART OpenAPI,2026-09-30
2020FY,기업,판관비,엔에프씨|연결,5598510390,원,DART OpenAPI,2026-09-30
2020FY,기업,영업이익,엔에프씨|연결,4555596742,원,DART OpenAPI,2026-09-30
2020FY,기업,당기순이익,엔에프씨|연결,765102541,원,DART OpenAPI,2026-09-30
2020FY,기업,지배주주순이익,엔에프씨|연결,765102541,원,DART OpenAPI,2026-09-30
2020Q4,기업,재고자산,엔에프씨|연결,6020147496,원,DART OpenAPI,2026-09-30
2020Q4,기업,매출채권,엔에프씨|연결,3225629340,원,DART OpenAPI,2026-09-30
2020Q4,기업,계약부채,엔에프씨|연결,179259181,원,DART OpenAPI,2026-09-30
2020FY,기업,매출액,엔에프씨|별도,33276430047,원,DART OpenAPI,2026-09-30
2020FY,기업,매출총이익,엔에프씨|별도,10376158197,원,DART OpenAPI,2026-09-30
2020FY,기업,판관비,엔에프씨|별도,5334328474,원,DART OpenAPI,2026-09-30
2020FY,기업,영업이익,엔에프씨|별도,4702889905,원,DART OpenAPI,2026-09-30
2020FY,기업,당기순이익,엔에프씨|별도,902732589,원,DART OpenAPI,2026-09-30
2020Q4,기업,재고자산,엔에프씨|별도,5690784717,원,DART OpenAPI,2026-09-30
2020Q4,기업,매출채권,엔에프씨|별도,4253405309,원,DART OpenAPI,2026-09-30
2020Q4,기업,계약부채,엔에프씨|별도,177255661,원,DART OpenAPI,2026-09-30
2020Q4,기업,직원수,엔에프씨|별도,42,명,DART OpenAPI,2026-09-30
2021Q1,기업,매출액,엔에프씨|연결,10185355210,원,DART OpenAPI,2026-09-30
2021Q1,기업,매출총이익,엔에프씨|연결,3319662188,원,DART OpenAPI,2026-09-30
2021Q1,기업,판관비,엔에프씨|연결,1537738220,원,DART OpenAPI,2026-09-30
2021Q1,기업,영업이익,엔에프씨|연결,1629821757,원,DART OpenAPI,2026-09-30
2021Q1,기업,당기순이익,엔에프씨|연결,-261892361,원,DART OpenAPI,2026-09-30
2021Q1,기업,지배주주순이익,엔에프씨|연결,-261892361,원,DART OpenAPI,2026-09-30
2021Q1,기업,재고자산,엔에프씨|연결,6385597752,원,DART OpenAPI,2026-09-30
2021Q1,기업,매출채권,엔에프씨|연결,2899258315,원,DART OpenAPI,2026-09-30
2021Q1,기업,계약부채,엔에프씨|연결,163776109,원,DART OpenAPI,2026-09-30
2021Q1,기업,매출액,엔에프씨|별도,10167435739,원,DART OpenAPI,2026-09-30
2021Q1,기업,매출총이익,엔에프씨|별도,3239888963,원,DART OpenAPI,2026-09-30
2021Q1,기업,판관비,엔에프씨|별도,1430687216,원,DART OpenAPI,2026-09-30
2021Q1,기업,영업이익,엔에프씨|별도,1657099536,원,DART OpenAPI,2026-09-30
2021Q1,기업,당기순이익,엔에프씨|별도,-234520782,원,DART OpenAPI,2026-09-30
2021Q1,기업,재고자산,엔에프씨|별도,5933247106,원,DART OpenAPI,2026-09-30
2021Q1,기업,매출채권,엔에프씨|별도,4185305319,원,DART OpenAPI,2026-09-30
2021Q1,기업,계약부채,엔에프씨|별도,163776109,원,DART OpenAPI,2026-09-30
2021Q1,기업,직원수,엔에프씨|별도,49,명,DART OpenAPI,2026-09-30
2021Q2,기업,매출액,엔에프씨|연결,10464123421,원,DART OpenAPI,2026-09-30
2021Q2,기업,매출총이익,엔에프씨|연결,3195236048,원,DART OpenAPI,2026-09-30
2021Q2,기업,판관비,엔에프씨|연결,1754638329,원,DART OpenAPI,2026-09-30
2021Q2,기업,영업이익,엔에프씨|연결,1440597719,원,DART OpenAPI,2026-09-30
2021Q2,기업,당기순이익,엔에프씨|연결,2239751587,원,DART OpenAPI,2026-09-30
2021Q2,기업,지배주주순이익,엔에프씨|연결,2239751587,원,DART OpenAPI,2026-09-30
2021Q2,기업,재고자산,엔에프씨|연결,6516183131,원,DART OpenAPI,2026-09-30
2021Q2,기업,매출채권,엔에프씨|연결,4221481488,원,DART OpenAPI,2026-09-30
2021Q2,기업,계약부채,엔에프씨|연결,66177361,원,DART OpenAPI,2026-09-30
2021Q2,기업,매출액,엔에프씨|별도,10185288787,원,DART OpenAPI,2026-09-30
2021Q2,기업,매출총이익,엔에프씨|별도,3070385044,원,DART OpenAPI,2026-09-30
2021Q2,기업,판관비,엔에프씨|별도,1894886107,원,DART OpenAPI,2026-09-30
2021Q2,기업,영업이익,엔에프씨|별도,1175498937,원,DART OpenAPI,2026-09-30
2021Q2,기업,당기순이익,엔에프씨|별도,1965554801,원,DART OpenAPI,2026-09-30
2021Q2,기업,재고자산,엔에프씨|별도,6133874621,원,DART OpenAPI,2026-09-30
2021Q2,기업,매출채권,엔에프씨|별도,5176777825,원,DART OpenAPI,2026-09-30
2021Q2,기업,계약부채,엔에프씨|별도,66177361,원,DART OpenAPI,2026-09-30
2021Q2,기업,직원수,엔에프씨|별도,51,명,DART OpenAPI,2026-09-30
2021Q3,기업,매출액,엔에프씨|연결,10970274981,원,DART OpenAPI,2026-09-30
2021Q3,기업,매출총이익,엔에프씨|연결,3767830788,원,DART OpenAPI,2026-09-30
2021Q3,기업,판관비,엔에프씨|연결,1560509735,원,DART OpenAPI,2026-09-30
2021Q3,기업,영업이익,엔에프씨|연결,2207321053,원,DART OpenAPI,2026-09-30
2021Q3,기업,당기순이익,엔에프씨|연결,2645464388,원,DART OpenAPI,2026-09-30
2021Q3,기업,지배주주순이익,엔에프씨|연결,2645464388,원,DART OpenAPI,2026-09-30
2021Q3,기업,재고자산,엔에프씨|연결,5964524315,원,DART OpenAPI,2026-09-30
2021Q3,기업,매출채권,엔에프씨|연결,4044563123,원,DART OpenAPI,2026-09-30
2021Q3,기업,계약부채,엔에프씨|연결,141107731,원,DART OpenAPI,2026-09-30
2021Q3,기업,매출액,엔에프씨|별도,10664923325,원,DART OpenAPI,2026-09-30
2021Q3,기업,매출총이익,엔에프씨|별도,3617696633,원,DART OpenAPI,2026-09-30
2021Q3,기업,판관비,엔에프씨|별도,1463035239,원,DART OpenAPI,2026-09-30
2021Q3,기업,영업이익,엔에프씨|별도,2154661394,원,DART OpenAPI,2026-09-30
2021Q3,기업,당기순이익,엔에프씨|별도,2592438108,원,DART OpenAPI,2026-09-30
2021Q3,기업,재고자산,엔에프씨|별도,5635357868,원,DART OpenAPI,2026-09-30
2021Q3,기업,매출채권,엔에프씨|별도,4813247319,원,DART OpenAPI,2026-09-30
2021Q3,기업,계약부채,엔에프씨|별도,141107731,원,DART OpenAPI,2026-09-30
2021Q3,기업,직원수,엔에프씨|별도,55,명,DART OpenAPI,2026-09-30
2021FY,기업,매출액,엔에프씨|연결,40414881817,원,DART OpenAPI,2026-09-30
2021FY,기업,매출총이익,엔에프씨|연결,12413297102,원,DART OpenAPI,2026-09-30
2021FY,기업,판관비,엔에프씨|연결,6649339050,원,DART OpenAPI,2026-09-30
2021FY,기업,영업이익,엔에프씨|연결,5763958052,원,DART OpenAPI,2026-09-30
2021FY,기업,당기순이익,엔에프씨|연결,6144235431,원,DART OpenAPI,2026-09-30
2021FY,기업,지배주주순이익,엔에프씨|연결,6144235431,원,DART OpenAPI,2026-09-30
2021Q4,기업,재고자산,엔에프씨|연결,6451026420,원,DART OpenAPI,2026-09-30
2021Q4,기업,매출채권,엔에프씨|연결,3431355784,원,DART OpenAPI,2026-09-30
2021Q4,기업,계약부채,엔에프씨|연결,51578673,원,DART OpenAPI,2026-09-30
2021FY,기업,매출액,엔에프씨|별도,39469857685,원,DART OpenAPI,2026-09-30
2021FY,기업,매출총이익,엔에프씨|별도,11967608300,원,DART OpenAPI,2026-09-30
2021FY,기업,판관비,엔에프씨|별도,6508965423,원,DART OpenAPI,2026-09-30
2021FY,기업,영업이익,엔에프씨|별도,5458642877,원,DART OpenAPI,2026-09-30
2021FY,기업,당기순이익,엔에프씨|별도,5824049349,원,DART OpenAPI,2026-09-30
2021Q4,기업,재고자산,엔에프씨|별도,6162709972,원,DART OpenAPI,2026-09-30
2021Q4,기업,매출채권,엔에프씨|별도,4288928969,원,DART OpenAPI,2026-09-30
2021Q4,기업,계약부채,엔에프씨|별도,51578673,원,DART OpenAPI,2026-09-30
2021Q4,기업,직원수,엔에프씨|별도,53,명,DART OpenAPI,2026-09-30
2022Q1,기업,매출액,엔에프씨|연결,7302493182,원,DART OpenAPI,2026-09-30
2022Q1,기업,매출총이익,엔에프씨|연결,2034769342,원,DART OpenAPI,2026-09-30
2022Q1,기업,판관비,엔에프씨|연결,1421673319,원,DART OpenAPI,2026-09-30
2022Q1,기업,영업이익,엔에프씨|연결,661031024,원,DART OpenAPI,2026-09-30
2022Q1,기업,당기순이익,엔에프씨|연결,609271583,원,DART OpenAPI,2026-09-30
2022Q1,기업,지배주주순이익,엔에프씨|연결,609271583,원,DART OpenAPI,2026-09-30
2022Q1,기업,재고자산,엔에프씨|연결,7434191947,원,DART OpenAPI,2026-09-30
2022Q1,기업,매출채권,엔에프씨|연결,3741802978,원,DART OpenAPI,2026-09-30
2022Q1,기업,계약부채,엔에프씨|연결,42448348,원,DART OpenAPI,2026-09-30
2022Q1,기업,매출액,엔에프씨|별도,7231172489,원,DART OpenAPI,2026-09-30
2022Q1,기업,매출총이익,엔에프씨|별도,1950232611,원,DART OpenAPI,2026-09-30
2022Q1,기업,판관비,엔에프씨|별도,1328473227,원,DART OpenAPI,2026-09-30
2022Q1,기업,영업이익,엔에프씨|별도,655633004,원,DART OpenAPI,2026-09-30
2022Q1,기업,당기순이익,엔에프씨|별도,599504370,원,DART OpenAPI,2026-09-30
2022Q1,기업,재고자산,엔에프씨|별도,7084892242,원,DART OpenAPI,2026-09-30
2022Q1,기업,매출채권,엔에프씨|별도,4642146069,원,DART OpenAPI,2026-09-30
2022Q1,기업,계약부채,엔에프씨|별도,6354049,원,DART OpenAPI,2026-09-30
2022Q1,기업,직원수,엔에프씨|별도,54,명,DART OpenAPI,2026-09-30
2022Q2,기업,매출액,엔에프씨|연결,7950709533,원,DART OpenAPI,2026-09-30
2022Q2,기업,매출총이익,엔에프씨|연결,1935347026,원,DART OpenAPI,2026-09-30
2022Q2,기업,판관비,엔에프씨|연결,1385122719,원,DART OpenAPI,2026-09-30
2022Q2,기업,영업이익,엔에프씨|연결,550224307,원,DART OpenAPI,2026-09-30
2022Q2,기업,당기순이익,엔에프씨|연결,758557237,원,DART OpenAPI,2026-09-30
2022Q2,기업,지배주주순이익,엔에프씨|연결,758557237,원,DART OpenAPI,2026-09-30
2022Q2,기업,재고자산,엔에프씨|연결,7597476880,원,DART OpenAPI,2026-09-30
2022Q2,기업,매출채권,엔에프씨|연결,3919207564,원,DART OpenAPI,2026-09-30
2022Q2,기업,계약부채,엔에프씨|연결,8158501,원,DART OpenAPI,2026-09-30
2022Q2,기업,매출액,엔에프씨|별도,7773104879,원,DART OpenAPI,2026-09-30
2022Q2,기업,매출총이익,엔에프씨|별도,1881931029,원,DART OpenAPI,2026-09-30
2022Q2,기업,판관비,엔에프씨|별도,1379153833,원,DART OpenAPI,2026-09-30
2022Q2,기업,영업이익,엔에프씨|별도,502777196,원,DART OpenAPI,2026-09-30
2022Q2,기업,당기순이익,엔에프씨|별도,701821514,원,DART OpenAPI,2026-09-30
2022Q2,기업,재고자산,엔에프씨|별도,7364282749,원,DART OpenAPI,2026-09-30
2022Q2,기업,매출채권,엔에프씨|별도,4489960672,원,DART OpenAPI,2026-09-30
2022Q2,기업,계약부채,엔에프씨|별도,8158501,원,DART OpenAPI,2026-09-30
2022Q2,기업,직원수,엔에프씨|별도,56,명,DART OpenAPI,2026-09-30
2022Q3,기업,매출액,엔에프씨|연결,8504880558,원,DART OpenAPI,2026-09-30
2022Q3,기업,매출총이익,엔에프씨|연결,2041104421,원,DART OpenAPI,2026-09-30
2022Q3,기업,판관비,엔에프씨|연결,1312215066,원,DART OpenAPI,2026-09-30
2022Q3,기업,영업이익,엔에프씨|연결,728889355,원,DART OpenAPI,2026-09-30
2022Q3,기업,당기순이익,엔에프씨|연결,917576425,원,DART OpenAPI,2026-09-30
2022Q3,기업,지배주주순이익,엔에프씨|연결,917576425,원,DART OpenAPI,2026-09-30
2022Q3,기업,재고자산,엔에프씨|연결,6923011826,원,DART OpenAPI,2026-09-30
2022Q3,기업,매출채권,엔에프씨|연결,4946615227,원,DART OpenAPI,2026-09-30
2022Q3,기업,계약부채,엔에프씨|연결,108164746,원,DART OpenAPI,2026-09-30
2022Q3,기업,매출액,엔에프씨|별도,8185108965,원,DART OpenAPI,2026-09-30
2022Q3,기업,매출총이익,엔에프씨|별도,1918823798,원,DART OpenAPI,2026-09-30
2022Q3,기업,판관비,엔에프씨|별도,1310903192,원,DART OpenAPI,2026-09-30
2022Q3,기업,영업이익,엔에프씨|별도,607920606,원,DART OpenAPI,2026-09-30
2022Q3,기업,당기순이익,엔에프씨|별도,796669029,원,DART OpenAPI,2026-09-30
2022Q3,기업,재고자산,엔에프씨|별도,6863660169,원,DART OpenAPI,2026-09-30
2022Q3,기업,매출채권,엔에프씨|별도,5233256809,원,DART OpenAPI,2026-09-30
2022Q3,기업,계약부채,엔에프씨|별도,108164746,원,DART OpenAPI,2026-09-30
2022Q3,기업,직원수,엔에프씨|별도,54,명,DART OpenAPI,2026-09-30
2022FY,기업,매출액,엔에프씨|연결,31478132683,원,DART OpenAPI,2026-09-30
2022FY,기업,매출총이익,엔에프씨|연결,7294059844,원,DART OpenAPI,2026-09-30
2022FY,기업,판관비,엔에프씨|연결,5021839680,원,DART OpenAPI,2026-09-30
2022FY,기업,영업이익,엔에프씨|연결,2272220164,원,DART OpenAPI,2026-09-30
2022FY,기업,당기순이익,엔에프씨|연결,1872126783,원,DART OpenAPI,2026-09-30
2022FY,기업,지배주주순이익,엔에프씨|연결,1872126783,원,DART OpenAPI,2026-09-30
2022Q4,기업,재고자산,엔에프씨|연결,6826551643,원,DART OpenAPI,2026-09-30
2022Q4,기업,매출채권,엔에프씨|연결,3742992843,원,DART OpenAPI,2026-09-30
2022Q4,기업,계약부채,엔에프씨|연결,4231559,원,DART OpenAPI,2026-09-30
2022FY,기업,매출액,엔에프씨|별도,30866818881,원,DART OpenAPI,2026-09-30
2022FY,기업,매출총이익,엔에프씨|별도,7045983905,원,DART OpenAPI,2026-09-30
2022FY,기업,판관비,엔에프씨|별도,4933879379,원,DART OpenAPI,2026-09-30
2022FY,기업,영업이익,엔에프씨|별도,2112104526,원,DART OpenAPI,2026-09-30
2022FY,기업,당기순이익,엔에프씨|별도,1663214743,원,DART OpenAPI,2026-09-30
2022Q4,기업,재고자산,엔에프씨|별도,6826551643,원,DART OpenAPI,2026-09-30
2022Q4,기업,매출채권,엔에프씨|별도,3742992843,원,DART OpenAPI,2026-09-30
2022Q4,기업,계약부채,엔에프씨|별도,4231559,원,DART OpenAPI,2026-09-30
2022Q4,기업,직원수,엔에프씨|별도,52,명,DART OpenAPI,2026-09-30
2023Q1,기업,매출액,엔에프씨|연결,9898444795,원,DART OpenAPI,2026-09-30
2023Q1,기업,매출총이익,엔에프씨|연결,2441064837,원,DART OpenAPI,2026-09-30
2023Q1,기업,판관비,엔에프씨|연결,1513589163,원,DART OpenAPI,2026-09-30
2023Q1,기업,영업이익,엔에프씨|연결,927475674,원,DART OpenAPI,2026-09-30
2023Q1,기업,당기순이익,엔에프씨|연결,1210066347,원,DART OpenAPI,2026-09-30
2023Q1,기업,지배주주순이익,엔에프씨|연결,1210066347,원,DART OpenAPI,2026-09-30
2023Q1,기업,재고자산,엔에프씨|연결,7974788599,원,DART OpenAPI,2026-09-30
2023Q1,기업,매출채권,엔에프씨|연결,6268231142,원,DART OpenAPI,2026-09-30
2023Q1,기업,계약부채,엔에프씨|연결,21805696,원,DART OpenAPI,2026-09-30
2023Q1,기업,매출액,엔에프씨|별도,9898444795,원,DART OpenAPI,2026-09-30
2023Q1,기업,매출총이익,엔에프씨|별도,2441064837,원,DART OpenAPI,2026-09-30
2023Q1,기업,판관비,엔에프씨|별도,1513572965,원,DART OpenAPI,2026-09-30
2023Q1,기업,영업이익,엔에프씨|별도,927491872,원,DART OpenAPI,2026-09-30
2023Q1,기업,당기순이익,엔에프씨|별도,1209943173,원,DART OpenAPI,2026-09-30
2023Q1,기업,재고자산,엔에프씨|별도,7974788599,원,DART OpenAPI,2026-09-30
2023Q1,기업,매출채권,엔에프씨|별도,6268231142,원,DART OpenAPI,2026-09-30
2023Q1,기업,계약부채,엔에프씨|별도,21805696,원,DART OpenAPI,2026-09-30
2023Q1,기업,직원수,엔에프씨|별도,54,명,DART OpenAPI,2026-09-30
2023Q2,기업,매출액,엔에프씨|별도,11011366859,원,DART OpenAPI,2026-09-30
2023Q2,기업,매출총이익,엔에프씨|별도,3112076006,원,DART OpenAPI,2026-09-30
2023Q2,기업,판관비,엔에프씨|별도,1535504114,원,DART OpenAPI,2026-09-30
2023Q2,기업,영업이익,엔에프씨|별도,1576571892,원,DART OpenAPI,2026-09-30
2023Q2,기업,당기순이익,엔에프씨|별도,922214621,원,DART OpenAPI,2026-09-30
2023Q2,기업,재고자산,엔에프씨|별도,9875145806,원,DART OpenAPI,2026-09-30
2023Q2,기업,매출채권,엔에프씨|별도,4884539504,원,DART OpenAPI,2026-09-30
2023Q2,기업,계약부채,엔에프씨|별도,18520862,원,DART OpenAPI,2026-09-30
2023Q2,기업,직원수,엔에프씨|별도,56,명,DART OpenAPI,2026-09-30
2023Q3,기업,매출액,엔에프씨|별도,11542678147,원,DART OpenAPI,2026-09-30
2023Q3,기업,매출총이익,엔에프씨|별도,2551885861,원,DART OpenAPI,2026-09-30
2023Q3,기업,판관비,엔에프씨|별도,1463979611,원,DART OpenAPI,2026-09-30
2023Q3,기업,영업이익,엔에프씨|별도,1087906250,원,DART OpenAPI,2026-09-30
2023Q3,기업,당기순이익,엔에프씨|별도,1004141409,원,DART OpenAPI,2026-09-30
2023Q3,기업,재고자산,엔에프씨|별도,12062807469,원,DART OpenAPI,2026-09-30
2023Q3,기업,매출채권,엔에프씨|별도,9552228076,원,DART OpenAPI,2026-09-30
2023Q3,기업,계약부채,엔에프씨|별도,180698691,원,DART OpenAPI,2026-09-30
2023Q3,기업,직원수,엔에프씨|별도,56,명,DART OpenAPI,2026-09-30
2023FY,기업,매출액,엔에프씨|별도,42868677215,원,DART OpenAPI,2026-09-30
2023FY,기업,매출총이익,엔에프씨|별도,10401310683,원,DART OpenAPI,2026-09-30
2023FY,기업,판관비,엔에프씨|별도,6333576414,원,DART OpenAPI,2026-09-30
2023FY,기업,영업이익,엔에프씨|별도,4067734269,원,DART OpenAPI,2026-09-30
2023FY,기업,당기순이익,엔에프씨|별도,3676430578,원,DART OpenAPI,2026-09-30
2023Q4,기업,재고자산,엔에프씨|별도,15490645790,원,DART OpenAPI,2026-09-30
2023Q4,기업,매출채권,엔에프씨|별도,12503769335,원,DART OpenAPI,2026-09-30
2023Q4,기업,계약부채,엔에프씨|별도,15852787,원,DART OpenAPI,2026-09-30
2023Q4,기업,직원수,엔에프씨|별도,56,명,DART OpenAPI,2026-09-30
2024Q1,기업,매출액,엔에프씨|별도,11283358040,원,DART OpenAPI,2026-09-30
2024Q1,기업,매출총이익,엔에프씨|별도,3156519069,원,DART OpenAPI,2026-09-30
2024Q1,기업,판관비,엔에프씨|별도,4859307473,원,DART OpenAPI,2026-09-30
2024Q1,기업,영업이익,엔에프씨|별도,-1702788404,원,DART OpenAPI,2026-09-30
2024Q1,기업,당기순이익,엔에프씨|별도,-1237831962,원,DART OpenAPI,2026-09-30
2024Q1,기업,재고자산,엔에프씨|별도,14213574647,원,DART OpenAPI,2026-09-30
2024Q1,기업,매출채권,엔에프씨|별도,11772825784,원,DART OpenAPI,2026-09-30
2024Q1,기업,계약부채,엔에프씨|별도,118596137,원,DART OpenAPI,2026-09-30
2024Q1,기업,직원수,엔에프씨|별도,55,명,DART OpenAPI,2026-09-30
2024Q2,기업,매출액,엔에프씨|별도,11307234512,원,DART OpenAPI,2026-09-30
2024Q2,기업,매출총이익,엔에프씨|별도,425223031,원,DART OpenAPI,2026-09-30
2024Q2,기업,판관비,엔에프씨|별도,6321573319,원,DART OpenAPI,2026-09-30
2024Q2,기업,영업이익,엔에프씨|별도,-5896350288,원,DART OpenAPI,2026-09-30
2024Q2,기업,당기순이익,엔에프씨|별도,-4593097682,원,DART OpenAPI,2026-09-30
2024Q2,기업,재고자산,엔에프씨|별도,10731234959,원,DART OpenAPI,2026-09-30
2024Q2,기업,매출채권,엔에프씨|별도,8061599021,원,DART OpenAPI,2026-09-30
2024Q2,기업,계약부채,엔에프씨|별도,270233076,원,DART OpenAPI,2026-09-30
2024Q2,기업,직원수,엔에프씨|별도,63,명,DART OpenAPI,2026-09-30
2024Q3,기업,매출액,엔에프씨|별도,9825323599,원,DART OpenAPI,2026-09-30
2024Q3,기업,매출총이익,엔에프씨|별도,-367362403,원,DART OpenAPI,2026-09-30
2024Q3,기업,판관비,엔에프씨|별도,-1554014621,원,DART OpenAPI,2026-09-30
2024Q3,기업,영업이익,엔에프씨|별도,1186652218,원,DART OpenAPI,2026-09-30
2024Q3,기업,당기순이익,엔에프씨|별도,905924155,원,DART OpenAPI,2026-09-30
2024Q3,기업,재고자산,엔에프씨|별도,7866128599,원,DART OpenAPI,2026-09-30
2024Q3,기업,매출채권,엔에프씨|별도,9251932413,원,DART OpenAPI,2026-09-30
2024Q3,기업,계약부채,엔에프씨|별도,8060530,원,DART OpenAPI,2026-09-30
2024Q3,기업,직원수,엔에프씨|별도,70,명,DART OpenAPI,2026-09-30
2024FY,기업,매출액,엔에프씨|별도,40225556510,원,DART OpenAPI,2026-09-30
2024FY,기업,매출총이익,엔에프씨|별도,6055679754,원,DART OpenAPI,2026-09-30
2024FY,기업,판관비,엔에프씨|별도,13144116363,원,DART OpenAPI,2026-09-30
2024FY,기업,영업이익,엔에프씨|별도,-7088436609,원,DART OpenAPI,2026-09-30
2024FY,기업,당기순이익,엔에프씨|별도,-5240296962,원,DART OpenAPI,2026-09-30
2024Q4,기업,재고자산,엔에프씨|별도,7552458601,원,DART OpenAPI,2026-09-30
2024Q4,기업,매출채권,엔에프씨|별도,5322564201,원,DART OpenAPI,2026-09-30
2024Q4,기업,계약부채,엔에프씨|별도,32978200,원,DART OpenAPI,2026-09-30
2024Q4,기업,직원수,엔에프씨|별도,70,명,DART OpenAPI,2026-09-30
2025Q1,기업,매출액,엔에프씨|별도,11309599075,원,DART OpenAPI,2026-09-30
2025Q1,기업,매출총이익,엔에프씨|별도,3558897215,원,DART OpenAPI,2026-09-30
2025Q1,기업,판관비,엔에프씨|별도,2151220839,원,DART OpenAPI,2026-09-30
2025Q1,기업,영업이익,엔에프씨|별도,1407676376,원,DART OpenAPI,2026-09-30
2025Q1,기업,당기순이익,엔에프씨|별도,1089389907,원,DART OpenAPI,2026-09-30
2025Q1,기업,재고자산,엔에프씨|별도,7903896471,원,DART OpenAPI,2026-09-30
2025Q1,기업,매출채권,엔에프씨|별도,7914103487,원,DART OpenAPI,2026-09-30
2025Q1,기업,계약부채,엔에프씨|별도,217881700,원,DART OpenAPI,2026-09-30
2025Q1,기업,직원수,엔에프씨|별도,83,명,DART OpenAPI,2026-09-30
2025Q2,기업,매출액,엔에프씨|별도,16781310037,원,DART OpenAPI,2026-09-30
2025Q2,기업,매출총이익,엔에프씨|별도,3796978942,원,DART OpenAPI,2026-09-30
2025Q2,기업,판관비,엔에프씨|별도,719340891,원,DART OpenAPI,2026-09-30
2025Q2,기업,영업이익,엔에프씨|별도,3077638051,원,DART OpenAPI,2026-09-30
2025Q2,기업,당기순이익,엔에프씨|별도,2530042267,원,DART OpenAPI,2026-09-30
2025Q2,기업,재고자산,엔에프씨|별도,6582869077,원,DART OpenAPI,2026-09-30
2025Q2,기업,매출채권,엔에프씨|별도,9345451843,원,DART OpenAPI,2026-09-30
2025Q2,기업,계약부채,엔에프씨|별도,185200369,원,DART OpenAPI,2026-09-30
2025Q2,기업,직원수,엔에프씨|별도,81,명,DART OpenAPI,2026-09-30
2025Q3,기업,매출액,엔에프씨|별도,18200146074,원,DART OpenAPI,2026-09-30
2025Q3,기업,매출총이익,엔에프씨|별도,4690400900,원,DART OpenAPI,2026-09-30
2025Q3,기업,판관비,엔에프씨|별도,1741129849,원,DART OpenAPI,2026-09-30
2025Q3,기업,영업이익,엔에프씨|별도,2949271051,원,DART OpenAPI,2026-09-30
2025Q3,기업,당기순이익,엔에프씨|별도,2496013023,원,DART OpenAPI,2026-09-30
2025Q3,기업,재고자산,엔에프씨|별도,9726236521,원,DART OpenAPI,2026-09-30
2025Q3,기업,매출채권,엔에프씨|별도,11284599620,원,DART OpenAPI,2026-09-30
2025Q3,기업,계약부채,엔에프씨|별도,133672744,원,DART OpenAPI,2026-09-30
2025Q3,기업,직원수,엔에프씨|별도,74,명,DART OpenAPI,2026-09-30
2025FY,기업,매출액,엔에프씨|별도,71621774017,원,DART OpenAPI,2026-09-30
2025FY,기업,매출총이익,엔에프씨|별도,19162097769,원,DART OpenAPI,2026-09-30
2025FY,기업,판관비,엔에프씨|별도,6644024471,원,DART OpenAPI,2026-09-30
2025FY,기업,영업이익,엔에프씨|별도,12518073298,원,DART OpenAPI,2026-09-30
2025FY,기업,당기순이익,엔에프씨|별도,10060020246,원,DART OpenAPI,2026-09-30
2025Q4,기업,재고자산,엔에프씨|별도,9818015356,원,DART OpenAPI,2026-09-30
2025Q4,기업,매출채권,엔에프씨|별도,20225815624,원,DART OpenAPI,2026-09-30
2025Q4,기업,계약부채,엔에프씨|별도,79136233,원,DART OpenAPI,2026-09-30
2025Q4,기업,직원수,엔에프씨|별도,71,명,DART OpenAPI,2026-09-30
2026Q1,기업,매출액,엔에프씨|별도,22200431688,원,DART OpenAPI,2026-09-30
2026Q1,기업,매출총이익,엔에프씨|별도,5645832411,원,DART OpenAPI,2026-09-30
2026Q1,기업,판관비,엔에프씨|별도,1618534611,원,DART OpenAPI,2026-09-30
2026Q1,기업,영업이익,엔에프씨|별도,4027297800,원,DART OpenAPI,2026-09-30
2026Q1,기업,당기순이익,엔에프씨|별도,3468310608,원,DART OpenAPI,2026-09-30
2026Q1,기업,재고자산,엔에프씨|별도,9524728441,원,DART OpenAPI,2026-09-30
2026Q1,기업,매출채권,엔에프씨|별도,12624859943,원,DART OpenAPI,2026-09-30
2026Q1,기업,계약부채,엔에프씨|별도,232586337,원,DART OpenAPI,2026-09-30
2026Q1,기업,직원수,엔에프씨|별도,76,명,DART OpenAPI,2026-09-30
2026Q2,기업,매출액,엔에프씨|별도,26883917583,원,DART OpenAPI,2026-09-30
2026Q2,기업,매출총이익,엔에프씨|별도,6687364835,원,DART OpenAPI,2026-09-30
2026Q2,기업,판관비,엔에프씨|별도,1689394385,원,DART OpenAPI,2026-09-30
2026Q2,기업,영업이익,엔에프씨|별도,4997970450,원,DART OpenAPI,2026-09-30
2026Q2,기업,당기순이익,엔에프씨|별도,3539831160,원,DART OpenAPI,2026-09-30
2026Q2,기업,재고자산,엔에프씨|별도,9327725063,원,DART OpenAPI,2026-09-30
2026Q2,기업,매출채권,엔에프씨|별도,16266076573,원,DART OpenAPI,2026-09-30
2026Q2,기업,계약부채,엔에프씨|별도,244403959,원,DART OpenAPI,2026-09-30
2026Q2,기업,직원수,엔에프씨|별도,72,명,DART OpenAPI,2026-09-30
2021Q2,기업,매출액,씨앤씨인터내셔널|연결,23265227964,원,DART OpenAPI,2026-09-30
2021Q2,기업,매출총이익,씨앤씨인터내셔널|연결,1095834449,원,DART OpenAPI,2026-09-30
2021Q2,기업,판관비,씨앤씨인터내셔널|연결,2141875061,원,DART OpenAPI,2026-09-30
2021Q2,기업,영업이익,씨앤씨인터내셔널|연결,-1046040612,원,DART OpenAPI,2026-09-30
2021Q2,기업,당기순이익,씨앤씨인터내셔널|연결,-13038282418,원,DART OpenAPI,2026-09-30
2021Q2,기업,재고자산,씨앤씨인터내셔널|연결,10306202124,원,DART OpenAPI,2026-09-30
2021Q2,기업,매출채권,씨앤씨인터내셔널|연결,10477530002,원,DART OpenAPI,2026-09-30
2021Q2,기업,매출액,씨앤씨인터내셔널|별도,21338874318,원,DART OpenAPI,2026-09-30
2021Q2,기업,매출총이익,씨앤씨인터내셔널|별도,492397844,원,DART OpenAPI,2026-09-30
2021Q2,기업,판관비,씨앤씨인터내셔널|별도,1737032639,원,DART OpenAPI,2026-09-30
2021Q2,기업,영업이익,씨앤씨인터내셔널|별도,-1244634795,원,DART OpenAPI,2026-09-30
2021Q2,기업,당기순이익,씨앤씨인터내셔널|별도,-13301247542,원,DART OpenAPI,2026-09-30
2021Q2,기업,재고자산,씨앤씨인터내셔널|별도,9651358117,원,DART OpenAPI,2026-09-30
2021Q2,기업,매출채권,씨앤씨인터내셔널|별도,9136945208,원,DART OpenAPI,2026-09-30
2021Q2,기업,직원수,씨앤씨인터내셔널|별도,353,명,DART OpenAPI,2026-09-30
2021Q3,기업,매출액,씨앤씨인터내셔널|연결,23659342523,원,DART OpenAPI,2026-09-30
2021Q3,기업,매출총이익,씨앤씨인터내셔널|연결,3924191157,원,DART OpenAPI,2026-09-30
2021Q3,기업,판관비,씨앤씨인터내셔널|연결,2021908054,원,DART OpenAPI,2026-09-30
2021Q3,기업,영업이익,씨앤씨인터내셔널|연결,1902283103,원,DART OpenAPI,2026-09-30
2021Q3,기업,당기순이익,씨앤씨인터내셔널|연결,2752610656,원,DART OpenAPI,2026-09-30
2021Q3,기업,재고자산,씨앤씨인터내셔널|연결,11762206424,원,DART OpenAPI,2026-09-30
2021Q3,기업,매출채권,씨앤씨인터내셔널|연결,11837402888,원,DART OpenAPI,2026-09-30
2021Q3,기업,매출액,씨앤씨인터내셔널|별도,22068398723,원,DART OpenAPI,2026-09-30
2021Q3,기업,매출총이익,씨앤씨인터내셔널|별도,3241619869,원,DART OpenAPI,2026-09-30
2021Q3,기업,판관비,씨앤씨인터내셔널|별도,1676209005,원,DART OpenAPI,2026-09-30
2021Q3,기업,영업이익,씨앤씨인터내셔널|별도,1565410864,원,DART OpenAPI,2026-09-30
2021Q3,기업,당기순이익,씨앤씨인터내셔널|별도,2478159686,원,DART OpenAPI,2026-09-30
2021Q3,기업,재고자산,씨앤씨인터내셔널|별도,10835377032,원,DART OpenAPI,2026-09-30
2021Q3,기업,매출채권,씨앤씨인터내셔널|별도,11087570752,원,DART OpenAPI,2026-09-30
2021Q3,기업,직원수,씨앤씨인터내셔널|별도,356,명,DART OpenAPI,2026-09-30
2021FY,기업,매출액,씨앤씨인터내셔널|연결,91293592207,원,DART OpenAPI,2026-09-30
2021FY,기업,매출총이익,씨앤씨인터내셔널|연결,10172765238,원,DART OpenAPI,2026-09-30
2021FY,기업,판관비,씨앤씨인터내셔널|연결,7920536311,원,DART OpenAPI,2026-09-30
2021FY,기업,영업이익,씨앤씨인터내셔널|연결,2252228927,원,DART OpenAPI,2026-09-30
2021FY,기업,당기순이익,씨앤씨인터내셔널|연결,-5910400885,원,DART OpenAPI,2026-09-30
2021Q4,기업,재고자산,씨앤씨인터내셔널|연결,10753611726,원,DART OpenAPI,2026-09-30
2021Q4,기업,매출채권,씨앤씨인터내셔널|연결,11247073201,원,DART OpenAPI,2026-09-30
2021FY,기업,매출액,씨앤씨인터내셔널|별도,83660248730,원,DART OpenAPI,2026-09-30
2021FY,기업,매출총이익,씨앤씨인터내셔널|별도,7272840881,원,DART OpenAPI,2026-09-30
2021FY,기업,판관비,씨앤씨인터내셔널|별도,6426849732,원,DART OpenAPI,2026-09-30
2021FY,기업,영업이익,씨앤씨인터내셔널|별도,845991149,원,DART OpenAPI,2026-09-30
2021FY,기업,당기순이익,씨앤씨인터내셔널|별도,-7495194862,원,DART OpenAPI,2026-09-30
2021Q4,기업,재고자산,씨앤씨인터내셔널|별도,9587288517,원,DART OpenAPI,2026-09-30
2021Q4,기업,매출채권,씨앤씨인터내셔널|별도,8916852055,원,DART OpenAPI,2026-09-30
2021Q4,기업,직원수,씨앤씨인터내셔널|별도,353,명,DART OpenAPI,2026-09-30
2022Q1,기업,매출액,씨앤씨인터내셔널|연결,25358716431,원,DART OpenAPI,2026-09-30
2022Q1,기업,매출총이익,씨앤씨인터내셔널|연결,4608100352,원,DART OpenAPI,2026-09-30
2022Q1,기업,판관비,씨앤씨인터내셔널|연결,2300384746,원,DART OpenAPI,2026-09-30
2022Q1,기업,영업이익,씨앤씨인터내셔널|연결,2307715606,원,DART OpenAPI,2026-09-30
2022Q1,기업,당기순이익,씨앤씨인터내셔널|연결,2701961873,원,DART OpenAPI,2026-09-30
2022Q1,기업,재고자산,씨앤씨인터내셔널|연결,12977741477,원,DART OpenAPI,2026-09-30
2022Q1,기업,매출채권,씨앤씨인터내셔널|연결,12862680008,원,DART OpenAPI,2026-09-30
2022Q1,기업,매출액,씨앤씨인터내셔널|별도,22090234356,원,DART OpenAPI,2026-09-30
2022Q1,기업,매출총이익,씨앤씨인터내셔널|별도,2885073665,원,DART OpenAPI,2026-09-30
2022Q1,기업,판관비,씨앤씨인터내셔널|별도,1788733181,원,DART OpenAPI,2026-09-30
2022Q1,기업,영업이익,씨앤씨인터내셔널|별도,1096340484,원,DART OpenAPI,2026-09-30
2022Q1,기업,당기순이익,씨앤씨인터내셔널|별도,1618888098,원,DART OpenAPI,2026-09-30
2022Q1,기업,재고자산,씨앤씨인터내셔널|별도,11866374410,원,DART OpenAPI,2026-09-30
2022Q1,기업,매출채권,씨앤씨인터내셔널|별도,11808082309,원,DART OpenAPI,2026-09-30
2022Q2,기업,매출액,씨앤씨인터내셔널|연결,30691249432,원,DART OpenAPI,2026-09-30
2022Q2,기업,매출총이익,씨앤씨인터내셔널|연결,5577602350,원,DART OpenAPI,2026-09-30
2022Q2,기업,판관비,씨앤씨인터내셔널|연결,2216631394,원,DART OpenAPI,2026-09-30
2022Q2,기업,영업이익,씨앤씨인터내셔널|연결,3360970956,원,DART OpenAPI,2026-09-30
2022Q2,기업,당기순이익,씨앤씨인터내셔널|연결,4376788825,원,DART OpenAPI,2026-09-30
2022Q2,기업,재고자산,씨앤씨인터내셔널|연결,14537214979,원,DART OpenAPI,2026-09-30
2022Q2,기업,매출채권,씨앤씨인터내셔널|연결,15907394167,원,DART OpenAPI,2026-09-30
2022Q2,기업,매출액,씨앤씨인터내셔널|별도,29333685356,원,DART OpenAPI,2026-09-30
2022Q2,기업,매출총이익,씨앤씨인터내셔널|별도,5101651168,원,DART OpenAPI,2026-09-30
2022Q2,기업,판관비,씨앤씨인터내셔널|별도,1839153631,원,DART OpenAPI,2026-09-30
2022Q2,기업,영업이익,씨앤씨인터내셔널|별도,3262497537,원,DART OpenAPI,2026-09-30
2022Q2,기업,당기순이익,씨앤씨인터내셔널|별도,4616686155,원,DART OpenAPI,2026-09-30
2022Q2,기업,재고자산,씨앤씨인터내셔널|별도,13383711130,원,DART OpenAPI,2026-09-30
2022Q2,기업,매출채권,씨앤씨인터내셔널|별도,14569274056,원,DART OpenAPI,2026-09-30
2022Q2,기업,직원수,씨앤씨인터내셔널|별도,367,명,DART OpenAPI,2026-09-30
2022Q3,기업,매출액,씨앤씨인터내셔널|연결,36106006214,원,DART OpenAPI,2026-09-30
2022Q3,기업,매출총이익,씨앤씨인터내셔널|연결,10063732304,원,DART OpenAPI,2026-09-30
2022Q3,기업,판관비,씨앤씨인터내셔널|연결,2934835473,원,DART OpenAPI,2026-09-30
2022Q3,기업,영업이익,씨앤씨인터내셔널|연결,7128896831,원,DART OpenAPI,2026-09-30
2022Q3,기업,당기순이익,씨앤씨인터내셔널|연결,8612567717,원,DART OpenAPI,2026-09-30
2022Q3,기업,재고자산,씨앤씨인터내셔널|연결,17814375604,원,DART OpenAPI,2026-09-30
2022Q3,기업,매출채권,씨앤씨인터내셔널|연결,17318952185,원,DART OpenAPI,2026-09-30
2022Q3,기업,매출액,씨앤씨인터내셔널|별도,33178194601,원,DART OpenAPI,2026-09-30
2022Q3,기업,매출총이익,씨앤씨인터내셔널|별도,8680819762,원,DART OpenAPI,2026-09-30
2022Q3,기업,판관비,씨앤씨인터내셔널|별도,2317755601,원,DART OpenAPI,2026-09-30
2022Q3,기업,영업이익,씨앤씨인터내셔널|별도,6363064161,원,DART OpenAPI,2026-09-30
2022Q3,기업,당기순이익,씨앤씨인터내셔널|별도,8370140699,원,DART OpenAPI,2026-09-30
2022Q3,기업,재고자산,씨앤씨인터내셔널|별도,16489705071,원,DART OpenAPI,2026-09-30
2022Q3,기업,매출채권,씨앤씨인터내셔널|별도,15266881096,원,DART OpenAPI,2026-09-30
2022Q3,기업,직원수,씨앤씨인터내셔널|별도,377,명,DART OpenAPI,2026-09-30
2022FY,기업,매출액,씨앤씨인터내셔널|연결,130605728419,원,DART OpenAPI,2026-09-30
2022FY,기업,매출총이익,씨앤씨인터내셔널|연결,27923935148,원,DART OpenAPI,2026-09-30
2022FY,기업,판관비,씨앤씨인터내셔널|연결,10471437994,원,DART OpenAPI,2026-09-30
2022FY,기업,영업이익,씨앤씨인터내셔널|연결,17452497154,원,DART OpenAPI,2026-09-30
2022FY,기업,당기순이익,씨앤씨인터내셔널|연결,16459825510,원,DART OpenAPI,2026-09-30
2022Q4,기업,재고자산,씨앤씨인터내셔널|연결,18537068044,원,DART OpenAPI,2026-09-30
2022Q4,기업,매출채권,씨앤씨인터내셔널|연결,20925441227,원,DART OpenAPI,2026-09-30
2022FY,기업,매출액,씨앤씨인터내셔널|별도,118561226687,원,DART OpenAPI,2026-09-30
2022FY,기업,매출총이익,씨앤씨인터내셔널|별도,21923259756,원,DART OpenAPI,2026-09-30
2022FY,기업,판관비,씨앤씨인터내셔널|별도,9055244002,원,DART OpenAPI,2026-09-30
2022FY,기업,영업이익,씨앤씨인터내셔널|별도,12868015754,원,DART OpenAPI,2026-09-30
2022FY,기업,당기순이익,씨앤씨인터내셔널|별도,13184451764,원,DART OpenAPI,2026-09-30
2022Q4,기업,재고자산,씨앤씨인터내셔널|별도,17454359343,원,DART OpenAPI,2026-09-30
2022Q4,기업,매출채권,씨앤씨인터내셔널|별도,20325749993,원,DART OpenAPI,2026-09-30
2022Q4,기업,직원수,씨앤씨인터내셔널|별도,408,명,DART OpenAPI,2026-09-30
2023Q1,기업,매출액,씨앤씨인터내셔널|연결,46177573768,원,DART OpenAPI,2026-09-30
2023Q1,기업,매출총이익,씨앤씨인터내셔널|연결,10471474934,원,DART OpenAPI,2026-09-30
2023Q1,기업,판관비,씨앤씨인터내셔널|연결,4513668739,원,DART OpenAPI,2026-09-30
2023Q1,기업,영업이익,씨앤씨인터내셔널|연결,5957806195,원,DART OpenAPI,2026-09-30
2023Q1,기업,당기순이익,씨앤씨인터내셔널|연결,6593123503,원,DART OpenAPI,2026-09-30
2023Q1,기업,재고자산,씨앤씨인터내셔널|연결,21853722468,원,DART OpenAPI,2026-09-30
2023Q1,기업,매출채권,씨앤씨인터내셔널|연결,28681708881,원,DART OpenAPI,2026-09-30
2023Q1,기업,매출액,씨앤씨인터내셔널|별도,41865258167,원,DART OpenAPI,2026-09-30
2023Q1,기업,매출총이익,씨앤씨인터내셔널|별도,8003752968,원,DART OpenAPI,2026-09-30
2023Q1,기업,판관비,씨앤씨인터내셔널|별도,3909525981,원,DART OpenAPI,2026-09-30
2023Q1,기업,영업이익,씨앤씨인터내셔널|별도,4094226987,원,DART OpenAPI,2026-09-30
2023Q1,기업,당기순이익,씨앤씨인터내셔널|별도,5139935450,원,DART OpenAPI,2026-09-30
2023Q1,기업,재고자산,씨앤씨인터내셔널|별도,20603873862,원,DART OpenAPI,2026-09-30
2023Q1,기업,매출채권,씨앤씨인터내셔널|별도,27952237396,원,DART OpenAPI,2026-09-30
2023Q1,기업,직원수,씨앤씨인터내셔널|별도,433,명,DART OpenAPI,2026-09-30
2023Q2,기업,매출액,씨앤씨인터내셔널|연결,57113655767,원,DART OpenAPI,2026-09-30
2023Q2,기업,매출총이익,씨앤씨인터내셔널|연결,13241535751,원,DART OpenAPI,2026-09-30
2023Q2,기업,판관비,씨앤씨인터내셔널|연결,2923572220,원,DART OpenAPI,2026-09-30
2023Q2,기업,영업이익,씨앤씨인터내셔널|연결,10317963531,원,DART OpenAPI,2026-09-30
2023Q2,기업,당기순이익,씨앤씨인터내셔널|연결,8809239563,원,DART OpenAPI,2026-09-30
2023Q2,기업,재고자산,씨앤씨인터내셔널|연결,23224434090,원,DART OpenAPI,2026-09-30
2023Q2,기업,매출채권,씨앤씨인터내셔널|연결,32307736208,원,DART OpenAPI,2026-09-30
2023Q2,기업,매출액,씨앤씨인터내셔널|별도,51847516599,원,DART OpenAPI,2026-09-30
2023Q2,기업,매출총이익,씨앤씨인터내셔널|별도,10694825953,원,DART OpenAPI,2026-09-30
2023Q2,기업,판관비,씨앤씨인터내셔널|별도,2263241766,원,DART OpenAPI,2026-09-30
2023Q2,기업,영업이익,씨앤씨인터내셔널|별도,8431584187,원,DART OpenAPI,2026-09-30
2023Q2,기업,당기순이익,씨앤씨인터내셔널|별도,7584996318,원,DART OpenAPI,2026-09-30
2023Q2,기업,재고자산,씨앤씨인터내셔널|별도,22482632935,원,DART OpenAPI,2026-09-30
2023Q2,기업,매출채권,씨앤씨인터내셔널|별도,31149379243,원,DART OpenAPI,2026-09-30
2023Q2,기업,직원수,씨앤씨인터내셔널|별도,465,명,DART OpenAPI,2026-09-30
2023Q3,기업,매출액,씨앤씨인터내셔널|연결,53887670324,원,DART OpenAPI,2026-09-30
2023Q3,기업,매출총이익,씨앤씨인터내셔널|연결,10869112765,원,DART OpenAPI,2026-09-30
2023Q3,기업,판관비,씨앤씨인터내셔널|연결,4116235960,원,DART OpenAPI,2026-09-30
2023Q3,기업,영업이익,씨앤씨인터내셔널|연결,6752876805,원,DART OpenAPI,2026-09-30
2023Q3,기업,당기순이익,씨앤씨인터내셔널|연결,7254325790,원,DART OpenAPI,2026-09-30
2023Q3,기업,재고자산,씨앤씨인터내셔널|연결,26281409697,원,DART OpenAPI,2026-09-30
2023Q3,기업,매출채권,씨앤씨인터내셔널|연결,31924667986,원,DART OpenAPI,2026-09-30
2023Q3,기업,매출액,씨앤씨인터내셔널|별도,51901790517,원,DART OpenAPI,2026-09-30
2023Q3,기업,매출총이익,씨앤씨인터내셔널|별도,10661803597,원,DART OpenAPI,2026-09-30
2023Q3,기업,판관비,씨앤씨인터내셔널|별도,3205150126,원,DART OpenAPI,2026-09-30
2023Q3,기업,영업이익,씨앤씨인터내셔널|별도,7456653471,원,DART OpenAPI,2026-09-30
2023Q3,기업,당기순이익,씨앤씨인터내셔널|별도,7804425539,원,DART OpenAPI,2026-09-30
2023Q3,기업,재고자산,씨앤씨인터내셔널|별도,25528831042,원,DART OpenAPI,2026-09-30
2023Q3,기업,매출채권,씨앤씨인터내셔널|별도,30974582822,원,DART OpenAPI,2026-09-30
2023Q3,기업,직원수,씨앤씨인터내셔널|별도,496,명,DART OpenAPI,2026-09-30
2023FY,기업,매출액,씨앤씨인터내셔널|연결,220327417089,원,DART OpenAPI,2026-09-30
2023FY,기업,매출총이익,씨앤씨인터내셔널|연결,48582531637,원,DART OpenAPI,2026-09-30
2023FY,기업,판관비,씨앤씨인터내셔널|연결,16492535667,원,DART OpenAPI,2026-09-30
2023FY,기업,영업이익,씨앤씨인터내셔널|연결,32089995970,원,DART OpenAPI,2026-09-30
2023FY,기업,당기순이익,씨앤씨인터내셔널|연결,31413709186,원,DART OpenAPI,2026-09-30
2023Q4,기업,재고자산,씨앤씨인터내셔널|연결,26536727857,원,DART OpenAPI,2026-09-30
2023Q4,기업,매출채권,씨앤씨인터내셔널|연결,36265415968,원,DART OpenAPI,2026-09-30
2023FY,기업,매출액,씨앤씨인터내셔널|별도,204798613574,원,DART OpenAPI,2026-09-30
2023FY,기업,매출총이익,씨앤씨인터내셔널|별도,41343578102,원,DART OpenAPI,2026-09-30
2023FY,기업,판관비,씨앤씨인터내셔널|별도,12914767676,원,DART OpenAPI,2026-09-30
2023FY,기업,영업이익,씨앤씨인터내셔널|별도,28428810426,원,DART OpenAPI,2026-09-30
2023FY,기업,당기순이익,씨앤씨인터내셔널|별도,28974558927,원,DART OpenAPI,2026-09-30
2023Q4,기업,재고자산,씨앤씨인터내셔널|별도,25482216019,원,DART OpenAPI,2026-09-30
2023Q4,기업,매출채권,씨앤씨인터내셔널|별도,34642154426,원,DART OpenAPI,2026-09-30
2023Q4,기업,직원수,씨앤씨인터내셔널|별도,535,명,DART OpenAPI,2026-09-30
2024Q1,기업,매출액,씨앤씨인터내셔널|연결,72150317762,원,DART OpenAPI,2026-09-30
2024Q1,기업,매출총이익,씨앤씨인터내셔널|연결,13752626637,원,DART OpenAPI,2026-09-30
2024Q1,기업,판관비,씨앤씨인터내셔널|연결,3793672249,원,DART OpenAPI,2026-09-30
2024Q1,기업,영업이익,씨앤씨인터내셔널|연결,9958954388,원,DART OpenAPI,2026-09-30
2024Q1,기업,당기순이익,씨앤씨인터내셔널|연결,11331690651,원,DART OpenAPI,2026-09-30
2024Q1,기업,재고자산,씨앤씨인터내셔널|연결,29230197282,원,DART OpenAPI,2026-09-30
2024Q1,기업,매출채권,씨앤씨인터내셔널|연결,37583471440,원,DART OpenAPI,2026-09-30
2024Q1,기업,매출액,씨앤씨인터내셔널|별도,68977527392,원,DART OpenAPI,2026-09-30
2024Q1,기업,매출총이익,씨앤씨인터내셔널|별도,12475001445,원,DART OpenAPI,2026-09-30
2024Q1,기업,판관비,씨앤씨인터내셔널|별도,3018289545,원,DART OpenAPI,2026-09-30
2024Q1,기업,영업이익,씨앤씨인터내셔널|별도,9456711900,원,DART OpenAPI,2026-09-30
2024Q1,기업,당기순이익,씨앤씨인터내셔널|별도,10983368688,원,DART OpenAPI,2026-09-30
2024Q1,기업,재고자산,씨앤씨인터내셔널|별도,28129442625,원,DART OpenAPI,2026-09-30
2024Q1,기업,매출채권,씨앤씨인터내셔널|별도,35299336186,원,DART OpenAPI,2026-09-30
2024Q1,기업,직원수,씨앤씨인터내셔널|별도,574,명,DART OpenAPI,2026-09-30
2024Q2,기업,매출액,씨앤씨인터내셔널|연결,80338481354,원,DART OpenAPI,2026-09-30
2024Q2,기업,매출총이익,씨앤씨인터내셔널|연결,16016969169,원,DART OpenAPI,2026-09-30
2024Q2,기업,판관비,씨앤씨인터내셔널|연결,4194189345,원,DART OpenAPI,2026-09-30
2024Q2,기업,영업이익,씨앤씨인터내셔널|연결,11822779824,원,DART OpenAPI,2026-09-30
2024Q2,기업,당기순이익,씨앤씨인터내셔널|연결,17784058498,원,DART OpenAPI,2026-09-30
2024Q2,기업,재고자산,씨앤씨인터내셔널|연결,39368533245,원,DART OpenAPI,2026-09-30
2024Q2,기업,매출채권,씨앤씨인터내셔널|연결,38069460401,원,DART OpenAPI,2026-09-30
2024Q2,기업,매출액,씨앤씨인터내셔널|별도,77818337369,원,DART OpenAPI,2026-09-30
2024Q2,기업,매출총이익,씨앤씨인터내셔널|별도,15434415821,원,DART OpenAPI,2026-09-30
2024Q2,기업,판관비,씨앤씨인터내셔널|별도,3491887672,원,DART OpenAPI,2026-09-30
2024Q2,기업,영업이익,씨앤씨인터내셔널|별도,11942528149,원,DART OpenAPI,2026-09-30
2024Q2,기업,당기순이익,씨앤씨인터내셔널|별도,17845079637,원,DART OpenAPI,2026-09-30
2024Q2,기업,재고자산,씨앤씨인터내셔널|별도,38283664812,원,DART OpenAPI,2026-09-30
2024Q2,기업,매출채권,씨앤씨인터내셔널|별도,36151630610,원,DART OpenAPI,2026-09-30
2024Q2,기업,직원수,씨앤씨인터내셔널|별도,575,명,DART OpenAPI,2026-09-30
2024Q3,기업,매출액,씨앤씨인터내셔널|연결,74123403090,원,DART OpenAPI,2026-09-30
2024Q3,기업,매출총이익,씨앤씨인터내셔널|연결,11833598068,원,DART OpenAPI,2026-09-30
2024Q3,기업,판관비,씨앤씨인터내셔널|연결,4678918703,원,DART OpenAPI,2026-09-30
2024Q3,기업,영업이익,씨앤씨인터내셔널|연결,7154679365,원,DART OpenAPI,2026-09-30
2024Q3,기업,당기순이익,씨앤씨인터내셔널|연결,170964716,원,DART OpenAPI,2026-09-30
2024Q3,기업,재고자산,씨앤씨인터내셔널|연결,36644705475,원,DART OpenAPI,2026-09-30
2024Q3,기업,매출채권,씨앤씨인터내셔널|연결,31009610003,원,DART OpenAPI,2026-09-30
2024Q3,기업,매출액,씨앤씨인터내셔널|별도,72149348909,원,DART OpenAPI,2026-09-30
2024Q3,기업,매출총이익,씨앤씨인터내셔널|별도,11523516173,원,DART OpenAPI,2026-09-30
2024Q3,기업,판관비,씨앤씨인터내셔널|별도,3972217042,원,DART OpenAPI,2026-09-30
2024Q3,기업,영업이익,씨앤씨인터내셔널|별도,7551299131,원,DART OpenAPI,2026-09-30
2024Q3,기업,당기순이익,씨앤씨인터내셔널|별도,467535823,원,DART OpenAPI,2026-09-30
2024Q3,기업,재고자산,씨앤씨인터내셔널|별도,35724690333,원,DART OpenAPI,2026-09-30
2024Q3,기업,매출채권,씨앤씨인터내셔널|별도,29850318011,원,DART OpenAPI,2026-09-30
2024FY,기업,매출액,씨앤씨인터내셔널|연결,282883855707,원,DART OpenAPI,2026-09-30
2024FY,기업,매출총이익,씨앤씨인터내셔널|연결,45897315200,원,DART OpenAPI,2026-09-30
2024FY,기업,판관비,씨앤씨인터내셔널|연결,16934329602,원,DART OpenAPI,2026-09-30
2024FY,기업,영업이익,씨앤씨인터내셔널|연결,28962985598,원,DART OpenAPI,2026-09-30
2024FY,기업,당기순이익,씨앤씨인터내셔널|연결,32443841008,원,DART OpenAPI,2026-09-30
2024Q4,기업,재고자산,씨앤씨인터내셔널|연결,34037271302,원,DART OpenAPI,2026-09-30
2024Q4,기업,매출채권,씨앤씨인터내셔널|연결,29204255719,원,DART OpenAPI,2026-09-30
2024FY,기업,매출액,씨앤씨인터내셔널|별도,272812622654,원,DART OpenAPI,2026-09-30
2024FY,기업,매출총이익,씨앤씨인터내셔널|별도,42937857863,원,DART OpenAPI,2026-09-30
2024FY,기업,판관비,씨앤씨인터내셔널|별도,13907807797,원,DART OpenAPI,2026-09-30
2024FY,기업,영업이익,씨앤씨인터내셔널|별도,29030050066,원,DART OpenAPI,2026-09-30
2024FY,기업,당기순이익,씨앤씨인터내셔널|별도,32497369112,원,DART OpenAPI,2026-09-30
2024Q4,기업,재고자산,씨앤씨인터내셔널|별도,32775290295,원,DART OpenAPI,2026-09-30
2024Q4,기업,매출채권,씨앤씨인터내셔널|별도,27568057049,원,DART OpenAPI,2026-09-30
2024Q4,기업,직원수,씨앤씨인터내셔널|별도,619,명,DART OpenAPI,2026-09-30
2025Q1,기업,매출액,씨앤씨인터내셔널|연결,65981977424,원,DART OpenAPI,2026-09-30
2025Q1,기업,매출총이익,씨앤씨인터내셔널|연결,10004947640,원,DART OpenAPI,2026-09-30
2025Q1,기업,판관비,씨앤씨인터내셔널|연결,4450143226,원,DART OpenAPI,2026-09-30
2025Q1,기업,영업이익,씨앤씨인터내셔널|연결,5554804414,원,DART OpenAPI,2026-09-30
2025Q1,기업,당기순이익,씨앤씨인터내셔널|연결,4060169411,원,DART OpenAPI,2026-09-30
2025Q1,기업,재고자산,씨앤씨인터내셔널|연결,34107057823,원,DART OpenAPI,2026-09-30
2025Q1,기업,매출채권,씨앤씨인터내셔널|연결,42424157388,원,DART OpenAPI,2026-09-30
2025Q1,기업,매출액,씨앤씨인터내셔널|별도,62378237738,원,DART OpenAPI,2026-09-30
2025Q1,기업,매출총이익,씨앤씨인터내셔널|별도,8536030306,원,DART OpenAPI,2026-09-30
2025Q1,기업,판관비,씨앤씨인터내셔널|별도,3754037318,원,DART OpenAPI,2026-09-30
2025Q1,기업,영업이익,씨앤씨인터내셔널|별도,4781992988,원,DART OpenAPI,2026-09-30
2025Q1,기업,당기순이익,씨앤씨인터내셔널|별도,3490490212,원,DART OpenAPI,2026-09-30
2025Q1,기업,재고자산,씨앤씨인터내셔널|별도,31904357742,원,DART OpenAPI,2026-09-30
2025Q1,기업,매출채권,씨앤씨인터내셔널|별도,39970988546,원,DART OpenAPI,2026-09-30
2025Q2,기업,매출액,씨앤씨인터내셔널|연결,73897481216,원,DART OpenAPI,2026-09-30
2025Q2,기업,매출총이익,씨앤씨인터내셔널|연결,13479160249,원,DART OpenAPI,2026-09-30
2025Q2,기업,판관비,씨앤씨인터내셔널|연결,4798133458,원,DART OpenAPI,2026-09-30
2025Q2,기업,영업이익,씨앤씨인터내셔널|연결,8681026791,원,DART OpenAPI,2026-09-30
2025Q2,기업,당기순이익,씨앤씨인터내셔널|연결,1214537397,원,DART OpenAPI,2026-09-30
2025Q2,기업,재고자산,씨앤씨인터내셔널|연결,36282101824,원,DART OpenAPI,2026-09-30
2025Q2,기업,매출채권,씨앤씨인터내셔널|연결,40517582626,원,DART OpenAPI,2026-09-30
2025Q2,기업,매출액,씨앤씨인터내셔널|별도,66811750034,원,DART OpenAPI,2026-09-30
2025Q2,기업,매출총이익,씨앤씨인터내셔널|별도,10697757939,원,DART OpenAPI,2026-09-30
2025Q2,기업,판관비,씨앤씨인터내셔널|별도,3730788661,원,DART OpenAPI,2026-09-30
2025Q2,기업,영업이익,씨앤씨인터내셔널|별도,6966969278,원,DART OpenAPI,2026-09-30
2025Q2,기업,당기순이익,씨앤씨인터내셔널|별도,-23138287,원,DART OpenAPI,2026-09-30
2025Q2,기업,재고자산,씨앤씨인터내셔널|별도,34444964532,원,DART OpenAPI,2026-09-30
2025Q2,기업,매출채권,씨앤씨인터내셔널|별도,38394012625,원,DART OpenAPI,2026-09-30
2025Q2,기업,직원수,씨앤씨인터내셔널|별도,603,명,DART OpenAPI,2026-09-30
2025Q3,기업,매출액,씨앤씨인터내셔널|연결,75360612333,원,DART OpenAPI,2026-09-30
2025Q3,기업,매출총이익,씨앤씨인터내셔널|연결,11779803486,원,DART OpenAPI,2026-09-30
2025Q3,기업,판관비,씨앤씨인터내셔널|연결,4882036756,원,DART OpenAPI,2026-09-30
2025Q3,기업,영업이익,씨앤씨인터내셔널|연결,6897766730,원,DART OpenAPI,2026-09-30
2025Q3,기업,당기순이익,씨앤씨인터내셔널|연결,7461631555,원,DART OpenAPI,2026-09-30
2025Q3,기업,재고자산,씨앤씨인터내셔널|연결,38031014991,원,DART OpenAPI,2026-09-30
2025Q3,기업,매출채권,씨앤씨인터내셔널|연결,41367311719,원,DART OpenAPI,2026-09-30
2025Q3,기업,매출액,씨앤씨인터내셔널|별도,71704304678,원,DART OpenAPI,2026-09-30
2025Q3,기업,매출총이익,씨앤씨인터내셔널|별도,10844310553,원,DART OpenAPI,2026-09-30
2025Q3,기업,판관비,씨앤씨인터내셔널|별도,4132725286,원,DART OpenAPI,2026-09-30
2025Q3,기업,영업이익,씨앤씨인터내셔널|별도,6711585267,원,DART OpenAPI,2026-09-30
2025Q3,기업,당기순이익,씨앤씨인터내셔널|별도,7316911832,원,DART OpenAPI,2026-09-30
2025Q3,기업,재고자산,씨앤씨인터내셔널|별도,36473847812,원,DART OpenAPI,2026-09-30
2025Q3,기업,매출채권,씨앤씨인터내셔널|별도,39691165711,원,DART OpenAPI,2026-09-30
2025FY,기업,매출액,씨앤씨인터내셔널|연결,288477800460,원,DART OpenAPI,2026-09-30
2025FY,기업,매출총이익,씨앤씨인터내셔널|연결,41864352829,원,DART OpenAPI,2026-09-30
2025FY,기업,판관비,씨앤씨인터내셔널|연결,19693603173,원,DART OpenAPI,2026-09-30
2025FY,기업,영업이익,씨앤씨인터내셔널|연결,22170749656,원,DART OpenAPI,2026-09-30
2025FY,기업,당기순이익,씨앤씨인터내셔널|연결,14286675994,원,DART OpenAPI,2026-09-30
2025Q4,기업,재고자산,씨앤씨인터내셔널|연결,29113736457,원,DART OpenAPI,2026-09-30
2025Q4,기업,매출채권,씨앤씨인터내셔널|연결,39273461405,원,DART OpenAPI,2026-09-30
2025FY,기업,매출액,씨앤씨인터내셔널|별도,266912286272,원,DART OpenAPI,2026-09-30
2025FY,기업,매출총이익,씨앤씨인터내셔널|별도,34716476395,원,DART OpenAPI,2026-09-30
2025FY,기업,판관비,씨앤씨인터내셔널|별도,16129885420,원,DART OpenAPI,2026-09-30
2025FY,기업,영업이익,씨앤씨인터내셔널|별도,18586590975,원,DART OpenAPI,2026-09-30
2025FY,기업,당기순이익,씨앤씨인터내셔널|별도,11657370483,원,DART OpenAPI,2026-09-30
2025Q4,기업,재고자산,씨앤씨인터내셔널|별도,27350376785,원,DART OpenAPI,2026-09-30
2025Q4,기업,매출채권,씨앤씨인터내셔널|별도,35259192521,원,DART OpenAPI,2026-09-30
2025Q4,기업,직원수,씨앤씨인터내셔널|별도,666,명,DART OpenAPI,2026-09-30
2026Q1,기업,매출액,씨앤씨인터내셔널|연결,70837103638,원,DART OpenAPI,2026-09-30
2026Q1,기업,매출총이익,씨앤씨인터내셔널|연결,8664742480,원,DART OpenAPI,2026-09-30
2026Q1,기업,판관비,씨앤씨인터내셔널|연결,5697736747,원,DART OpenAPI,2026-09-30
2026Q1,기업,영업이익,씨앤씨인터내셔널|연결,2967005733,원,DART OpenAPI,2026-09-30
2026Q1,기업,당기순이익,씨앤씨인터내셔널|연결,5083005363,원,DART OpenAPI,2026-09-30
2026Q1,기업,재고자산,씨앤씨인터내셔널|연결,33369142851,원,DART OpenAPI,2026-09-30
2026Q1,기업,매출채권,씨앤씨인터내셔널|연결,41865372002,원,DART OpenAPI,2026-09-30
2026Q1,기업,매출액,씨앤씨인터내셔널|별도,64073089225,원,DART OpenAPI,2026-09-30
2026Q1,기업,매출총이익,씨앤씨인터내셔널|별도,6002372221,원,DART OpenAPI,2026-09-30
2026Q1,기업,판관비,씨앤씨인터내셔널|별도,4844862133,원,DART OpenAPI,2026-09-30
2026Q1,기업,영업이익,씨앤씨인터내셔널|별도,1157510088,원,DART OpenAPI,2026-09-30
2026Q1,기업,당기순이익,씨앤씨인터내셔널|별도,3740734810,원,DART OpenAPI,2026-09-30
2026Q1,기업,재고자산,씨앤씨인터내셔널|별도,31216100365,원,DART OpenAPI,2026-09-30
2026Q1,기업,매출채권,씨앤씨인터내셔널|별도,38459566224,원,DART OpenAPI,2026-09-30
2026Q2,기업,매출액,씨앤씨인터내셔널|연결,73321341715,원,DART OpenAPI,2026-09-30
2026Q2,기업,매출총이익,씨앤씨인터내셔널|연결,7751422093,원,DART OpenAPI,2026-09-30
2026Q2,기업,판관비,씨앤씨인터내셔널|연결,6150781179,원,DART OpenAPI,2026-09-30
2026Q2,기업,영업이익,씨앤씨인터내셔널|연결,1600640914,원,DART OpenAPI,2026-09-30
2026Q2,기업,당기순이익,씨앤씨인터내셔널|연결,-6233460272,원,DART OpenAPI,2026-09-30
2026Q2,기업,재고자산,씨앤씨인터내셔널|연결,40549921036,원,DART OpenAPI,2026-09-30
2026Q2,기업,매출채권,씨앤씨인터내셔널|연결,40715089396,원,DART OpenAPI,2026-09-30
2026Q2,기업,매출액,씨앤씨인터내셔널|별도,68600123310,원,DART OpenAPI,2026-09-30
2026Q2,기업,매출총이익,씨앤씨인터내셔널|별도,6493110299,원,DART OpenAPI,2026-09-30
2026Q2,기업,판관비,씨앤씨인터내셔널|별도,5225056793,원,DART OpenAPI,2026-09-30
2026Q2,기업,영업이익,씨앤씨인터내셔널|별도,1268053506,원,DART OpenAPI,2026-09-30
2026Q2,기업,당기순이익,씨앤씨인터내셔널|별도,-6482375533,원,DART OpenAPI,2026-09-30
2026Q2,기업,재고자산,씨앤씨인터내셔널|별도,38989988482,원,DART OpenAPI,2026-09-30
2026Q2,기업,매출채권,씨앤씨인터내셔널|별도,37244366400,원,DART OpenAPI,2026-09-30
2026Q2,기업,직원수,씨앤씨인터내셔널|별도,805,명,DART OpenAPI,2026-09-30
2020Q1,기업,매출액,클리오|연결,67764939453,원,DART OpenAPI,2026-09-30
2020Q1,기업,매출총이익,클리오|연결,35071715300,원,DART OpenAPI,2026-09-30
2020Q1,기업,판관비,클리오|연결,31602905587,원,DART OpenAPI,2026-09-30
2020Q1,기업,영업이익,클리오|연결,3468809713,원,DART OpenAPI,2026-09-30
2020Q1,기업,당기순이익,클리오|연결,3873582707,원,DART OpenAPI,2026-09-30
2020Q1,기업,재고자산,클리오|연결,25410661146,원,DART OpenAPI,2026-09-30
2020Q1,기업,매출채권,클리오|연결,25047721258,원,DART OpenAPI,2026-09-30
2020Q1,기업,계약부채,클리오|연결,3059508,원,DART OpenAPI,2026-09-30
2020Q1,기업,매출액,클리오|별도,66941949947,원,DART OpenAPI,2026-09-30
2020Q1,기업,매출총이익,클리오|별도,34294488405,원,DART OpenAPI,2026-09-30
2020Q1,기업,판관비,클리오|별도,30967674549,원,DART OpenAPI,2026-09-30
2020Q1,기업,영업이익,클리오|별도,3326813856,원,DART OpenAPI,2026-09-30
2020Q1,기업,당기순이익,클리오|별도,4173523451,원,DART OpenAPI,2026-09-30
2020Q1,기업,재고자산,클리오|별도,22834226316,원,DART OpenAPI,2026-09-30
2020Q1,기업,매출채권,클리오|별도,25040105882,원,DART OpenAPI,2026-09-30
2020Q1,기업,계약부채,클리오|별도,3059508,원,DART OpenAPI,2026-09-30
2020Q1,기업,직원수,클리오|별도,289,명,DART OpenAPI,2026-09-30
2020Q2,기업,매출액,클리오|연결,49639593528,원,DART OpenAPI,2026-09-30
2020Q2,기업,매출총이익,클리오|연결,27561183248,원,DART OpenAPI,2026-09-30
2020Q2,기업,판관비,클리오|연결,24440123229,원,DART OpenAPI,2026-09-30
2020Q2,기업,영업이익,클리오|연결,3121060019,원,DART OpenAPI,2026-09-30
2020Q2,기업,당기순이익,클리오|연결,3073275608,원,DART OpenAPI,2026-09-30
2020Q2,기업,재고자산,클리오|연결,27604776873,원,DART OpenAPI,2026-09-30
2020Q2,기업,매출채권,클리오|연결,19626330975,원,DART OpenAPI,2026-09-30
2020Q2,기업,계약부채,클리오|연결,3502702,원,DART OpenAPI,2026-09-30
2020Q2,기업,매출액,클리오|별도,47592105836,원,DART OpenAPI,2026-09-30
2020Q2,기업,매출총이익,클리오|별도,25673257837,원,DART OpenAPI,2026-09-30
2020Q2,기업,판관비,클리오|별도,23297803434,원,DART OpenAPI,2026-09-30
2020Q2,기업,영업이익,클리오|별도,2375454403,원,DART OpenAPI,2026-09-30
2020Q2,기업,당기순이익,클리오|별도,2601483739,원,DART OpenAPI,2026-09-30
2020Q2,기업,재고자산,클리오|별도,24531434186,원,DART OpenAPI,2026-09-30
2020Q2,기업,매출채권,클리오|별도,19590404831,원,DART OpenAPI,2026-09-30
2020Q2,기업,계약부채,클리오|별도,3502702,원,DART OpenAPI,2026-09-30
2020Q2,기업,직원수,클리오|별도,287,명,DART OpenAPI,2026-09-30
2020Q3,기업,매출액,클리오|연결,50593022323,원,DART OpenAPI,2026-09-30
2020Q3,기업,매출총이익,클리오|연결,24981760777,원,DART OpenAPI,2026-09-30
2020Q3,기업,판관비,클리오|연결,23935603808,원,DART OpenAPI,2026-09-30
2020Q3,기업,영업이익,클리오|연결,1046156969,원,DART OpenAPI,2026-09-30
2020Q3,기업,당기순이익,클리오|연결,3299722387,원,DART OpenAPI,2026-09-30
2020Q3,기업,재고자산,클리오|연결,26241797728,원,DART OpenAPI,2026-09-30
2020Q3,기업,매출채권,클리오|연결,21497243821,원,DART OpenAPI,2026-09-30
2020Q3,기업,계약부채,클리오|연결,2680028,원,DART OpenAPI,2026-09-30
2020Q3,기업,매출액,클리오|별도,48548749049,원,DART OpenAPI,2026-09-30
2020Q3,기업,매출총이익,클리오|별도,24567582424,원,DART OpenAPI,2026-09-30
2020Q3,기업,판관비,클리오|별도,22590597667,원,DART OpenAPI,2026-09-30
2020Q3,기업,영업이익,클리오|별도,1976984757,원,DART OpenAPI,2026-09-30
2020Q3,기업,당기순이익,클리오|별도,3734737656,원,DART OpenAPI,2026-09-30
2020Q3,기업,재고자산,클리오|별도,24443949372,원,DART OpenAPI,2026-09-30
2020Q3,기업,매출채권,클리오|별도,21418690671,원,DART OpenAPI,2026-09-30
2020Q3,기업,계약부채,클리오|별도,2680028,원,DART OpenAPI,2026-09-30
2020Q3,기업,직원수,클리오|별도,279,명,DART OpenAPI,2026-09-30
2020FY,기업,매출액,클리오|연결,218215953392,원,DART OpenAPI,2026-09-30
2020FY,기업,매출총이익,클리오|연결,111818586406,원,DART OpenAPI,2026-09-30
2020FY,기업,판관비,클리오|연결,105590228613,원,DART OpenAPI,2026-09-30
2020FY,기업,영업이익,클리오|연결,6228357793,원,DART OpenAPI,2026-09-30
2020FY,기업,당기순이익,클리오|연결,9585394245,원,DART OpenAPI,2026-09-30
2020Q4,기업,재고자산,클리오|연결,22709712951,원,DART OpenAPI,2026-09-30
2020Q4,기업,매출채권,클리오|연결,21427563947,원,DART OpenAPI,2026-09-30
2020Q4,기업,계약부채,클리오|연결,2002306,원,DART OpenAPI,2026-09-30
2020FY,기업,매출액,클리오|별도,211060694476,원,DART OpenAPI,2026-09-30
2020FY,기업,매출총이익,클리오|별도,107470334404,원,DART OpenAPI,2026-09-30
2020FY,기업,판관비,클리오|별도,100607293287,원,DART OpenAPI,2026-09-30
2020FY,기업,영업이익,클리오|별도,6863041117,원,DART OpenAPI,2026-09-30
2020FY,기업,당기순이익,클리오|별도,11221530885,원,DART OpenAPI,2026-09-30
2020Q4,기업,재고자산,클리오|별도,21230253827,원,DART OpenAPI,2026-09-30
2020Q4,기업,매출채권,클리오|별도,20339484313,원,DART OpenAPI,2026-09-30
2020Q4,기업,계약부채,클리오|별도,2002306,원,DART OpenAPI,2026-09-30
2020Q4,기업,직원수,클리오|별도,274,명,DART OpenAPI,2026-09-30
2021Q1,기업,매출액,클리오|연결,57915338015,원,DART OpenAPI,2026-09-30
2021Q1,기업,매출총이익,클리오|연결,26833645496,원,DART OpenAPI,2026-09-30
2021Q1,기업,판관비,클리오|연결,24790397247,원,DART OpenAPI,2026-09-30
2021Q1,기업,영업이익,클리오|연결,2043248249,원,DART OpenAPI,2026-09-30
2021Q1,기업,당기순이익,클리오|연결,2238551029,원,DART OpenAPI,2026-09-30
2021Q1,기업,재고자산,클리오|연결,19790716155,원,DART OpenAPI,2026-09-30
2021Q1,기업,매출채권,클리오|연결,28748298475,원,DART OpenAPI,2026-09-30
2021Q1,기업,계약부채,클리오|연결,867276,원,DART OpenAPI,2026-09-30
2021Q1,기업,매출액,클리오|별도,56773445760,원,DART OpenAPI,2026-09-30
2021Q1,기업,매출총이익,클리오|별도,26170313560,원,DART OpenAPI,2026-09-30
2021Q1,기업,판관비,클리오|별도,24582852529,원,DART OpenAPI,2026-09-30
2021Q1,기업,영업이익,클리오|별도,1587461031,원,DART OpenAPI,2026-09-30
2021Q1,기업,당기순이익,클리오|별도,1959820841,원,DART OpenAPI,2026-09-30
2021Q1,기업,재고자산,클리오|별도,18266189015,원,DART OpenAPI,2026-09-30
2021Q1,기업,매출채권,클리오|별도,28668990732,원,DART OpenAPI,2026-09-30
2021Q1,기업,계약부채,클리오|별도,867276,원,DART OpenAPI,2026-09-30
2021Q1,기업,직원수,클리오|별도,279,명,DART OpenAPI,2026-09-30
2021Q2,기업,매출액,클리오|연결,56058209592,원,DART OpenAPI,2026-09-30
2021Q2,기업,매출총이익,클리오|연결,27568060402,원,DART OpenAPI,2026-09-30
2021Q2,기업,판관비,클리오|연결,24410906460,원,DART OpenAPI,2026-09-30
2021Q2,기업,영업이익,클리오|연결,3157153942,원,DART OpenAPI,2026-09-30
2021Q2,기업,당기순이익,클리오|연결,1016410671,원,DART OpenAPI,2026-09-30
2021Q2,기업,재고자산,클리오|연결,21436056816,원,DART OpenAPI,2026-09-30
2021Q2,기업,매출채권,클리오|연결,20576576998,원,DART OpenAPI,2026-09-30
2021Q2,기업,계약부채,클리오|연결,490662,원,DART OpenAPI,2026-09-30
2021Q2,기업,매출액,클리오|별도,55028021353,원,DART OpenAPI,2026-09-30
2021Q2,기업,매출총이익,클리오|별도,26860824531,원,DART OpenAPI,2026-09-30
2021Q2,기업,판관비,클리오|별도,22771132650,원,DART OpenAPI,2026-09-30
2021Q2,기업,영업이익,클리오|별도,4089691881,원,DART OpenAPI,2026-09-30
2021Q2,기업,당기순이익,클리오|별도,1816755465,원,DART OpenAPI,2026-09-30
2021Q2,기업,재고자산,클리오|별도,19677511860,원,DART OpenAPI,2026-09-30
2021Q2,기업,매출채권,클리오|별도,20509427775,원,DART OpenAPI,2026-09-30
2021Q2,기업,계약부채,클리오|별도,490662,원,DART OpenAPI,2026-09-30
2021Q2,기업,직원수,클리오|별도,280,명,DART OpenAPI,2026-09-30
2021Q3,기업,매출액,클리오|연결,59363024436,원,DART OpenAPI,2026-09-30
2021Q3,기업,매출총이익,클리오|연결,28510390570,원,DART OpenAPI,2026-09-30
2021Q3,기업,판관비,클리오|연결,24422311671,원,DART OpenAPI,2026-09-30
2021Q3,기업,영업이익,클리오|연결,4088078899,원,DART OpenAPI,2026-09-30
2021Q3,기업,당기순이익,클리오|연결,7601431915,원,DART OpenAPI,2026-09-30
2021Q3,기업,재고자산,클리오|연결,20753154632,원,DART OpenAPI,2026-09-30
2021Q3,기업,매출채권,클리오|연결,26793563778,원,DART OpenAPI,2026-09-30
2021Q3,기업,계약부채,클리오|연결,352574,원,DART OpenAPI,2026-09-30
2021Q3,기업,매출액,클리오|별도,57748871725,원,DART OpenAPI,2026-09-30
2021Q3,기업,매출총이익,클리오|별도,27522222206,원,DART OpenAPI,2026-09-30
2021Q3,기업,판관비,클리오|별도,23762382023,원,DART OpenAPI,2026-09-30
2021Q3,기업,영업이익,클리오|별도,3759840183,원,DART OpenAPI,2026-09-30
2021Q3,기업,당기순이익,클리오|별도,7309633083,원,DART OpenAPI,2026-09-30
2021Q3,기업,재고자산,클리오|별도,18986852951,원,DART OpenAPI,2026-09-30
2021Q3,기업,매출채권,클리오|별도,26768672290,원,DART OpenAPI,2026-09-30
2021Q3,기업,계약부채,클리오|별도,352574,원,DART OpenAPI,2026-09-30
2021Q3,기업,직원수,클리오|별도,287,명,DART OpenAPI,2026-09-30
2021FY,기업,매출액,클리오|연결,232744014896,원,DART OpenAPI,2026-09-30
2021FY,기업,매출총이익,클리오|연결,112346269289,원,DART OpenAPI,2026-09-30
2021FY,기업,판관비,클리오|연결,98443401642,원,DART OpenAPI,2026-09-30
2021FY,기업,영업이익,클리오|연결,13902867647,원,DART OpenAPI,2026-09-30
2021FY,기업,당기순이익,클리오|연결,9267371492,원,DART OpenAPI,2026-09-30
2021Q4,기업,재고자산,클리오|연결,20869709171,원,DART OpenAPI,2026-09-30
2021Q4,기업,매출채권,클리오|연결,14723782785,원,DART OpenAPI,2026-09-30
2021Q4,기업,계약부채,클리오|연결,443162,원,DART OpenAPI,2026-09-30
2021FY,기업,매출액,클리오|별도,226792401916,원,DART OpenAPI,2026-09-30
2021FY,기업,매출총이익,클리오|별도,108754961288,원,DART OpenAPI,2026-09-30
2021FY,기업,판관비,클리오|별도,95283961112,원,DART OpenAPI,2026-09-30
2021FY,기업,영업이익,클리오|별도,13471000176,원,DART OpenAPI,2026-09-30
2021FY,기업,당기순이익,클리오|별도,7388652626,원,DART OpenAPI,2026-09-30
2021Q4,기업,재고자산,클리오|별도,19327660108,원,DART OpenAPI,2026-09-30
2021Q4,기업,매출채권,클리오|별도,14426112336,원,DART OpenAPI,2026-09-30
2021Q4,기업,계약부채,클리오|별도,443162,원,DART OpenAPI,2026-09-30
2021Q4,기업,직원수,클리오|별도,291,명,DART OpenAPI,2026-09-30
2022Q1,기업,매출액,클리오|연결,65938738401,원,DART OpenAPI,2026-09-30
2022Q1,기업,매출총이익,클리오|연결,33303051332,원,DART OpenAPI,2026-09-30
2022Q1,기업,판관비,클리오|연결,29668773088,원,DART OpenAPI,2026-09-30
2022Q1,기업,영업이익,클리오|연결,3634278244,원,DART OpenAPI,2026-09-30
2022Q1,기업,당기순이익,클리오|연결,786200557,원,DART OpenAPI,2026-09-30
2022Q1,기업,재고자산,클리오|연결,22807760234,원,DART OpenAPI,2026-09-30
2022Q1,기업,매출채권,클리오|연결,17229459922,원,DART OpenAPI,2026-09-30
2022Q1,기업,계약부채,클리오|연결,469534,원,DART OpenAPI,2026-09-30
2022Q1,기업,매출액,클리오|별도,64822857376,원,DART OpenAPI,2026-09-30
2022Q1,기업,매출총이익,클리오|별도,32700071738,원,DART OpenAPI,2026-09-30
2022Q1,기업,판관비,클리오|별도,29347371178,원,DART OpenAPI,2026-09-30
2022Q1,기업,영업이익,클리오|별도,3352700560,원,DART OpenAPI,2026-09-30
2022Q1,기업,당기순이익,클리오|별도,-304862667,원,DART OpenAPI,2026-09-30
2022Q1,기업,재고자산,클리오|별도,21067101375,원,DART OpenAPI,2026-09-30
2022Q1,기업,매출채권,클리오|별도,17169487734,원,DART OpenAPI,2026-09-30
2022Q1,기업,계약부채,클리오|별도,469534,원,DART OpenAPI,2026-09-30
2022Q1,기업,직원수,클리오|별도,308,명,DART OpenAPI,2026-09-30
2022Q2,기업,매출액,클리오|연결,66194065308,원,DART OpenAPI,2026-09-30
2022Q2,기업,매출총이익,클리오|연결,33710629272,원,DART OpenAPI,2026-09-30
2022Q2,기업,판관비,클리오|연결,29235435190,원,DART OpenAPI,2026-09-30
2022Q2,기업,영업이익,클리오|연결,4475194082,원,DART OpenAPI,2026-09-30
2022Q2,기업,당기순이익,클리오|연결,2874569533,원,DART OpenAPI,2026-09-30
2022Q2,기업,재고자산,클리오|연결,21099459358,원,DART OpenAPI,2026-09-30
2022Q2,기업,매출채권,클리오|연결,16997409156,원,DART OpenAPI,2026-09-30
2022Q2,기업,계약부채,클리오|연결,441672,원,DART OpenAPI,2026-09-30
2022Q2,기업,매출액,클리오|별도,64803998535,원,DART OpenAPI,2026-09-30
2022Q2,기업,매출총이익,클리오|별도,32916074331,원,DART OpenAPI,2026-09-30
2022Q2,기업,판관비,클리오|별도,28026106964,원,DART OpenAPI,2026-09-30
2022Q2,기업,영업이익,클리오|별도,4889967367,원,DART OpenAPI,2026-09-30
2022Q2,기업,당기순이익,클리오|별도,3792202740,원,DART OpenAPI,2026-09-30
2022Q2,기업,재고자산,클리오|별도,19493530882,원,DART OpenAPI,2026-09-30
2022Q2,기업,매출채권,클리오|별도,16877804629,원,DART OpenAPI,2026-09-30
2022Q2,기업,계약부채,클리오|별도,441672,원,DART OpenAPI,2026-09-30
2022Q2,기업,직원수,클리오|별도,319,명,DART OpenAPI,2026-09-30
2022Q3,기업,매출액,클리오|연결,67948218685,원,DART OpenAPI,2026-09-30
2022Q3,기업,매출총이익,클리오|연결,32604369529,원,DART OpenAPI,2026-09-30
2022Q3,기업,판관비,클리오|연결,28026872810,원,DART OpenAPI,2026-09-30
2022Q3,기업,영업이익,클리오|연결,4577496719,원,DART OpenAPI,2026-09-30
2022Q3,기업,당기순이익,클리오|연결,3237665714,원,DART OpenAPI,2026-09-30
2022Q3,기업,재고자산,클리오|연결,20135856981,원,DART OpenAPI,2026-09-30
2022Q3,기업,매출채권,클리오|연결,18313737436,원,DART OpenAPI,2026-09-30
2022Q3,기업,계약부채,클리오|연결,451732,원,DART OpenAPI,2026-09-30
2022Q3,기업,매출액,클리오|별도,66538825131,원,DART OpenAPI,2026-09-30
2022Q3,기업,매출총이익,클리오|별도,31795541102,원,DART OpenAPI,2026-09-30
2022Q3,기업,판관비,클리오|별도,27622491292,원,DART OpenAPI,2026-09-30
2022Q3,기업,영업이익,클리오|별도,4173049810,원,DART OpenAPI,2026-09-30
2022Q3,기업,당기순이익,클리오|별도,3236067644,원,DART OpenAPI,2026-09-30
2022Q3,기업,재고자산,클리오|별도,18767205569,원,DART OpenAPI,2026-09-30
2022Q3,기업,매출채권,클리오|별도,18246567820,원,DART OpenAPI,2026-09-30
2022Q3,기업,계약부채,클리오|별도,451732,원,DART OpenAPI,2026-09-30
2022Q3,기업,직원수,클리오|별도,317,명,DART OpenAPI,2026-09-30
2022FY,기업,매출액,클리오|연결,272455447001,원,DART OpenAPI,2026-09-30
2022FY,기업,매출총이익,클리오|연결,134839511120,원,DART OpenAPI,2026-09-30
2022FY,기업,판관비,클리오|연결,116957180608,원,DART OpenAPI,2026-09-30
2022FY,기업,영업이익,클리오|연결,17882330512,원,DART OpenAPI,2026-09-30
2022FY,기업,당기순이익,클리오|연결,10128871042,원,DART OpenAPI,2026-09-30
2022Q4,기업,재고자산,클리오|연결,18636476524,원,DART OpenAPI,2026-09-30
2022Q4,기업,매출채권,클리오|연결,14968730655,원,DART OpenAPI,2026-09-30
2022Q4,기업,계약부채,클리오|연결,9662443,원,DART OpenAPI,2026-09-30
2022FY,기업,매출액,클리오|별도,267071335027,원,DART OpenAPI,2026-09-30
2022FY,기업,매출총이익,클리오|별도,131636994065,원,DART OpenAPI,2026-09-30
2022FY,기업,판관비,클리오|별도,112914953463,원,DART OpenAPI,2026-09-30
2022FY,기업,영업이익,클리오|별도,18722040602,원,DART OpenAPI,2026-09-30
2022FY,기업,당기순이익,클리오|별도,11292861667,원,DART OpenAPI,2026-09-30
2022Q4,기업,재고자산,클리오|별도,17752569743,원,DART OpenAPI,2026-09-30
2022Q4,기업,매출채권,클리오|별도,14784030028,원,DART OpenAPI,2026-09-30
2022Q4,기업,계약부채,클리오|별도,9662443,원,DART OpenAPI,2026-09-30
2022Q4,기업,직원수,클리오|별도,327,명,DART OpenAPI,2026-09-30
2023Q1,기업,매출액,클리오|연결,75071060007,원,DART OpenAPI,2026-09-30
2023Q1,기업,매출총이익,클리오|연결,37341072576,원,DART OpenAPI,2026-09-30
2023Q1,기업,판관비,클리오|연결,32105851953,원,DART OpenAPI,2026-09-30
2023Q1,기업,영업이익,클리오|연결,5235220623,원,DART OpenAPI,2026-09-30
2023Q1,기업,당기순이익,클리오|연결,5693013212,원,DART OpenAPI,2026-09-30
2023Q1,기업,재고자산,클리오|연결,19623749754,원,DART OpenAPI,2026-09-30
2023Q1,기업,매출채권,클리오|연결,18054875647,원,DART OpenAPI,2026-09-30
2023Q1,기업,계약부채,클리오|연결,9298097,원,DART OpenAPI,2026-09-30
2023Q1,기업,매출액,클리오|별도,73570199361,원,DART OpenAPI,2026-09-30
2023Q1,기업,매출총이익,클리오|별도,36443826580,원,DART OpenAPI,2026-09-30
2023Q1,기업,판관비,클리오|별도,31206800691,원,DART OpenAPI,2026-09-30
2023Q1,기업,영업이익,클리오|별도,5237025889,원,DART OpenAPI,2026-09-30
2023Q1,기업,당기순이익,클리오|별도,5656981570,원,DART OpenAPI,2026-09-30
2023Q1,기업,재고자산,클리오|별도,18943805448,원,DART OpenAPI,2026-09-30
2023Q1,기업,매출채권,클리오|별도,17918134612,원,DART OpenAPI,2026-09-30
2023Q1,기업,계약부채,클리오|별도,9298097,원,DART OpenAPI,2026-09-30
2023Q1,기업,직원수,클리오|별도,343,명,DART OpenAPI,2026-09-30
2023Q2,기업,매출액,클리오|연결,81000377501,원,DART OpenAPI,2026-09-30
2023Q2,기업,매출총이익,클리오|연결,40860133298,원,DART OpenAPI,2026-09-30
2023Q2,기업,판관비,클리오|연결,34347179654,원,DART OpenAPI,2026-09-30
2023Q2,기업,영업이익,클리오|연결,6512953644,원,DART OpenAPI,2026-09-30
2023Q2,기업,당기순이익,클리오|연결,5395200849,원,DART OpenAPI,2026-09-30
2023Q2,기업,재고자산,클리오|연결,22559225041,원,DART OpenAPI,2026-09-30
2023Q2,기업,매출채권,클리오|연결,16420614315,원,DART OpenAPI,2026-09-30
2023Q2,기업,계약부채,클리오|연결,9058005,원,DART OpenAPI,2026-09-30
2023Q2,기업,매출액,클리오|별도,79477464277,원,DART OpenAPI,2026-09-30
2023Q2,기업,매출총이익,클리오|별도,39983190982,원,DART OpenAPI,2026-09-30
2023Q2,기업,판관비,클리오|별도,32813865489,원,DART OpenAPI,2026-09-30
2023Q2,기업,영업이익,클리오|별도,7169325493,원,DART OpenAPI,2026-09-30
2023Q2,기업,당기순이익,클리오|별도,6718497899,원,DART OpenAPI,2026-09-30
2023Q2,기업,재고자산,클리오|별도,21619087028,원,DART OpenAPI,2026-09-30
2023Q2,기업,매출채권,클리오|별도,16250141730,원,DART OpenAPI,2026-09-30
2023Q2,기업,계약부채,클리오|별도,9058005,원,DART OpenAPI,2026-09-30
2023Q2,기업,직원수,클리오|별도,338,명,DART OpenAPI,2026-09-30
2023Q3,기업,매출액,클리오|연결,84817705882,원,DART OpenAPI,2026-09-30
2023Q3,기업,매출총이익,클리오|연결,42047331804,원,DART OpenAPI,2026-09-30
2023Q3,기업,판관비,클리오|연결,31573436173,원,DART OpenAPI,2026-09-30
2023Q3,기업,영업이익,클리오|연결,10473895631,원,DART OpenAPI,2026-09-30
2023Q3,기업,당기순이익,클리오|연결,9730961822,원,DART OpenAPI,2026-09-30
2023Q3,기업,재고자산,클리오|연결,26136106678,원,DART OpenAPI,2026-09-30
2023Q3,기업,매출채권,클리오|연결,22039626452,원,DART OpenAPI,2026-09-30
2023Q3,기업,계약부채,클리오|연결,10145747,원,DART OpenAPI,2026-09-30
2023Q3,기업,매출액,클리오|별도,83846854050,원,DART OpenAPI,2026-09-30
2023Q3,기업,매출총이익,클리오|별도,41363496491,원,DART OpenAPI,2026-09-30
2023Q3,기업,판관비,클리오|별도,31070703123,원,DART OpenAPI,2026-09-30
2023Q3,기업,영업이익,클리오|별도,10292793368,원,DART OpenAPI,2026-09-30
2023Q3,기업,당기순이익,클리오|별도,9281062132,원,DART OpenAPI,2026-09-30
2023Q3,기업,재고자산,클리오|별도,25091921988,원,DART OpenAPI,2026-09-30
2023Q3,기업,매출채권,클리오|별도,21897396444,원,DART OpenAPI,2026-09-30
2023Q3,기업,계약부채,클리오|별도,10145747,원,DART OpenAPI,2026-09-30
2023Q3,기업,직원수,클리오|별도,349,명,DART OpenAPI,2026-09-30
2023FY,기업,매출액,클리오|연결,330584497213,원,DART OpenAPI,2026-09-30
2023FY,기업,매출총이익,클리오|연결,166100763482,원,DART OpenAPI,2026-09-30
2023FY,기업,판관비,클리오|연결,132290892192,원,DART OpenAPI,2026-09-30
2023FY,기업,영업이익,클리오|연결,33809871290,원,DART OpenAPI,2026-09-30
2023FY,기업,당기순이익,클리오|연결,27319035509,원,DART OpenAPI,2026-09-30
2023Q4,기업,재고자산,클리오|연결,22748100253,원,DART OpenAPI,2026-09-30
2023Q4,기업,매출채권,클리오|연결,15647192154,원,DART OpenAPI,2026-09-30
2023Q4,기업,계약부채,클리오|연결,13468402,원,DART OpenAPI,2026-09-30
2023FY,기업,매출액,클리오|별도,325346217902,원,DART OpenAPI,2026-09-30
2023FY,기업,매출총이익,클리오|별도,162866989021,원,DART OpenAPI,2026-09-30
2023FY,기업,판관비,클리오|별도,127747222963,원,DART OpenAPI,2026-09-30
2023FY,기업,영업이익,클리오|별도,35119766058,원,DART OpenAPI,2026-09-30
2023FY,기업,당기순이익,클리오|별도,29098684398,원,DART OpenAPI,2026-09-30
2023Q4,기업,재고자산,클리오|별도,22207215414,원,DART OpenAPI,2026-09-30
2023Q4,기업,매출채권,클리오|별도,15514333865,원,DART OpenAPI,2026-09-30
2023Q4,기업,계약부채,클리오|별도,13468402,원,DART OpenAPI,2026-09-30
2023Q4,기업,직원수,클리오|별도,356,명,DART OpenAPI,2026-09-30
2024Q1,기업,매출액,클리오|연결,92975940721,원,DART OpenAPI,2026-09-30
2024Q1,기업,매출총이익,클리오|연결,46966370628,원,DART OpenAPI,2026-09-30
2024Q1,기업,판관비,클리오|연결,38457047120,원,DART OpenAPI,2026-09-30
2024Q1,기업,영업이익,클리오|연결,8509323508,원,DART OpenAPI,2026-09-30
2024Q1,기업,당기순이익,클리오|연결,9895504689,원,DART OpenAPI,2026-09-30
2024Q1,기업,재고자산,클리오|연결,26147355782,원,DART OpenAPI,2026-09-30
2024Q1,기업,매출채권,클리오|연결,15648171209,원,DART OpenAPI,2026-09-30
2024Q1,기업,계약부채,클리오|연결,14295873,원,DART OpenAPI,2026-09-30
2024Q1,기업,매출액,클리오|별도,91076701565,원,DART OpenAPI,2026-09-30
2024Q1,기업,매출총이익,클리오|별도,45654781295,원,DART OpenAPI,2026-09-30
2024Q1,기업,판관비,클리오|별도,37084202521,원,DART OpenAPI,2026-09-30
2024Q1,기업,영업이익,클리오|별도,8570578774,원,DART OpenAPI,2026-09-30
2024Q1,기업,당기순이익,클리오|별도,9101739848,원,DART OpenAPI,2026-09-30
2024Q1,기업,재고자산,클리오|별도,25576506454,원,DART OpenAPI,2026-09-30
2024Q1,기업,매출채권,클리오|별도,15125050136,원,DART OpenAPI,2026-09-30
2024Q1,기업,계약부채,클리오|별도,14295873,원,DART OpenAPI,2026-09-30
2024Q1,기업,직원수,클리오|별도,357,명,DART OpenAPI,2026-09-30
2024Q2,기업,매출액,클리오|연결,92581105814,원,DART OpenAPI,2026-09-30
2024Q2,기업,매출총이익,클리오|연결,45507411110,원,DART OpenAPI,2026-09-30
2024Q2,기업,판관비,클리오|연결,35931184171,원,DART OpenAPI,2026-09-30
2024Q2,기업,영업이익,클리오|연결,9576226939,원,DART OpenAPI,2026-09-30
2024Q2,기업,당기순이익,클리오|연결,8968547491,원,DART OpenAPI,2026-09-30
2024Q2,기업,재고자산,클리오|연결,34109251294,원,DART OpenAPI,2026-09-30
2024Q2,기업,매출채권,클리오|연결,22174318947,원,DART OpenAPI,2026-09-30
2024Q2,기업,계약부채,클리오|연결,13912309,원,DART OpenAPI,2026-09-30
2024Q2,기업,매출액,클리오|별도,90117969952,원,DART OpenAPI,2026-09-30
2024Q2,기업,매출총이익,클리오|별도,43822593939,원,DART OpenAPI,2026-09-30
2024Q2,기업,판관비,클리오|별도,34698117462,원,DART OpenAPI,2026-09-30
2024Q2,기업,영업이익,클리오|별도,9124476477,원,DART OpenAPI,2026-09-30
2024Q2,기업,당기순이익,클리오|별도,9258347068,원,DART OpenAPI,2026-09-30
2024Q2,기업,재고자산,클리오|별도,26836369217,원,DART OpenAPI,2026-09-30
2024Q2,기업,매출채권,클리오|별도,22028275029,원,DART OpenAPI,2026-09-30
2024Q2,기업,계약부채,클리오|별도,13912309,원,DART OpenAPI,2026-09-30
2024Q2,기업,직원수,클리오|별도,363,명,DART OpenAPI,2026-09-30
2024Q3,기업,매출액,클리오|연결,87558600126,원,DART OpenAPI,2026-09-30
2024Q3,기업,매출총이익,클리오|연결,42564647595,원,DART OpenAPI,2026-09-30
2024Q3,기업,판관비,클리오|연결,36157419771,원,DART OpenAPI,2026-09-30
2024Q3,기업,영업이익,클리오|연결,6407227824,원,DART OpenAPI,2026-09-30
2024Q3,기업,당기순이익,클리오|연결,6024046369,원,DART OpenAPI,2026-09-30
2024Q3,기업,재고자산,클리오|연결,36708254522,원,DART OpenAPI,2026-09-30
2024Q3,기업,매출채권,클리오|연결,16311794339,원,DART OpenAPI,2026-09-30
2024Q3,기업,계약부채,클리오|연결,11096700,원,DART OpenAPI,2026-09-30
2024Q3,기업,매출액,클리오|별도,85775033529,원,DART OpenAPI,2026-09-30
2024Q3,기업,매출총이익,클리오|별도,40229724364,원,DART OpenAPI,2026-09-30
2024Q3,기업,판관비,클리오|별도,33886886900,원,DART OpenAPI,2026-09-30
2024Q3,기업,영업이익,클리오|별도,6342837464,원,DART OpenAPI,2026-09-30
2024Q3,기업,당기순이익,클리오|별도,4392717025,원,DART OpenAPI,2026-09-30
2024Q3,기업,재고자산,클리오|별도,28346438972,원,DART OpenAPI,2026-09-30
2024Q3,기업,매출채권,클리오|별도,16456768993,원,DART OpenAPI,2026-09-30
2024Q3,기업,계약부채,클리오|별도,11096700,원,DART OpenAPI,2026-09-30
2024Q3,기업,직원수,클리오|별도,360,명,DART OpenAPI,2026-09-30
2024FY,기업,매출액,클리오|연결,351365821349,원,DART OpenAPI,2026-09-30
2024FY,기업,매출총이익,클리오|연결,171294903218,원,DART OpenAPI,2026-09-30
2024FY,기업,판관비,클리오|연결,146692212986,원,DART OpenAPI,2026-09-30
2024FY,기업,영업이익,클리오|연결,24602690232,원,DART OpenAPI,2026-09-30
2024FY,기업,당기순이익,클리오|연결,27155971328,원,DART OpenAPI,2026-09-30
2024Q4,기업,재고자산,클리오|연결,29482961589,원,DART OpenAPI,2026-09-30
2024Q4,기업,매출채권,클리오|연결,17921292301,원,DART OpenAPI,2026-09-30
2024Q4,기업,계약부채,클리오|연결,11204654,원,DART OpenAPI,2026-09-30
2024FY,기업,매출액,클리오|별도,340940959664,원,DART OpenAPI,2026-09-30
2024FY,기업,매출총이익,클리오|별도,165657121045,원,DART OpenAPI,2026-09-30
2024FY,기업,판관비,클리오|별도,140257939942,원,DART OpenAPI,2026-09-30
2024FY,기업,영업이익,클리오|별도,25399181103,원,DART OpenAPI,2026-09-30
2024FY,기업,당기순이익,클리오|별도,26704620793,원,DART OpenAPI,2026-09-30
2024Q4,기업,재고자산,클리오|별도,24227840779,원,DART OpenAPI,2026-09-30
2024Q4,기업,매출채권,클리오|별도,15384528963,원,DART OpenAPI,2026-09-30
2024Q4,기업,계약부채,클리오|별도,11204654,원,DART OpenAPI,2026-09-30
2024Q4,기업,직원수,클리오|별도,367,명,DART OpenAPI,2026-09-30
2025Q1,기업,매출액,클리오|연결,82335790614,원,DART OpenAPI,2026-09-30
2025Q1,기업,매출총이익,클리오|연결,40126718279,원,DART OpenAPI,2026-09-30
2025Q1,기업,판관비,클리오|연결,38977293944,원,DART OpenAPI,2026-09-30
2025Q1,기업,영업이익,클리오|연결,1149424335,원,DART OpenAPI,2026-09-30
2025Q1,기업,당기순이익,클리오|연결,2658499491,원,DART OpenAPI,2026-09-30
2025Q1,기업,재고자산,클리오|연결,32167247268,원,DART OpenAPI,2026-09-30
2025Q1,기업,매출채권,클리오|연결,19651709371,원,DART OpenAPI,2026-09-30
2025Q1,기업,계약부채,클리오|연결,11012653,원,DART OpenAPI,2026-09-30
2025Q1,기업,매출액,클리오|별도,81455878572,원,DART OpenAPI,2026-09-30
2025Q1,기업,매출총이익,클리오|별도,39294640588,원,DART OpenAPI,2026-09-30
2025Q1,기업,판관비,클리오|별도,37196173207,원,DART OpenAPI,2026-09-30
2025Q1,기업,영업이익,클리오|별도,2098467381,원,DART OpenAPI,2026-09-30
2025Q1,기업,당기순이익,클리오|별도,3805609000,원,DART OpenAPI,2026-09-30
2025Q1,기업,재고자산,클리오|별도,25961330130,원,DART OpenAPI,2026-09-30
2025Q1,기업,매출채권,클리오|별도,21043325519,원,DART OpenAPI,2026-09-30
2025Q1,기업,계약부채,클리오|별도,11012653,원,DART OpenAPI,2026-09-30
2025Q1,기업,직원수,클리오|별도,367,명,DART OpenAPI,2026-09-30
2025Q2,기업,매출액,클리오|연결,82129745417,원,DART OpenAPI,2026-09-30
2025Q2,기업,매출총이익,클리오|연결,37761457979,원,DART OpenAPI,2026-09-30
2025Q2,기업,판관비,클리오|연결,34240705242,원,DART OpenAPI,2026-09-30
2025Q2,기업,영업이익,클리오|연결,3520752737,원,DART OpenAPI,2026-09-30
2025Q2,기업,당기순이익,클리오|연결,1940764463,원,DART OpenAPI,2026-09-30
2025Q2,기업,재고자산,클리오|연결,34682619824,원,DART OpenAPI,2026-09-30
2025Q2,기업,매출채권,클리오|연결,15490311662,원,DART OpenAPI,2026-09-30
2025Q2,기업,계약부채,클리오|연결,14050904,원,DART OpenAPI,2026-09-30
2025Q2,기업,매출액,클리오|별도,79039556897,원,DART OpenAPI,2026-09-30
2025Q2,기업,매출총이익,클리오|별도,36751643974,원,DART OpenAPI,2026-09-30
2025Q2,기업,판관비,클리오|별도,31239146514,원,DART OpenAPI,2026-09-30
2025Q2,기업,영업이익,클리오|별도,5512497460,원,DART OpenAPI,2026-09-30
2025Q2,기업,당기순이익,클리오|별도,3845967054,원,DART OpenAPI,2026-09-30
2025Q2,기업,재고자산,클리오|별도,30489379635,원,DART OpenAPI,2026-09-30
2025Q2,기업,매출채권,클리오|별도,15970519835,원,DART OpenAPI,2026-09-30
2025Q2,기업,계약부채,클리오|별도,14050904,원,DART OpenAPI,2026-09-30
2025Q2,기업,직원수,클리오|별도,368,명,DART OpenAPI,2026-09-30
2025Q3,기업,매출액,클리오|연결,83815552800,원,DART OpenAPI,2026-09-30
2025Q3,기업,매출총이익,클리오|연결,39859305500,원,DART OpenAPI,2026-09-30
2025Q3,기업,판관비,클리오|연결,35139262284,원,DART OpenAPI,2026-09-30
2025Q3,기업,영업이익,클리오|연결,4720043216,원,DART OpenAPI,2026-09-30
2025Q3,기업,당기순이익,클리오|연결,5484134902,원,DART OpenAPI,2026-09-30
2025Q3,기업,재고자산,클리오|연결,35185856973,원,DART OpenAPI,2026-09-30
2025Q3,기업,매출채권,클리오|연결,19932042961,원,DART OpenAPI,2026-09-30
2025Q3,기업,계약부채,클리오|연결,16461617,원,DART OpenAPI,2026-09-30
2025Q3,기업,매출액,클리오|별도,80717845937,원,DART OpenAPI,2026-09-30
2025Q3,기업,매출총이익,클리오|별도,37525689324,원,DART OpenAPI,2026-09-30
2025Q3,기업,판관비,클리오|별도,32524989550,원,DART OpenAPI,2026-09-30
2025Q3,기업,영업이익,클리오|별도,5000699774,원,DART OpenAPI,2026-09-30
2025Q3,기업,당기순이익,클리오|별도,5231627030,원,DART OpenAPI,2026-09-30
2025Q3,기업,재고자산,클리오|별도,31031362037,원,DART OpenAPI,2026-09-30
2025Q3,기업,매출채권,클리오|별도,21224888843,원,DART OpenAPI,2026-09-30
2025Q3,기업,계약부채,클리오|별도,16461617,원,DART OpenAPI,2026-09-30
2025Q3,기업,직원수,클리오|별도,367,명,DART OpenAPI,2026-09-30
2025FY,기업,매출액,클리오|연결,328903470798,원,DART OpenAPI,2026-09-30
2025FY,기업,매출총이익,클리오|연결,161364910521,원,DART OpenAPI,2026-09-30
2025FY,기업,판관비,클리오|연결,144928993453,원,DART OpenAPI,2026-09-30
2025FY,기업,영업이익,클리오|연결,16435917068,원,DART OpenAPI,2026-09-30
2025FY,기업,당기순이익,클리오|연결,13222646363,원,DART OpenAPI,2026-09-30
2025FY,기업,지배주주순이익,클리오|연결,13562914418,원,DART OpenAPI,2026-09-30
2025Q4,기업,재고자산,클리오|연결,31159156268,원,DART OpenAPI,2026-09-30
2025Q4,기업,매출채권,클리오|연결,21313595757,원,DART OpenAPI,2026-09-30
2025Q4,기업,계약부채,클리오|연결,13534141,원,DART OpenAPI,2026-09-30
2025FY,기업,매출액,클리오|별도,317427787811,원,DART OpenAPI,2026-09-30
2025FY,기업,매출총이익,클리오|별도,150127459872,원,DART OpenAPI,2026-09-30
2025FY,기업,판관비,클리오|별도,131280037737,원,DART OpenAPI,2026-09-30
2025FY,기업,영업이익,클리오|별도,18847422135,원,DART OpenAPI,2026-09-30
2025FY,기업,당기순이익,클리오|별도,9259550656,원,DART OpenAPI,2026-09-30
2025Q4,기업,재고자산,클리오|별도,27319225230,원,DART OpenAPI,2026-09-30
2025Q4,기업,매출채권,클리오|별도,21930318003,원,DART OpenAPI,2026-09-30
2025Q4,기업,계약부채,클리오|별도,13534141,원,DART OpenAPI,2026-09-30
2025Q4,기업,직원수,클리오|별도,363,명,DART OpenAPI,2026-09-30
2026Q1,기업,매출액,클리오|연결,78347769781,원,DART OpenAPI,2026-09-30
2026Q1,기업,매출총이익,클리오|연결,37836371615,원,DART OpenAPI,2026-09-30
2026Q1,기업,판관비,클리오|연결,32041431647,원,DART OpenAPI,2026-09-30
2026Q1,기업,영업이익,클리오|연결,5794939968,원,DART OpenAPI,2026-09-30
2026Q1,기업,당기순이익,클리오|연결,6720192326,원,DART OpenAPI,2026-09-30
2026Q1,기업,지배주주순이익,클리오|연결,6795946122,원,DART OpenAPI,2026-09-30
2026Q1,기업,재고자산,클리오|연결,32140360846,원,DART OpenAPI,2026-09-30
2026Q1,기업,매출채권,클리오|연결,17846625260,원,DART OpenAPI,2026-09-30
2026Q1,기업,계약부채,클리오|연결,7931700,원,DART OpenAPI,2026-09-30
2026Q1,기업,매출액,클리오|별도,76353848318,원,DART OpenAPI,2026-09-30
2026Q1,기업,매출총이익,클리오|별도,35406176616,원,DART OpenAPI,2026-09-30
2026Q1,기업,판관비,클리오|별도,29480657361,원,DART OpenAPI,2026-09-30
2026Q1,기업,영업이익,클리오|별도,5925519255,원,DART OpenAPI,2026-09-30
2026Q1,기업,당기순이익,클리오|별도,6701013166,원,DART OpenAPI,2026-09-30
2026Q1,기업,재고자산,클리오|별도,26415354474,원,DART OpenAPI,2026-09-30
2026Q1,기업,매출채권,클리오|별도,20097452431,원,DART OpenAPI,2026-09-30
2026Q1,기업,계약부채,클리오|별도,7931700,원,DART OpenAPI,2026-09-30
2026Q1,기업,직원수,클리오|별도,365,명,DART OpenAPI,2026-09-30
2026Q2,기업,매출액,클리오|연결,86805271275,원,DART OpenAPI,2026-09-30
2026Q2,기업,매출총이익,클리오|연결,44613138983,원,DART OpenAPI,2026-09-30
2026Q2,기업,판관비,클리오|연결,32995805087,원,DART OpenAPI,2026-09-30
2026Q2,기업,영업이익,클리오|연결,11617333896,원,DART OpenAPI,2026-09-30
2026Q2,기업,당기순이익,클리오|연결,13721492712,원,DART OpenAPI,2026-09-30
2026Q2,기업,지배주주순이익,클리오|연결,13864990495,원,DART OpenAPI,2026-09-30
2026Q2,기업,재고자산,클리오|연결,32354538976,원,DART OpenAPI,2026-09-30
2026Q2,기업,매출채권,클리오|연결,18982207213,원,DART OpenAPI,2026-09-30
2026Q2,기업,계약부채,클리오|연결,7641072,원,DART OpenAPI,2026-09-30
2026Q2,기업,매출액,클리오|별도,81063926001,원,DART OpenAPI,2026-09-30
2026Q2,기업,매출총이익,클리오|별도,39587794260,원,DART OpenAPI,2026-09-30
2026Q2,기업,판관비,클리오|별도,29759701134,원,DART OpenAPI,2026-09-30
2026Q2,기업,영업이익,클리오|별도,9828093126,원,DART OpenAPI,2026-09-30
2026Q2,기업,당기순이익,클리오|별도,12545680574,원,DART OpenAPI,2026-09-30
2026Q2,기업,재고자산,클리오|별도,27718339117,원,DART OpenAPI,2026-09-30
2026Q2,기업,매출채권,클리오|별도,20007852075,원,DART OpenAPI,2026-09-30
2026Q2,기업,계약부채,클리오|별도,7641072,원,DART OpenAPI,2026-09-30
2026Q2,기업,직원수,클리오|별도,367,명,DART OpenAPI,2026-09-30
2021Q3,기업,매출액,실리콘투|연결,31930416879,원,DART OpenAPI,2026-09-30
2021Q3,기업,매출총이익,실리콘투|연결,9658216484,원,DART OpenAPI,2026-09-30
2021Q3,기업,판관비,실리콘투|연결,7646155310,원,DART OpenAPI,2026-09-30
2021Q3,기업,영업이익,실리콘투|연결,2012061174,원,DART OpenAPI,2026-09-30
2021Q3,기업,당기순이익,실리콘투|연결,2495314281,원,DART OpenAPI,2026-09-30
2021Q3,기업,지배주주순이익,실리콘투|연결,2495314281,원,DART OpenAPI,2026-09-30
2021Q3,기업,재고자산,실리콘투|연결,19326061342,원,DART OpenAPI,2026-09-30
2021Q3,기업,매출채권,실리콘투|연결,6134455021,원,DART OpenAPI,2026-09-30
2021Q3,기업,계약부채,실리콘투|연결,273470634,원,DART OpenAPI,2026-09-30
2021Q3,기업,매출액,실리콘투|별도,28466525948,원,DART OpenAPI,2026-09-30
2021Q3,기업,매출총이익,실리콘투|별도,7883512928,원,DART OpenAPI,2026-09-30
2021Q3,기업,판관비,실리콘투|별도,6456823230,원,DART OpenAPI,2026-09-30
2021Q3,기업,영업이익,실리콘투|별도,1426689698,원,DART OpenAPI,2026-09-30
2021Q3,기업,당기순이익,실리콘투|별도,1831666064,원,DART OpenAPI,2026-09-30
2021Q3,기업,재고자산,실리콘투|별도,14768675180,원,DART OpenAPI,2026-09-30
2021Q3,기업,매출채권,실리콘투|별도,8743193908,원,DART OpenAPI,2026-09-30
2021Q3,기업,계약부채,실리콘투|별도,273470634,원,DART OpenAPI,2026-09-30
2021Q3,기업,직원수,실리콘투|별도,165,명,DART OpenAPI,2026-09-30
2021FY,기업,매출액,실리콘투|연결,131001972745,원,DART OpenAPI,2026-09-30
2021FY,기업,매출총이익,실리콘투|연결,38686029678,원,DART OpenAPI,2026-09-30
2021FY,기업,판관비,실리콘투|연결,29927106533,원,DART OpenAPI,2026-09-30
2021FY,기업,영업이익,실리콘투|연결,8758923145,원,DART OpenAPI,2026-09-30
2021FY,기업,당기순이익,실리콘투|연결,8254206052,원,DART OpenAPI,2026-09-30
2021Q4,기업,재고자산,실리콘투|연결,21781186436,원,DART OpenAPI,2026-09-30
2021Q4,기업,매출채권,실리콘투|연결,5430957957,원,DART OpenAPI,2026-09-30
2021Q4,기업,계약부채,실리콘투|연결,286269140,원,DART OpenAPI,2026-09-30
2021FY,기업,매출액,실리콘투|별도,124481308609,원,DART OpenAPI,2026-09-30
2021FY,기업,매출총이익,실리콘투|별도,33246402635,원,DART OpenAPI,2026-09-30
2021FY,기업,판관비,실리콘투|별도,25385382561,원,DART OpenAPI,2026-09-30
2021FY,기업,영업이익,실리콘투|별도,7861020074,원,DART OpenAPI,2026-09-30
2021FY,기업,당기순이익,실리콘투|별도,7365284908,원,DART OpenAPI,2026-09-30
2021Q4,기업,재고자산,실리콘투|별도,18423920238,원,DART OpenAPI,2026-09-30
2021Q4,기업,매출채권,실리콘투|별도,5693013822,원,DART OpenAPI,2026-09-30
2021Q4,기업,계약부채,실리콘투|별도,286269140,원,DART OpenAPI,2026-09-30
2021Q4,기업,직원수,실리콘투|별도,168,명,DART OpenAPI,2026-09-30
2022Q1,기업,매출액,실리콘투|연결,35291470001,원,DART OpenAPI,2026-09-30
2022Q1,기업,매출총이익,실리콘투|연결,11000351301,원,DART OpenAPI,2026-09-30
2022Q1,기업,판관비,실리콘투|연결,8700333938,원,DART OpenAPI,2026-09-30
2022Q1,기업,영업이익,실리콘투|연결,2300017363,원,DART OpenAPI,2026-09-30
2022Q1,기업,당기순이익,실리콘투|연결,1977625938,원,DART OpenAPI,2026-09-30
2022Q1,기업,재고자산,실리콘투|연결,27179950019,원,DART OpenAPI,2026-09-30
2022Q1,기업,매출채권,실리콘투|연결,5924536379,원,DART OpenAPI,2026-09-30
2022Q1,기업,계약부채,실리콘투|연결,281744563,원,DART OpenAPI,2026-09-30
2022Q1,기업,매출액,실리콘투|별도,37292429440,원,DART OpenAPI,2026-09-30
2022Q1,기업,매출총이익,실리콘투|별도,9531152982,원,DART OpenAPI,2026-09-30
2022Q1,기업,판관비,실리콘투|별도,7411288790,원,DART OpenAPI,2026-09-30
2022Q1,기업,영업이익,실리콘투|별도,2119864192,원,DART OpenAPI,2026-09-30
2022Q1,기업,당기순이익,실리콘투|별도,1819022209,원,DART OpenAPI,2026-09-30
2022Q1,기업,재고자산,실리콘투|별도,19441910183,원,DART OpenAPI,2026-09-30
2022Q1,기업,매출채권,실리콘투|별도,12170605122,원,DART OpenAPI,2026-09-30
2022Q1,기업,계약부채,실리콘투|별도,281744563,원,DART OpenAPI,2026-09-30
2022Q1,기업,직원수,실리콘투|별도,158,명,DART OpenAPI,2026-09-30
2022Q2,기업,매출액,실리콘투|연결,37268764193,원,DART OpenAPI,2026-09-30
2022Q2,기업,매출총이익,실리콘투|연결,11636458912,원,DART OpenAPI,2026-09-30
2022Q2,기업,판관비,실리콘투|연결,9140523181,원,DART OpenAPI,2026-09-30
2022Q2,기업,영업이익,실리콘투|연결,2495935731,원,DART OpenAPI,2026-09-30
2022Q2,기업,당기순이익,실리콘투|연결,2667296960,원,DART OpenAPI,2026-09-30
2022Q2,기업,재고자산,실리콘투|연결,29542249621,원,DART OpenAPI,2026-09-30
2022Q2,기업,매출채권,실리콘투|연결,5199644740,원,DART OpenAPI,2026-09-30
2022Q2,기업,계약부채,실리콘투|연결,317832991,원,DART OpenAPI,2026-09-30
2022Q2,기업,매출액,실리콘투|별도,38946743888,원,DART OpenAPI,2026-09-30
2022Q2,기업,매출총이익,실리콘투|별도,9929908162,원,DART OpenAPI,2026-09-30
2022Q2,기업,판관비,실리콘투|별도,7684162215,원,DART OpenAPI,2026-09-30
2022Q2,기업,영업이익,실리콘투|별도,2245745947,원,DART OpenAPI,2026-09-30
2022Q2,기업,당기순이익,실리콘투|별도,2328730183,원,DART OpenAPI,2026-09-30
2022Q2,기업,재고자산,실리콘투|별도,16995191182,원,DART OpenAPI,2026-09-30
2022Q2,기업,매출채권,실리콘투|별도,15666666522,원,DART OpenAPI,2026-09-30
2022Q2,기업,계약부채,실리콘투|별도,317832991,원,DART OpenAPI,2026-09-30
2022Q2,기업,직원수,실리콘투|별도,159,명,DART OpenAPI,2026-09-30
2022Q3,기업,매출액,실리콘투|연결,46106186815,원,DART OpenAPI,2026-09-30
2022Q3,기업,매출총이익,실리콘투|연결,14107677358,원,DART OpenAPI,2026-09-30
2022Q3,기업,판관비,실리콘투|연결,9141695986,원,DART OpenAPI,2026-09-30
2022Q3,기업,영업이익,실리콘투|연결,4965981372,원,DART OpenAPI,2026-09-30
2022Q3,기업,당기순이익,실리콘투|연결,4420480846,원,DART OpenAPI,2026-09-30
2022Q3,기업,재고자산,실리콘투|연결,34178066293,원,DART OpenAPI,2026-09-30
2022Q3,기업,매출채권,실리콘투|연결,11947554676,원,DART OpenAPI,2026-09-30
2022Q3,기업,계약부채,실리콘투|연결,894631071,원,DART OpenAPI,2026-09-30
2022Q3,기업,매출액,실리콘투|별도,41858720338,원,DART OpenAPI,2026-09-30
2022Q3,기업,매출총이익,실리콘투|별도,11566892666,원,DART OpenAPI,2026-09-30
2022Q3,기업,판관비,실리콘투|별도,7162712337,원,DART OpenAPI,2026-09-30
2022Q3,기업,영업이익,실리콘투|별도,4404180329,원,DART OpenAPI,2026-09-30
2022Q3,기업,당기순이익,실리콘투|별도,4291212307,원,DART OpenAPI,2026-09-30
2022Q3,기업,재고자산,실리콘투|별도,22020557583,원,DART OpenAPI,2026-09-30
2022Q3,기업,매출채권,실리콘투|별도,19955504437,원,DART OpenAPI,2026-09-30
2022Q3,기업,계약부채,실리콘투|별도,342285082,원,DART OpenAPI,2026-09-30
2022Q3,기업,직원수,실리콘투|별도,154,명,DART OpenAPI,2026-09-30
2022FY,기업,매출액,실리콘투|연결,165272164547,원,DART OpenAPI,2026-09-30
2022FY,기업,매출총이익,실리콘투|연결,52759621363,원,DART OpenAPI,2026-09-30
2022FY,기업,판관비,실리콘투|연결,38520182227,원,DART OpenAPI,2026-09-30
2022FY,기업,영업이익,실리콘투|연결,14239439136,원,DART OpenAPI,2026-09-30
2022FY,기업,당기순이익,실리콘투|연결,11155656520,원,DART OpenAPI,2026-09-30
2022Q4,기업,재고자산,실리콘투|연결,28602306127,원,DART OpenAPI,2026-09-30
2022Q4,기업,매출채권,실리콘투|연결,6123604544,원,DART OpenAPI,2026-09-30
2022Q4,기업,계약부채,실리콘투|연결,549872789,원,DART OpenAPI,2026-09-30
2022FY,기업,매출액,실리콘투|별도,161752951005,원,DART OpenAPI,2026-09-30
2022FY,기업,매출총이익,실리콘투|별도,43093204389,원,DART OpenAPI,2026-09-30
2022FY,기업,판관비,실리콘투|별도,30241532348,원,DART OpenAPI,2026-09-30
2022FY,기업,영업이익,실리콘투|별도,12851672041,원,DART OpenAPI,2026-09-30
2022FY,기업,당기순이익,실리콘투|별도,10061775418,원,DART OpenAPI,2026-09-30
2022Q4,기업,재고자산,실리콘투|별도,16986805752,원,DART OpenAPI,2026-09-30
2022Q4,기업,매출채권,실리콘투|별도,14634948330,원,DART OpenAPI,2026-09-30
2022Q4,기업,계약부채,실리콘투|별도,306480220,원,DART OpenAPI,2026-09-30
2022Q4,기업,직원수,실리콘투|별도,170,명,DART OpenAPI,2026-09-30
2023Q1,기업,매출액,실리콘투|연결,58011999795,원,DART OpenAPI,2026-09-30
2023Q1,기업,매출총이익,실리콘투|연결,18923802235,원,DART OpenAPI,2026-09-30
2023Q1,기업,판관비,실리콘투|연결,11507070124,원,DART OpenAPI,2026-09-30
2023Q1,기업,영업이익,실리콘투|연결,7416732111,원,DART OpenAPI,2026-09-30
2023Q1,기업,당기순이익,실리콘투|연결,6326743316,원,DART OpenAPI,2026-09-30
2023Q1,기업,재고자산,실리콘투|연결,42817070483,원,DART OpenAPI,2026-09-30
2023Q1,기업,매출채권,실리콘투|연결,9635393023,원,DART OpenAPI,2026-09-30
2023Q1,기업,계약부채,실리콘투|연결,685782482,원,DART OpenAPI,2026-09-30
2023Q1,기업,매출액,실리콘투|별도,51987426562,원,DART OpenAPI,2026-09-30
2023Q1,기업,매출총이익,실리콘투|별도,12572575333,원,DART OpenAPI,2026-09-30
2023Q1,기업,판관비,실리콘투|별도,7383210339,원,DART OpenAPI,2026-09-30
2023Q1,기업,영업이익,실리콘투|별도,5189364994,원,DART OpenAPI,2026-09-30
2023Q1,기업,당기순이익,실리콘투|별도,4752038337,원,DART OpenAPI,2026-09-30
2023Q1,기업,재고자산,실리콘투|별도,29431161063,원,DART OpenAPI,2026-09-30
2023Q1,기업,매출채권,실리콘투|별도,19617756073,원,DART OpenAPI,2026-09-30
2023Q1,기업,계약부채,실리콘투|별도,435379869,원,DART OpenAPI,2026-09-30
2023Q1,기업,직원수,실리콘투|별도,165,명,DART OpenAPI,2026-09-30
2023Q2,기업,매출액,실리콘투|연결,78220222058,원,DART OpenAPI,2026-09-30
2023Q2,기업,매출총이익,실리콘투|연결,25088670287,원,DART OpenAPI,2026-09-30
2023Q2,기업,판관비,실리콘투|연결,14706602552,원,DART OpenAPI,2026-09-30
2023Q2,기업,영업이익,실리콘투|연결,10382067735,원,DART OpenAPI,2026-09-30
2023Q2,기업,당기순이익,실리콘투|연결,8567571510,원,DART OpenAPI,2026-09-30
2023Q2,기업,재고자산,실리콘투|연결,64561875120,원,DART OpenAPI,2026-09-30
2023Q2,기업,매출채권,실리콘투|연결,11866122003,원,DART OpenAPI,2026-09-30
2023Q2,기업,계약부채,실리콘투|연결,741327911,원,DART OpenAPI,2026-09-30
2023Q2,기업,매출액,실리콘투|별도,80285320377,원,DART OpenAPI,2026-09-30
2023Q2,기업,매출총이익,실리콘투|별도,18370485273,원,DART OpenAPI,2026-09-30
2023Q2,기업,판관비,실리콘투|별도,8934522941,원,DART OpenAPI,2026-09-30
2023Q2,기업,영업이익,실리콘투|별도,9435962332,원,DART OpenAPI,2026-09-30
2023Q2,기업,당기순이익,실리콘투|별도,7684761936,원,DART OpenAPI,2026-09-30
2023Q2,기업,재고자산,실리콘투|별도,41299359654,원,DART OpenAPI,2026-09-30
2023Q2,기업,매출채권,실리콘투|별도,34117869106,원,DART OpenAPI,2026-09-30
2023Q2,기업,계약부채,실리콘투|별도,489196794,원,DART OpenAPI,2026-09-30
2023Q2,기업,직원수,실리콘투|별도,185,명,DART OpenAPI,2026-09-30
2023Q3,기업,매출액,실리콘투|연결,100951476394,원,DART OpenAPI,2026-09-30
2023Q3,기업,매출총이익,실리콘투|연결,32839396548,원,DART OpenAPI,2026-09-30
2023Q3,기업,판관비,실리콘투|연결,17710095802,원,DART OpenAPI,2026-09-30
2023Q3,기업,영업이익,실리콘투|연결,15129300746,원,DART OpenAPI,2026-09-30
2023Q3,기업,당기순이익,실리콘투|연결,13137611144,원,DART OpenAPI,2026-09-30
2023Q3,기업,재고자산,실리콘투|연결,72692436965,원,DART OpenAPI,2026-09-30
2023Q3,기업,매출채권,실리콘투|연결,21111559961,원,DART OpenAPI,2026-09-30
2023Q3,기업,계약부채,실리콘투|연결,1499696973,원,DART OpenAPI,2026-09-30
2023Q3,기업,매출액,실리콘투|별도,96806295360,원,DART OpenAPI,2026-09-30
2023Q3,기업,매출총이익,실리콘투|별도,22866479958,원,DART OpenAPI,2026-09-30
2023Q3,기업,판관비,실리콘투|별도,9075913324,원,DART OpenAPI,2026-09-30
2023Q3,기업,영업이익,실리콘투|별도,13790566634,원,DART OpenAPI,2026-09-30
2023Q3,기업,당기순이익,실리콘투|별도,11881125850,원,DART OpenAPI,2026-09-30
2023Q3,기업,재고자산,실리콘투|별도,41267427369,원,DART OpenAPI,2026-09-30
2023Q3,기업,매출채권,실리콘투|별도,49818149998,원,DART OpenAPI,2026-09-30
2023Q3,기업,계약부채,실리콘투|별도,510889739,원,DART OpenAPI,2026-09-30
2023Q3,기업,직원수,실리콘투|별도,196,명,DART OpenAPI,2026-09-30
2023FY,기업,매출액,실리콘투|연결,342860997946,원,DART OpenAPI,2026-09-30
2023FY,기업,매출총이익,실리콘투|연결,115088494763,원,DART OpenAPI,2026-09-30
2023FY,기업,판관비,실리콘투|연결,67279151293,원,DART OpenAPI,2026-09-30
2023FY,기업,영업이익,실리콘투|연결,47809343470,원,DART OpenAPI,2026-09-30
2023FY,기업,당기순이익,실리콘투|연결,38013204272,원,DART OpenAPI,2026-09-30
2023Q4,기업,재고자산,실리콘투|연결,78536599359,원,DART OpenAPI,2026-09-30
2023Q4,기업,매출채권,실리콘투|연결,21282743325,원,DART OpenAPI,2026-09-30
2023Q4,기업,계약부채,실리콘투|연결,1231347058,원,DART OpenAPI,2026-09-30
2023FY,기업,매출액,실리콘투|별도,331539726901,원,DART OpenAPI,2026-09-30
2023FY,기업,매출총이익,실리콘투|별도,78910710905,원,DART OpenAPI,2026-09-30
2023FY,기업,판관비,실리콘투|별도,36578845450,원,DART OpenAPI,2026-09-30
2023FY,기업,영업이익,실리콘투|별도,42331865455,원,DART OpenAPI,2026-09-30
2023FY,기업,당기순이익,실리콘투|별도,33286878006,원,DART OpenAPI,2026-09-30
2023Q4,기업,재고자산,실리콘투|별도,37830614166,원,DART OpenAPI,2026-09-30
2023Q4,기업,매출채권,실리콘투|별도,60645740634,원,DART OpenAPI,2026-09-30
2023Q4,기업,계약부채,실리콘투|별도,547683840,원,DART OpenAPI,2026-09-30
2023Q4,기업,직원수,실리콘투|별도,214,명,DART OpenAPI,2026-09-30
2024Q1,기업,매출액,실리콘투|연결,149927172667,원,DART OpenAPI,2026-09-30
2024Q1,기업,매출총이익,실리콘투|연결,50595576672,원,DART OpenAPI,2026-09-30
2024Q1,기업,판관비,실리콘투|연결,21146345354,원,DART OpenAPI,2026-09-30
2024Q1,기업,영업이익,실리콘투|연결,29449231318,원,DART OpenAPI,2026-09-30
2024Q1,기업,당기순이익,실리콘투|연결,25535547521,원,DART OpenAPI,2026-09-30
2024Q1,기업,재고자산,실리콘투|연결,104026818829,원,DART OpenAPI,2026-09-30
2024Q1,기업,매출채권,실리콘투|연결,36504155581,원,DART OpenAPI,2026-09-30
2024Q1,기업,계약부채,실리콘투|연결,1298960353,원,DART OpenAPI,2026-09-30
2024Q1,기업,매출액,실리콘투|별도,120931452635,원,DART OpenAPI,2026-09-30
2024Q1,기업,매출총이익,실리콘투|별도,29209375730,원,DART OpenAPI,2026-09-30
2024Q1,기업,판관비,실리콘투|별도,9865751496,원,DART OpenAPI,2026-09-30
2024Q1,기업,영업이익,실리콘투|별도,19343624234,원,DART OpenAPI,2026-09-30
2024Q1,기업,당기순이익,실리콘투|별도,18282464329,원,DART OpenAPI,2026-09-30
2024Q1,기업,재고자산,실리콘투|별도,65850267920,원,DART OpenAPI,2026-09-30
2024Q1,기업,매출채권,실리콘투|별도,64478438784,원,DART OpenAPI,2026-09-30
2024Q1,기업,계약부채,실리콘투|별도,563164752,원,DART OpenAPI,2026-09-30
2024Q1,기업,직원수,실리콘투|별도,221,명,DART OpenAPI,2026-09-30
2024Q2,기업,매출액,실리콘투|연결,181360484748,원,DART OpenAPI,2026-09-30
2024Q2,기업,매출총이익,실리콘투|연결,61590979457,원,DART OpenAPI,2026-09-30
2024Q2,기업,판관비,실리콘투|연결,22650037717,원,DART OpenAPI,2026-09-30
2024Q2,기업,영업이익,실리콘투|연결,38940941740,원,DART OpenAPI,2026-09-30
2024Q2,기업,당기순이익,실리콘투|연결,33348953174,원,DART OpenAPI,2026-09-30
2024Q2,기업,지배주주순이익,실리콘투|연결,34364959465,원,DART OpenAPI,2026-09-30
2024Q2,기업,재고자산,실리콘투|연결,139586890610,원,DART OpenAPI,2026-09-30
2024Q2,기업,매출채권,실리콘투|연결,40625572797,원,DART OpenAPI,2026-09-30
2024Q2,기업,계약부채,실리콘투|연결,1223220287,원,DART OpenAPI,2026-09-30
2024Q2,기업,매출액,실리콘투|별도,189864657925,원,DART OpenAPI,2026-09-30
2024Q2,기업,매출총이익,실리콘투|별도,43727191532,원,DART OpenAPI,2026-09-30
2024Q2,기업,판관비,실리콘투|별도,12388206815,원,DART OpenAPI,2026-09-30
2024Q2,기업,영업이익,실리콘투|별도,31338984717,원,DART OpenAPI,2026-09-30
2024Q2,기업,당기순이익,실리콘투|별도,26707267389,원,DART OpenAPI,2026-09-30
2024Q2,기업,재고자산,실리콘투|별도,66696569668,원,DART OpenAPI,2026-09-30
2024Q2,기업,매출채권,실리콘투|별도,107679749445,원,DART OpenAPI,2026-09-30
2024Q2,기업,계약부채,실리콘투|별도,720528848,원,DART OpenAPI,2026-09-30
2024Q2,기업,직원수,실리콘투|별도,226,명,DART OpenAPI,2026-09-30
2024Q3,기업,매출액,실리콘투|연결,186674420221,원,DART OpenAPI,2026-09-30
2024Q3,기업,매출총이익,실리콘투|연결,64490393055,원,DART OpenAPI,2026-09-30
2024Q3,기업,판관비,실리콘투|연결,21894230973,원,DART OpenAPI,2026-09-30
2024Q3,기업,영업이익,실리콘투|연결,42596162082,원,DART OpenAPI,2026-09-30
2024Q3,기업,당기순이익,실리콘투|연결,29852454690,원,DART OpenAPI,2026-09-30
2024Q3,기업,지배주주순이익,실리콘투|연결,29852454690,원,DART OpenAPI,2026-09-30
2024Q3,기업,재고자산,실리콘투|연결,123052457919,원,DART OpenAPI,2026-09-30
2024Q3,기업,매출채권,실리콘투|연결,58534152019,원,DART OpenAPI,2026-09-30
2024Q3,기업,계약부채,실리콘투|연결,1021266499,원,DART OpenAPI,2026-09-30
2024Q3,기업,매출액,실리콘투|별도,162513047294,원,DART OpenAPI,2026-09-30
2024Q3,기업,매출총이익,실리콘투|별도,37954338696,원,DART OpenAPI,2026-09-30
2024Q3,기업,판관비,실리콘투|별도,12129168066,원,DART OpenAPI,2026-09-30
2024Q3,기업,영업이익,실리콘투|별도,25825170630,원,DART OpenAPI,2026-09-30
2024Q3,기업,당기순이익,실리콘투|별도,15352200085,원,DART OpenAPI,2026-09-30
2024Q3,기업,재고자산,실리콘투|별도,59025719932,원,DART OpenAPI,2026-09-30
2024Q3,기업,매출채권,실리콘투|별도,93100610538,원,DART OpenAPI,2026-09-30
2024Q3,기업,계약부채,실리콘투|별도,719420285,원,DART OpenAPI,2026-09-30
2024Q3,기업,직원수,실리콘투|별도,242,명,DART OpenAPI,2026-09-30
2024FY,기업,매출액,실리콘투|연결,691522368911,원,DART OpenAPI,2026-09-30
2024FY,기업,매출총이익,실리콘투|연결,232826970951,원,DART OpenAPI,2026-09-30
2024FY,기업,판관비,실리콘투|연결,95251958670,원,DART OpenAPI,2026-09-30
2024FY,기업,영업이익,실리콘투|연결,137575012281,원,DART OpenAPI,2026-09-30
2024FY,기업,당기순이익,실리콘투|연결,120738196347,원,DART OpenAPI,2026-09-30
2024FY,기업,지배주주순이익,실리콘투|연결,120738196347,원,DART OpenAPI,2026-09-30
2024Q4,기업,재고자산,실리콘투|연결,145926215272,원,DART OpenAPI,2026-09-30
2024Q4,기업,매출채권,실리콘투|연결,42203075489,원,DART OpenAPI,2026-09-30
2024Q4,기업,계약부채,실리콘투|연결,2957573898,원,DART OpenAPI,2026-09-30
2024FY,기업,매출액,실리콘투|별도,663051849374,원,DART OpenAPI,2026-09-30
2024FY,기업,매출총이익,실리콘투|별도,185339034039,원,DART OpenAPI,2026-09-30
2024FY,기업,판관비,실리콘투|별도,53223667365,원,DART OpenAPI,2026-09-30
2024FY,기업,영업이익,실리콘투|별도,132115366674,원,DART OpenAPI,2026-09-30
2024FY,기업,당기순이익,실리콘투|별도,111725889603,원,DART OpenAPI,2026-09-30
2024Q4,기업,재고자산,실리콘투|별도,67483863330,원,DART OpenAPI,2026-09-30
2024Q4,기업,매출채권,실리콘투|별도,118813193462,원,DART OpenAPI,2026-09-30
2024Q4,기업,계약부채,실리콘투|별도,933913334,원,DART OpenAPI,2026-09-30
2024Q4,기업,직원수,실리콘투|별도,247,명,DART OpenAPI,2026-09-30
2025Q1,기업,매출액,실리콘투|연결,245676632694,원,DART OpenAPI,2026-09-30
2025Q1,기업,매출총이익,실리콘투|연결,77660175085,원,DART OpenAPI,2026-09-30
2025Q1,기업,판관비,실리콘투|연결,29930946342,원,DART OpenAPI,2026-09-30
2025Q1,기업,영업이익,실리콘투|연결,47729228743,원,DART OpenAPI,2026-09-30
2025Q1,기업,당기순이익,실리콘투|연결,38785002012,원,DART OpenAPI,2026-09-30
2025Q1,기업,지배주주순이익,실리콘투|연결,38785002012,원,DART OpenAPI,2026-09-30
2025Q1,기업,재고자산,실리콘투|연결,181504783526,원,DART OpenAPI,2026-09-30
2025Q1,기업,매출채권,실리콘투|연결,62904847183,원,DART OpenAPI,2026-09-30
2025Q1,기업,계약부채,실리콘투|연결,1215893706,원,DART OpenAPI,2026-09-30
2025Q1,기업,매출액,실리콘투|별도,235233860682,원,DART OpenAPI,2026-09-30
2025Q1,기업,매출총이익,실리콘투|별도,55505680128,원,DART OpenAPI,2026-09-30
2025Q1,기업,판관비,실리콘투|별도,18700422588,원,DART OpenAPI,2026-09-30
2025Q1,기업,영업이익,실리콘투|별도,36805257540,원,DART OpenAPI,2026-09-30
2025Q1,기업,당기순이익,실리콘투|별도,28765005364,원,DART OpenAPI,2026-09-30
2025Q1,기업,재고자산,실리콘투|별도,86478171666,원,DART OpenAPI,2026-09-30
2025Q1,기업,매출채권,실리콘투|별도,147504665606,원,DART OpenAPI,2026-09-30
2025Q1,기업,계약부채,실리콘투|별도,997599124,원,DART OpenAPI,2026-09-30
2025Q1,기업,직원수,실리콘투|별도,265,명,DART OpenAPI,2026-09-30
2025Q2,기업,매출액,실리콘투|연결,265286436523,원,DART OpenAPI,2026-09-30
2025Q2,기업,매출총이익,실리콘투|연결,87336532793,원,DART OpenAPI,2026-09-30
2025Q2,기업,판관비,실리콘투|연결,35154694761,원,DART OpenAPI,2026-09-30
2025Q2,기업,영업이익,실리콘투|연결,52181838032,원,DART OpenAPI,2026-09-30
2025Q2,기업,당기순이익,실리콘투|연결,35599494171,원,DART OpenAPI,2026-09-30
2025Q2,기업,지배주주순이익,실리콘투|연결,35599494171,원,DART OpenAPI,2026-09-30
2025Q2,기업,재고자산,실리콘투|연결,246587169676,원,DART OpenAPI,2026-09-30
2025Q2,기업,매출채권,실리콘투|연결,59637320499,원,DART OpenAPI,2026-09-30
2025Q2,기업,계약부채,실리콘투|연결,1117738423,원,DART OpenAPI,2026-09-30
2025Q2,기업,매출액,실리콘투|별도,264254620017,원,DART OpenAPI,2026-09-30
2025Q2,기업,매출총이익,실리콘투|별도,55312476575,원,DART OpenAPI,2026-09-30
2025Q2,기업,판관비,실리콘투|별도,18897733170,원,DART OpenAPI,2026-09-30
2025Q2,기업,영업이익,실리콘투|별도,36414743405,원,DART OpenAPI,2026-09-30
2025Q2,기업,당기순이익,실리콘투|별도,22506869499,원,DART OpenAPI,2026-09-30
2025Q2,기업,재고자산,실리콘투|별도,119224694399,원,DART OpenAPI,2026-09-30
2025Q2,기업,매출채권,실리콘투|별도,165454687591,원,DART OpenAPI,2026-09-30
2025Q2,기업,계약부채,실리콘투|별도,852950506,원,DART OpenAPI,2026-09-30
2025Q2,기업,직원수,실리콘투|별도,293,명,DART OpenAPI,2026-09-30
2025Q3,기업,매출액,실리콘투|연결,299375144222,원,DART OpenAPI,2026-09-30
2025Q3,기업,매출총이익,실리콘투|연결,94480009037,원,DART OpenAPI,2026-09-30
2025Q3,기업,판관비,실리콘투|연결,31406916145,원,DART OpenAPI,2026-09-30
2025Q3,기업,영업이익,실리콘투|연결,63073092892,원,DART OpenAPI,2026-09-30
2025Q3,기업,당기순이익,실리콘투|연결,58403517595,원,DART OpenAPI,2026-09-30
2025Q3,기업,지배주주순이익,실리콘투|연결,58403517595,원,DART OpenAPI,2026-09-30
2025Q3,기업,재고자산,실리콘투|연결,264350842333,원,DART OpenAPI,2026-09-30
2025Q3,기업,매출채권,실리콘투|연결,89060410737,원,DART OpenAPI,2026-09-30
2025Q3,기업,계약부채,실리콘투|연결,1602747144,원,DART OpenAPI,2026-09-30
2025Q3,기업,매출액,실리콘투|별도,317657396611,원,DART OpenAPI,2026-09-30
2025Q3,기업,매출총이익,실리콘투|별도,88525677079,원,DART OpenAPI,2026-09-30
2025Q3,기업,판관비,실리콘투|별도,18152474549,원,DART OpenAPI,2026-09-30
2025Q3,기업,영업이익,실리콘투|별도,70373202530,원,DART OpenAPI,2026-09-30
2025Q3,기업,당기순이익,실리콘투|별도,63469157937,원,DART OpenAPI,2026-09-30
2025Q3,기업,재고자산,실리콘투|별도,94648939832,원,DART OpenAPI,2026-09-30
2025Q3,기업,매출채권,실리콘투|별도,246100560690,원,DART OpenAPI,2026-09-30
2025Q3,기업,계약부채,실리콘투|별도,755463559,원,DART OpenAPI,2026-09-30
2025Q3,기업,직원수,실리콘투|별도,281,명,DART OpenAPI,2026-09-30
2025FY,기업,매출액,실리콘투|연결,1116287364104,원,DART OpenAPI,2026-09-30
2025FY,기업,매출총이익,실리콘투|연결,346757656115,원,DART OpenAPI,2026-09-30
2025FY,기업,판관비,실리콘투|연결,141395704258,원,DART OpenAPI,2026-09-30
2025FY,기업,영업이익,실리콘투|연결,205361951857,원,DART OpenAPI,2026-09-30
2025FY,기업,당기순이익,실리콘투|연결,168584659656,원,DART OpenAPI,2026-09-30
2025FY,기업,지배주주순이익,실리콘투|연결,168584659656,원,DART OpenAPI,2026-09-30
2025Q4,기업,재고자산,실리콘투|연결,300124547518,원,DART OpenAPI,2026-09-30
2025Q4,기업,매출채권,실리콘투|연결,96060278965,원,DART OpenAPI,2026-09-30
2025Q4,기업,계약부채,실리콘투|연결,3000260035,원,DART OpenAPI,2026-09-30
2025FY,기업,매출액,실리콘투|별도,1119824438302,원,DART OpenAPI,2026-09-30
2025FY,기업,매출총이익,실리콘투|별도,276173701103,원,DART OpenAPI,2026-09-30
2025FY,기업,판관비,실리콘투|별도,87892187589,원,DART OpenAPI,2026-09-30
2025FY,기업,영업이익,실리콘투|별도,188281513514,원,DART OpenAPI,2026-09-30
2025FY,기업,당기순이익,실리콘투|별도,153797461073,원,DART OpenAPI,2026-09-30
2025Q4,기업,재고자산,실리콘투|별도,111109693653,원,DART OpenAPI,2026-09-30
2025Q4,기업,매출채권,실리콘투|별도,267693227850,원,DART OpenAPI,2026-09-30
2025Q4,기업,계약부채,실리콘투|별도,803085753,원,DART OpenAPI,2026-09-30
2025Q4,기업,직원수,실리콘투|별도,309,명,DART OpenAPI,2026-09-30
2026Q1,기업,매출액,실리콘투|연결,346556192213,원,DART OpenAPI,2026-09-30
2026Q1,기업,매출총이익,실리콘투|연결,103900857867,원,DART OpenAPI,2026-09-30
2026Q1,기업,판관비,실리콘투|연결,39360746229,원,DART OpenAPI,2026-09-30
2026Q1,기업,영업이익,실리콘투|연결,64540111638,원,DART OpenAPI,2026-09-30
2026Q1,기업,당기순이익,실리콘투|연결,54346030385,원,DART OpenAPI,2026-09-30
2026Q1,기업,지배주주순이익,실리콘투|연결,54346030385,원,DART OpenAPI,2026-09-30
2026Q1,기업,재고자산,실리콘투|연결,339290205949,원,DART OpenAPI,2026-09-30
2026Q1,기업,매출채권,실리콘투|연결,97929151473,원,DART OpenAPI,2026-09-30
2026Q1,기업,계약부채,실리콘투|연결,852686881,원,DART OpenAPI,2026-09-30
2026Q1,기업,매출액,실리콘투|별도,321349442675,원,DART OpenAPI,2026-09-30
2026Q1,기업,매출총이익,실리콘투|별도,82776599936,원,DART OpenAPI,2026-09-30
2026Q1,기업,판관비,실리콘투|별도,22285549646,원,DART OpenAPI,2026-09-30
2026Q1,기업,영업이익,실리콘투|별도,60491050290,원,DART OpenAPI,2026-09-30
2026Q1,기업,당기순이익,실리콘투|별도,52513873517,원,DART OpenAPI,2026-09-30
2026Q1,기업,재고자산,실리콘투|별도,135646768483,원,DART OpenAPI,2026-09-30
2026Q1,기업,매출채권,실리콘투|별도,305016897366,원,DART OpenAPI,2026-09-30
2026Q1,기업,계약부채,실리콘투|별도,699610527,원,DART OpenAPI,2026-09-30
2026Q1,기업,직원수,실리콘투|별도,322,명,DART OpenAPI,2026-09-30
2026Q2,기업,매출액,실리콘투|연결,402597050816,원,DART OpenAPI,2026-09-30
2026Q2,기업,매출총이익,실리콘투|연결,128962948364,원,DART OpenAPI,2026-09-30
2026Q2,기업,판관비,실리콘투|연결,45993128926,원,DART OpenAPI,2026-09-30
2026Q2,기업,영업이익,실리콘투|연결,82969819438,원,DART OpenAPI,2026-09-30
2026Q2,기업,당기순이익,실리콘투|연결,72331311454,원,DART OpenAPI,2026-09-30
2026Q2,기업,지배주주순이익,실리콘투|연결,72331311454,원,DART OpenAPI,2026-09-30
2026Q2,기업,재고자산,실리콘투|연결,450970549638,원,DART OpenAPI,2026-09-30
2026Q2,기업,매출채권,실리콘투|연결,118681606904,원,DART OpenAPI,2026-09-30
2026Q2,기업,계약부채,실리콘투|연결,25919682612,원,DART OpenAPI,2026-09-30
2026Q2,기업,매출액,실리콘투|별도,434355656560,원,DART OpenAPI,2026-09-30
2026Q2,기업,매출총이익,실리콘투|별도,103532032537,원,DART OpenAPI,2026-09-30
2026Q2,기업,판관비,실리콘투|별도,24625369647,원,DART OpenAPI,2026-09-30
2026Q2,기업,영업이익,실리콘투|별도,78906662890,원,DART OpenAPI,2026-09-30
2026Q2,기업,당기순이익,실리콘투|별도,68027539407,원,DART OpenAPI,2026-09-30
2026Q2,기업,재고자산,실리콘투|별도,180914252085,원,DART OpenAPI,2026-09-30
2026Q2,기업,매출채권,실리콘투|별도,385001109013,원,DART OpenAPI,2026-09-30
2026Q2,기업,계약부채,실리콘투|별도,20014168271,원,DART OpenAPI,2026-09-30
2026Q2,기업,직원수,실리콘투|별도,367,명,DART OpenAPI,2026-09-30
2022Q2,기업,매출액,청담글로벌|연결,64348495965,원,DART OpenAPI,2026-09-30
2022Q2,기업,매출총이익,청담글로벌|연결,5852917347,원,DART OpenAPI,2026-09-30
2022Q2,기업,판관비,청담글로벌|연결,2574947364,원,DART OpenAPI,2026-09-30
2022Q2,기업,영업이익,청담글로벌|연결,3277969983,원,DART OpenAPI,2026-09-30
2022Q2,기업,당기순이익,청담글로벌|연결,2669533102,원,DART OpenAPI,2026-09-30
2022Q2,기업,재고자산,청담글로벌|연결,5089354302,원,DART OpenAPI,2026-09-30
2022Q2,기업,매출채권,청담글로벌|연결,44110626400,원,DART OpenAPI,2026-09-30
2022Q2,기업,계약부채,청담글로벌|연결,184249804,원,DART OpenAPI,2026-09-30
2022Q2,기업,매출액,청담글로벌|별도,57309619285,원,DART OpenAPI,2026-09-30
2022Q2,기업,매출총이익,청담글로벌|별도,3629139073,원,DART OpenAPI,2026-09-30
2022Q2,기업,판관비,청담글로벌|별도,2081795989,원,DART OpenAPI,2026-09-30
2022Q2,기업,영업이익,청담글로벌|별도,1547343084,원,DART OpenAPI,2026-09-30
2022Q2,기업,당기순이익,청담글로벌|별도,1986737233,원,DART OpenAPI,2026-09-30
2022Q2,기업,재고자산,청담글로벌|별도,1585044747,원,DART OpenAPI,2026-09-30
2022Q2,기업,매출채권,청담글로벌|별도,36135264235,원,DART OpenAPI,2026-09-30
2022Q2,기업,계약부채,청담글로벌|별도,55574719,원,DART OpenAPI,2026-09-30
2022Q2,기업,직원수,청담글로벌|별도,38,명,DART OpenAPI,2026-09-30
2022Q3,기업,매출액,청담글로벌|연결,39678204728,원,DART OpenAPI,2026-09-30
2022Q3,기업,매출총이익,청담글로벌|연결,4399401348,원,DART OpenAPI,2026-09-30
2022Q3,기업,판관비,청담글로벌|연결,2448091794,원,DART OpenAPI,2026-09-30
2022Q3,기업,영업이익,청담글로벌|연결,1951309554,원,DART OpenAPI,2026-09-30
2022Q3,기업,당기순이익,청담글로벌|연결,5127979885,원,DART OpenAPI,2026-09-30
2022Q3,기업,재고자산,청담글로벌|연결,9694215717,원,DART OpenAPI,2026-09-30
2022Q3,기업,매출채권,청담글로벌|연결,49423237974,원,DART OpenAPI,2026-09-30
2022Q3,기업,계약부채,청담글로벌|연결,329548348,원,DART OpenAPI,2026-09-30
2022Q3,기업,매출액,청담글로벌|별도,35006799365,원,DART OpenAPI,2026-09-30
2022Q3,기업,매출총이익,청담글로벌|별도,2973294451,원,DART OpenAPI,2026-09-30
2022Q3,기업,판관비,청담글로벌|별도,1966599573,원,DART OpenAPI,2026-09-30
2022Q3,기업,영업이익,청담글로벌|별도,1006694878,원,DART OpenAPI,2026-09-30
2022Q3,기업,당기순이익,청담글로벌|별도,3669533982,원,DART OpenAPI,2026-09-30
2022Q3,기업,재고자산,청담글로벌|별도,5896029913,원,DART OpenAPI,2026-09-30
2022Q3,기업,매출채권,청담글로벌|별도,39846594688,원,DART OpenAPI,2026-09-30
2022Q3,기업,계약부채,청담글로벌|별도,188897838,원,DART OpenAPI,2026-09-30
2022Q3,기업,직원수,청담글로벌|별도,33,명,DART OpenAPI,2026-09-30
2022FY,기업,매출액,청담글로벌|연결,216298480050,원,DART OpenAPI,2026-09-30
2022FY,기업,매출총이익,청담글로벌|연결,18737851492,원,DART OpenAPI,2026-09-30
2022FY,기업,판관비,청담글로벌|연결,11038958582,원,DART OpenAPI,2026-09-30
2022FY,기업,영업이익,청담글로벌|연결,7698892910,원,DART OpenAPI,2026-09-30
2022FY,기업,당기순이익,청담글로벌|연결,4664529941,원,DART OpenAPI,2026-09-30
2022Q4,기업,재고자산,청담글로벌|연결,6341548713,원,DART OpenAPI,2026-09-30
2022Q4,기업,매출채권,청담글로벌|연결,40373761231,원,DART OpenAPI,2026-09-30
2022Q4,기업,계약부채,청담글로벌|연결,144102275,원,DART OpenAPI,2026-09-30
2022FY,기업,매출액,청담글로벌|별도,195117645623,원,DART OpenAPI,2026-09-30
2022FY,기업,매출총이익,청담글로벌|별도,13178135037,원,DART OpenAPI,2026-09-30
2022FY,기업,판관비,청담글로벌|별도,8772461417,원,DART OpenAPI,2026-09-30
2022FY,기업,영업이익,청담글로벌|별도,4405673620,원,DART OpenAPI,2026-09-30
2022FY,기업,당기순이익,청담글로벌|별도,4902984222,원,DART OpenAPI,2026-09-30
2022Q4,기업,재고자산,청담글로벌|별도,2650036535,원,DART OpenAPI,2026-09-30
2022Q4,기업,매출채권,청담글로벌|별도,37413507167,원,DART OpenAPI,2026-09-30
2022Q4,기업,계약부채,청담글로벌|별도,5004000,원,DART OpenAPI,2026-09-30
2022Q4,기업,직원수,청담글로벌|별도,25,명,DART OpenAPI,2026-09-30
2023Q1,기업,매출액,청담글로벌|연결,50993326048,원,DART OpenAPI,2026-09-30
2023Q1,기업,매출총이익,청담글로벌|연결,5068099867,원,DART OpenAPI,2026-09-30
2023Q1,기업,판관비,청담글로벌|연결,3136466797,원,DART OpenAPI,2026-09-30
2023Q1,기업,영업이익,청담글로벌|연결,1931633070,원,DART OpenAPI,2026-09-30
2023Q1,기업,당기순이익,청담글로벌|연결,2500874973,원,DART OpenAPI,2026-09-30
2023Q1,기업,재고자산,청담글로벌|연결,9250098816,원,DART OpenAPI,2026-09-30
2023Q1,기업,매출채권,청담글로벌|연결,61940743000,원,DART OpenAPI,2026-09-30
2023Q1,기업,계약부채,청담글로벌|연결,177256230,원,DART OpenAPI,2026-09-30
2023Q1,기업,매출액,청담글로벌|별도,45311464277,원,DART OpenAPI,2026-09-30
2023Q1,기업,매출총이익,청담글로벌|별도,2128659926,원,DART OpenAPI,2026-09-30
2023Q1,기업,판관비,청담글로벌|별도,1637316327,원,DART OpenAPI,2026-09-30
2023Q1,기업,영업이익,청담글로벌|별도,491343599,원,DART OpenAPI,2026-09-30
2023Q1,기업,당기순이익,청담글로벌|별도,1502074989,원,DART OpenAPI,2026-09-30
2023Q1,기업,재고자산,청담글로벌|별도,5333641347,원,DART OpenAPI,2026-09-30
2023Q1,기업,매출채권,청담글로벌|별도,56057121396,원,DART OpenAPI,2026-09-30
2023Q1,기업,계약부채,청담글로벌|별도,10376835,원,DART OpenAPI,2026-09-30
2023Q1,기업,직원수,청담글로벌|별도,29,명,DART OpenAPI,2026-09-30
2023Q2,기업,매출액,청담글로벌|연결,68691192022,원,DART OpenAPI,2026-09-30
2023Q2,기업,매출총이익,청담글로벌|연결,6651305217,원,DART OpenAPI,2026-09-30
2023Q2,기업,판관비,청담글로벌|연결,2808429070,원,DART OpenAPI,2026-09-30
2023Q2,기업,영업이익,청담글로벌|연결,3842876147,원,DART OpenAPI,2026-09-30
2023Q2,기업,당기순이익,청담글로벌|연결,1739128094,원,DART OpenAPI,2026-09-30
2023Q2,기업,재고자산,청담글로벌|연결,11826970934,원,DART OpenAPI,2026-09-30
2023Q2,기업,매출채권,청담글로벌|연결,68431590061,원,DART OpenAPI,2026-09-30
2023Q2,기업,계약부채,청담글로벌|연결,305679075,원,DART OpenAPI,2026-09-30
2023Q2,기업,매출액,청담글로벌|별도,56436038143,원,DART OpenAPI,2026-09-30
2023Q2,기업,매출총이익,청담글로벌|별도,3752667269,원,DART OpenAPI,2026-09-30
2023Q2,기업,판관비,청담글로벌|별도,1292529330,원,DART OpenAPI,2026-09-30
2023Q2,기업,영업이익,청담글로벌|별도,2460137939,원,DART OpenAPI,2026-09-30
2023Q2,기업,당기순이익,청담글로벌|별도,1223864384,원,DART OpenAPI,2026-09-30
2023Q2,기업,재고자산,청담글로벌|별도,3453993860,원,DART OpenAPI,2026-09-30
2023Q2,기업,매출채권,청담글로벌|별도,58671800049,원,DART OpenAPI,2026-09-30
2023Q2,기업,계약부채,청담글로벌|별도,165565400,원,DART OpenAPI,2026-09-30
2023Q2,기업,직원수,청담글로벌|별도,41,명,DART OpenAPI,2026-09-30
2023Q3,기업,매출액,청담글로벌|연결,59721771713,원,DART OpenAPI,2026-09-30
2023Q3,기업,매출총이익,청담글로벌|연결,4982174127,원,DART OpenAPI,2026-09-30
2023Q3,기업,판관비,청담글로벌|연결,4018224607,원,DART OpenAPI,2026-09-30
2023Q3,기업,영업이익,청담글로벌|연결,963949520,원,DART OpenAPI,2026-09-30
2023Q3,기업,당기순이익,청담글로벌|연결,1166355320,원,DART OpenAPI,2026-09-30
2023Q3,기업,재고자산,청담글로벌|연결,15711381043,원,DART OpenAPI,2026-09-30
2023Q3,기업,매출채권,청담글로벌|연결,82603345041,원,DART OpenAPI,2026-09-30
2023Q3,기업,계약부채,청담글로벌|연결,248006809,원,DART OpenAPI,2026-09-30
2023Q3,기업,매출액,청담글로벌|별도,54794469392,원,DART OpenAPI,2026-09-30
2023Q3,기업,매출총이익,청담글로벌|별도,3548073558,원,DART OpenAPI,2026-09-30
2023Q3,기업,판관비,청담글로벌|별도,2387342646,원,DART OpenAPI,2026-09-30
2023Q3,기업,영업이익,청담글로벌|별도,1160730912,원,DART OpenAPI,2026-09-30
2023Q3,기업,당기순이익,청담글로벌|별도,1605737271,원,DART OpenAPI,2026-09-30
2023Q3,기업,재고자산,청담글로벌|별도,5603630526,원,DART OpenAPI,2026-09-30
2023Q3,기업,매출채권,청담글로벌|별도,73578602061,원,DART OpenAPI,2026-09-30
2023Q3,기업,계약부채,청담글로벌|별도,121975534,원,DART OpenAPI,2026-09-30
2023Q3,기업,직원수,청담글로벌|별도,44,명,DART OpenAPI,2026-09-30
2023FY,기업,매출액,청담글로벌|연결,237778587521,원,DART OpenAPI,2026-09-30
2023FY,기업,매출총이익,청담글로벌|연결,21513174812,원,DART OpenAPI,2026-09-30
2023FY,기업,판관비,청담글로벌|연결,15776971388,원,DART OpenAPI,2026-09-30
2023FY,기업,영업이익,청담글로벌|연결,5736203424,원,DART OpenAPI,2026-09-30
2023FY,기업,당기순이익,청담글로벌|연결,-1940061300,원,DART OpenAPI,2026-09-30
2023Q4,기업,재고자산,청담글로벌|연결,14988579022,원,DART OpenAPI,2026-09-30
2023Q4,기업,매출채권,청담글로벌|연결,45606949489,원,DART OpenAPI,2026-09-30
2023Q4,기업,계약부채,청담글로벌|연결,2340737066,원,DART OpenAPI,2026-09-30
2023FY,기업,매출액,청담글로벌|별도,208685647128,원,DART OpenAPI,2026-09-30
2023FY,기업,매출총이익,청담글로벌|별도,12800535381,원,DART OpenAPI,2026-09-30
2023FY,기업,판관비,청담글로벌|별도,8623562573,원,DART OpenAPI,2026-09-30
2023FY,기업,영업이익,청담글로벌|별도,4176972808,원,DART OpenAPI,2026-09-30
2023FY,기업,당기순이익,청담글로벌|별도,-1391548710,원,DART OpenAPI,2026-09-30
2023Q4,기업,재고자산,청담글로벌|별도,4545310388,원,DART OpenAPI,2026-09-30
2023Q4,기업,매출채권,청담글로벌|별도,41753126215,원,DART OpenAPI,2026-09-30
2023Q4,기업,계약부채,청담글로벌|별도,2000000000,원,DART OpenAPI,2026-09-30
2023Q4,기업,직원수,청담글로벌|별도,29,명,DART OpenAPI,2026-09-30
2024Q1,기업,매출액,청담글로벌|연결,54796492480,원,DART OpenAPI,2026-09-30
2024Q1,기업,매출총이익,청담글로벌|연결,9034934204,원,DART OpenAPI,2026-09-30
2024Q1,기업,판관비,청담글로벌|연결,6600057606,원,DART OpenAPI,2026-09-30
2024Q1,기업,영업이익,청담글로벌|연결,2434876598,원,DART OpenAPI,2026-09-30
2024Q1,기업,당기순이익,청담글로벌|연결,2824812429,원,DART OpenAPI,2026-09-30
2024Q1,기업,재고자산,청담글로벌|연결,18880151371,원,DART OpenAPI,2026-09-30
2024Q1,기업,매출채권,청담글로벌|연결,50189935017,원,DART OpenAPI,2026-09-30
2024Q1,기업,계약부채,청담글로벌|연결,3231879763,원,DART OpenAPI,2026-09-30
2024Q1,기업,매출액,청담글로벌|별도,41728636527,원,DART OpenAPI,2026-09-30
2024Q1,기업,매출총이익,청담글로벌|별도,4227486246,원,DART OpenAPI,2026-09-30
2024Q1,기업,판관비,청담글로벌|별도,3245865810,원,DART OpenAPI,2026-09-30
2024Q1,기업,영업이익,청담글로벌|별도,981620436,원,DART OpenAPI,2026-09-30
2024Q1,기업,당기순이익,청담글로벌|별도,1748282546,원,DART OpenAPI,2026-09-30
2024Q1,기업,재고자산,청담글로벌|별도,6552043227,원,DART OpenAPI,2026-09-30
2024Q1,기업,매출채권,청담글로벌|별도,41771901695,원,DART OpenAPI,2026-09-30
2024Q1,기업,계약부채,청담글로벌|별도,1200000000,원,DART OpenAPI,2026-09-30
2024Q1,기업,직원수,청담글로벌|별도,30,명,DART OpenAPI,2026-09-30
2024Q2,기업,매출액,청담글로벌|연결,65834522796,원,DART OpenAPI,2026-09-30
2024Q2,기업,매출총이익,청담글로벌|연결,11092758251,원,DART OpenAPI,2026-09-30
2024Q2,기업,판관비,청담글로벌|연결,9596888285,원,DART OpenAPI,2026-09-30
2024Q2,기업,영업이익,청담글로벌|연결,1495869966,원,DART OpenAPI,2026-09-30
2024Q2,기업,당기순이익,청담글로벌|연결,440370749,원,DART OpenAPI,2026-09-30
2024Q2,기업,재고자산,청담글로벌|연결,17414776187,원,DART OpenAPI,2026-09-30
2024Q2,기업,매출채권,청담글로벌|연결,63484531724,원,DART OpenAPI,2026-09-30
2024Q2,기업,계약부채,청담글로벌|연결,6676414024,원,DART OpenAPI,2026-09-30
2024Q2,기업,매출액,청담글로벌|별도,49206790174,원,DART OpenAPI,2026-09-30
2024Q2,기업,매출총이익,청담글로벌|별도,5585878991,원,DART OpenAPI,2026-09-30
2024Q2,기업,판관비,청담글로벌|별도,4309532471,원,DART OpenAPI,2026-09-30
2024Q2,기업,영업이익,청담글로벌|별도,1276346520,원,DART OpenAPI,2026-09-30
2024Q2,기업,당기순이익,청담글로벌|별도,1452972412,원,DART OpenAPI,2026-09-30
2024Q2,기업,재고자산,청담글로벌|별도,4119598522,원,DART OpenAPI,2026-09-30
2024Q2,기업,매출채권,청담글로벌|별도,53984483560,원,DART OpenAPI,2026-09-30
2024Q2,기업,계약부채,청담글로벌|별도,3979608191,원,DART OpenAPI,2026-09-30
2024Q2,기업,직원수,청담글로벌|별도,30,명,DART OpenAPI,2026-09-30
2024Q3,기업,매출액,청담글로벌|연결,62469975470,원,DART OpenAPI,2026-09-30
2024Q3,기업,매출총이익,청담글로벌|연결,11746684002,원,DART OpenAPI,2026-09-30
2024Q3,기업,판관비,청담글로벌|연결,7536928541,원,DART OpenAPI,2026-09-30
2024Q3,기업,영업이익,청담글로벌|연결,4209755461,원,DART OpenAPI,2026-09-30
2024Q3,기업,당기순이익,청담글로벌|연결,1414307972,원,DART OpenAPI,2026-09-30
2024Q3,기업,재고자산,청담글로벌|연결,21063130913,원,DART OpenAPI,2026-09-30
2024Q3,기업,매출채권,청담글로벌|연결,88317578494,원,DART OpenAPI,2026-09-30
2024Q3,기업,계약부채,청담글로벌|연결,2546030952,원,DART OpenAPI,2026-09-30
2024Q3,기업,매출액,청담글로벌|별도,48317251050,원,DART OpenAPI,2026-09-30
2024Q3,기업,매출총이익,청담글로벌|별도,5223633380,원,DART OpenAPI,2026-09-30
2024Q3,기업,판관비,청담글로벌|별도,2326260748,원,DART OpenAPI,2026-09-30
2024Q3,기업,영업이익,청담글로벌|별도,2897372632,원,DART OpenAPI,2026-09-30
2024Q3,기업,당기순이익,청담글로벌|별도,1312695111,원,DART OpenAPI,2026-09-30
2024Q3,기업,재고자산,청담글로벌|별도,5361016007,원,DART OpenAPI,2026-09-30
2024Q3,기업,매출채권,청담글로벌|별도,77844231619,원,DART OpenAPI,2026-09-30
2024Q3,기업,계약부채,청담글로벌|별도,1032806435,원,DART OpenAPI,2026-09-30
2024Q3,기업,직원수,청담글로벌|별도,38,명,DART OpenAPI,2026-09-30
2024FY,기업,매출액,청담글로벌|연결,234266029253,원,DART OpenAPI,2026-09-30
2024FY,기업,매출총이익,청담글로벌|연결,45729280068,원,DART OpenAPI,2026-09-30
2024FY,기업,판관비,청담글로벌|연결,38860803811,원,DART OpenAPI,2026-09-30
2024FY,기업,영업이익,청담글로벌|연결,6868476257,원,DART OpenAPI,2026-09-30
2024FY,기업,당기순이익,청담글로벌|연결,3269615509,원,DART OpenAPI,2026-09-30
2024Q4,기업,재고자산,청담글로벌|연결,25053872765,원,DART OpenAPI,2026-09-30
2024Q4,기업,매출채권,청담글로벌|연결,84244105628,원,DART OpenAPI,2026-09-30
2024Q4,기업,계약부채,청담글로벌|연결,3235399347,원,DART OpenAPI,2026-09-30
2024FY,기업,매출액,청담글로벌|별도,171638861159,원,DART OpenAPI,2026-09-30
2024FY,기업,매출총이익,청담글로벌|별도,21328292121,원,DART OpenAPI,2026-09-30
2024FY,기업,판관비,청담글로벌|별도,18905211061,원,DART OpenAPI,2026-09-30
2024FY,기업,영업이익,청담글로벌|별도,2423081060,원,DART OpenAPI,2026-09-30
2024FY,기업,당기순이익,청담글로벌|별도,-1361860929,원,DART OpenAPI,2026-09-30
2024Q4,기업,재고자산,청담글로벌|별도,6167266667,원,DART OpenAPI,2026-09-30
2024Q4,기업,매출채권,청담글로벌|별도,73858738008,원,DART OpenAPI,2026-09-30
2024Q4,기업,계약부채,청담글로벌|별도,93584886,원,DART OpenAPI,2026-09-30
2024Q4,기업,직원수,청담글로벌|별도,41,명,DART OpenAPI,2026-09-30
2025Q1,기업,매출액,청담글로벌|연결,54280861653,원,DART OpenAPI,2026-09-30
2025Q1,기업,매출총이익,청담글로벌|연결,17810644870,원,DART OpenAPI,2026-09-30
2025Q1,기업,판관비,청담글로벌|연결,14208785163,원,DART OpenAPI,2026-09-30
2025Q1,기업,영업이익,청담글로벌|연결,3601859707,원,DART OpenAPI,2026-09-30
2025Q1,기업,당기순이익,청담글로벌|연결,2859342831,원,DART OpenAPI,2026-09-30
2025Q1,기업,재고자산,청담글로벌|연결,25695496960,원,DART OpenAPI,2026-09-30
2025Q1,기업,매출채권,청담글로벌|연결,87044936926,원,DART OpenAPI,2026-09-30
2025Q1,기업,계약부채,청담글로벌|연결,670579549,원,DART OpenAPI,2026-09-30
2025Q1,기업,매출액,청담글로벌|별도,30422748250,원,DART OpenAPI,2026-09-30
2025Q1,기업,매출총이익,청담글로벌|별도,5653236323,원,DART OpenAPI,2026-09-30
2025Q1,기업,판관비,청담글로벌|별도,3928249912,원,DART OpenAPI,2026-09-30
2025Q1,기업,영업이익,청담글로벌|별도,1724986411,원,DART OpenAPI,2026-09-30
2025Q1,기업,당기순이익,청담글로벌|별도,1720587787,원,DART OpenAPI,2026-09-30
2025Q1,기업,재고자산,청담글로벌|별도,7180588786,원,DART OpenAPI,2026-09-30
2025Q1,기업,매출채권,청담글로벌|별도,73633952416,원,DART OpenAPI,2026-09-30
2025Q1,기업,계약부채,청담글로벌|별도,651,원,DART OpenAPI,2026-09-30
2025Q1,기업,직원수,청담글로벌|별도,41,명,DART OpenAPI,2026-09-30
2025Q2,기업,매출액,청담글로벌|연결,41727440612,원,DART OpenAPI,2026-09-30
2025Q2,기업,매출총이익,청담글로벌|연결,18571682607,원,DART OpenAPI,2026-09-30
2025Q2,기업,판관비,청담글로벌|연결,14410662743,원,DART OpenAPI,2026-09-30
2025Q2,기업,영업이익,청담글로벌|연결,4161019864,원,DART OpenAPI,2026-09-30
2025Q2,기업,당기순이익,청담글로벌|연결,433476864,원,DART OpenAPI,2026-09-30
2025Q2,기업,재고자산,청담글로벌|연결,28459508429,원,DART OpenAPI,2026-09-30
2025Q2,기업,매출채권,청담글로벌|연결,69323375349,원,DART OpenAPI,2026-09-30
2025Q2,기업,계약부채,청담글로벌|연결,722076824,원,DART OpenAPI,2026-09-30
2025Q2,기업,매출액,청담글로벌|별도,25930854536,원,DART OpenAPI,2026-09-30
2025Q2,기업,매출총이익,청담글로벌|별도,10141086176,원,DART OpenAPI,2026-09-30
2025Q2,기업,판관비,청담글로벌|별도,9579642523,원,DART OpenAPI,2026-09-30
2025Q2,기업,영업이익,청담글로벌|별도,561443653,원,DART OpenAPI,2026-09-30
2025Q2,기업,당기순이익,청담글로벌|별도,-1475099642,원,DART OpenAPI,2026-09-30
2025Q2,기업,재고자산,청담글로벌|별도,9443900335,원,DART OpenAPI,2026-09-30
2025Q2,기업,매출채권,청담글로벌|별도,57075778693,원,DART OpenAPI,2026-09-30
2025Q2,기업,계약부채,청담글로벌|별도,55664664,원,DART OpenAPI,2026-09-30
2025Q2,기업,직원수,청담글로벌|별도,60,명,DART OpenAPI,2026-09-30
2025Q3,기업,매출액,청담글로벌|연결,51477686994,원,DART OpenAPI,2026-09-30
2025Q3,기업,매출총이익,청담글로벌|연결,14788500179,원,DART OpenAPI,2026-09-30
2025Q3,기업,판관비,청담글로벌|연결,11723480346,원,DART OpenAPI,2026-09-30
2025Q3,기업,영업이익,청담글로벌|연결,3065019833,원,DART OpenAPI,2026-09-30
2025Q3,기업,당기순이익,청담글로벌|연결,3908796318,원,DART OpenAPI,2026-09-30
2025Q3,기업,재고자산,청담글로벌|연결,28534492584,원,DART OpenAPI,2026-09-30
2025Q3,기업,매출채권,청담글로벌|연결,87143626487,원,DART OpenAPI,2026-09-30
2025Q3,기업,계약부채,청담글로벌|연결,684014271,원,DART OpenAPI,2026-09-30
2025Q3,기업,매출액,청담글로벌|별도,35330124947,원,DART OpenAPI,2026-09-30
2025Q3,기업,매출총이익,청담글로벌|별도,5164393575,원,DART OpenAPI,2026-09-30
2025Q3,기업,판관비,청담글로벌|별도,3840516862,원,DART OpenAPI,2026-09-30
2025Q3,기업,영업이익,청담글로벌|별도,1323876713,원,DART OpenAPI,2026-09-30
2025Q3,기업,당기순이익,청담글로벌|별도,1590773016,원,DART OpenAPI,2026-09-30
2025Q3,기업,재고자산,청담글로벌|별도,8932440388,원,DART OpenAPI,2026-09-30
2025Q3,기업,매출채권,청담글로벌|별도,69922348058,원,DART OpenAPI,2026-09-30
2025Q3,기업,계약부채,청담글로벌|별도,50990415,원,DART OpenAPI,2026-09-30
2025Q3,기업,직원수,청담글로벌|별도,64,명,DART OpenAPI,2026-09-30
2025FY,기업,매출액,청담글로벌|연결,217385486725,원,DART OpenAPI,2026-09-30
2025FY,기업,매출총이익,청담글로벌|연결,63450970996,원,DART OpenAPI,2026-09-30
2025FY,기업,판관비,청담글로벌|연결,58081530646,원,DART OpenAPI,2026-09-30
2025FY,기업,영업이익,청담글로벌|연결,5369440350,원,DART OpenAPI,2026-09-30
2025FY,기업,당기순이익,청담글로벌|연결,3075568993,원,DART OpenAPI,2026-09-30
2025Q4,기업,재고자산,청담글로벌|연결,26311413719,원,DART OpenAPI,2026-09-30
2025Q4,기업,매출채권,청담글로벌|연결,83351111157,원,DART OpenAPI,2026-09-30
2025Q4,기업,계약부채,청담글로벌|연결,1101137279,원,DART OpenAPI,2026-09-30
2025FY,기업,매출액,청담글로벌|별도,148865653312,원,DART OpenAPI,2026-09-30
2025FY,기업,매출총이익,청담글로벌|별도,27540727190,원,DART OpenAPI,2026-09-30
2025FY,기업,판관비,청담글로벌|별도,24883146122,원,DART OpenAPI,2026-09-30
2025FY,기업,영업이익,청담글로벌|별도,2657581068,원,DART OpenAPI,2026-09-30
2025FY,기업,당기순이익,청담글로벌|별도,1373089201,원,DART OpenAPI,2026-09-30
2025Q4,기업,재고자산,청담글로벌|별도,5458985801,원,DART OpenAPI,2026-09-30
2025Q4,기업,매출채권,청담글로벌|별도,65343516160,원,DART OpenAPI,2026-09-30
2025Q4,기업,계약부채,청담글로벌|별도,49028593,원,DART OpenAPI,2026-09-30
2025Q4,기업,직원수,청담글로벌|별도,67,명,DART OpenAPI,2026-09-30
2026Q1,기업,매출액,청담글로벌|연결,48322913575,원,DART OpenAPI,2026-09-30
2026Q1,기업,매출총이익,청담글로벌|연결,15784256337,원,DART OpenAPI,2026-09-30
2026Q1,기업,판관비,청담글로벌|연결,13233911243,원,DART OpenAPI,2026-09-30
2026Q1,기업,영업이익,청담글로벌|연결,2550345094,원,DART OpenAPI,2026-09-30
2026Q1,기업,당기순이익,청담글로벌|연결,7571651143,원,DART OpenAPI,2026-09-30
2026Q1,기업,지배주주순이익,청담글로벌|연결,6297417195,원,DART OpenAPI,2026-09-30
2026Q1,기업,재고자산,청담글로벌|연결,29908529969,원,DART OpenAPI,2026-09-30
2026Q1,기업,매출채권,청담글로벌|연결,104875423049,원,DART OpenAPI,2026-09-30
2026Q1,기업,계약부채,청담글로벌|연결,747467570,원,DART OpenAPI,2026-09-30
2026Q1,기업,매출액,청담글로벌|별도,31962127978,원,DART OpenAPI,2026-09-30
2026Q1,기업,매출총이익,청담글로벌|별도,4351058749,원,DART OpenAPI,2026-09-30
2026Q1,기업,판관비,청담글로벌|별도,3855793668,원,DART OpenAPI,2026-09-30
2026Q1,기업,영업이익,청담글로벌|별도,495265081,원,DART OpenAPI,2026-09-30
2026Q1,기업,당기순이익,청담글로벌|별도,6167693525,원,DART OpenAPI,2026-09-30
2026Q1,기업,재고자산,청담글로벌|별도,5828801179,원,DART OpenAPI,2026-09-30
2026Q1,기업,매출채권,청담글로벌|별도,87647876335,원,DART OpenAPI,2026-09-30
2026Q1,기업,계약부채,청담글로벌|별도,174145325,원,DART OpenAPI,2026-09-30
2026Q1,기업,직원수,청담글로벌|별도,47,명,DART OpenAPI,2026-09-30
2026Q2,기업,매출액,청담글로벌|연결,65904018610,원,DART OpenAPI,2026-09-30
2026Q2,기업,매출총이익,청담글로벌|연결,17014514239,원,DART OpenAPI,2026-09-30
2026Q2,기업,판관비,청담글로벌|연결,15067686590,원,DART OpenAPI,2026-09-30
2026Q2,기업,영업이익,청담글로벌|연결,1946827649,원,DART OpenAPI,2026-09-30
2026Q2,기업,당기순이익,청담글로벌|연결,-938213015,원,DART OpenAPI,2026-09-30
2026Q2,기업,지배주주순이익,청담글로벌|연결,-1984446605,원,DART OpenAPI,2026-09-30
2026Q2,기업,재고자산,청담글로벌|연결,35404103523,원,DART OpenAPI,2026-09-30
2026Q2,기업,매출채권,청담글로벌|연결,100947307841,원,DART OpenAPI,2026-09-30
2026Q2,기업,계약부채,청담글로벌|연결,1780297607,원,DART OpenAPI,2026-09-30
2026Q2,기업,매출액,청담글로벌|별도,46974907067,원,DART OpenAPI,2026-09-30
2026Q2,기업,매출총이익,청담글로벌|별도,6883592968,원,DART OpenAPI,2026-09-30
2026Q2,기업,판관비,청담글로벌|별도,5656065912,원,DART OpenAPI,2026-09-30
2026Q2,기업,영업이익,청담글로벌|별도,1227527056,원,DART OpenAPI,2026-09-30
2026Q2,기업,당기순이익,청담글로벌|별도,-895849318,원,DART OpenAPI,2026-09-30
2026Q2,기업,재고자산,청담글로벌|별도,8619467467,원,DART OpenAPI,2026-09-30
2026Q2,기업,매출채권,청담글로벌|별도,78527524968,원,DART OpenAPI,2026-09-30
2026Q2,기업,계약부채,청담글로벌|별도,37739243,원,DART OpenAPI,2026-09-30
2026Q2,기업,직원수,청담글로벌|별도,46,명,DART OpenAPI,2026-09-30
2025Q3,기업,지배주주순이익,클리오|연결,5529123111,원,DART OpenAPI,2026-09-30
2020Q1,기업,매출액,메디톡스|연결,33889626682,원,DART OpenAPI,2026-09-30
2020Q1,기업,매출총이익,메디톡스|연결,19643206941,원,DART OpenAPI,2026-09-30
2020Q1,기업,판관비,메디톡스|연결,29578935904,원,DART OpenAPI,2026-09-30
2020Q1,기업,영업이익,메디톡스|연결,-9935728963,원,DART OpenAPI,2026-09-30
2020Q1,기업,당기순이익,메디톡스|연결,-6072957619,원,DART OpenAPI,2026-09-30
2020Q1,기업,지배주주순이익,메디톡스|연결,-5907477524,원,DART OpenAPI,2026-09-30
2020Q1,기업,재고자산,메디톡스|연결,34524437321,원,DART OpenAPI,2026-09-30
2020Q1,기업,매출채권,메디톡스|연결,58068393629,원,DART OpenAPI,2026-09-30
2020Q1,기업,매출액,메디톡스|별도,33043966796,원,DART OpenAPI,2026-09-30
2020Q1,기업,매출총이익,메디톡스|별도,18309773163,원,DART OpenAPI,2026-09-30
2020Q1,기업,판관비,메디톡스|별도,25800684746,원,DART OpenAPI,2026-09-30
2020Q1,기업,영업이익,메디톡스|별도,-7490911583,원,DART OpenAPI,2026-09-30
2020Q1,기업,당기순이익,메디톡스|별도,-2944561617,원,DART OpenAPI,2026-09-30
2020Q1,기업,재고자산,메디톡스|별도,29609747069,원,DART OpenAPI,2026-09-30
2020Q1,기업,매출채권,메디톡스|별도,53092595660,원,DART OpenAPI,2026-09-30
2020Q1,기업,직원수,메디톡스|별도,622,명,DART OpenAPI,2026-09-30
2020Q2,기업,매출액,메디톡스|연결,41596653698,원,DART OpenAPI,2026-09-30
2020Q2,기업,매출총이익,메디톡스|연결,22095813356,원,DART OpenAPI,2026-09-30
2020Q2,기업,판관비,메디톡스|연결,26218148717,원,DART OpenAPI,2026-09-30
2020Q2,기업,영업이익,메디톡스|연결,-4122335361,원,DART OpenAPI,2026-09-30
2020Q2,기업,당기순이익,메디톡스|연결,-6147499549,원,DART OpenAPI,2026-09-30
2020Q2,기업,지배주주순이익,메디톡스|연결,-5897962988,원,DART OpenAPI,2026-09-30
2020Q2,기업,재고자산,메디톡스|연결,34333091298,원,DART OpenAPI,2026-09-30
2020Q2,기업,매출채권,메디톡스|연결,59782047761,원,DART OpenAPI,2026-09-30
2020Q2,기업,매출액,메디톡스|별도,30963835630,원,DART OpenAPI,2026-09-30
2020Q2,기업,매출총이익,메디톡스|별도,14924626267,원,DART OpenAPI,2026-09-30
2020Q2,기업,판관비,메디톡스|별도,22013863277,원,DART OpenAPI,2026-09-30
2020Q2,기업,영업이익,메디톡스|별도,-7089237010,원,DART OpenAPI,2026-09-30
2020Q2,기업,당기순이익,메디톡스|별도,-7151437303,원,DART OpenAPI,2026-09-30
2020Q2,기업,재고자산,메디톡스|별도,29149027320,원,DART OpenAPI,2026-09-30
2020Q2,기업,매출채권,메디톡스|별도,53328997159,원,DART OpenAPI,2026-09-30
2020Q2,기업,직원수,메디톡스|별도,621,명,DART OpenAPI,2026-09-30
2020Q3,기업,매출액,메디톡스|연결,35792879154,원,DART OpenAPI,2026-09-30
2020Q3,기업,매출총이익,메디톡스|연결,12314398560,원,DART OpenAPI,2026-09-30
2020Q3,기업,판관비,메디톡스|연결,23756659630,원,DART OpenAPI,2026-09-30
2020Q3,기업,영업이익,메디톡스|연결,-11442261070,원,DART OpenAPI,2026-09-30
2020Q3,기업,당기순이익,메디톡스|연결,-206614333,원,DART OpenAPI,2026-09-30
2020Q3,기업,지배주주순이익,메디톡스|연결,-43757067,원,DART OpenAPI,2026-09-30
2020Q3,기업,재고자산,메디톡스|연결,31040661555,원,DART OpenAPI,2026-09-30
2020Q3,기업,매출채권,메디톡스|연결,53288678727,원,DART OpenAPI,2026-09-30
2020Q3,기업,매출액,메디톡스|별도,33000238492,원,DART OpenAPI,2026-09-30
2020Q3,기업,매출총이익,메디톡스|별도,10820259770,원,DART OpenAPI,2026-09-30
2020Q3,기업,판관비,메디톡스|별도,20162556500,원,DART OpenAPI,2026-09-30
2020Q3,기업,영업이익,메디톡스|별도,-9342296730,원,DART OpenAPI,2026-09-30
2020Q3,기업,당기순이익,메디톡스|별도,2832027854,원,DART OpenAPI,2026-09-30
2020Q3,기업,재고자산,메디톡스|별도,23471648166,원,DART OpenAPI,2026-09-30
2020Q3,기업,매출채권,메디톡스|별도,48335992988,원,DART OpenAPI,2026-09-30
2020Q3,기업,직원수,메디톡스|별도,621,명,DART OpenAPI,2026-09-30
2020FY,기업,매출액,메디톡스|연결,140827514747,원,DART OpenAPI,2026-09-30
2020FY,기업,매출총이익,메디톡스|연결,74341390236,원,DART OpenAPI,2026-09-30
2020FY,기업,판관비,메디톡스|연결,111410925075,원,DART OpenAPI,2026-09-30
2020FY,기업,영업이익,메디톡스|연결,-37069534839,원,DART OpenAPI,2026-09-30
2020FY,기업,당기순이익,메디톡스|연결,-30038850866,원,DART OpenAPI,2026-09-30
2020FY,기업,지배주주순이익,메디톡스|연결,-29576742636,원,DART OpenAPI,2026-09-30
2020Q4,기업,재고자산,메디톡스|연결,37554786672,원,DART OpenAPI,2026-09-30
2020Q4,기업,매출채권,메디톡스|연결,42876428105,원,DART OpenAPI,2026-09-30
2020Q4,기업,계약부채,메디톡스|연결,1416618370,원,DART OpenAPI,2026-09-30
2020FY,기업,매출액,메디톡스|별도,123329298002,원,DART OpenAPI,2026-09-30
2020FY,기업,매출총이익,메디톡스|별도,62676150428,원,DART OpenAPI,2026-09-30
2020FY,기업,판관비,메디톡스|별도,98738739915,원,DART OpenAPI,2026-09-30
2020FY,기업,영업이익,메디톡스|별도,-36062589487,원,DART OpenAPI,2026-09-30
2020FY,기업,당기순이익,메디톡스|별도,-28240849966,원,DART OpenAPI,2026-09-30
2020Q4,기업,재고자산,메디톡스|별도,31877060785,원,DART OpenAPI,2026-09-30
2020Q4,기업,매출채권,메디톡스|별도,37878095533,원,DART OpenAPI,2026-09-30
2020Q4,기업,계약부채,메디톡스|별도,1416618370,원,DART OpenAPI,2026-09-30
2020Q4,기업,직원수,메디톡스|별도,614,명,DART OpenAPI,2026-09-30
2021Q1,기업,매출액,메디톡스|연결,31823410350,원,DART OpenAPI,2026-09-30
2021Q1,기업,매출총이익,메디톡스|연결,16339793378,원,DART OpenAPI,2026-09-30
2021Q1,기업,판관비,메디톡스|연결,20752590835,원,DART OpenAPI,2026-09-30
2021Q1,기업,영업이익,메디톡스|연결,-4412797457,원,DART OpenAPI,2026-09-30
2021Q1,기업,당기순이익,메디톡스|연결,55049656582,원,DART OpenAPI,2026-09-30
2021Q1,기업,지배주주순이익,메디톡스|연결,55176309186,원,DART OpenAPI,2026-09-30
2021Q1,기업,재고자산,메디톡스|연결,38881390367,원,DART OpenAPI,2026-09-30
2021Q1,기업,매출채권,메디톡스|연결,63415983251,원,DART OpenAPI,2026-09-30
2021Q1,기업,계약부채,메디톡스|연결,97546483,원,DART OpenAPI,2026-09-30
2021Q1,기업,매출액,메디톡스|별도,27756099291,원,DART OpenAPI,2026-09-30
2021Q1,기업,매출총이익,메디톡스|별도,13887638130,원,DART OpenAPI,2026-09-30
2021Q1,기업,판관비,메디톡스|별도,17342178615,원,DART OpenAPI,2026-09-30
2021Q1,기업,영업이익,메디톡스|별도,-3454540485,원,DART OpenAPI,2026-09-30
2021Q1,기업,당기순이익,메디톡스|별도,58285327062,원,DART OpenAPI,2026-09-30
2021Q1,기업,재고자산,메디톡스|별도,33625475601,원,DART OpenAPI,2026-09-30
2021Q1,기업,매출채권,메디톡스|별도,56247210699,원,DART OpenAPI,2026-09-30
2021Q1,기업,계약부채,메디톡스|별도,97546483,원,DART OpenAPI,2026-09-30
2021Q1,기업,직원수,메디톡스|별도,581,명,DART OpenAPI,2026-09-30
2021Q2,기업,매출액,메디톡스|연결,43945166816,원,DART OpenAPI,2026-09-30
2021Q2,기업,매출총이익,메디톡스|연결,20543979417,원,DART OpenAPI,2026-09-30
2021Q2,기업,판관비,메디톡스|연결,16114688786,원,DART OpenAPI,2026-09-30
2021Q2,기업,영업이익,메디톡스|연결,4429290631,원,DART OpenAPI,2026-09-30
2021Q2,기업,당기순이익,메디톡스|연결,31664392324,원,DART OpenAPI,2026-09-30
2021Q2,기업,지배주주순이익,메디톡스|연결,31654210598,원,DART OpenAPI,2026-09-30
2021Q2,기업,재고자산,메디톡스|연결,34722767432,원,DART OpenAPI,2026-09-30
2021Q2,기업,매출채권,메디톡스|연결,63689280563,원,DART OpenAPI,2026-09-30
2021Q2,기업,계약부채,메디톡스|연결,129286309,원,DART OpenAPI,2026-09-30
2021Q2,기업,매출액,메디톡스|별도,37514488057,원,DART OpenAPI,2026-09-30
2021Q2,기업,매출총이익,메디톡스|별도,17400652073,원,DART OpenAPI,2026-09-30
2021Q2,기업,판관비,메디톡스|별도,9388943066,원,DART OpenAPI,2026-09-30
2021Q2,기업,영업이익,메디톡스|별도,8011709007,원,DART OpenAPI,2026-09-30
2021Q2,기업,당기순이익,메디톡스|별도,34591152204,원,DART OpenAPI,2026-09-30
2021Q2,기업,재고자산,메디톡스|별도,29721300090,원,DART OpenAPI,2026-09-30
2021Q2,기업,매출채권,메디톡스|별도,62637514820,원,DART OpenAPI,2026-09-30
2021Q2,기업,계약부채,메디톡스|별도,129286309,원,DART OpenAPI,2026-09-30
2021Q2,기업,직원수,메디톡스|별도,567,명,DART OpenAPI,2026-09-30
2021Q3,기업,매출액,메디톡스|연결,69876697536,원,DART OpenAPI,2026-09-30
2021Q3,기업,매출총이익,메디톡스|연결,51078851994,원,DART OpenAPI,2026-09-30
2021Q3,기업,판관비,메디톡스|연결,17165221825,원,DART OpenAPI,2026-09-30
2021Q3,기업,영업이익,메디톡스|연결,33913630169,원,DART OpenAPI,2026-09-30
2021Q3,기업,당기순이익,메디톡스|연결,20365170603,원,DART OpenAPI,2026-09-30
2021Q3,기업,지배주주순이익,메디톡스|연결,20624749939,원,DART OpenAPI,2026-09-30
2021Q3,기업,재고자산,메디톡스|연결,34520255423,원,DART OpenAPI,2026-09-30
2021Q3,기업,매출채권,메디톡스|연결,48418493761,원,DART OpenAPI,2026-09-30
2021Q3,기업,계약부채,메디톡스|연결,180150049,원,DART OpenAPI,2026-09-30
2021Q3,기업,매출액,메디톡스|별도,69848762343,원,DART OpenAPI,2026-09-30
2021Q3,기업,매출총이익,메디톡스|별도,52065705468,원,DART OpenAPI,2026-09-30
2021Q3,기업,판관비,메디톡스|별도,14683993621,원,DART OpenAPI,2026-09-30
2021Q3,기업,영업이익,메디톡스|별도,37381711847,원,DART OpenAPI,2026-09-30
2021Q3,기업,당기순이익,메디톡스|별도,24599121248,원,DART OpenAPI,2026-09-30
2021Q3,기업,재고자산,메디톡스|별도,28685242166,원,DART OpenAPI,2026-09-30
2021Q3,기업,매출채권,메디톡스|별도,48773014550,원,DART OpenAPI,2026-09-30
2021Q3,기업,계약부채,메디톡스|별도,180150049,원,DART OpenAPI,2026-09-30
2021Q3,기업,직원수,메디톡스|별도,559,명,DART OpenAPI,2026-09-30
2021FY,기업,매출액,메디톡스|연결,184869547955,원,DART OpenAPI,2026-09-30
2021FY,기업,매출총이익,메디톡스|연결,105852795068,원,DART OpenAPI,2026-09-30
2021FY,기업,판관비,메디톡스|연결,71361277894,원,DART OpenAPI,2026-09-30
2021FY,기업,영업이익,메디톡스|연결,34491517174,원,DART OpenAPI,2026-09-30
2021FY,기업,당기순이익,메디톡스|연결,93262649042,원,DART OpenAPI,2026-09-30
2021FY,기업,지배주주순이익,메디톡스|연결,94153921077,원,DART OpenAPI,2026-09-30
2021Q4,기업,재고자산,메디톡스|연결,32970728400,원,DART OpenAPI,2026-09-30
2021Q4,기업,매출채권,메디톡스|연결,44242748758,원,DART OpenAPI,2026-09-30
2021Q4,기업,계약부채,메디톡스|연결,198089115,원,DART OpenAPI,2026-09-30
2021FY,기업,매출액,메디톡스|별도,168715458487,원,DART OpenAPI,2026-09-30
2021FY,기업,매출총이익,메디톡스|별도,97844959008,원,DART OpenAPI,2026-09-30
2021FY,기업,판관비,메디톡스|별도,54278565764,원,DART OpenAPI,2026-09-30
2021FY,기업,영업이익,메디톡스|별도,43566393244,원,DART OpenAPI,2026-09-30
2021FY,기업,당기순이익,메디톡스|별도,107460382996,원,DART OpenAPI,2026-09-30
2021Q4,기업,재고자산,메디톡스|별도,28840173090,원,DART OpenAPI,2026-09-30
2021Q4,기업,매출채권,메디톡스|별도,45140034372,원,DART OpenAPI,2026-09-30
2021Q4,기업,계약부채,메디톡스|별도,198089115,원,DART OpenAPI,2026-09-30
2021Q4,기업,직원수,메디톡스|별도,568,명,DART OpenAPI,2026-09-30
2022Q1,기업,매출액,메디톡스|연결,39758559133,원,DART OpenAPI,2026-09-30
2022Q1,기업,매출총이익,메디톡스|연결,24693344007,원,DART OpenAPI,2026-09-30
2022Q1,기업,판관비,메디톡스|연결,19225178326,원,DART OpenAPI,2026-09-30
2022Q1,기업,영업이익,메디톡스|연결,5468165681,원,DART OpenAPI,2026-09-30
2022Q1,기업,당기순이익,메디톡스|연결,4467285980,원,DART OpenAPI,2026-09-30
2022Q1,기업,지배주주순이익,메디톡스|연결,5049361201,원,DART OpenAPI,2026-09-30
2022Q1,기업,재고자산,메디톡스|연결,38002028008,원,DART OpenAPI,2026-09-30
2022Q1,기업,매출채권,메디톡스|연결,35683202496,원,DART OpenAPI,2026-09-30
2022Q1,기업,계약부채,메디톡스|연결,180750349,원,DART OpenAPI,2026-09-30
2022Q1,기업,매출액,메디톡스|별도,35185965674,원,DART OpenAPI,2026-09-30
2022Q1,기업,매출총이익,메디톡스|별도,21209992384,원,DART OpenAPI,2026-09-30
2022Q1,기업,판관비,메디톡스|별도,14465761361,원,DART OpenAPI,2026-09-30
2022Q1,기업,영업이익,메디톡스|별도,6744231023,원,DART OpenAPI,2026-09-30
2022Q1,기업,당기순이익,메디톡스|별도,5654410973,원,DART OpenAPI,2026-09-30
2022Q1,기업,재고자산,메디톡스|별도,34632844228,원,DART OpenAPI,2026-09-30
2022Q1,기업,매출채권,메디톡스|별도,35617922286,원,DART OpenAPI,2026-09-30
2022Q1,기업,계약부채,메디톡스|별도,180750349,원,DART OpenAPI,2026-09-30
2022Q1,기업,직원수,메디톡스|별도,626,명,DART OpenAPI,2026-09-30
2022Q2,기업,매출액,메디톡스|연결,49757079830,원,DART OpenAPI,2026-09-30
2022Q2,기업,매출총이익,메디톡스|연결,32051437025,원,DART OpenAPI,2026-09-30
2022Q2,기업,판관비,메디톡스|연결,21675017130,원,DART OpenAPI,2026-09-30
2022Q2,기업,영업이익,메디톡스|연결,10376419895,원,DART OpenAPI,2026-09-30
2022Q2,기업,당기순이익,메디톡스|연결,19348390977,원,DART OpenAPI,2026-09-30
2022Q2,기업,지배주주순이익,메디톡스|연결,19234336622,원,DART OpenAPI,2026-09-30
2022Q2,기업,재고자산,메디톡스|연결,43360187521,원,DART OpenAPI,2026-09-30
2022Q2,기업,매출채권,메디톡스|연결,47251424435,원,DART OpenAPI,2026-09-30
2022Q2,기업,계약부채,메디톡스|연결,180750349,원,DART OpenAPI,2026-09-30
2022Q2,기업,매출액,메디톡스|별도,44526328549,원,DART OpenAPI,2026-09-30
2022Q2,기업,매출총이익,메디톡스|별도,27963839463,원,DART OpenAPI,2026-09-30
2022Q2,기업,판관비,메디톡스|별도,15283377654,원,DART OpenAPI,2026-09-30
2022Q2,기업,영업이익,메디톡스|별도,12680461809,원,DART OpenAPI,2026-09-30
2022Q2,기업,당기순이익,메디톡스|별도,11579026862,원,DART OpenAPI,2026-09-30
2022Q2,기업,재고자산,메디톡스|별도,40727317104,원,DART OpenAPI,2026-09-30
2022Q2,기업,매출채권,메디톡스|별도,48184620817,원,DART OpenAPI,2026-09-30
2022Q2,기업,계약부채,메디톡스|별도,180750349,원,DART OpenAPI,2026-09-30
2022Q2,기업,직원수,메디톡스|별도,642,명,DART OpenAPI,2026-09-30
2022Q3,기업,매출액,메디톡스|연결,53311778775,원,DART OpenAPI,2026-09-30
2022Q3,기업,매출총이익,메디톡스|연결,34938714682,원,DART OpenAPI,2026-09-30
2022Q3,기업,판관비,메디톡스|연결,20412712502,원,DART OpenAPI,2026-09-30
2022Q3,기업,영업이익,메디톡스|연결,14526002180,원,DART OpenAPI,2026-09-30
2022Q3,기업,당기순이익,메디톡스|연결,13072920484,원,DART OpenAPI,2026-09-30
2022Q3,기업,지배주주순이익,메디톡스|연결,13208031097,원,DART OpenAPI,2026-09-30
2022Q3,기업,재고자산,메디톡스|연결,48145570856,원,DART OpenAPI,2026-09-30
2022Q3,기업,매출채권,메디톡스|연결,51089459428,원,DART OpenAPI,2026-09-30
2022Q3,기업,계약부채,메디톡스|연결,180750349,원,DART OpenAPI,2026-09-30
2022Q3,기업,매출액,메디톡스|별도,50566250766,원,DART OpenAPI,2026-09-30
2022Q3,기업,매출총이익,메디톡스|별도,32368232899,원,DART OpenAPI,2026-09-30
2022Q3,기업,판관비,메디톡스|별도,14701963574,원,DART OpenAPI,2026-09-30
2022Q3,기업,영업이익,메디톡스|별도,17666269325,원,DART OpenAPI,2026-09-30
2022Q3,기업,당기순이익,메디톡스|별도,17404872902,원,DART OpenAPI,2026-09-30
2022Q3,기업,재고자산,메디톡스|별도,44900441280,원,DART OpenAPI,2026-09-30
2022Q3,기업,매출채권,메디톡스|별도,54709318397,원,DART OpenAPI,2026-09-30
2022Q3,기업,계약부채,메디톡스|별도,180750349,원,DART OpenAPI,2026-09-30
2022Q3,기업,직원수,메디톡스|별도,651,명,DART OpenAPI,2026-09-30
2022FY,기업,매출액,메디톡스|연결,195096220132,원,DART OpenAPI,2026-09-30
2022FY,기업,매출총이익,메디톡스|연결,126405180996,원,DART OpenAPI,2026-09-30
2022FY,기업,판관비,메디톡스|연결,79740735602,원,DART OpenAPI,2026-09-30
2022FY,기업,영업이익,메디톡스|연결,46664445394,원,DART OpenAPI,2026-09-30
2022FY,기업,당기순이익,메디톡스|연결,36595835601,원,DART OpenAPI,2026-09-30
2022FY,기업,지배주주순이익,메디톡스|연결,37009995377,원,DART OpenAPI,2026-09-30
2022Q4,기업,재고자산,메디톡스|연결,52619869062,원,DART OpenAPI,2026-09-30
2022Q4,기업,매출채권,메디톡스|연결,53871963913,원,DART OpenAPI,2026-09-30
2022Q4,기업,계약부채,메디톡스|연결,337815539,원,DART OpenAPI,2026-09-30
2022FY,기업,매출액,메디톡스|별도,183090462786,원,DART OpenAPI,2026-09-30
2022FY,기업,매출총이익,메디톡스|별도,118060962629,원,DART OpenAPI,2026-09-30
2022FY,기업,판관비,메디톡스|별도,62900986479,원,DART OpenAPI,2026-09-30
2022FY,기업,영업이익,메디톡스|별도,55159976150,원,DART OpenAPI,2026-09-30
2022FY,기업,당기순이익,메디톡스|별도,36841934156,원,DART OpenAPI,2026-09-30
2022Q4,기업,재고자산,메디톡스|별도,50290817503,원,DART OpenAPI,2026-09-30
2022Q4,기업,매출채권,메디톡스|별도,59260680135,원,DART OpenAPI,2026-09-30
2022Q4,기업,계약부채,메디톡스|별도,337815539,원,DART OpenAPI,2026-09-30
2022Q4,기업,직원수,메디톡스|별도,693,명,DART OpenAPI,2026-09-30
2023Q1,기업,매출액,메디톡스|연결,42674450577,원,DART OpenAPI,2026-09-30
2023Q1,기업,매출총이익,메디톡스|연결,24291548120,원,DART OpenAPI,2026-09-30
2023Q1,기업,판관비,메디톡스|연결,22524225057,원,DART OpenAPI,2026-09-30
2023Q1,기업,영업이익,메디톡스|연결,1767323063,원,DART OpenAPI,2026-09-30
2023Q1,기업,당기순이익,메디톡스|연결,5542434953,원,DART OpenAPI,2026-09-30
2023Q1,기업,지배주주순이익,메디톡스|연결,5559949014,원,DART OpenAPI,2026-09-30
2023Q1,기업,재고자산,메디톡스|연결,57774123979,원,DART OpenAPI,2026-09-30
2023Q1,기업,매출채권,메디톡스|연결,46505069232,원,DART OpenAPI,2026-09-30
2023Q1,기업,계약부채,메디톡스|연결,180750349,원,DART OpenAPI,2026-09-30
2023Q1,기업,매출액,메디톡스|별도,39550691174,원,DART OpenAPI,2026-09-30
2023Q1,기업,매출총이익,메디톡스|별도,21674569577,원,DART OpenAPI,2026-09-30
2023Q1,기업,판관비,메디톡스|별도,20150164569,원,DART OpenAPI,2026-09-30
2023Q1,기업,영업이익,메디톡스|별도,1524405008,원,DART OpenAPI,2026-09-30
2023Q1,기업,당기순이익,메디톡스|별도,3401634073,원,DART OpenAPI,2026-09-30
2023Q1,기업,재고자산,메디톡스|별도,55446638674,원,DART OpenAPI,2026-09-30
2023Q1,기업,매출채권,메디톡스|별도,53782338174,원,DART OpenAPI,2026-09-30
2023Q1,기업,계약부채,메디톡스|별도,180750349,원,DART OpenAPI,2026-09-30
2023Q1,기업,직원수,메디톡스|별도,723,명,DART OpenAPI,2026-09-30
2023Q2,기업,매출액,메디톡스|연결,51788243695,원,DART OpenAPI,2026-09-30
2023Q2,기업,매출총이익,메디톡스|연결,32644806848,원,DART OpenAPI,2026-09-30
2023Q2,기업,판관비,메디톡스|연결,23093754562,원,DART OpenAPI,2026-09-30
2023Q2,기업,영업이익,메디톡스|연결,9551052286,원,DART OpenAPI,2026-09-30
2023Q2,기업,당기순이익,메디톡스|연결,8526379736,원,DART OpenAPI,2026-09-30
2023Q2,기업,지배주주순이익,메디톡스|연결,8565716933,원,DART OpenAPI,2026-09-30
2023Q2,기업,재고자산,메디톡스|연결,61946057950,원,DART OpenAPI,2026-09-30
2023Q2,기업,매출채권,메디톡스|연결,45798408129,원,DART OpenAPI,2026-09-30
2023Q2,기업,계약부채,메디톡스|연결,180750349,원,DART OpenAPI,2026-09-30
2023Q2,기업,매출액,메디톡스|별도,48142477947,원,DART OpenAPI,2026-09-30
2023Q2,기업,매출총이익,메디톡스|별도,29739480076,원,DART OpenAPI,2026-09-30
2023Q2,기업,판관비,메디톡스|별도,20053872770,원,DART OpenAPI,2026-09-30
2023Q2,기업,영업이익,메디톡스|별도,9685607306,원,DART OpenAPI,2026-09-30
2023Q2,기업,당기순이익,메디톡스|별도,8618018887,원,DART OpenAPI,2026-09-30
2023Q2,기업,재고자산,메디톡스|별도,59443899810,원,DART OpenAPI,2026-09-30
2023Q2,기업,매출채권,메디톡스|별도,56909792200,원,DART OpenAPI,2026-09-30
2023Q2,기업,계약부채,메디톡스|별도,180750349,원,DART OpenAPI,2026-09-30
2023Q2,기업,직원수,메디톡스|별도,712,명,DART OpenAPI,2026-09-30
2023Q3,기업,매출액,메디톡스|연결,58654349743,원,DART OpenAPI,2026-09-30
2023Q3,기업,매출총이익,메디톡스|연결,37572397507,원,DART OpenAPI,2026-09-30
2023Q3,기업,판관비,메디톡스|연결,33997999092,원,DART OpenAPI,2026-09-30
2023Q3,기업,영업이익,메디톡스|연결,3574398415,원,DART OpenAPI,2026-09-30
2023Q3,기업,당기순이익,메디톡스|연결,-2233383755,원,DART OpenAPI,2026-09-30
2023Q3,기업,지배주주순이익,메디톡스|연결,-2322280221,원,DART OpenAPI,2026-09-30
2023Q3,기업,재고자산,메디톡스|연결,63206821088,원,DART OpenAPI,2026-09-30
2023Q3,기업,매출채권,메디톡스|연결,54053566402,원,DART OpenAPI,2026-09-30
2023Q3,기업,계약부채,메디톡스|연결,508023076,원,DART OpenAPI,2026-09-30
2023Q3,기업,매출액,메디톡스|별도,62986055831,원,DART OpenAPI,2026-09-30
2023Q3,기업,매출총이익,메디톡스|별도,42377540751,원,DART OpenAPI,2026-09-30
2023Q3,기업,판관비,메디톡스|별도,30904857326,원,DART OpenAPI,2026-09-30
2023Q3,기업,영업이익,메디톡스|별도,11472683425,원,DART OpenAPI,2026-09-30
2023Q3,기업,당기순이익,메디톡스|별도,6608335698,원,DART OpenAPI,2026-09-30
2023Q3,기업,재고자산,메디톡스|별도,60482252077,원,DART OpenAPI,2026-09-30
2023Q3,기업,매출채권,메디톡스|별도,71200672496,원,DART OpenAPI,2026-09-30
2023Q3,기업,계약부채,메디톡스|별도,508023076,원,DART OpenAPI,2026-09-30
2023Q3,기업,직원수,메디톡스|별도,728,명,DART OpenAPI,2026-09-30
2023FY,기업,매출액,메디톡스|연결,221120682597,원,DART OpenAPI,2026-09-30
2023FY,기업,매출총이익,메디톡스|연결,133870948646,원,DART OpenAPI,2026-09-30
2023FY,기업,판관비,메디톡스|연결,116548619841,원,DART OpenAPI,2026-09-30
2023FY,기업,영업이익,메디톡스|연결,17322328805,원,DART OpenAPI,2026-09-30
2023FY,기업,당기순이익,메디톡스|연결,9689821433,원,DART OpenAPI,2026-09-30
2023FY,기업,지배주주순이익,메디톡스|연결,9755098733,원,DART OpenAPI,2026-09-30
2023Q4,기업,재고자산,메디톡스|연결,59617915487,원,DART OpenAPI,2026-09-30
2023Q4,기업,매출채권,메디톡스|연결,68909868745,원,DART OpenAPI,2026-09-30
2023Q4,기업,계약부채,메디톡스|연결,399115734,원,DART OpenAPI,2026-09-30
2023FY,기업,매출액,메디톡스|별도,210904259819,원,DART OpenAPI,2026-09-30
2023FY,기업,매출총이익,메디톡스|별도,126318007603,원,DART OpenAPI,2026-09-30
2023FY,기업,판관비,메디톡스|별도,103070753134,원,DART OpenAPI,2026-09-30
2023FY,기업,영업이익,메디톡스|별도,23247254469,원,DART OpenAPI,2026-09-30
2023FY,기업,당기순이익,메디톡스|별도,18566617379,원,DART OpenAPI,2026-09-30
2023Q4,기업,재고자산,메디톡스|별도,57343055812,원,DART OpenAPI,2026-09-30
2023Q4,기업,매출채권,메디톡스|별도,81103335776,원,DART OpenAPI,2026-09-30
2023Q4,기업,계약부채,메디톡스|별도,399115734,원,DART OpenAPI,2026-09-30
2023Q4,기업,직원수,메디톡스|별도,737,명,DART OpenAPI,2026-09-30
2024Q1,기업,매출액,메디톡스|연결,54588470728,원,DART OpenAPI,2026-09-30
2024Q1,기업,매출총이익,메디톡스|연결,33119391189,원,DART OpenAPI,2026-09-30
2024Q1,기업,판관비,메디톡스|연결,34049376732,원,DART OpenAPI,2026-09-30
2024Q1,기업,영업이익,메디톡스|연결,-929985543,원,DART OpenAPI,2026-09-30
2024Q1,기업,당기순이익,메디톡스|연결,-1461987489,원,DART OpenAPI,2026-09-30
2024Q1,기업,지배주주순이익,메디톡스|연결,-1469565705,원,DART OpenAPI,2026-09-30
2024Q1,기업,재고자산,메디톡스|연결,61260072288,원,DART OpenAPI,2026-09-30
2024Q1,기업,매출채권,메디톡스|연결,58481312587,원,DART OpenAPI,2026-09-30
2024Q1,기업,계약부채,메디톡스|연결,274500349,원,DART OpenAPI,2026-09-30
2024Q1,기업,매출액,메디톡스|별도,48978942255,원,DART OpenAPI,2026-09-30
2024Q1,기업,매출총이익,메디톡스|별도,27643517211,원,DART OpenAPI,2026-09-30
2024Q1,기업,판관비,메디톡스|별도,29519773887,원,DART OpenAPI,2026-09-30
2024Q1,기업,영업이익,메디톡스|별도,-1876256676,원,DART OpenAPI,2026-09-30
2024Q1,기업,당기순이익,메디톡스|별도,-1296809817,원,DART OpenAPI,2026-09-30
2024Q1,기업,재고자산,메디톡스|별도,58500949183,원,DART OpenAPI,2026-09-30
2024Q1,기업,매출채권,메디톡스|별도,74306821715,원,DART OpenAPI,2026-09-30
2024Q1,기업,계약부채,메디톡스|별도,274500349,원,DART OpenAPI,2026-09-30
2024Q1,기업,직원수,메디톡스|별도,763,명,DART OpenAPI,2026-09-30
2024Q2,기업,매출액,메디톡스|연결,65005462915,원,DART OpenAPI,2026-09-30
2024Q2,기업,매출총이익,메디톡스|연결,41357529293,원,DART OpenAPI,2026-09-30
2024Q2,기업,판관비,메디톡스|연결,27025289394,원,DART OpenAPI,2026-09-30
2024Q2,기업,영업이익,메디톡스|연결,14332239899,원,DART OpenAPI,2026-09-30
2024Q2,기업,당기순이익,메디톡스|연결,11329258014,원,DART OpenAPI,2026-09-30
2024Q2,기업,지배주주순이익,메디톡스|연결,11410117478,원,DART OpenAPI,2026-09-30
2024Q2,기업,재고자산,메디톡스|연결,62450646460,원,DART OpenAPI,2026-09-30
2024Q2,기업,매출채권,메디톡스|연결,66798107321,원,DART OpenAPI,2026-09-30
2024Q2,기업,계약부채,메디톡스|연결,498544552,원,DART OpenAPI,2026-09-30
2024Q2,기업,매출액,메디톡스|별도,59273593273,원,DART OpenAPI,2026-09-30
2024Q2,기업,매출총이익,메디톡스|별도,35369019507,원,DART OpenAPI,2026-09-30
2024Q2,기업,판관비,메디톡스|별도,22455232488,원,DART OpenAPI,2026-09-30
2024Q2,기업,영업이익,메디톡스|별도,12913787019,원,DART OpenAPI,2026-09-30
2024Q2,기업,당기순이익,메디톡스|별도,11267474981,원,DART OpenAPI,2026-09-30
2024Q2,기업,재고자산,메디톡스|별도,58770567872,원,DART OpenAPI,2026-09-30
2024Q2,기업,매출채권,메디톡스|별도,78423563205,원,DART OpenAPI,2026-09-30
2024Q2,기업,계약부채,메디톡스|별도,498544552,원,DART OpenAPI,2026-09-30
2024Q2,기업,직원수,메디톡스|별도,757,명,DART OpenAPI,2026-09-30
2024Q3,기업,매출액,메디톡스|연결,53852353565,원,DART OpenAPI,2026-09-30
2024Q3,기업,매출총이익,메디톡스|연결,31401168893,원,DART OpenAPI,2026-09-30
2024Q3,기업,판관비,메디톡스|연결,25401440417,원,DART OpenAPI,2026-09-30
2024Q3,기업,영업이익,메디톡스|연결,5999728476,원,DART OpenAPI,2026-09-30
2024Q3,기업,당기순이익,메디톡스|연결,3778505238,원,DART OpenAPI,2026-09-30
2024Q3,기업,지배주주순이익,메디톡스|연결,3809821107,원,DART OpenAPI,2026-09-30
2024Q3,기업,재고자산,메디톡스|연결,64421495216,원,DART OpenAPI,2026-09-30
2024Q3,기업,매출채권,메디톡스|연결,62619072950,원,DART OpenAPI,2026-09-30
2024Q3,기업,계약부채,메디톡스|연결,454955576,원,DART OpenAPI,2026-09-30
2024Q3,기업,매출액,메디톡스|별도,45561345943,원,DART OpenAPI,2026-09-30
2024Q3,기업,매출총이익,메디톡스|별도,24011759355,원,DART OpenAPI,2026-09-30
2024Q3,기업,판관비,메디톡스|별도,20157375844,원,DART OpenAPI,2026-09-30
2024Q3,기업,영업이익,메디톡스|별도,3854383511,원,DART OpenAPI,2026-09-30
2024Q3,기업,당기순이익,메디톡스|별도,2568982892,원,DART OpenAPI,2026-09-30
2024Q3,기업,재고자산,메디톡스|별도,61193426366,원,DART OpenAPI,2026-09-30
2024Q3,기업,매출채권,메디톡스|별도,74009658849,원,DART OpenAPI,2026-09-30
2024Q3,기업,계약부채,메디톡스|별도,454955576,원,DART OpenAPI,2026-09-30
2024Q3,기업,직원수,메디톡스|별도,766,명,DART OpenAPI,2026-09-30
2024FY,기업,매출액,메디톡스|연결,228621969000,원,DART OpenAPI,2026-09-30
2024FY,기업,매출총이익,메디톡스|연결,139028731000,원,DART OpenAPI,2026-09-30
2024FY,기업,판관비,메디톡스|연결,118680008000,원,DART OpenAPI,2026-09-30
2024FY,기업,영업이익,메디톡스|연결,20348723000,원,DART OpenAPI,2026-09-30
2024FY,기업,당기순이익,메디톡스|연결,16073771000,원,DART OpenAPI,2026-09-30
2024FY,기업,지배주주순이익,메디톡스|연결,16954995000,원,DART OpenAPI,2026-09-30
2024Q4,기업,재고자산,메디톡스|연결,64259184000,원,DART OpenAPI,2026-09-30
2024Q4,기업,매출채권,메디톡스|연결,58370055000,원,DART OpenAPI,2026-09-30
2024Q4,기업,계약부채,메디톡스|연결,327080000,원,DART OpenAPI,2026-09-30
2024FY,기업,매출액,메디톡스|별도,208149476000,원,DART OpenAPI,2026-09-30
2024FY,기업,매출총이익,메디톡스|별도,116788652000,원,DART OpenAPI,2026-09-30
2024FY,기업,판관비,메디톡스|별도,97645272000,원,DART OpenAPI,2026-09-30
2024FY,기업,영업이익,메디톡스|별도,19143380000,원,DART OpenAPI,2026-09-30
2024FY,기업,당기순이익,메디톡스|별도,21907738000,원,DART OpenAPI,2026-09-30
2024Q4,기업,재고자산,메디톡스|별도,58125623000,원,DART OpenAPI,2026-09-30
2024Q4,기업,매출채권,메디톡스|별도,72886639000,원,DART OpenAPI,2026-09-30
2024Q4,기업,계약부채,메디톡스|별도,327080000,원,DART OpenAPI,2026-09-30
2024Q4,기업,직원수,메디톡스|별도,776,명,DART OpenAPI,2026-09-30
2025Q1,기업,매출액,메디톡스|연결,63956982000,원,DART OpenAPI,2026-09-30
2025Q1,기업,매출총이익,메디톡스|연결,38068692000,원,DART OpenAPI,2026-09-30
2025Q1,기업,판관비,메디톡스|연결,32592257000,원,DART OpenAPI,2026-09-30
2025Q1,기업,영업이익,메디톡스|연결,5476435000,원,DART OpenAPI,2026-09-30
2025Q1,기업,당기순이익,메디톡스|연결,3343366000,원,DART OpenAPI,2026-09-30
2025Q1,기업,지배주주순이익,메디톡스|연결,3805345000,원,DART OpenAPI,2026-09-30
2025Q1,기업,재고자산,메디톡스|연결,58964050000,원,DART OpenAPI,2026-09-30
2025Q1,기업,매출채권,메디톡스|연결,58234811000,원,DART OpenAPI,2026-09-30
2025Q1,기업,계약부채,메디톡스|연결,266356000,원,DART OpenAPI,2026-09-30
2025Q1,기업,매출액,메디톡스|별도,59669892000,원,DART OpenAPI,2026-09-30
2025Q1,기업,매출총이익,메디톡스|별도,35241807000,원,DART OpenAPI,2026-09-30
2025Q1,기업,판관비,메디톡스|별도,28408865000,원,DART OpenAPI,2026-09-30
2025Q1,기업,영업이익,메디톡스|별도,6832942000,원,DART OpenAPI,2026-09-30
2025Q1,기업,당기순이익,메디톡스|별도,6846185000,원,DART OpenAPI,2026-09-30
2025Q1,기업,재고자산,메디톡스|별도,53947813000,원,DART OpenAPI,2026-09-30
2025Q1,기업,매출채권,메디톡스|별도,77542011000,원,DART OpenAPI,2026-09-30
2025Q1,기업,계약부채,메디톡스|별도,266356000,원,DART OpenAPI,2026-09-30
2025Q1,기업,직원수,메디톡스|별도,776,명,DART OpenAPI,2026-09-30
2025Q2,기업,매출액,메디톡스|연결,61647431545,원,DART OpenAPI,2026-09-30
2025Q2,기업,매출총이익,메디톡스|연결,32621645462,원,DART OpenAPI,2026-09-30
2025Q2,기업,판관비,메디톡스|연결,26304226523,원,DART OpenAPI,2026-09-30
2025Q2,기업,영업이익,메디톡스|연결,6317418939,원,DART OpenAPI,2026-09-30
2025Q2,기업,당기순이익,메디톡스|연결,8174040116,원,DART OpenAPI,2026-09-30
2025Q2,기업,지배주주순이익,메디톡스|연결,8372927644,원,DART OpenAPI,2026-09-30
2025Q2,기업,재고자산,메디톡스|연결,49128817075,원,DART OpenAPI,2026-09-30
2025Q2,기업,매출채권,메디톡스|연결,58970966550,원,DART OpenAPI,2026-09-30
2025Q2,기업,계약부채,메디톡스|연결,218778475,원,DART OpenAPI,2026-09-30
2025Q2,기업,매출액,메디톡스|별도,54283419571,원,DART OpenAPI,2026-09-30
2025Q2,기업,매출총이익,메디톡스|별도,27247932949,원,DART OpenAPI,2026-09-30
2025Q2,기업,판관비,메디톡스|별도,21933326628,원,DART OpenAPI,2026-09-30
2025Q2,기업,영업이익,메디톡스|별도,5314606321,원,DART OpenAPI,2026-09-30
2025Q2,기업,당기순이익,메디톡스|별도,2157273992,원,DART OpenAPI,2026-09-30
2025Q2,기업,재고자산,메디톡스|별도,45852112818,원,DART OpenAPI,2026-09-30
2025Q2,기업,매출채권,메디톡스|별도,68686065055,원,DART OpenAPI,2026-09-30
2025Q2,기업,계약부채,메디톡스|별도,218778475,원,DART OpenAPI,2026-09-30
2025Q2,기업,직원수,메디톡스|별도,761,명,DART OpenAPI,2026-09-30
2025Q3,기업,매출액,메디톡스|연결,61016714571,원,DART OpenAPI,2026-09-30
2025Q3,기업,매출총이익,메디톡스|연결,36416632064,원,DART OpenAPI,2026-09-30
2025Q3,기업,판관비,메디톡스|연결,27517832306,원,DART OpenAPI,2026-09-30
2025Q3,기업,영업이익,메디톡스|연결,8898799758,원,DART OpenAPI,2026-09-30
2025Q3,기업,당기순이익,메디톡스|연결,7198685388,원,DART OpenAPI,2026-09-30
2025Q3,기업,지배주주순이익,메디톡스|연결,7433973960,원,DART OpenAPI,2026-09-30
2025Q3,기업,재고자산,메디톡스|연결,46364681131,원,DART OpenAPI,2026-09-30
2025Q3,기업,매출채권,메디톡스|연결,59026168185,원,DART OpenAPI,2026-09-30
2025Q3,기업,계약부채,메디톡스|연결,197707764,원,DART OpenAPI,2026-09-30
2025Q3,기업,매출액,메디톡스|별도,56829922836,원,DART OpenAPI,2026-09-30
2025Q3,기업,매출총이익,메디톡스|별도,31767821996,원,DART OpenAPI,2026-09-30
2025Q3,기업,판관비,메디톡스|별도,23048378764,원,DART OpenAPI,2026-09-30
2025Q3,기업,영업이익,메디톡스|별도,8719443232,원,DART OpenAPI,2026-09-30
2025Q3,기업,당기순이익,메디톡스|별도,7269268688,원,DART OpenAPI,2026-09-30
2025Q3,기업,재고자산,메디톡스|별도,42304068073,원,DART OpenAPI,2026-09-30
2025Q3,기업,매출채권,메디톡스|별도,66719199974,원,DART OpenAPI,2026-09-30
2025Q3,기업,계약부채,메디톡스|별도,197707764,원,DART OpenAPI,2026-09-30
2025Q3,기업,직원수,메디톡스|별도,768,명,DART OpenAPI,2026-09-30
2025FY,기업,매출액,메디톡스|연결,247290289368,원,DART OpenAPI,2026-09-30
2025FY,기업,매출총이익,메디톡스|연결,143279931827,원,DART OpenAPI,2026-09-30
2025FY,기업,판관비,메디톡스|연결,126275559438,원,DART OpenAPI,2026-09-30
2025FY,기업,영업이익,메디톡스|연결,17004372389,원,DART OpenAPI,2026-09-30
2025FY,기업,당기순이익,메디톡스|연결,15658989552,원,DART OpenAPI,2026-09-30
2025FY,기업,지배주주순이익,메디톡스|연결,16594166586,원,DART OpenAPI,2026-09-30
2025Q4,기업,재고자산,메디톡스|연결,43065458053,원,DART OpenAPI,2026-09-30
2025Q4,기업,매출채권,메디톡스|연결,59414914116,원,DART OpenAPI,2026-09-30
2025Q4,기업,계약부채,메디톡스|연결,300335524,원,DART OpenAPI,2026-09-30
2025FY,기업,매출액,메디톡스|별도,222046566421,원,DART OpenAPI,2026-09-30
2025FY,기업,매출총이익,메디톡스|별도,121850224034,원,DART OpenAPI,2026-09-30
2025FY,기업,판관비,메디톡스|별도,108416157149,원,DART OpenAPI,2026-09-30
2025FY,기업,영업이익,메디톡스|별도,13434066885,원,DART OpenAPI,2026-09-30
2025FY,기업,당기순이익,메디톡스|별도,3427510274,원,DART OpenAPI,2026-09-30
2025Q4,기업,재고자산,메디톡스|별도,39585868303,원,DART OpenAPI,2026-09-30
2025Q4,기업,매출채권,메디톡스|별도,59662756909,원,DART OpenAPI,2026-09-30
2025Q4,기업,계약부채,메디톡스|별도,300335524,원,DART OpenAPI,2026-09-30
2025Q4,기업,직원수,메디톡스|별도,753,명,DART OpenAPI,2026-09-30
2026Q1,기업,매출액,메디톡스|연결,60687505686,원,DART OpenAPI,2026-09-30
2026Q1,기업,매출총이익,메디톡스|연결,41765539226,원,DART OpenAPI,2026-09-30
2026Q1,기업,판관비,메디톡스|연결,34393338260,원,DART OpenAPI,2026-09-30
2026Q1,기업,영업이익,메디톡스|연결,7372200966,원,DART OpenAPI,2026-09-30
2026Q1,기업,당기순이익,메디톡스|연결,7879118807,원,DART OpenAPI,2026-09-30
2026Q1,기업,지배주주순이익,메디톡스|연결,7796425742,원,DART OpenAPI,2026-09-30
2026Q1,기업,재고자산,메디톡스|연결,45376603118,원,DART OpenAPI,2026-09-30
2026Q1,기업,매출채권,메디톡스|연결,52390521507,원,DART OpenAPI,2026-09-30
2026Q1,기업,계약부채,메디톡스|연결,300335524,원,DART OpenAPI,2026-09-30
2026Q1,기업,매출액,메디톡스|별도,52410807283,원,DART OpenAPI,2026-09-30
2026Q1,기업,매출총이익,메디톡스|별도,34370168832,원,DART OpenAPI,2026-09-30
2026Q1,기업,판관비,메디톡스|별도,30603637970,원,DART OpenAPI,2026-09-30
2026Q1,기업,영업이익,메디톡스|별도,3766530862,원,DART OpenAPI,2026-09-30
2026Q1,기업,당기순이익,메디톡스|별도,4132246107,원,DART OpenAPI,2026-09-30
2026Q1,기업,재고자산,메디톡스|별도,42339126679,원,DART OpenAPI,2026-09-30
2026Q1,기업,매출채권,메디톡스|별도,53643811586,원,DART OpenAPI,2026-09-30
2026Q1,기업,계약부채,메디톡스|별도,300335524,원,DART OpenAPI,2026-09-30
2026Q1,기업,직원수,메디톡스|별도,740,명,DART OpenAPI,2026-09-30
2026Q2,기업,매출액,메디톡스|연결,68702321979,원,DART OpenAPI,2026-09-30
2026Q2,기업,매출총이익,메디톡스|연결,41073644179,원,DART OpenAPI,2026-09-30
2026Q2,기업,판관비,메디톡스|연결,36309011852,원,DART OpenAPI,2026-09-30
2026Q2,기업,영업이익,메디톡스|연결,4764632327,원,DART OpenAPI,2026-09-30
2026Q2,기업,당기순이익,메디톡스|연결,3127722615,원,DART OpenAPI,2026-09-30
2026Q2,기업,지배주주순이익,메디톡스|연결,3106683231,원,DART OpenAPI,2026-09-30
2026Q2,기업,재고자산,메디톡스|연결,39290379737,원,DART OpenAPI,2026-09-30
2026Q2,기업,매출채권,메디톡스|연결,66663625973,원,DART OpenAPI,2026-09-30
2026Q2,기업,계약부채,메디톡스|연결,780756370,원,DART OpenAPI,2026-09-30
2026Q2,기업,매출액,메디톡스|별도,59482438214,원,DART OpenAPI,2026-09-30
2026Q2,기업,매출총이익,메디톡스|별도,32041737835,원,DART OpenAPI,2026-09-30
2026Q2,기업,판관비,메디톡스|별도,33269217087,원,DART OpenAPI,2026-09-30
2026Q2,기업,영업이익,메디톡스|별도,-1227479252,원,DART OpenAPI,2026-09-30
2026Q2,기업,당기순이익,메디톡스|별도,-543651194,원,DART OpenAPI,2026-09-30
2026Q2,기업,재고자산,메디톡스|별도,36100302854,원,DART OpenAPI,2026-09-30
2026Q2,기업,매출채권,메디톡스|별도,64827034196,원,DART OpenAPI,2026-09-30
2026Q2,기업,계약부채,메디톡스|별도,780756370,원,DART OpenAPI,2026-09-30
2026Q2,기업,직원수,메디톡스|별도,749,명,DART OpenAPI,2026-09-30
