기준일,축,지표,구분,값,단위,출처,수집일
2021-01-04,밸류에이션,지수 종가,KOSPI,2944.45,pt,네이버 차트(기존 트래커 이관),2026-09-30
2021-01-05,밸류에이션,지수 종가,KOSPI,2990.57,pt,네이버 차트(기존 트래커 이관),2026-09-30
2021-01-06,밸류에이션,지수 종가,KOSPI,2968.21,pt,네이버 차트(기존 트래커 이관),2026-09-30
2021-01-07,밸류에이션,지수 종가,KOSPI,3031.68,pt,네이버 차트(기존 트래커 이관),2026-09-30
2021-01-08,밸류에이션,지수 종가,KOSPI,3152.18,pt,네이버 차트(기존 트래커 이관),2026-09-30
2021-01-11,밸류에이션,지수 종가,KOSPI,3148.45,pt,네이버 차트(기존 트래커 이관),2026-09-30
2021-01-12,밸류에이션,지수 종가,KOSPI,3125.95,pt,네이버 차트(기존 트래커 이관),2026-09-30
2021-01-13,밸류에이션,지수 종가,KOSPI,3148.29,pt,네이버 차트(기존 트래커 이관),2026-09-30
2021-01-14,밸류에이션,지수 종가,KOSPI,3149.93,pt,네이버 차트(기존 트래커 이관),2026-09-30
2021-01-15,밸류에이션,지수 종가,KOSPI,3085.9,pt,네이버 차트(기존 트래커 이관),2026-09-30
2021-01-18,밸류에이션,지수 종가,KOSPI,3013.93,pt,네이버 차트(기존 트래커 이관),2026-09-30
2021-01-19,밸류에이션,지수 종가,KOSPI,3092.66,pt,네이버 차트(기존 트래커 이관),2026-09-30
2021-01-20,밸류에이션,지수 종가,KOSPI,3114.55,pt,네이버 차트(기존 트래커 이관),2026-09-30
2021-01-21,밸류에이션,지수 종가,KOSPI,3160.84,pt,네이버 차트(기존 트래커 이관),2026-09-30
2021-01-22,밸류에이션,지수 종가,KOSPI,3140.63,pt,네이버 차트(기존 트래커 이관),2026-09-30
2021-01-25,밸류에이션,지수 종가,KOSPI,3208.99,pt,네이버 차트(기존 트래커 이관),2026-09-30
2021-01-26,밸류에이션,지수 종가,KOSPI,3140.31,pt,네이버 차트(기존 트래커 이관),2026-09-30
2021-01-27,밸류에이션,지수 종가,KOSPI,3122.56,pt,네이버 차트(기존 트래커 이관),2026-09-30
2021-01-28,밸류에이션,지수 종가,KOSPI,3069.05,pt,네이버 차트(기존 트래커 이관),2026-09-30
2021-01-29,밸류에이션,지수 종가,KOSPI,2976.21,pt,네이버 차트(기존 트래커 이관),2026-09-30
2021-02-01,밸류에이션,지수 종가,KOSPI,3056.53,pt,네이버 차트(기존 트래커 이관),2026-09-30
2021-02-02,밸류에이션,지수 종가,KOSPI,3096.81,pt,네이버 차트(기존 트래커 이관),2026-09-30
2021-02-03,밸류에이션,지수 종가,KOSPI,3129.68,pt,네이버 차트(기존 트래커 이관),2026-09-30
2021-02-04,밸류에이션,지수 종가,KOSPI,3087.55,pt,네이버 차트(기존 트래커 이관),2026-09-30
2021-02-05,밸류에이션,지수 종가,KOSPI,3120.63,pt,네이버 차트(기존 트래커 이관),2026-09-30
2021-02-08,밸류에이션,지수 종가,KOSPI,3091.24,pt,네이버 차트(기존 트래커 이관),2026-09-30
2021-02-09,밸류에이션,지수 종가,KOSPI,3084.67,pt,네이버 차트(기존 트래커 이관),2026-09-30
2021-02-10,밸류에이션,지수 종가,KOSPI,3100.58,pt,네이버 차트(기존 트래커 이관),2026-09-30
2021-02-15,밸류에이션,지수 종가,KOSPI,3147,pt,네이버 차트(기존 트래커 이관),2026-09-30
2021-02-16,밸류에이션,지수 종가,KOSPI,3163.25,pt,네이버 차트(기존 트래커 이관),2026-09-30
2021-02-17,밸류에이션,지수 종가,KOSPI,3133.73,pt,네이버 차트(기존 트래커 이관),2026-09-30
2021-02-18,밸류에이션,지수 종가,KOSPI,3086.66,pt,네이버 차트(기존 트래커 이관),2026-09-30
2021-02-19,밸류에이션,지수 종가,KOSPI,3107.62,pt,네이버 차트(기존 트래커 이관),2026-09-30
2021-02-22,밸류에이션,지수 종가,KOSPI,3079.75,pt,네이버 차트(기존 트래커 이관),2026-09-30
2021-02-23,밸류에이션,지수 종가,KOSPI,3070.09,pt,네이버 차트(기존 트래커 이관),2026-09-30
2021-02-24,밸류에이션,지수 종가,KOSPI,2994.98,pt,네이버 차트(기존 트래커 이관),2026-09-30
2021-02-25,밸류에이션,지수 종가,KOSPI,3099.69,pt,네이버 차트(기존 트래커 이관),2026-09-30
2021-02-26,밸류에이션,지수 종가,KOSPI,3012.95,pt,네이버 차트(기존 트래커 이관),2026-09-30
2021-03-02,밸류에이션,지수 종가,KOSPI,3043.87,pt,네이버 차트(기존 트래커 이관),2026-09-30
2021-03-03,밸류에이션,지수 종가,KOSPI,3082.99,pt,네이버 차트(기존 트래커 이관),2026-09-30
2021-03-04,밸류에이션,지수 종가,KOSPI,3043.49,pt,네이버 차트(기존 트래커 이관),2026-09-30
2021-03-05,밸류에이션,지수 종가,KOSPI,3026.26,pt,네이버 차트(기존 트래커 이관),2026-09-30
2021-03-08,밸류에이션,지수 종가,KOSPI,2996.11,pt,네이버 차트(기존 트래커 이관),2026-09-30
2021-03-09,밸류에이션,지수 종가,KOSPI,2976.12,pt,네이버 차트(기존 트래커 이관),2026-09-30
2021-03-10,밸류에이션,지수 종가,KOSPI,2958.12,pt,네이버 차트(기존 트래커 이관),2026-09-30
2021-03-11,밸류에이션,지수 종가,KOSPI,3013.7,pt,네이버 차트(기존 트래커 이관),2026-09-30
2021-03-12,밸류에이션,지수 종가,KOSPI,3054.39,pt,네이버 차트(기존 트래커 이관),2026-09-30
2021-03-15,밸류에이션,지수 종가,KOSPI,3045.71,pt,네이버 차트(기존 트래커 이관),2026-09-30
2021-03-16,밸류에이션,지수 종가,KOSPI,3067.17,pt,네이버 차트(기존 트래커 이관),2026-09-30
2021-03-17,밸류에이션,지수 종가,KOSPI,3047.5,pt,네이버 차트(기존 트래커 이관),2026-09-30
2021-03-18,밸류에이션,지수 종가,KOSPI,3066.01,pt,네이버 차트(기존 트래커 이관),2026-09-30
2021-03-19,밸류에이션,지수 종가,KOSPI,3039.53,pt,네이버 차트(기존 트래커 이관),2026-09-30
2021-03-22,밸류에이션,지수 종가,KOSPI,3035.46,pt,네이버 차트(기존 트래커 이관),2026-09-30
2021-03-23,밸류에이션,지수 종가,KOSPI,3004.74,pt,네이버 차트(기존 트래커 이관),2026-09-30
2021-03-24,밸류에이션,지수 종가,KOSPI,2996.35,pt,네이버 차트(기존 트래커 이관),2026-09-30
2021-03-25,밸류에이션,지수 종가,KOSPI,3008.33,pt,네이버 차트(기존 트래커 이관),2026-09-30
2021-03-26,밸류에이션,지수 종가,KOSPI,3041.01,pt,네이버 차트(기존 트래커 이관),2026-09-30
2021-03-29,밸류에이션,지수 종가,KOSPI,3036.04,pt,네이버 차트(기존 트래커 이관),2026-09-30
2021-03-30,밸류에이션,지수 종가,KOSPI,3070,pt,네이버 차트(기존 트래커 이관),2026-09-30
2021-03-31,밸류에이션,지수 종가,KOSPI,3061.42,pt,네이버 차트(기존 트래커 이관),2026-09-30
2021-04-01,밸류에이션,지수 종가,KOSPI,3087.4,pt,네이버 차트(기존 트래커 이관),2026-09-30
2021-04-02,밸류에이션,지수 종가,KOSPI,3112.8,pt,네이버 차트(기존 트래커 이관),2026-09-30
2021-04-05,밸류에이션,지수 종가,KOSPI,3120.83,pt,네이버 차트(기존 트래커 이관),2026-09-30
2021-04-06,밸류에이션,지수 종가,KOSPI,3127.08,pt,네이버 차트(기존 트래커 이관),2026-09-30
2021-04-07,밸류에이션,지수 종가,KOSPI,3137.41,pt,네이버 차트(기존 트래커 이관),2026-09-30
2021-04-08,밸류에이션,지수 종가,KOSPI,3143.26,pt,네이버 차트(기존 트래커 이관),2026-09-30
2021-04-09,밸류에이션,지수 종가,KOSPI,3131.88,pt,네이버 차트(기존 트래커 이관),2026-09-30
2021-04-12,밸류에이션,지수 종가,KOSPI,3135.59,pt,네이버 차트(기존 트래커 이관),2026-09-30
2021-04-13,밸류에이션,지수 종가,KOSPI,3169.08,pt,네이버 차트(기존 트래커 이관),2026-09-30
2021-04-14,밸류에이션,지수 종가,KOSPI,3182.38,pt,네이버 차트(기존 트래커 이관),2026-09-30
2021-04-15,밸류에이션,지수 종가,KOSPI,3194.33,pt,네이버 차트(기존 트래커 이관),2026-09-30
2021-04-16,밸류에이션,지수 종가,KOSPI,3198.62,pt,네이버 차트(기존 트래커 이관),2026-09-30
2021-04-19,밸류에이션,지수 종가,KOSPI,3198.84,pt,네이버 차트(기존 트래커 이관),2026-09-30
2021-04-20,밸류에이션,지수 종가,KOSPI,3220.7,pt,네이버 차트(기존 트래커 이관),2026-09-30
2021-04-21,밸류에이션,지수 종가,KOSPI,3171.66,pt,네이버 차트(기존 트래커 이관),2026-09-30
2021-04-22,밸류에이션,지수 종가,KOSPI,3177.52,pt,네이버 차트(기존 트래커 이관),2026-09-30
2021-04-23,밸류에이션,지수 종가,KOSPI,3186.1,pt,네이버 차트(기존 트래커 이관),2026-09-30
2021-04-26,밸류에이션,지수 종가,KOSPI,3217.53,pt,네이버 차트(기존 트래커 이관),2026-09-30
2021-04-27,밸류에이션,지수 종가,KOSPI,3215.42,pt,네이버 차트(기존 트래커 이관),2026-09-30
2021-04-28,밸류에이션,지수 종가,KOSPI,3181.47,pt,네이버 차트(기존 트래커 이관),2026-09-30
2021-04-29,밸류에이션,지수 종가,KOSPI,3174.07,pt,네이버 차트(기존 트래커 이관),2026-09-30
2021-04-30,밸류에이션,지수 종가,KOSPI,3147.86,pt,네이버 차트(기존 트래커 이관),2026-09-30
2021-05-03,밸류에이션,지수 종가,KOSPI,3127.2,pt,네이버 차트(기존 트래커 이관),2026-09-30
2021-05-04,밸류에이션,지수 종가,KOSPI,3147.37,pt,네이버 차트(기존 트래커 이관),2026-09-30
2021-05-06,밸류에이션,지수 종가,KOSPI,3178.74,pt,네이버 차트(기존 트래커 이관),2026-09-30
2021-05-07,밸류에이션,지수 종가,KOSPI,3197.2,pt,네이버 차트(기존 트래커 이관),2026-09-30
2021-05-10,밸류에이션,지수 종가,KOSPI,3249.3,pt,네이버 차트(기존 트래커 이관),2026-09-30
2021-05-11,밸류에이션,지수 종가,KOSPI,3209.43,pt,네이버 차트(기존 트래커 이관),2026-09-30
2021-05-12,밸류에이션,지수 종가,KOSPI,3161.66,pt,네이버 차트(기존 트래커 이관),2026-09-30
2021-05-13,밸류에이션,지수 종가,KOSPI,3122.11,pt,네이버 차트(기존 트래커 이관),2026-09-30
2021-05-14,밸류에이션,지수 종가,KOSPI,3153.32,pt,네이버 차트(기존 트래커 이관),2026-09-30
2021-05-17,밸류에이션,지수 종가,KOSPI,3134.52,pt,네이버 차트(기존 트래커 이관),2026-09-30
2021-05-18,밸류에이션,지수 종가,KOSPI,3173.05,pt,네이버 차트(기존 트래커 이관),2026-09-30
2021-05-20,밸류에이션,지수 종가,KOSPI,3162.28,pt,네이버 차트(기존 트래커 이관),2026-09-30
2021-05-21,밸류에이션,지수 종가,KOSPI,3156.42,pt,네이버 차트(기존 트래커 이관),2026-09-30
2021-05-24,밸류에이션,지수 종가,KOSPI,3144.3,pt,네이버 차트(기존 트래커 이관),2026-09-30
2021-05-25,밸류에이션,지수 종가,KOSPI,3171.32,pt,네이버 차트(기존 트래커 이관),2026-09-30
2021-05-26,밸류에이션,지수 종가,KOSPI,3168.43,pt,네이버 차트(기존 트래커 이관),2026-09-30
2021-05-27,밸류에이션,지수 종가,KOSPI,3165.51,pt,네이버 차트(기존 트래커 이관),2026-09-30
2021-05-28,밸류에이션,지수 종가,KOSPI,3188.73,pt,네이버 차트(기존 트래커 이관),2026-09-30
2021-05-31,밸류에이션,지수 종가,KOSPI,3203.92,pt,네이버 차트(기존 트래커 이관),2026-09-30
2021-06-01,밸류에이션,지수 종가,KOSPI,3221.87,pt,네이버 차트(기존 트래커 이관),2026-09-30
2021-06-02,밸류에이션,지수 종가,KOSPI,3224.23,pt,네이버 차트(기존 트래커 이관),2026-09-30
2021-06-03,밸류에이션,지수 종가,KOSPI,3247.43,pt,네이버 차트(기존 트래커 이관),2026-09-30
2021-06-04,밸류에이션,지수 종가,KOSPI,3240.08,pt,네이버 차트(기존 트래커 이관),2026-09-30
2021-06-07,밸류에이션,지수 종가,KOSPI,3252.12,pt,네이버 차트(기존 트래커 이관),2026-09-30
2021-06-08,밸류에이션,지수 종가,KOSPI,3247.83,pt,네이버 차트(기존 트래커 이관),2026-09-30
2021-06-09,밸류에이션,지수 종가,KOSPI,3216.18,pt,네이버 차트(기존 트래커 이관),2026-09-30
2021-06-10,밸류에이션,지수 종가,KOSPI,3224.64,pt,네이버 차트(기존 트래커 이관),2026-09-30
2021-06-11,밸류에이션,지수 종가,KOSPI,3249.32,pt,네이버 차트(기존 트래커 이관),2026-09-30
2021-06-14,밸류에이션,지수 종가,KOSPI,3252.13,pt,네이버 차트(기존 트래커 이관),2026-09-30
2021-06-15,밸류에이션,지수 종가,KOSPI,3258.63,pt,네이버 차트(기존 트래커 이관),2026-09-30
2021-06-16,밸류에이션,지수 종가,KOSPI,3278.68,pt,네이버 차트(기존 트래커 이관),2026-09-30
2021-06-17,밸류에이션,지수 종가,KOSPI,3264.96,pt,네이버 차트(기존 트래커 이관),2026-09-30
2021-06-18,밸류에이션,지수 종가,KOSPI,3267.93,pt,네이버 차트(기존 트래커 이관),2026-09-30
2021-06-21,밸류에이션,지수 종가,KOSPI,3240.79,pt,네이버 차트(기존 트래커 이관),2026-09-30
2021-06-22,밸류에이션,지수 종가,KOSPI,3263.88,pt,네이버 차트(기존 트래커 이관),2026-09-30
2021-06-23,밸류에이션,지수 종가,KOSPI,3276.19,pt,네이버 차트(기존 트래커 이관),2026-09-30
2021-06-24,밸류에이션,지수 종가,KOSPI,3286.1,pt,네이버 차트(기존 트래커 이관),2026-09-30
2021-06-25,밸류에이션,지수 종가,KOSPI,3302.84,pt,네이버 차트(기존 트래커 이관),2026-09-30
2021-06-28,밸류에이션,지수 종가,KOSPI,3301.89,pt,네이버 차트(기존 트래커 이관),2026-09-30
2021-06-29,밸류에이션,지수 종가,KOSPI,3286.68,pt,네이버 차트(기존 트래커 이관),2026-09-30
2021-06-30,밸류에이션,지수 종가,KOSPI,3296.68,pt,네이버 차트(기존 트래커 이관),2026-09-30
2021-07-01,밸류에이션,지수 종가,KOSPI,3282.06,pt,네이버 차트(기존 트래커 이관),2026-09-30
2021-07-02,밸류에이션,지수 종가,KOSPI,3281.78,pt,네이버 차트(기존 트래커 이관),2026-09-30
2021-07-05,밸류에이션,지수 종가,KOSPI,3293.21,pt,네이버 차트(기존 트래커 이관),2026-09-30
2021-07-06,밸류에이션,지수 종가,KOSPI,3305.21,pt,네이버 차트(기존 트래커 이관),2026-09-30
2021-07-07,밸류에이션,지수 종가,KOSPI,3285.34,pt,네이버 차트(기존 트래커 이관),2026-09-30
2021-07-08,밸류에이션,지수 종가,KOSPI,3252.68,pt,네이버 차트(기존 트래커 이관),2026-09-30
2021-07-09,밸류에이션,지수 종가,KOSPI,3217.95,pt,네이버 차트(기존 트래커 이관),2026-09-30
2021-07-12,밸류에이션,지수 종가,KOSPI,3246.47,pt,네이버 차트(기존 트래커 이관),2026-09-30
2021-07-13,밸류에이션,지수 종가,KOSPI,3271.38,pt,네이버 차트(기존 트래커 이관),2026-09-30
2021-07-14,밸류에이션,지수 종가,KOSPI,3264.81,pt,네이버 차트(기존 트래커 이관),2026-09-30
2021-07-15,밸류에이션,지수 종가,KOSPI,3286.22,pt,네이버 차트(기존 트래커 이관),2026-09-30
2021-07-16,밸류에이션,지수 종가,KOSPI,3276.91,pt,네이버 차트(기존 트래커 이관),2026-09-30
2021-07-19,밸류에이션,지수 종가,KOSPI,3244.04,pt,네이버 차트(기존 트래커 이관),2026-09-30
2021-07-20,밸류에이션,지수 종가,KOSPI,3232.7,pt,네이버 차트(기존 트래커 이관),2026-09-30
2021-07-21,밸류에이션,지수 종가,KOSPI,3215.91,pt,네이버 차트(기존 트래커 이관),2026-09-30
2021-07-22,밸류에이션,지수 종가,KOSPI,3250.21,pt,네이버 차트(기존 트래커 이관),2026-09-30
2021-07-23,밸류에이션,지수 종가,KOSPI,3254.42,pt,네이버 차트(기존 트래커 이관),2026-09-30
2021-07-26,밸류에이션,지수 종가,KOSPI,3224.95,pt,네이버 차트(기존 트래커 이관),2026-09-30
2021-07-27,밸류에이션,지수 종가,KOSPI,3232.53,pt,네이버 차트(기존 트래커 이관),2026-09-30
2021-07-28,밸류에이션,지수 종가,KOSPI,3236.86,pt,네이버 차트(기존 트래커 이관),2026-09-30
2021-07-29,밸류에이션,지수 종가,KOSPI,3242.65,pt,네이버 차트(기존 트래커 이관),2026-09-30
2021-07-30,밸류에이션,지수 종가,KOSPI,3202.32,pt,네이버 차트(기존 트래커 이관),2026-09-30
2021-08-02,밸류에이션,지수 종가,KOSPI,3223.04,pt,네이버 차트(기존 트래커 이관),2026-09-30
2021-08-03,밸류에이션,지수 종가,KOSPI,3237.14,pt,네이버 차트(기존 트래커 이관),2026-09-30
2021-08-04,밸류에이션,지수 종가,KOSPI,3280.38,pt,네이버 차트(기존 트래커 이관),2026-09-30
2021-08-05,밸류에이션,지수 종가,KOSPI,3276.13,pt,네이버 차트(기존 트래커 이관),2026-09-30
2021-08-06,밸류에이션,지수 종가,KOSPI,3270.36,pt,네이버 차트(기존 트래커 이관),2026-09-30
2021-08-09,밸류에이션,지수 종가,KOSPI,3260.42,pt,네이버 차트(기존 트래커 이관),2026-09-30
2021-08-10,밸류에이션,지수 종가,KOSPI,3243.19,pt,네이버 차트(기존 트래커 이관),2026-09-30
2021-08-11,밸류에이션,지수 종가,KOSPI,3220.62,pt,네이버 차트(기존 트래커 이관),2026-09-30
2021-08-12,밸류에이션,지수 종가,KOSPI,3208.38,pt,네이버 차트(기존 트래커 이관),2026-09-30
2021-08-13,밸류에이션,지수 종가,KOSPI,3171.29,pt,네이버 차트(기존 트래커 이관),2026-09-30
2021-08-17,밸류에이션,지수 종가,KOSPI,3143.09,pt,네이버 차트(기존 트래커 이관),2026-09-30
2021-08-18,밸류에이션,지수 종가,KOSPI,3158.93,pt,네이버 차트(기존 트래커 이관),2026-09-30
2021-08-19,밸류에이션,지수 종가,KOSPI,3097.83,pt,네이버 차트(기존 트래커 이관),2026-09-30
2021-08-20,밸류에이션,지수 종가,KOSPI,3060.51,pt,네이버 차트(기존 트래커 이관),2026-09-30
2021-08-23,밸류에이션,지수 종가,KOSPI,3090.21,pt,네이버 차트(기존 트래커 이관),2026-09-30
2021-08-24,밸류에이션,지수 종가,KOSPI,3138.3,pt,네이버 차트(기존 트래커 이관),2026-09-30
2021-08-25,밸류에이션,지수 종가,KOSPI,3146.81,pt,네이버 차트(기존 트래커 이관),2026-09-30
2021-08-26,밸류에이션,지수 종가,KOSPI,3128.53,pt,네이버 차트(기존 트래커 이관),2026-09-30
2021-08-27,밸류에이션,지수 종가,KOSPI,3133.9,pt,네이버 차트(기존 트래커 이관),2026-09-30
2021-08-30,밸류에이션,지수 종가,KOSPI,3144.19,pt,네이버 차트(기존 트래커 이관),2026-09-30
2021-08-31,밸류에이션,지수 종가,KOSPI,3199.27,pt,네이버 차트(기존 트래커 이관),2026-09-30
2021-09-01,밸류에이션,지수 종가,KOSPI,3207.02,pt,네이버 차트(기존 트래커 이관),2026-09-30
2021-09-02,밸류에이션,지수 종가,KOSPI,3175.85,pt,네이버 차트(기존 트래커 이관),2026-09-30
2021-09-03,밸류에이션,지수 종가,KOSPI,3201.06,pt,네이버 차트(기존 트래커 이관),2026-09-30
2021-09-06,밸류에이션,지수 종가,KOSPI,3203.33,pt,네이버 차트(기존 트래커 이관),2026-09-30
2021-09-07,밸류에이션,지수 종가,KOSPI,3187.42,pt,네이버 차트(기존 트래커 이관),2026-09-30
2021-09-08,밸류에이션,지수 종가,KOSPI,3162.99,pt,네이버 차트(기존 트래커 이관),2026-09-30
2021-09-09,밸류에이션,지수 종가,KOSPI,3114.7,pt,네이버 차트(기존 트래커 이관),2026-09-30
2021-09-10,밸류에이션,지수 종가,KOSPI,3125.76,pt,네이버 차트(기존 트래커 이관),2026-09-30
2021-09-13,밸류에이션,지수 종가,KOSPI,3127.86,pt,네이버 차트(기존 트래커 이관),2026-09-30
2021-09-14,밸류에이션,지수 종가,KOSPI,3148.83,pt,네이버 차트(기존 트래커 이관),2026-09-30
2021-09-15,밸류에이션,지수 종가,KOSPI,3153.4,pt,네이버 차트(기존 트래커 이관),2026-09-30
2021-09-16,밸류에이션,지수 종가,KOSPI,3130.09,pt,네이버 차트(기존 트래커 이관),2026-09-30
2021-09-17,밸류에이션,지수 종가,KOSPI,3140.51,pt,네이버 차트(기존 트래커 이관),2026-09-30
2021-09-23,밸류에이션,지수 종가,KOSPI,3127.58,pt,네이버 차트(기존 트래커 이관),2026-09-30
2021-09-24,밸류에이션,지수 종가,KOSPI,3125.24,pt,네이버 차트(기존 트래커 이관),2026-09-30
2021-09-27,밸류에이션,지수 종가,KOSPI,3133.64,pt,네이버 차트(기존 트래커 이관),2026-09-30
2021-09-28,밸류에이션,지수 종가,KOSPI,3097.92,pt,네이버 차트(기존 트래커 이관),2026-09-30
2021-09-29,밸류에이션,지수 종가,KOSPI,3060.27,pt,네이버 차트(기존 트래커 이관),2026-09-30
2021-09-30,밸류에이션,지수 종가,KOSPI,3068.82,pt,네이버 차트(기존 트래커 이관),2026-09-30
2021-10-01,밸류에이션,지수 종가,KOSPI,3019.18,pt,네이버 차트(기존 트래커 이관),2026-09-30
2021-10-05,밸류에이션,지수 종가,KOSPI,2962.17,pt,네이버 차트(기존 트래커 이관),2026-09-30
2021-10-06,밸류에이션,지수 종가,KOSPI,2908.31,pt,네이버 차트(기존 트래커 이관),2026-09-30
2021-10-07,밸류에이션,지수 종가,KOSPI,2959.46,pt,네이버 차트(기존 트래커 이관),2026-09-30
2021-10-08,밸류에이션,지수 종가,KOSPI,2956.3,pt,네이버 차트(기존 트래커 이관),2026-09-30
2021-10-12,밸류에이션,지수 종가,KOSPI,2916.38,pt,네이버 차트(기존 트래커 이관),2026-09-30
2021-10-13,밸류에이션,지수 종가,KOSPI,2944.41,pt,네이버 차트(기존 트래커 이관),2026-09-30
2021-10-14,밸류에이션,지수 종가,KOSPI,2988.64,pt,네이버 차트(기존 트래커 이관),2026-09-30
2021-10-15,밸류에이션,지수 종가,KOSPI,3015.06,pt,네이버 차트(기존 트래커 이관),2026-09-30
2021-10-18,밸류에이션,지수 종가,KOSPI,3006.68,pt,네이버 차트(기존 트래커 이관),2026-09-30
2021-10-19,밸류에이션,지수 종가,KOSPI,3029.04,pt,네이버 차트(기존 트래커 이관),2026-09-30
2021-10-20,밸류에이션,지수 종가,KOSPI,3013.13,pt,네이버 차트(기존 트래커 이관),2026-09-30
2021-10-21,밸류에이션,지수 종가,KOSPI,3007.33,pt,네이버 차트(기존 트래커 이관),2026-09-30
2021-10-22,밸류에이션,지수 종가,KOSPI,3006.16,pt,네이버 차트(기존 트래커 이관),2026-09-30
2021-10-25,밸류에이션,지수 종가,KOSPI,3020.54,pt,네이버 차트(기존 트래커 이관),2026-09-30
2021-10-26,밸류에이션,지수 종가,KOSPI,3049.08,pt,네이버 차트(기존 트래커 이관),2026-09-30
2021-10-27,밸류에이션,지수 종가,KOSPI,3025.49,pt,네이버 차트(기존 트래커 이관),2026-09-30
2021-10-28,밸류에이션,지수 종가,KOSPI,3009.55,pt,네이버 차트(기존 트래커 이관),2026-09-30
2021-10-29,밸류에이션,지수 종가,KOSPI,2970.68,pt,네이버 차트(기존 트래커 이관),2026-09-30
2021-11-01,밸류에이션,지수 종가,KOSPI,2978.94,pt,네이버 차트(기존 트래커 이관),2026-09-30
2021-11-02,밸류에이션,지수 종가,KOSPI,3013.49,pt,네이버 차트(기존 트래커 이관),2026-09-30
2021-11-03,밸류에이션,지수 종가,KOSPI,2975.71,pt,네이버 차트(기존 트래커 이관),2026-09-30
2021-11-04,밸류에이션,지수 종가,KOSPI,2983.22,pt,네이버 차트(기존 트래커 이관),2026-09-30
2021-11-05,밸류에이션,지수 종가,KOSPI,2969.27,pt,네이버 차트(기존 트래커 이관),2026-09-30
2021-11-08,밸류에이션,지수 종가,KOSPI,2960.2,pt,네이버 차트(기존 트래커 이관),2026-09-30
2021-11-09,밸류에이션,지수 종가,KOSPI,2962.46,pt,네이버 차트(기존 트래커 이관),2026-09-30
2021-11-10,밸류에이션,지수 종가,KOSPI,2930.17,pt,네이버 차트(기존 트래커 이관),2026-09-30
2021-11-11,밸류에이션,지수 종가,KOSPI,2924.92,pt,네이버 차트(기존 트래커 이관),2026-09-30
2021-11-12,밸류에이션,지수 종가,KOSPI,2968.8,pt,네이버 차트(기존 트래커 이관),2026-09-30
2021-11-15,밸류에이션,지수 종가,KOSPI,2999.52,pt,네이버 차트(기존 트래커 이관),2026-09-30
2021-11-16,밸류에이션,지수 종가,KOSPI,2997.21,pt,네이버 차트(기존 트래커 이관),2026-09-30
2021-11-17,밸류에이션,지수 종가,KOSPI,2962.42,pt,네이버 차트(기존 트래커 이관),2026-09-30
2021-11-18,밸류에이션,지수 종가,KOSPI,2947.38,pt,네이버 차트(기존 트래커 이관),2026-09-30
2021-11-19,밸류에이션,지수 종가,KOSPI,2971.02,pt,네이버 차트(기존 트래커 이관),2026-09-30
2021-11-22,밸류에이션,지수 종가,KOSPI,3013.25,pt,네이버 차트(기존 트래커 이관),2026-09-30
2021-11-23,밸류에이션,지수 종가,KOSPI,2997.33,pt,네이버 차트(기존 트래커 이관),2026-09-30
2021-11-24,밸류에이션,지수 종가,KOSPI,2994.29,pt,네이버 차트(기존 트래커 이관),2026-09-30
2021-11-25,밸류에이션,지수 종가,KOSPI,2980.27,pt,네이버 차트(기존 트래커 이관),2026-09-30
2021-11-26,밸류에이션,지수 종가,KOSPI,2936.44,pt,네이버 차트(기존 트래커 이관),2026-09-30
2021-11-29,밸류에이션,지수 종가,KOSPI,2909.32,pt,네이버 차트(기존 트래커 이관),2026-09-30
2021-11-30,밸류에이션,지수 종가,KOSPI,2839.01,pt,네이버 차트(기존 트래커 이관),2026-09-30
2021-12-01,밸류에이션,지수 종가,KOSPI,2899.72,pt,네이버 차트(기존 트래커 이관),2026-09-30
2021-12-02,밸류에이션,지수 종가,KOSPI,2945.27,pt,네이버 차트(기존 트래커 이관),2026-09-30
2021-12-03,밸류에이션,지수 종가,KOSPI,2968.33,pt,네이버 차트(기존 트래커 이관),2026-09-30
2021-12-06,밸류에이션,지수 종가,KOSPI,2973.25,pt,네이버 차트(기존 트래커 이관),2026-09-30
2021-12-07,밸류에이션,지수 종가,KOSPI,2991.72,pt,네이버 차트(기존 트래커 이관),2026-09-30
2021-12-08,밸류에이션,지수 종가,KOSPI,3001.8,pt,네이버 차트(기존 트래커 이관),2026-09-30
2021-12-09,밸류에이션,지수 종가,KOSPI,3029.57,pt,네이버 차트(기존 트래커 이관),2026-09-30
2021-12-10,밸류에이션,지수 종가,KOSPI,3010.23,pt,네이버 차트(기존 트래커 이관),2026-09-30
2021-12-13,밸류에이션,지수 종가,KOSPI,3001.66,pt,네이버 차트(기존 트래커 이관),2026-09-30
2021-12-14,밸류에이션,지수 종가,KOSPI,2987.95,pt,네이버 차트(기존 트래커 이관),2026-09-30
2021-12-15,밸류에이션,지수 종가,KOSPI,2989.39,pt,네이버 차트(기존 트래커 이관),2026-09-30
2021-12-16,밸류에이션,지수 종가,KOSPI,3006.41,pt,네이버 차트(기존 트래커 이관),2026-09-30
2021-12-17,밸류에이션,지수 종가,KOSPI,3017.73,pt,네이버 차트(기존 트래커 이관),2026-09-30
2021-12-20,밸류에이션,지수 종가,KOSPI,2963,pt,네이버 차트(기존 트래커 이관),2026-09-30
2021-12-21,밸류에이션,지수 종가,KOSPI,2975.03,pt,네이버 차트(기존 트래커 이관),2026-09-30
2021-12-22,밸류에이션,지수 종가,KOSPI,2984.48,pt,네이버 차트(기존 트래커 이관),2026-09-30
2021-12-23,밸류에이션,지수 종가,KOSPI,2998.17,pt,네이버 차트(기존 트래커 이관),2026-09-30
2021-12-24,밸류에이션,지수 종가,KOSPI,3012.43,pt,네이버 차트(기존 트래커 이관),2026-09-30
2021-12-27,밸류에이션,지수 종가,KOSPI,2999.55,pt,네이버 차트(기존 트래커 이관),2026-09-30
2021-12-28,밸류에이션,지수 종가,KOSPI,3020.24,pt,네이버 차트(기존 트래커 이관),2026-09-30
2021-12-29,밸류에이션,지수 종가,KOSPI,2993.29,pt,네이버 차트(기존 트래커 이관),2026-09-30
2021-12-30,밸류에이션,지수 종가,KOSPI,2977.65,pt,네이버 차트(기존 트래커 이관),2026-09-30
2022-01-03,밸류에이션,지수 종가,KOSPI,2988.77,pt,네이버 차트(기존 트래커 이관),2026-09-30
2022-01-04,밸류에이션,지수 종가,KOSPI,2989.24,pt,네이버 차트(기존 트래커 이관),2026-09-30
2022-01-05,밸류에이션,지수 종가,KOSPI,2953.97,pt,네이버 차트(기존 트래커 이관),2026-09-30
2022-01-06,밸류에이션,지수 종가,KOSPI,2920.53,pt,네이버 차트(기존 트래커 이관),2026-09-30
2022-01-07,밸류에이션,지수 종가,KOSPI,2954.89,pt,네이버 차트(기존 트래커 이관),2026-09-30
2022-01-10,밸류에이션,지수 종가,KOSPI,2926.72,pt,네이버 차트(기존 트래커 이관),2026-09-30
2022-01-11,밸류에이션,지수 종가,KOSPI,2927.38,pt,네이버 차트(기존 트래커 이관),2026-09-30
2022-01-12,밸류에이션,지수 종가,KOSPI,2972.48,pt,네이버 차트(기존 트래커 이관),2026-09-30
2022-01-13,밸류에이션,지수 종가,KOSPI,2962.09,pt,네이버 차트(기존 트래커 이관),2026-09-30
2022-01-14,밸류에이션,지수 종가,KOSPI,2921.92,pt,네이버 차트(기존 트래커 이관),2026-09-30
2022-01-17,밸류에이션,지수 종가,KOSPI,2890.1,pt,네이버 차트(기존 트래커 이관),2026-09-30
2022-01-18,밸류에이션,지수 종가,KOSPI,2864.24,pt,네이버 차트(기존 트래커 이관),2026-09-30
2022-01-19,밸류에이션,지수 종가,KOSPI,2842.28,pt,네이버 차트(기존 트래커 이관),2026-09-30
2022-01-20,밸류에이션,지수 종가,KOSPI,2862.68,pt,네이버 차트(기존 트래커 이관),2026-09-30
2022-01-21,밸류에이션,지수 종가,KOSPI,2834.29,pt,네이버 차트(기존 트래커 이관),2026-09-30
2022-01-24,밸류에이션,지수 종가,KOSPI,2792,pt,네이버 차트(기존 트래커 이관),2026-09-30
2022-01-25,밸류에이션,지수 종가,KOSPI,2720.39,pt,네이버 차트(기존 트래커 이관),2026-09-30
2022-01-26,밸류에이션,지수 종가,KOSPI,2709.24,pt,네이버 차트(기존 트래커 이관),2026-09-30
2022-01-27,밸류에이션,지수 종가,KOSPI,2614.49,pt,네이버 차트(기존 트래커 이관),2026-09-30
2022-01-28,밸류에이션,지수 종가,KOSPI,2663.34,pt,네이버 차트(기존 트래커 이관),2026-09-30
2022-02-03,밸류에이션,지수 종가,KOSPI,2707.82,pt,네이버 차트(기존 트래커 이관),2026-09-30
2022-02-04,밸류에이션,지수 종가,KOSPI,2750.26,pt,네이버 차트(기존 트래커 이관),2026-09-30
2022-02-07,밸류에이션,지수 종가,KOSPI,2745.06,pt,네이버 차트(기존 트래커 이관),2026-09-30
2022-02-08,밸류에이션,지수 종가,KOSPI,2746.47,pt,네이버 차트(기존 트래커 이관),2026-09-30
2022-02-09,밸류에이션,지수 종가,KOSPI,2768.85,pt,네이버 차트(기존 트래커 이관),2026-09-30
2022-02-10,밸류에이션,지수 종가,KOSPI,2771.93,pt,네이버 차트(기존 트래커 이관),2026-09-30
2022-02-11,밸류에이션,지수 종가,KOSPI,2747.71,pt,네이버 차트(기존 트래커 이관),2026-09-30
2022-02-14,밸류에이션,지수 종가,KOSPI,2704.48,pt,네이버 차트(기존 트래커 이관),2026-09-30
2022-02-15,밸류에이션,지수 종가,KOSPI,2676.54,pt,네이버 차트(기존 트래커 이관),2026-09-30
2022-02-16,밸류에이션,지수 종가,KOSPI,2729.68,pt,네이버 차트(기존 트래커 이관),2026-09-30
2022-02-17,밸류에이션,지수 종가,KOSPI,2744.09,pt,네이버 차트(기존 트래커 이관),2026-09-30
2022-02-18,밸류에이션,지수 종가,KOSPI,2744.52,pt,네이버 차트(기존 트래커 이관),2026-09-30
2022-02-21,밸류에이션,지수 종가,KOSPI,2743.8,pt,네이버 차트(기존 트래커 이관),2026-09-30
2022-02-22,밸류에이션,지수 종가,KOSPI,2706.79,pt,네이버 차트(기존 트래커 이관),2026-09-30
2022-02-23,밸류에이션,지수 종가,KOSPI,2719.53,pt,네이버 차트(기존 트래커 이관),2026-09-30
2022-02-24,밸류에이션,지수 종가,KOSPI,2648.8,pt,네이버 차트(기존 트래커 이관),2026-09-30
2022-02-25,밸류에이션,지수 종가,KOSPI,2676.76,pt,네이버 차트(기존 트래커 이관),2026-09-30
2022-02-28,밸류에이션,지수 종가,KOSPI,2699.18,pt,네이버 차트(기존 트래커 이관),2026-09-30
2022-03-02,밸류에이션,지수 종가,KOSPI,2703.52,pt,네이버 차트(기존 트래커 이관),2026-09-30
2022-03-03,밸류에이션,지수 종가,KOSPI,2747.08,pt,네이버 차트(기존 트래커 이관),2026-09-30
2022-03-04,밸류에이션,지수 종가,KOSPI,2713.43,pt,네이버 차트(기존 트래커 이관),2026-09-30
2022-03-07,밸류에이션,지수 종가,KOSPI,2651.31,pt,네이버 차트(기존 트래커 이관),2026-09-30
2022-03-08,밸류에이션,지수 종가,KOSPI,2622.4,pt,네이버 차트(기존 트래커 이관),2026-09-30
2022-03-10,밸류에이션,지수 종가,KOSPI,2680.32,pt,네이버 차트(기존 트래커 이관),2026-09-30
2022-03-11,밸류에이션,지수 종가,KOSPI,2661.28,pt,네이버 차트(기존 트래커 이관),2026-09-30
2022-03-14,밸류에이션,지수 종가,KOSPI,2645.65,pt,네이버 차트(기존 트래커 이관),2026-09-30
2022-03-15,밸류에이션,지수 종가,KOSPI,2621.53,pt,네이버 차트(기존 트래커 이관),2026-09-30
2022-03-16,밸류에이션,지수 종가,KOSPI,2659.23,pt,네이버 차트(기존 트래커 이관),2026-09-30
2022-03-17,밸류에이션,지수 종가,KOSPI,2694.51,pt,네이버 차트(기존 트래커 이관),2026-09-30
2022-03-18,밸류에이션,지수 종가,KOSPI,2707.02,pt,네이버 차트(기존 트래커 이관),2026-09-30
2022-03-21,밸류에이션,지수 종가,KOSPI,2686.05,pt,네이버 차트(기존 트래커 이관),2026-09-30
2022-03-22,밸류에이션,지수 종가,KOSPI,2710,pt,네이버 차트(기존 트래커 이관),2026-09-30
2022-03-23,밸류에이션,지수 종가,KOSPI,2735.05,pt,네이버 차트(기존 트래커 이관),2026-09-30
2022-03-24,밸류에이션,지수 종가,KOSPI,2729.66,pt,네이버 차트(기존 트래커 이관),2026-09-30
2022-03-25,밸류에이션,지수 종가,KOSPI,2729.98,pt,네이버 차트(기존 트래커 이관),2026-09-30
2022-03-28,밸류에이션,지수 종가,KOSPI,2729.56,pt,네이버 차트(기존 트래커 이관),2026-09-30
2022-03-29,밸류에이션,지수 종가,KOSPI,2741.07,pt,네이버 차트(기존 트래커 이관),2026-09-30
2022-03-30,밸류에이션,지수 종가,KOSPI,2746.74,pt,네이버 차트(기존 트래커 이관),2026-09-30
2022-03-31,밸류에이션,지수 종가,KOSPI,2757.65,pt,네이버 차트(기존 트래커 이관),2026-09-30
2022-04-01,밸류에이션,지수 종가,KOSPI,2739.85,pt,네이버 차트(기존 트래커 이관),2026-09-30
2022-04-04,밸류에이션,지수 종가,KOSPI,2757.9,pt,네이버 차트(기존 트래커 이관),2026-09-30
2022-04-05,밸류에이션,지수 종가,KOSPI,2759.2,pt,네이버 차트(기존 트래커 이관),2026-09-30
2022-04-06,밸류에이션,지수 종가,KOSPI,2735.03,pt,네이버 차트(기존 트래커 이관),2026-09-30
2022-04-07,밸류에이션,지수 종가,KOSPI,2695.86,pt,네이버 차트(기존 트래커 이관),2026-09-30
2022-04-08,밸류에이션,지수 종가,KOSPI,2700.39,pt,네이버 차트(기존 트래커 이관),2026-09-30
2022-04-11,밸류에이션,지수 종가,KOSPI,2693.1,pt,네이버 차트(기존 트래커 이관),2026-09-30
2022-04-12,밸류에이션,지수 종가,KOSPI,2666.76,pt,네이버 차트(기존 트래커 이관),2026-09-30
2022-04-13,밸류에이션,지수 종가,KOSPI,2716.49,pt,네이버 차트(기존 트래커 이관),2026-09-30
2022-04-14,밸류에이션,지수 종가,KOSPI,2716.71,pt,네이버 차트(기존 트래커 이관),2026-09-30
2022-04-15,밸류에이션,지수 종가,KOSPI,2696.06,pt,네이버 차트(기존 트래커 이관),2026-09-30
2022-04-18,밸류에이션,지수 종가,KOSPI,2693.21,pt,네이버 차트(기존 트래커 이관),2026-09-30
2022-04-19,밸류에이션,지수 종가,KOSPI,2718.89,pt,네이버 차트(기존 트래커 이관),2026-09-30
2022-04-20,밸류에이션,지수 종가,KOSPI,2718.69,pt,네이버 차트(기존 트래커 이관),2026-09-30
2022-04-21,밸류에이션,지수 종가,KOSPI,2728.21,pt,네이버 차트(기존 트래커 이관),2026-09-30
2022-04-22,밸류에이션,지수 종가,KOSPI,2704.71,pt,네이버 차트(기존 트래커 이관),2026-09-30
2022-04-25,밸류에이션,지수 종가,KOSPI,2657.13,pt,네이버 차트(기존 트래커 이관),2026-09-30
2022-04-26,밸류에이션,지수 종가,KOSPI,2668.31,pt,네이버 차트(기존 트래커 이관),2026-09-30
2022-04-27,밸류에이션,지수 종가,KOSPI,2639.06,pt,네이버 차트(기존 트래커 이관),2026-09-30
2022-04-28,밸류에이션,지수 종가,KOSPI,2667.49,pt,네이버 차트(기존 트래커 이관),2026-09-30
2022-04-29,밸류에이션,지수 종가,KOSPI,2695.05,pt,네이버 차트(기존 트래커 이관),2026-09-30
2022-05-02,밸류에이션,지수 종가,KOSPI,2687.45,pt,네이버 차트(기존 트래커 이관),2026-09-30
2022-05-03,밸류에이션,지수 종가,KOSPI,2680.46,pt,네이버 차트(기존 트래커 이관),2026-09-30
2022-05-04,밸류에이션,지수 종가,KOSPI,2677.57,pt,네이버 차트(기존 트래커 이관),2026-09-30
2022-05-06,밸류에이션,지수 종가,KOSPI,2644.51,pt,네이버 차트(기존 트래커 이관),2026-09-30
2022-05-09,밸류에이션,지수 종가,KOSPI,2610.81,pt,네이버 차트(기존 트래커 이관),2026-09-30
2022-05-10,밸류에이션,지수 종가,KOSPI,2596.56,pt,네이버 차트(기존 트래커 이관),2026-09-30
2022-05-11,밸류에이션,지수 종가,KOSPI,2592.27,pt,네이버 차트(기존 트래커 이관),2026-09-30
2022-05-12,밸류에이션,지수 종가,KOSPI,2550.08,pt,네이버 차트(기존 트래커 이관),2026-09-30
2022-05-13,밸류에이션,지수 종가,KOSPI,2604.24,pt,네이버 차트(기존 트래커 이관),2026-09-30
2022-05-16,밸류에이션,지수 종가,KOSPI,2596.58,pt,네이버 차트(기존 트래커 이관),2026-09-30
2022-05-17,밸류에이션,지수 종가,KOSPI,2620.44,pt,네이버 차트(기존 트래커 이관),2026-09-30
2022-05-18,밸류에이션,지수 종가,KOSPI,2625.98,pt,네이버 차트(기존 트래커 이관),2026-09-30
2022-05-19,밸류에이션,지수 종가,KOSPI,2592.34,pt,네이버 차트(기존 트래커 이관),2026-09-30
2022-05-20,밸류에이션,지수 종가,KOSPI,2639.29,pt,네이버 차트(기존 트래커 이관),2026-09-30
2022-05-23,밸류에이션,지수 종가,KOSPI,2647.38,pt,네이버 차트(기존 트래커 이관),2026-09-30
2022-05-24,밸류에이션,지수 종가,KOSPI,2605.87,pt,네이버 차트(기존 트래커 이관),2026-09-30
2022-05-25,밸류에이션,지수 종가,KOSPI,2617.22,pt,네이버 차트(기존 트래커 이관),2026-09-30
2022-05-26,밸류에이션,지수 종가,KOSPI,2612.45,pt,네이버 차트(기존 트래커 이관),2026-09-30
2022-05-27,밸류에이션,지수 종가,KOSPI,2638.05,pt,네이버 차트(기존 트래커 이관),2026-09-30
2022-05-30,밸류에이션,지수 종가,KOSPI,2669.66,pt,네이버 차트(기존 트래커 이관),2026-09-30
2022-05-31,밸류에이션,지수 종가,KOSPI,2685.9,pt,네이버 차트(기존 트래커 이관),2026-09-30
2022-06-02,밸류에이션,지수 종가,KOSPI,2658.99,pt,네이버 차트(기존 트래커 이관),2026-09-30
2022-06-03,밸류에이션,지수 종가,KOSPI,2670.65,pt,네이버 차트(기존 트래커 이관),2026-09-30
2022-06-07,밸류에이션,지수 종가,KOSPI,2626.34,pt,네이버 차트(기존 트래커 이관),2026-09-30
2022-06-08,밸류에이션,지수 종가,KOSPI,2626.15,pt,네이버 차트(기존 트래커 이관),2026-09-30
2022-06-09,밸류에이션,지수 종가,KOSPI,2625.44,pt,네이버 차트(기존 트래커 이관),2026-09-30
2022-06-10,밸류에이션,지수 종가,KOSPI,2595.87,pt,네이버 차트(기존 트래커 이관),2026-09-30
2022-06-13,밸류에이션,지수 종가,KOSPI,2504.51,pt,네이버 차트(기존 트래커 이관),2026-09-30
2022-06-14,밸류에이션,지수 종가,KOSPI,2492.97,pt,네이버 차트(기존 트래커 이관),2026-09-30
2022-06-15,밸류에이션,지수 종가,KOSPI,2447.38,pt,네이버 차트(기존 트래커 이관),2026-09-30
2022-06-16,밸류에이션,지수 종가,KOSPI,2451.41,pt,네이버 차트(기존 트래커 이관),2026-09-30
2022-06-17,밸류에이션,지수 종가,KOSPI,2440.93,pt,네이버 차트(기존 트래커 이관),2026-09-30
2022-06-20,밸류에이션,지수 종가,KOSPI,2391.03,pt,네이버 차트(기존 트래커 이관),2026-09-30
2022-06-21,밸류에이션,지수 종가,KOSPI,2408.93,pt,네이버 차트(기존 트래커 이관),2026-09-30
2022-06-22,밸류에이션,지수 종가,KOSPI,2342.81,pt,네이버 차트(기존 트래커 이관),2026-09-30
2022-06-23,밸류에이션,지수 종가,KOSPI,2314.32,pt,네이버 차트(기존 트래커 이관),2026-09-30
2022-06-24,밸류에이션,지수 종가,KOSPI,2366.6,pt,네이버 차트(기존 트래커 이관),2026-09-30
2022-06-27,밸류에이션,지수 종가,KOSPI,2401.92,pt,네이버 차트(기존 트래커 이관),2026-09-30
2022-06-28,밸류에이션,지수 종가,KOSPI,2422.09,pt,네이버 차트(기존 트래커 이관),2026-09-30
2022-06-29,밸류에이션,지수 종가,KOSPI,2377.99,pt,네이버 차트(기존 트래커 이관),2026-09-30
2022-06-30,밸류에이션,지수 종가,KOSPI,2332.64,pt,네이버 차트(기존 트래커 이관),2026-09-30
2022-07-01,밸류에이션,지수 종가,KOSPI,2305.42,pt,네이버 차트(기존 트래커 이관),2026-09-30
2022-07-04,밸류에이션,지수 종가,KOSPI,2300.34,pt,네이버 차트(기존 트래커 이관),2026-09-30
2022-07-05,밸류에이션,지수 종가,KOSPI,2341.78,pt,네이버 차트(기존 트래커 이관),2026-09-30
2022-07-06,밸류에이션,지수 종가,KOSPI,2292.01,pt,네이버 차트(기존 트래커 이관),2026-09-30
2022-07-07,밸류에이션,지수 종가,KOSPI,2334.27,pt,네이버 차트(기존 트래커 이관),2026-09-30
2022-07-08,밸류에이션,지수 종가,KOSPI,2350.61,pt,네이버 차트(기존 트래커 이관),2026-09-30
2022-07-11,밸류에이션,지수 종가,KOSPI,2340.27,pt,네이버 차트(기존 트래커 이관),2026-09-30
2022-07-12,밸류에이션,지수 종가,KOSPI,2317.76,pt,네이버 차트(기존 트래커 이관),2026-09-30
2022-07-13,밸류에이션,지수 종가,KOSPI,2328.61,pt,네이버 차트(기존 트래커 이관),2026-09-30
2022-07-14,밸류에이션,지수 종가,KOSPI,2322.32,pt,네이버 차트(기존 트래커 이관),2026-09-30
2022-07-15,밸류에이션,지수 종가,KOSPI,2330.98,pt,네이버 차트(기존 트래커 이관),2026-09-30
2022-07-18,밸류에이션,지수 종가,KOSPI,2375.25,pt,네이버 차트(기존 트래커 이관),2026-09-30
2022-07-19,밸류에이션,지수 종가,KOSPI,2370.97,pt,네이버 차트(기존 트래커 이관),2026-09-30
2022-07-20,밸류에이션,지수 종가,KOSPI,2386.85,pt,네이버 차트(기존 트래커 이관),2026-09-30
2022-07-21,밸류에이션,지수 종가,KOSPI,2409.16,pt,네이버 차트(기존 트래커 이관),2026-09-30
2022-07-22,밸류에이션,지수 종가,KOSPI,2393.14,pt,네이버 차트(기존 트래커 이관),2026-09-30
2022-07-25,밸류에이션,지수 종가,KOSPI,2403.69,pt,네이버 차트(기존 트래커 이관),2026-09-30
2022-07-26,밸류에이션,지수 종가,KOSPI,2412.96,pt,네이버 차트(기존 트래커 이관),2026-09-30
2022-07-27,밸류에이션,지수 종가,KOSPI,2415.53,pt,네이버 차트(기존 트래커 이관),2026-09-30
2022-07-28,밸류에이션,지수 종가,KOSPI,2435.27,pt,네이버 차트(기존 트래커 이관),2026-09-30
2022-07-29,밸류에이션,지수 종가,KOSPI,2451.5,pt,네이버 차트(기존 트래커 이관),2026-09-30
2022-08-01,밸류에이션,지수 종가,KOSPI,2452.25,pt,네이버 차트(기존 트래커 이관),2026-09-30
2022-08-02,밸류에이션,지수 종가,KOSPI,2439.62,pt,네이버 차트(기존 트래커 이관),2026-09-30
2022-08-03,밸류에이션,지수 종가,KOSPI,2461.45,pt,네이버 차트(기존 트래커 이관),2026-09-30
2022-08-04,밸류에이션,지수 종가,KOSPI,2473.11,pt,네이버 차트(기존 트래커 이관),2026-09-30
2022-08-05,밸류에이션,지수 종가,KOSPI,2490.8,pt,네이버 차트(기존 트래커 이관),2026-09-30
2022-08-08,밸류에이션,지수 종가,KOSPI,2493.1,pt,네이버 차트(기존 트래커 이관),2026-09-30
2022-08-09,밸류에이션,지수 종가,KOSPI,2503.46,pt,네이버 차트(기존 트래커 이관),2026-09-30
2022-08-10,밸류에이션,지수 종가,KOSPI,2480.88,pt,네이버 차트(기존 트래커 이관),2026-09-30
2022-08-11,밸류에이션,지수 종가,KOSPI,2523.78,pt,네이버 차트(기존 트래커 이관),2026-09-30
2022-08-12,밸류에이션,지수 종가,KOSPI,2527.94,pt,네이버 차트(기존 트래커 이관),2026-09-30
2022-08-16,밸류에이션,지수 종가,KOSPI,2533.52,pt,네이버 차트(기존 트래커 이관),2026-09-30
2022-08-17,밸류에이션,지수 종가,KOSPI,2516.47,pt,네이버 차트(기존 트래커 이관),2026-09-30
2022-08-18,밸류에이션,지수 종가,KOSPI,2508.05,pt,네이버 차트(기존 트래커 이관),2026-09-30
2022-08-19,밸류에이션,지수 종가,KOSPI,2492.69,pt,네이버 차트(기존 트래커 이관),2026-09-30
2022-08-22,밸류에이션,지수 종가,KOSPI,2462.5,pt,네이버 차트(기존 트래커 이관),2026-09-30
2022-08-23,밸류에이션,지수 종가,KOSPI,2435.34,pt,네이버 차트(기존 트래커 이관),2026-09-30
2022-08-24,밸류에이션,지수 종가,KOSPI,2447.45,pt,네이버 차트(기존 트래커 이관),2026-09-30
2022-08-25,밸류에이션,지수 종가,KOSPI,2477.26,pt,네이버 차트(기존 트래커 이관),2026-09-30
2022-08-26,밸류에이션,지수 종가,KOSPI,2481.03,pt,네이버 차트(기존 트래커 이관),2026-09-30
2022-08-29,밸류에이션,지수 종가,KOSPI,2426.89,pt,네이버 차트(기존 트래커 이관),2026-09-30
2022-08-30,밸류에이션,지수 종가,KOSPI,2450.93,pt,네이버 차트(기존 트래커 이관),2026-09-30
2022-08-31,밸류에이션,지수 종가,KOSPI,2472.05,pt,네이버 차트(기존 트래커 이관),2026-09-30
2022-09-01,밸류에이션,지수 종가,KOSPI,2415.61,pt,네이버 차트(기존 트래커 이관),2026-09-30
2022-09-02,밸류에이션,지수 종가,KOSPI,2409.41,pt,네이버 차트(기존 트래커 이관),2026-09-30
2022-09-05,밸류에이션,지수 종가,KOSPI,2403.68,pt,네이버 차트(기존 트래커 이관),2026-09-30
2022-09-06,밸류에이션,지수 종가,KOSPI,2410.02,pt,네이버 차트(기존 트래커 이관),2026-09-30
2022-09-07,밸류에이션,지수 종가,KOSPI,2376.46,pt,네이버 차트(기존 트래커 이관),2026-09-30
2022-09-08,밸류에이션,지수 종가,KOSPI,2384.28,pt,네이버 차트(기존 트래커 이관),2026-09-30
2022-09-13,밸류에이션,지수 종가,KOSPI,2449.54,pt,네이버 차트(기존 트래커 이관),2026-09-30
2022-09-14,밸류에이션,지수 종가,KOSPI,2411.42,pt,네이버 차트(기존 트래커 이관),2026-09-30
2022-09-15,밸류에이션,지수 종가,KOSPI,2401.83,pt,네이버 차트(기존 트래커 이관),2026-09-30
2022-09-16,밸류에이션,지수 종가,KOSPI,2382.78,pt,네이버 차트(기존 트래커 이관),2026-09-30
2022-09-19,밸류에이션,지수 종가,KOSPI,2355.66,pt,네이버 차트(기존 트래커 이관),2026-09-30
2022-09-20,밸류에이션,지수 종가,KOSPI,2367.85,pt,네이버 차트(기존 트래커 이관),2026-09-30
2022-09-21,밸류에이션,지수 종가,KOSPI,2347.21,pt,네이버 차트(기존 트래커 이관),2026-09-30
2022-09-22,밸류에이션,지수 종가,KOSPI,2332.31,pt,네이버 차트(기존 트래커 이관),2026-09-30
2022-09-23,밸류에이션,지수 종가,KOSPI,2290,pt,네이버 차트(기존 트래커 이관),2026-09-30
2022-09-26,밸류에이션,지수 종가,KOSPI,2220.94,pt,네이버 차트(기존 트래커 이관),2026-09-30
2022-09-27,밸류에이션,지수 종가,KOSPI,2223.86,pt,네이버 차트(기존 트래커 이관),2026-09-30
2022-09-28,밸류에이션,지수 종가,KOSPI,2169.29,pt,네이버 차트(기존 트래커 이관),2026-09-30
2022-09-29,밸류에이션,지수 종가,KOSPI,2170.93,pt,네이버 차트(기존 트래커 이관),2026-09-30
2022-09-30,밸류에이션,지수 종가,KOSPI,2155.49,pt,네이버 차트(기존 트래커 이관),2026-09-30
2022-10-04,밸류에이션,지수 종가,KOSPI,2209.38,pt,네이버 차트(기존 트래커 이관),2026-09-30
2022-10-05,밸류에이션,지수 종가,KOSPI,2215.22,pt,네이버 차트(기존 트래커 이관),2026-09-30
2022-10-06,밸류에이션,지수 종가,KOSPI,2237.86,pt,네이버 차트(기존 트래커 이관),2026-09-30
2022-10-07,밸류에이션,지수 종가,KOSPI,2232.84,pt,네이버 차트(기존 트래커 이관),2026-09-30
2022-10-11,밸류에이션,지수 종가,KOSPI,2192.07,pt,네이버 차트(기존 트래커 이관),2026-09-30
2022-10-12,밸류에이션,지수 종가,KOSPI,2202.47,pt,네이버 차트(기존 트래커 이관),2026-09-30
2022-10-13,밸류에이션,지수 종가,KOSPI,2162.87,pt,네이버 차트(기존 트래커 이관),2026-09-30
2022-10-14,밸류에이션,지수 종가,KOSPI,2212.55,pt,네이버 차트(기존 트래커 이관),2026-09-30
2022-10-17,밸류에이션,지수 종가,KOSPI,2219.71,pt,네이버 차트(기존 트래커 이관),2026-09-30
2022-10-18,밸류에이션,지수 종가,KOSPI,2249.95,pt,네이버 차트(기존 트래커 이관),2026-09-30
2022-10-19,밸류에이션,지수 종가,KOSPI,2237.44,pt,네이버 차트(기존 트래커 이관),2026-09-30
2022-10-20,밸류에이션,지수 종가,KOSPI,2218.09,pt,네이버 차트(기존 트래커 이관),2026-09-30
2022-10-21,밸류에이션,지수 종가,KOSPI,2213.12,pt,네이버 차트(기존 트래커 이관),2026-09-30
2022-10-24,밸류에이션,지수 종가,KOSPI,2236.16,pt,네이버 차트(기존 트래커 이관),2026-09-30
2022-10-25,밸류에이션,지수 종가,KOSPI,2235.07,pt,네이버 차트(기존 트래커 이관),2026-09-30
2022-10-26,밸류에이션,지수 종가,KOSPI,2249.56,pt,네이버 차트(기존 트래커 이관),2026-09-30
2022-10-27,밸류에이션,지수 종가,KOSPI,2288.78,pt,네이버 차트(기존 트래커 이관),2026-09-30
2022-10-28,밸류에이션,지수 종가,KOSPI,2268.4,pt,네이버 차트(기존 트래커 이관),2026-09-30
2022-10-31,밸류에이션,지수 종가,KOSPI,2293.61,pt,네이버 차트(기존 트래커 이관),2026-09-30
2022-11-01,밸류에이션,지수 종가,KOSPI,2335.22,pt,네이버 차트(기존 트래커 이관),2026-09-30
2022-11-02,밸류에이션,지수 종가,KOSPI,2336.87,pt,네이버 차트(기존 트래커 이관),2026-09-30
2022-11-03,밸류에이션,지수 종가,KOSPI,2329.17,pt,네이버 차트(기존 트래커 이관),2026-09-30
2022-11-04,밸류에이션,지수 종가,KOSPI,2348.43,pt,네이버 차트(기존 트래커 이관),2026-09-30
2022-11-07,밸류에이션,지수 종가,KOSPI,2371.79,pt,네이버 차트(기존 트래커 이관),2026-09-30
2022-11-08,밸류에이션,지수 종가,KOSPI,2399.04,pt,네이버 차트(기존 트래커 이관),2026-09-30
2022-11-09,밸류에이션,지수 종가,KOSPI,2424.41,pt,네이버 차트(기존 트래커 이관),2026-09-30
2022-11-10,밸류에이션,지수 종가,KOSPI,2402.23,pt,네이버 차트(기존 트래커 이관),2026-09-30
2022-11-11,밸류에이션,지수 종가,KOSPI,2483.16,pt,네이버 차트(기존 트래커 이관),2026-09-30
2022-11-14,밸류에이션,지수 종가,KOSPI,2474.65,pt,네이버 차트(기존 트래커 이관),2026-09-30
2022-11-15,밸류에이션,지수 종가,KOSPI,2480.33,pt,네이버 차트(기존 트래커 이관),2026-09-30
2022-11-16,밸류에이션,지수 종가,KOSPI,2477.45,pt,네이버 차트(기존 트래커 이관),2026-09-30
2022-11-17,밸류에이션,지수 종가,KOSPI,2442.9,pt,네이버 차트(기존 트래커 이관),2026-09-30
2022-11-18,밸류에이션,지수 종가,KOSPI,2444.48,pt,네이버 차트(기존 트래커 이관),2026-09-30
2022-11-21,밸류에이션,지수 종가,KOSPI,2419.5,pt,네이버 차트(기존 트래커 이관),2026-09-30
2022-11-22,밸류에이션,지수 종가,KOSPI,2405.27,pt,네이버 차트(기존 트래커 이관),2026-09-30
2022-11-23,밸류에이션,지수 종가,KOSPI,2418.01,pt,네이버 차트(기존 트래커 이관),2026-09-30
2022-11-24,밸류에이션,지수 종가,KOSPI,2441.33,pt,네이버 차트(기존 트래커 이관),2026-09-30
2022-11-25,밸류에이션,지수 종가,KOSPI,2437.86,pt,네이버 차트(기존 트래커 이관),2026-09-30
2022-11-28,밸류에이션,지수 종가,KOSPI,2408.27,pt,네이버 차트(기존 트래커 이관),2026-09-30
2022-11-29,밸류에이션,지수 종가,KOSPI,2433.39,pt,네이버 차트(기존 트래커 이관),2026-09-30
2022-11-30,밸류에이션,지수 종가,KOSPI,2472.53,pt,네이버 차트(기존 트래커 이관),2026-09-30
2022-12-01,밸류에이션,지수 종가,KOSPI,2479.84,pt,네이버 차트(기존 트래커 이관),2026-09-30
2022-12-02,밸류에이션,지수 종가,KOSPI,2434.33,pt,네이버 차트(기존 트래커 이관),2026-09-30
2022-12-05,밸류에이션,지수 종가,KOSPI,2419.32,pt,네이버 차트(기존 트래커 이관),2026-09-30
2022-12-06,밸류에이션,지수 종가,KOSPI,2393.16,pt,네이버 차트(기존 트래커 이관),2026-09-30
2022-12-07,밸류에이션,지수 종가,KOSPI,2382.81,pt,네이버 차트(기존 트래커 이관),2026-09-30
2022-12-08,밸류에이션,지수 종가,KOSPI,2371.08,pt,네이버 차트(기존 트래커 이관),2026-09-30
2022-12-09,밸류에이션,지수 종가,KOSPI,2389.04,pt,네이버 차트(기존 트래커 이관),2026-09-30
2022-12-12,밸류에이션,지수 종가,KOSPI,2373.02,pt,네이버 차트(기존 트래커 이관),2026-09-30
2022-12-13,밸류에이션,지수 종가,KOSPI,2372.4,pt,네이버 차트(기존 트래커 이관),2026-09-30
2022-12-14,밸류에이션,지수 종가,KOSPI,2399.25,pt,네이버 차트(기존 트래커 이관),2026-09-30
2022-12-15,밸류에이션,지수 종가,KOSPI,2360.97,pt,네이버 차트(기존 트래커 이관),2026-09-30
2022-12-16,밸류에이션,지수 종가,KOSPI,2360.02,pt,네이버 차트(기존 트래커 이관),2026-09-30
2022-12-19,밸류에이션,지수 종가,KOSPI,2352.17,pt,네이버 차트(기존 트래커 이관),2026-09-30
2022-12-20,밸류에이션,지수 종가,KOSPI,2333.29,pt,네이버 차트(기존 트래커 이관),2026-09-30
2022-12-21,밸류에이션,지수 종가,KOSPI,2328.95,pt,네이버 차트(기존 트래커 이관),2026-09-30
2022-12-22,밸류에이션,지수 종가,KOSPI,2356.73,pt,네이버 차트(기존 트래커 이관),2026-09-30
2022-12-23,밸류에이션,지수 종가,KOSPI,2313.69,pt,네이버 차트(기존 트래커 이관),2026-09-30
2022-12-26,밸류에이션,지수 종가,KOSPI,2317.14,pt,네이버 차트(기존 트래커 이관),2026-09-30
2022-12-27,밸류에이션,지수 종가,KOSPI,2332.79,pt,네이버 차트(기존 트래커 이관),2026-09-30
2022-12-28,밸류에이션,지수 종가,KOSPI,2280.45,pt,네이버 차트(기존 트래커 이관),2026-09-30
2022-12-29,밸류에이션,지수 종가,KOSPI,2236.4,pt,네이버 차트(기존 트래커 이관),2026-09-30
2023-01-02,밸류에이션,지수 종가,KOSPI,2225.67,pt,네이버 차트(기존 트래커 이관),2026-09-30
2023-01-03,밸류에이션,지수 종가,KOSPI,2218.68,pt,네이버 차트(기존 트래커 이관),2026-09-30
2023-01-04,밸류에이션,지수 종가,KOSPI,2255.98,pt,네이버 차트(기존 트래커 이관),2026-09-30
2023-01-05,밸류에이션,지수 종가,KOSPI,2264.65,pt,네이버 차트(기존 트래커 이관),2026-09-30
2023-01-06,밸류에이션,지수 종가,KOSPI,2289.97,pt,네이버 차트(기존 트래커 이관),2026-09-30
2023-01-09,밸류에이션,지수 종가,KOSPI,2350.19,pt,네이버 차트(기존 트래커 이관),2026-09-30
2023-01-10,밸류에이션,지수 종가,KOSPI,2351.31,pt,네이버 차트(기존 트래커 이관),2026-09-30
2023-01-11,밸류에이션,지수 종가,KOSPI,2359.53,pt,네이버 차트(기존 트래커 이관),2026-09-30
2023-01-12,밸류에이션,지수 종가,KOSPI,2365.1,pt,네이버 차트(기존 트래커 이관),2026-09-30
2023-01-13,밸류에이션,지수 종가,KOSPI,2386.09,pt,네이버 차트(기존 트래커 이관),2026-09-30
2023-01-16,밸류에이션,지수 종가,KOSPI,2399.86,pt,네이버 차트(기존 트래커 이관),2026-09-30
2023-01-17,밸류에이션,지수 종가,KOSPI,2379.39,pt,네이버 차트(기존 트래커 이관),2026-09-30
2023-01-18,밸류에이션,지수 종가,KOSPI,2368.32,pt,네이버 차트(기존 트래커 이관),2026-09-30
2023-01-19,밸류에이션,지수 종가,KOSPI,2380.34,pt,네이버 차트(기존 트래커 이관),2026-09-30
2023-01-20,밸류에이션,지수 종가,KOSPI,2395.26,pt,네이버 차트(기존 트래커 이관),2026-09-30
2023-01-25,밸류에이션,지수 종가,KOSPI,2428.57,pt,네이버 차트(기존 트래커 이관),2026-09-30
2023-01-26,밸류에이션,지수 종가,KOSPI,2468.65,pt,네이버 차트(기존 트래커 이관),2026-09-30
2023-01-27,밸류에이션,지수 종가,KOSPI,2484.02,pt,네이버 차트(기존 트래커 이관),2026-09-30
2023-01-30,밸류에이션,지수 종가,KOSPI,2450.47,pt,네이버 차트(기존 트래커 이관),2026-09-30
2023-01-31,밸류에이션,지수 종가,KOSPI,2425.08,pt,네이버 차트(기존 트래커 이관),2026-09-30
2023-02-01,밸류에이션,지수 종가,KOSPI,2449.8,pt,네이버 차트(기존 트래커 이관),2026-09-30
2023-02-02,밸류에이션,지수 종가,KOSPI,2468.88,pt,네이버 차트(기존 트래커 이관),2026-09-30
2023-02-03,밸류에이션,지수 종가,KOSPI,2480.4,pt,네이버 차트(기존 트래커 이관),2026-09-30
2023-02-06,밸류에이션,지수 종가,KOSPI,2438.19,pt,네이버 차트(기존 트래커 이관),2026-09-30
2023-02-07,밸류에이션,지수 종가,KOSPI,2451.71,pt,네이버 차트(기존 트래커 이관),2026-09-30
2023-02-08,밸류에이션,지수 종가,KOSPI,2483.64,pt,네이버 차트(기존 트래커 이관),2026-09-30
2023-02-09,밸류에이션,지수 종가,KOSPI,2481.52,pt,네이버 차트(기존 트래커 이관),2026-09-30
2023-02-10,밸류에이션,지수 종가,KOSPI,2469.73,pt,네이버 차트(기존 트래커 이관),2026-09-30
2023-02-13,밸류에이션,지수 종가,KOSPI,2452.7,pt,네이버 차트(기존 트래커 이관),2026-09-30
2023-02-14,밸류에이션,지수 종가,KOSPI,2465.64,pt,네이버 차트(기존 트래커 이관),2026-09-30
2023-02-15,밸류에이션,지수 종가,KOSPI,2427.9,pt,네이버 차트(기존 트래커 이관),2026-09-30
2023-02-16,밸류에이션,지수 종가,KOSPI,2475.48,pt,네이버 차트(기존 트래커 이관),2026-09-30
2023-02-17,밸류에이션,지수 종가,KOSPI,2451.21,pt,네이버 차트(기존 트래커 이관),2026-09-30
2023-02-20,밸류에이션,지수 종가,KOSPI,2455.12,pt,네이버 차트(기존 트래커 이관),2026-09-30
2023-02-21,밸류에이션,지수 종가,KOSPI,2458.96,pt,네이버 차트(기존 트래커 이관),2026-09-30
2023-02-22,밸류에이션,지수 종가,KOSPI,2417.68,pt,네이버 차트(기존 트래커 이관),2026-09-30
2023-02-23,밸류에이션,지수 종가,KOSPI,2439.09,pt,네이버 차트(기존 트래커 이관),2026-09-30
2023-02-24,밸류에이션,지수 종가,KOSPI,2423.61,pt,네이버 차트(기존 트래커 이관),2026-09-30
2023-02-27,밸류에이션,지수 종가,KOSPI,2402.64,pt,네이버 차트(기존 트래커 이관),2026-09-30
2023-02-28,밸류에이션,지수 종가,KOSPI,2412.85,pt,네이버 차트(기존 트래커 이관),2026-09-30
2023-03-02,밸류에이션,지수 종가,KOSPI,2427.85,pt,네이버 차트(기존 트래커 이관),2026-09-30
2023-03-03,밸류에이션,지수 종가,KOSPI,2432.07,pt,네이버 차트(기존 트래커 이관),2026-09-30
2023-03-06,밸류에이션,지수 종가,KOSPI,2462.62,pt,네이버 차트(기존 트래커 이관),2026-09-30
2023-03-07,밸류에이션,지수 종가,KOSPI,2463.35,pt,네이버 차트(기존 트래커 이관),2026-09-30
2023-03-08,밸류에이션,지수 종가,KOSPI,2431.91,pt,네이버 차트(기존 트래커 이관),2026-09-30
2023-03-09,밸류에이션,지수 종가,KOSPI,2419.09,pt,네이버 차트(기존 트래커 이관),2026-09-30
2023-03-10,밸류에이션,지수 종가,KOSPI,2394.59,pt,네이버 차트(기존 트래커 이관),2026-09-30
2023-03-13,밸류에이션,지수 종가,KOSPI,2410.6,pt,네이버 차트(기존 트래커 이관),2026-09-30
2023-03-14,밸류에이션,지수 종가,KOSPI,2348.97,pt,네이버 차트(기존 트래커 이관),2026-09-30
2023-03-15,밸류에이션,지수 종가,KOSPI,2379.72,pt,네이버 차트(기존 트래커 이관),2026-09-30
2023-03-16,밸류에이션,지수 종가,KOSPI,2377.91,pt,네이버 차트(기존 트래커 이관),2026-09-30
2023-03-17,밸류에이션,지수 종가,KOSPI,2395.69,pt,네이버 차트(기존 트래커 이관),2026-09-30
2023-03-20,밸류에이션,지수 종가,KOSPI,2379.2,pt,네이버 차트(기존 트래커 이관),2026-09-30
2023-03-21,밸류에이션,지수 종가,KOSPI,2388.35,pt,네이버 차트(기존 트래커 이관),2026-09-30
2023-03-22,밸류에이션,지수 종가,KOSPI,2416.96,pt,네이버 차트(기존 트래커 이관),2026-09-30
2023-03-23,밸류에이션,지수 종가,KOSPI,2424.48,pt,네이버 차트(기존 트래커 이관),2026-09-30
2023-03-24,밸류에이션,지수 종가,KOSPI,2414.96,pt,네이버 차트(기존 트래커 이관),2026-09-30
2023-03-27,밸류에이션,지수 종가,KOSPI,2409.22,pt,네이버 차트(기존 트래커 이관),2026-09-30
2023-03-28,밸류에이션,지수 종가,KOSPI,2434.94,pt,네이버 차트(기존 트래커 이관),2026-09-30
2023-03-29,밸류에이션,지수 종가,KOSPI,2443.92,pt,네이버 차트(기존 트래커 이관),2026-09-30
2023-03-30,밸류에이션,지수 종가,KOSPI,2453.16,pt,네이버 차트(기존 트래커 이관),2026-09-30
2023-03-31,밸류에이션,지수 종가,KOSPI,2476.86,pt,네이버 차트(기존 트래커 이관),2026-09-30
2023-04-03,밸류에이션,지수 종가,KOSPI,2472.34,pt,네이버 차트(기존 트래커 이관),2026-09-30
2023-04-04,밸류에이션,지수 종가,KOSPI,2480.51,pt,네이버 차트(기존 트래커 이관),2026-09-30
2023-04-05,밸류에이션,지수 종가,KOSPI,2495.21,pt,네이버 차트(기존 트래커 이관),2026-09-30
2023-04-06,밸류에이션,지수 종가,KOSPI,2459.23,pt,네이버 차트(기존 트래커 이관),2026-09-30
2023-04-07,밸류에이션,지수 종가,KOSPI,2490.41,pt,네이버 차트(기존 트래커 이관),2026-09-30
2023-04-10,밸류에이션,지수 종가,KOSPI,2512.08,pt,네이버 차트(기존 트래커 이관),2026-09-30
2023-04-11,밸류에이션,지수 종가,KOSPI,2547.86,pt,네이버 차트(기존 트래커 이관),2026-09-30
2023-04-12,밸류에이션,지수 종가,KOSPI,2550.64,pt,네이버 차트(기존 트래커 이관),2026-09-30
2023-04-13,밸류에이션,지수 종가,KOSPI,2561.66,pt,네이버 차트(기존 트래커 이관),2026-09-30
2023-04-14,밸류에이션,지수 종가,KOSPI,2571.49,pt,네이버 차트(기존 트래커 이관),2026-09-30
2023-04-17,밸류에이션,지수 종가,KOSPI,2575.91,pt,네이버 차트(기존 트래커 이관),2026-09-30
2023-04-18,밸류에이션,지수 종가,KOSPI,2571.09,pt,네이버 차트(기존 트래커 이관),2026-09-30
2023-04-19,밸류에이션,지수 종가,KOSPI,2575.08,pt,네이버 차트(기존 트래커 이관),2026-09-30
2023-04-20,밸류에이션,지수 종가,KOSPI,2563.11,pt,네이버 차트(기존 트래커 이관),2026-09-30
2023-04-21,밸류에이션,지수 종가,KOSPI,2544.4,pt,네이버 차트(기존 트래커 이관),2026-09-30
2023-04-24,밸류에이션,지수 종가,KOSPI,2523.5,pt,네이버 차트(기존 트래커 이관),2026-09-30
2023-04-25,밸류에이션,지수 종가,KOSPI,2489.02,pt,네이버 차트(기존 트래커 이관),2026-09-30
2023-04-26,밸류에이션,지수 종가,KOSPI,2484.83,pt,네이버 차트(기존 트래커 이관),2026-09-30
2023-04-27,밸류에이션,지수 종가,KOSPI,2495.81,pt,네이버 차트(기존 트래커 이관),2026-09-30
2023-04-28,밸류에이션,지수 종가,KOSPI,2501.53,pt,네이버 차트(기존 트래커 이관),2026-09-30
2023-05-02,밸류에이션,지수 종가,KOSPI,2524.39,pt,네이버 차트(기존 트래커 이관),2026-09-30
2023-05-03,밸류에이션,지수 종가,KOSPI,2501.4,pt,네이버 차트(기존 트래커 이관),2026-09-30
2023-05-04,밸류에이션,지수 종가,KOSPI,2500.94,pt,네이버 차트(기존 트래커 이관),2026-09-30
2023-05-08,밸류에이션,지수 종가,KOSPI,2513.21,pt,네이버 차트(기존 트래커 이관),2026-09-30
2023-05-09,밸류에이션,지수 종가,KOSPI,2510.06,pt,네이버 차트(기존 트래커 이관),2026-09-30
2023-05-10,밸류에이션,지수 종가,KOSPI,2496.51,pt,네이버 차트(기존 트래커 이관),2026-09-30
2023-05-11,밸류에이션,지수 종가,KOSPI,2491,pt,네이버 차트(기존 트래커 이관),2026-09-30
2023-05-12,밸류에이션,지수 종가,KOSPI,2475.42,pt,네이버 차트(기존 트래커 이관),2026-09-30
2023-05-15,밸류에이션,지수 종가,KOSPI,2479.35,pt,네이버 차트(기존 트래커 이관),2026-09-30
2023-05-16,밸류에이션,지수 종가,KOSPI,2480.24,pt,네이버 차트(기존 트래커 이관),2026-09-30
2023-05-17,밸류에이션,지수 종가,KOSPI,2494.66,pt,네이버 차트(기존 트래커 이관),2026-09-30
2023-05-18,밸류에이션,지수 종가,KOSPI,2515.4,pt,네이버 차트(기존 트래커 이관),2026-09-30
2023-05-19,밸류에이션,지수 종가,KOSPI,2537.79,pt,네이버 차트(기존 트래커 이관),2026-09-30
2023-05-22,밸류에이션,지수 종가,KOSPI,2557.08,pt,네이버 차트(기존 트래커 이관),2026-09-30
2023-05-23,밸류에이션,지수 종가,KOSPI,2567.55,pt,네이버 차트(기존 트래커 이관),2026-09-30
2023-05-24,밸류에이션,지수 종가,KOSPI,2567.45,pt,네이버 차트(기존 트래커 이관),2026-09-30
2023-05-25,밸류에이션,지수 종가,KOSPI,2554.69,pt,네이버 차트(기존 트래커 이관),2026-09-30
2023-05-26,밸류에이션,지수 종가,KOSPI,2558.81,pt,네이버 차트(기존 트래커 이관),2026-09-30
2023-05-30,밸류에이션,지수 종가,KOSPI,2585.52,pt,네이버 차트(기존 트래커 이관),2026-09-30
2023-05-31,밸류에이션,지수 종가,KOSPI,2577.12,pt,네이버 차트(기존 트래커 이관),2026-09-30
2023-06-01,밸류에이션,지수 종가,KOSPI,2569.17,pt,네이버 차트(기존 트래커 이관),2026-09-30
2023-06-02,밸류에이션,지수 종가,KOSPI,2601.36,pt,네이버 차트(기존 트래커 이관),2026-09-30
2023-06-05,밸류에이션,지수 종가,KOSPI,2615.41,pt,네이버 차트(기존 트래커 이관),2026-09-30
2023-06-07,밸류에이션,지수 종가,KOSPI,2615.6,pt,네이버 차트(기존 트래커 이관),2026-09-30
2023-06-08,밸류에이션,지수 종가,KOSPI,2610.85,pt,네이버 차트(기존 트래커 이관),2026-09-30
2023-06-09,밸류에이션,지수 종가,KOSPI,2641.16,pt,네이버 차트(기존 트래커 이관),2026-09-30
2023-06-12,밸류에이션,지수 종가,KOSPI,2629.35,pt,네이버 차트(기존 트래커 이관),2026-09-30
2023-06-13,밸류에이션,지수 종가,KOSPI,2637.95,pt,네이버 차트(기존 트래커 이관),2026-09-30
2023-06-14,밸류에이션,지수 종가,KOSPI,2619.08,pt,네이버 차트(기존 트래커 이관),2026-09-30
2023-06-15,밸류에이션,지수 종가,KOSPI,2608.54,pt,네이버 차트(기존 트래커 이관),2026-09-30
2023-06-16,밸류에이션,지수 종가,KOSPI,2625.79,pt,네이버 차트(기존 트래커 이관),2026-09-30
2023-06-19,밸류에이션,지수 종가,KOSPI,2609.5,pt,네이버 차트(기존 트래커 이관),2026-09-30
2023-06-20,밸류에이션,지수 종가,KOSPI,2604.91,pt,네이버 차트(기존 트래커 이관),2026-09-30
2023-06-21,밸류에이션,지수 종가,KOSPI,2582.63,pt,네이버 차트(기존 트래커 이관),2026-09-30
2023-06-22,밸류에이션,지수 종가,KOSPI,2593.7,pt,네이버 차트(기존 트래커 이관),2026-09-30
2023-06-23,밸류에이션,지수 종가,KOSPI,2570.1,pt,네이버 차트(기존 트래커 이관),2026-09-30
2023-06-26,밸류에이션,지수 종가,KOSPI,2582.2,pt,네이버 차트(기존 트래커 이관),2026-09-30
2023-06-27,밸류에이션,지수 종가,KOSPI,2581.39,pt,네이버 차트(기존 트래커 이관),2026-09-30
2023-06-28,밸류에이션,지수 종가,KOSPI,2564.19,pt,네이버 차트(기존 트래커 이관),2026-09-30
2023-06-29,밸류에이션,지수 종가,KOSPI,2550.02,pt,네이버 차트(기존 트래커 이관),2026-09-30
2023-06-30,밸류에이션,지수 종가,KOSPI,2564.28,pt,네이버 차트(기존 트래커 이관),2026-09-30
2023-07-03,밸류에이션,지수 종가,KOSPI,2602.47,pt,네이버 차트(기존 트래커 이관),2026-09-30
2023-07-04,밸류에이션,지수 종가,KOSPI,2593.31,pt,네이버 차트(기존 트래커 이관),2026-09-30
2023-07-05,밸류에이션,지수 종가,KOSPI,2579,pt,네이버 차트(기존 트래커 이관),2026-09-30
2023-07-06,밸류에이션,지수 종가,KOSPI,2556.29,pt,네이버 차트(기존 트래커 이관),2026-09-30
2023-07-07,밸류에이션,지수 종가,KOSPI,2526.71,pt,네이버 차트(기존 트래커 이관),2026-09-30
2023-07-10,밸류에이션,지수 종가,KOSPI,2520.7,pt,네이버 차트(기존 트래커 이관),2026-09-30
2023-07-11,밸류에이션,지수 종가,KOSPI,2562.49,pt,네이버 차트(기존 트래커 이관),2026-09-30
2023-07-12,밸류에이션,지수 종가,KOSPI,2574.72,pt,네이버 차트(기존 트래커 이관),2026-09-30
2023-07-13,밸류에이션,지수 종가,KOSPI,2591.23,pt,네이버 차트(기존 트래커 이관),2026-09-30
2023-07-14,밸류에이션,지수 종가,KOSPI,2628.3,pt,네이버 차트(기존 트래커 이관),2026-09-30
2023-07-17,밸류에이션,지수 종가,KOSPI,2619,pt,네이버 차트(기존 트래커 이관),2026-09-30
2023-07-18,밸류에이션,지수 종가,KOSPI,2607.62,pt,네이버 차트(기존 트래커 이관),2026-09-30
2023-07-19,밸류에이션,지수 종가,KOSPI,2608.24,pt,네이버 차트(기존 트래커 이관),2026-09-30
2023-07-20,밸류에이션,지수 종가,KOSPI,2600.23,pt,네이버 차트(기존 트래커 이관),2026-09-30
2023-07-21,밸류에이션,지수 종가,KOSPI,2609.76,pt,네이버 차트(기존 트래커 이관),2026-09-30
2023-07-24,밸류에이션,지수 종가,KOSPI,2628.53,pt,네이버 차트(기존 트래커 이관),2026-09-30
2023-07-25,밸류에이션,지수 종가,KOSPI,2636.46,pt,네이버 차트(기존 트래커 이관),2026-09-30
2023-07-26,밸류에이션,지수 종가,KOSPI,2592.36,pt,네이버 차트(기존 트래커 이관),2026-09-30
2023-07-27,밸류에이션,지수 종가,KOSPI,2603.81,pt,네이버 차트(기존 트래커 이관),2026-09-30
2023-07-28,밸류에이션,지수 종가,KOSPI,2608.32,pt,네이버 차트(기존 트래커 이관),2026-09-30
2023-07-31,밸류에이션,지수 종가,KOSPI,2632.58,pt,네이버 차트(기존 트래커 이관),2026-09-30
2023-08-01,밸류에이션,지수 종가,KOSPI,2667.07,pt,네이버 차트(기존 트래커 이관),2026-09-30
2023-08-02,밸류에이션,지수 종가,KOSPI,2616.47,pt,네이버 차트(기존 트래커 이관),2026-09-30
2023-08-03,밸류에이션,지수 종가,KOSPI,2605.39,pt,네이버 차트(기존 트래커 이관),2026-09-30
2023-08-04,밸류에이션,지수 종가,KOSPI,2602.8,pt,네이버 차트(기존 트래커 이관),2026-09-30
2023-08-07,밸류에이션,지수 종가,KOSPI,2580.71,pt,네이버 차트(기존 트래커 이관),2026-09-30
2023-08-08,밸류에이션,지수 종가,KOSPI,2573.98,pt,네이버 차트(기존 트래커 이관),2026-09-30
2023-08-09,밸류에이션,지수 종가,KOSPI,2605.12,pt,네이버 차트(기존 트래커 이관),2026-09-30
2023-08-10,밸류에이션,지수 종가,KOSPI,2601.56,pt,네이버 차트(기존 트래커 이관),2026-09-30
2023-08-11,밸류에이션,지수 종가,KOSPI,2591.26,pt,네이버 차트(기존 트래커 이관),2026-09-30
2023-08-14,밸류에이션,지수 종가,KOSPI,2570.87,pt,네이버 차트(기존 트래커 이관),2026-09-30
2023-08-16,밸류에이션,지수 종가,KOSPI,2525.64,pt,네이버 차트(기존 트래커 이관),2026-09-30
2023-08-17,밸류에이션,지수 종가,KOSPI,2519.85,pt,네이버 차트(기존 트래커 이관),2026-09-30
2023-08-18,밸류에이션,지수 종가,KOSPI,2504.5,pt,네이버 차트(기존 트래커 이관),2026-09-30
2023-08-21,밸류에이션,지수 종가,KOSPI,2508.8,pt,네이버 차트(기존 트래커 이관),2026-09-30
2023-08-22,밸류에이션,지수 종가,KOSPI,2515.74,pt,네이버 차트(기존 트래커 이관),2026-09-30
2023-08-23,밸류에이션,지수 종가,KOSPI,2505.5,pt,네이버 차트(기존 트래커 이관),2026-09-30
2023-08-24,밸류에이션,지수 종가,KOSPI,2537.68,pt,네이버 차트(기존 트래커 이관),2026-09-30
2023-08-25,밸류에이션,지수 종가,KOSPI,2519.14,pt,네이버 차트(기존 트래커 이관),2026-09-30
2023-08-28,밸류에이션,지수 종가,KOSPI,2543.41,pt,네이버 차트(기존 트래커 이관),2026-09-30
2023-08-29,밸류에이션,지수 종가,KOSPI,2552.16,pt,네이버 차트(기존 트래커 이관),2026-09-30
2023-08-30,밸류에이션,지수 종가,KOSPI,2561.22,pt,네이버 차트(기존 트래커 이관),2026-09-30
2023-08-31,밸류에이션,지수 종가,KOSPI,2556.27,pt,네이버 차트(기존 트래커 이관),2026-09-30
2023-09-01,밸류에이션,지수 종가,KOSPI,2563.71,pt,네이버 차트(기존 트래커 이관),2026-09-30
2023-09-04,밸류에이션,지수 종가,KOSPI,2584.55,pt,네이버 차트(기존 트래커 이관),2026-09-30
2023-09-05,밸류에이션,지수 종가,KOSPI,2582.18,pt,네이버 차트(기존 트래커 이관),2026-09-30
2023-09-06,밸류에이션,지수 종가,KOSPI,2563.34,pt,네이버 차트(기존 트래커 이관),2026-09-30
2023-09-07,밸류에이션,지수 종가,KOSPI,2548.26,pt,네이버 차트(기존 트래커 이관),2026-09-30
2023-09-08,밸류에이션,지수 종가,KOSPI,2547.68,pt,네이버 차트(기존 트래커 이관),2026-09-30
2023-09-11,밸류에이션,지수 종가,KOSPI,2556.88,pt,네이버 차트(기존 트래커 이관),2026-09-30
2023-09-12,밸류에이션,지수 종가,KOSPI,2536.58,pt,네이버 차트(기존 트래커 이관),2026-09-30
2023-09-13,밸류에이션,지수 종가,KOSPI,2534.7,pt,네이버 차트(기존 트래커 이관),2026-09-30
2023-09-14,밸류에이션,지수 종가,KOSPI,2572.89,pt,네이버 차트(기존 트래커 이관),2026-09-30
2023-09-15,밸류에이션,지수 종가,KOSPI,2601.28,pt,네이버 차트(기존 트래커 이관),2026-09-30
2023-09-18,밸류에이션,지수 종가,KOSPI,2574.72,pt,네이버 차트(기존 트래커 이관),2026-09-30
2023-09-19,밸류에이션,지수 종가,KOSPI,2559.21,pt,네이버 차트(기존 트래커 이관),2026-09-30
2023-09-20,밸류에이션,지수 종가,KOSPI,2559.74,pt,네이버 차트(기존 트래커 이관),2026-09-30
2023-09-21,밸류에이션,지수 종가,KOSPI,2514.97,pt,네이버 차트(기존 트래커 이관),2026-09-30
2023-09-22,밸류에이션,지수 종가,KOSPI,2508.13,pt,네이버 차트(기존 트래커 이관),2026-09-30
2023-09-25,밸류에이션,지수 종가,KOSPI,2495.76,pt,네이버 차트(기존 트래커 이관),2026-09-30
2023-09-26,밸류에이션,지수 종가,KOSPI,2462.97,pt,네이버 차트(기존 트래커 이관),2026-09-30
2023-09-27,밸류에이션,지수 종가,KOSPI,2465.07,pt,네이버 차트(기존 트래커 이관),2026-09-30
2023-10-04,밸류에이션,지수 종가,KOSPI,2405.69,pt,네이버 차트(기존 트래커 이관),2026-09-30
2023-10-05,밸류에이션,지수 종가,KOSPI,2403.6,pt,네이버 차트(기존 트래커 이관),2026-09-30
2023-10-06,밸류에이션,지수 종가,KOSPI,2408.73,pt,네이버 차트(기존 트래커 이관),2026-09-30
2023-10-10,밸류에이션,지수 종가,KOSPI,2402.58,pt,네이버 차트(기존 트래커 이관),2026-09-30
2023-10-11,밸류에이션,지수 종가,KOSPI,2450.08,pt,네이버 차트(기존 트래커 이관),2026-09-30
2023-10-12,밸류에이션,지수 종가,KOSPI,2479.82,pt,네이버 차트(기존 트래커 이관),2026-09-30
2023-10-13,밸류에이션,지수 종가,KOSPI,2456.15,pt,네이버 차트(기존 트래커 이관),2026-09-30
2023-10-16,밸류에이션,지수 종가,KOSPI,2436.24,pt,네이버 차트(기존 트래커 이관),2026-09-30
2023-10-17,밸류에이션,지수 종가,KOSPI,2460.17,pt,네이버 차트(기존 트래커 이관),2026-09-30
2023-10-18,밸류에이션,지수 종가,KOSPI,2462.6,pt,네이버 차트(기존 트래커 이관),2026-09-30
2023-10-19,밸류에이션,지수 종가,KOSPI,2415.8,pt,네이버 차트(기존 트래커 이관),2026-09-30
2023-10-20,밸류에이션,지수 종가,KOSPI,2375,pt,네이버 차트(기존 트래커 이관),2026-09-30
2023-10-23,밸류에이션,지수 종가,KOSPI,2357.02,pt,네이버 차트(기존 트래커 이관),2026-09-30
2023-10-24,밸류에이션,지수 종가,KOSPI,2383.51,pt,네이버 차트(기존 트래커 이관),2026-09-30
2023-10-25,밸류에이션,지수 종가,KOSPI,2363.17,pt,네이버 차트(기존 트래커 이관),2026-09-30
2023-10-26,밸류에이션,지수 종가,KOSPI,2299.08,pt,네이버 차트(기존 트래커 이관),2026-09-30
2023-10-27,밸류에이션,지수 종가,KOSPI,2302.81,pt,네이버 차트(기존 트래커 이관),2026-09-30
2023-10-30,밸류에이션,지수 종가,KOSPI,2310.55,pt,네이버 차트(기존 트래커 이관),2026-09-30
2023-10-31,밸류에이션,지수 종가,KOSPI,2277.99,pt,네이버 차트(기존 트래커 이관),2026-09-30
2023-11-01,밸류에이션,지수 종가,KOSPI,2301.56,pt,네이버 차트(기존 트래커 이관),2026-09-30
2023-11-02,밸류에이션,지수 종가,KOSPI,2343.12,pt,네이버 차트(기존 트래커 이관),2026-09-30
2023-11-03,밸류에이션,지수 종가,KOSPI,2368.34,pt,네이버 차트(기존 트래커 이관),2026-09-30
2023-11-06,밸류에이션,지수 종가,KOSPI,2502.37,pt,네이버 차트(기존 트래커 이관),2026-09-30
2023-11-07,밸류에이션,지수 종가,KOSPI,2443.96,pt,네이버 차트(기존 트래커 이관),2026-09-30
2023-11-08,밸류에이션,지수 종가,KOSPI,2421.62,pt,네이버 차트(기존 트래커 이관),2026-09-30
2023-11-09,밸류에이션,지수 종가,KOSPI,2427.08,pt,네이버 차트(기존 트래커 이관),2026-09-30
2023-11-10,밸류에이션,지수 종가,KOSPI,2409.66,pt,네이버 차트(기존 트래커 이관),2026-09-30
2023-11-13,밸류에이션,지수 종가,KOSPI,2403.76,pt,네이버 차트(기존 트래커 이관),2026-09-30
2023-11-14,밸류에이션,지수 종가,KOSPI,2433.25,pt,네이버 차트(기존 트래커 이관),2026-09-30
2023-11-15,밸류에이션,지수 종가,KOSPI,2486.67,pt,네이버 차트(기존 트래커 이관),2026-09-30
2023-11-16,밸류에이션,지수 종가,KOSPI,2488.18,pt,네이버 차트(기존 트래커 이관),2026-09-30
2023-11-17,밸류에이션,지수 종가,KOSPI,2469.85,pt,네이버 차트(기존 트래커 이관),2026-09-30
2023-11-20,밸류에이션,지수 종가,KOSPI,2491.2,pt,네이버 차트(기존 트래커 이관),2026-09-30
2023-11-21,밸류에이션,지수 종가,KOSPI,2510.42,pt,네이버 차트(기존 트래커 이관),2026-09-30
2023-11-22,밸류에이션,지수 종가,KOSPI,2511.7,pt,네이버 차트(기존 트래커 이관),2026-09-30
2023-11-23,밸류에이션,지수 종가,KOSPI,2514.96,pt,네이버 차트(기존 트래커 이관),2026-09-30
2023-11-24,밸류에이션,지수 종가,KOSPI,2496.63,pt,네이버 차트(기존 트래커 이관),2026-09-30
2023-11-27,밸류에이션,지수 종가,KOSPI,2495.66,pt,네이버 차트(기존 트래커 이관),2026-09-30
2023-11-28,밸류에이션,지수 종가,KOSPI,2521.76,pt,네이버 차트(기존 트래커 이관),2026-09-30
2023-11-29,밸류에이션,지수 종가,KOSPI,2519.81,pt,네이버 차트(기존 트래커 이관),2026-09-30
2023-11-30,밸류에이션,지수 종가,KOSPI,2535.29,pt,네이버 차트(기존 트래커 이관),2026-09-30
2023-12-01,밸류에이션,지수 종가,KOSPI,2505.01,pt,네이버 차트(기존 트래커 이관),2026-09-30
2023-12-04,밸류에이션,지수 종가,KOSPI,2514.95,pt,네이버 차트(기존 트래커 이관),2026-09-30
2023-12-05,밸류에이션,지수 종가,KOSPI,2494.28,pt,네이버 차트(기존 트래커 이관),2026-09-30
2023-12-06,밸류에이션,지수 종가,KOSPI,2495.38,pt,네이버 차트(기존 트래커 이관),2026-09-30
2023-12-07,밸류에이션,지수 종가,KOSPI,2492.07,pt,네이버 차트(기존 트래커 이관),2026-09-30
2023-12-08,밸류에이션,지수 종가,KOSPI,2517.85,pt,네이버 차트(기존 트래커 이관),2026-09-30
2023-12-11,밸류에이션,지수 종가,KOSPI,2525.36,pt,네이버 차트(기존 트래커 이관),2026-09-30
2023-12-12,밸류에이션,지수 종가,KOSPI,2535.27,pt,네이버 차트(기존 트래커 이관),2026-09-30
2023-12-13,밸류에이션,지수 종가,KOSPI,2510.66,pt,네이버 차트(기존 트래커 이관),2026-09-30
2023-12-14,밸류에이션,지수 종가,KOSPI,2544.18,pt,네이버 차트(기존 트래커 이관),2026-09-30
2023-12-15,밸류에이션,지수 종가,KOSPI,2563.56,pt,네이버 차트(기존 트래커 이관),2026-09-30
2023-12-18,밸류에이션,지수 종가,KOSPI,2566.86,pt,네이버 차트(기존 트래커 이관),2026-09-30
2023-12-19,밸류에이션,지수 종가,KOSPI,2568.55,pt,네이버 차트(기존 트래커 이관),2026-09-30
2023-12-20,밸류에이션,지수 종가,KOSPI,2614.3,pt,네이버 차트(기존 트래커 이관),2026-09-30
2023-12-21,밸류에이션,지수 종가,KOSPI,2600.02,pt,네이버 차트(기존 트래커 이관),2026-09-30
2023-12-22,밸류에이션,지수 종가,KOSPI,2599.51,pt,네이버 차트(기존 트래커 이관),2026-09-30
2023-12-26,밸류에이션,지수 종가,KOSPI,2602.59,pt,네이버 차트(기존 트래커 이관),2026-09-30
2023-12-27,밸류에이션,지수 종가,KOSPI,2613.5,pt,네이버 차트(기존 트래커 이관),2026-09-30
2023-12-28,밸류에이션,지수 종가,KOSPI,2655.28,pt,네이버 차트(기존 트래커 이관),2026-09-30
2024-01-02,밸류에이션,지수 종가,KOSPI,2669.81,pt,네이버 차트(기존 트래커 이관),2026-09-30
2024-01-03,밸류에이션,지수 종가,KOSPI,2607.31,pt,네이버 차트(기존 트래커 이관),2026-09-30
2024-01-04,밸류에이션,지수 종가,KOSPI,2587.02,pt,네이버 차트(기존 트래커 이관),2026-09-30
2024-01-05,밸류에이션,지수 종가,KOSPI,2578.08,pt,네이버 차트(기존 트래커 이관),2026-09-30
2024-01-08,밸류에이션,지수 종가,KOSPI,2567.82,pt,네이버 차트(기존 트래커 이관),2026-09-30
2024-01-09,밸류에이션,지수 종가,KOSPI,2561.24,pt,네이버 차트(기존 트래커 이관),2026-09-30
2024-01-10,밸류에이션,지수 종가,KOSPI,2541.98,pt,네이버 차트(기존 트래커 이관),2026-09-30
2024-01-11,밸류에이션,지수 종가,KOSPI,2540.27,pt,네이버 차트(기존 트래커 이관),2026-09-30
2024-01-12,밸류에이션,지수 종가,KOSPI,2525.05,pt,네이버 차트(기존 트래커 이관),2026-09-30
2024-01-15,밸류에이션,지수 종가,KOSPI,2525.99,pt,네이버 차트(기존 트래커 이관),2026-09-30
2024-01-16,밸류에이션,지수 종가,KOSPI,2497.59,pt,네이버 차트(기존 트래커 이관),2026-09-30
2024-01-17,밸류에이션,지수 종가,KOSPI,2435.9,pt,네이버 차트(기존 트래커 이관),2026-09-30
2024-01-18,밸류에이션,지수 종가,KOSPI,2440.04,pt,네이버 차트(기존 트래커 이관),2026-09-30
2024-01-19,밸류에이션,지수 종가,KOSPI,2472.74,pt,네이버 차트(기존 트래커 이관),2026-09-30
2024-01-22,밸류에이션,지수 종가,KOSPI,2464.35,pt,네이버 차트(기존 트래커 이관),2026-09-30
2024-01-23,밸류에이션,지수 종가,KOSPI,2478.61,pt,네이버 차트(기존 트래커 이관),2026-09-30
2024-01-24,밸류에이션,지수 종가,KOSPI,2469.69,pt,네이버 차트(기존 트래커 이관),2026-09-30
2024-01-25,밸류에이션,지수 종가,KOSPI,2470.34,pt,네이버 차트(기존 트래커 이관),2026-09-30
2024-01-26,밸류에이션,지수 종가,KOSPI,2478.56,pt,네이버 차트(기존 트래커 이관),2026-09-30
2024-01-29,밸류에이션,지수 종가,KOSPI,2500.65,pt,네이버 차트(기존 트래커 이관),2026-09-30
2024-01-30,밸류에이션,지수 종가,KOSPI,2498.81,pt,네이버 차트(기존 트래커 이관),2026-09-30
2024-01-31,밸류에이션,지수 종가,KOSPI,2497.09,pt,네이버 차트(기존 트래커 이관),2026-09-30
2024-02-01,밸류에이션,지수 종가,KOSPI,2542.46,pt,네이버 차트(기존 트래커 이관),2026-09-30
2024-02-02,밸류에이션,지수 종가,KOSPI,2615.31,pt,네이버 차트(기존 트래커 이관),2026-09-30
2024-02-05,밸류에이션,지수 종가,KOSPI,2591.31,pt,네이버 차트(기존 트래커 이관),2026-09-30
2024-02-06,밸류에이션,지수 종가,KOSPI,2576.2,pt,네이버 차트(기존 트래커 이관),2026-09-30
2024-02-07,밸류에이션,지수 종가,KOSPI,2609.58,pt,네이버 차트(기존 트래커 이관),2026-09-30
2024-02-08,밸류에이션,지수 종가,KOSPI,2620.32,pt,네이버 차트(기존 트래커 이관),2026-09-30
2024-02-13,밸류에이션,지수 종가,KOSPI,2649.64,pt,네이버 차트(기존 트래커 이관),2026-09-30
2024-02-14,밸류에이션,지수 종가,KOSPI,2620.42,pt,네이버 차트(기존 트래커 이관),2026-09-30
2024-02-15,밸류에이션,지수 종가,KOSPI,2613.8,pt,네이버 차트(기존 트래커 이관),2026-09-30
2024-02-16,밸류에이션,지수 종가,KOSPI,2648.76,pt,네이버 차트(기존 트래커 이관),2026-09-30
2024-02-19,밸류에이션,지수 종가,KOSPI,2680.26,pt,네이버 차트(기존 트래커 이관),2026-09-30
2024-02-20,밸류에이션,지수 종가,KOSPI,2657.79,pt,네이버 차트(기존 트래커 이관),2026-09-30
2024-02-21,밸류에이션,지수 종가,KOSPI,2653.31,pt,네이버 차트(기존 트래커 이관),2026-09-30
2024-02-22,밸류에이션,지수 종가,KOSPI,2664.27,pt,네이버 차트(기존 트래커 이관),2026-09-30
2024-02-23,밸류에이션,지수 종가,KOSPI,2667.7,pt,네이버 차트(기존 트래커 이관),2026-09-30
2024-02-26,밸류에이션,지수 종가,KOSPI,2647.08,pt,네이버 차트(기존 트래커 이관),2026-09-30
2024-02-27,밸류에이션,지수 종가,KOSPI,2625.05,pt,네이버 차트(기존 트래커 이관),2026-09-30
2024-02-28,밸류에이션,지수 종가,KOSPI,2652.29,pt,네이버 차트(기존 트래커 이관),2026-09-30
2024-02-29,밸류에이션,지수 종가,KOSPI,2642.36,pt,네이버 차트(기존 트래커 이관),2026-09-30
2024-03-04,밸류에이션,지수 종가,KOSPI,2674.27,pt,네이버 차트(기존 트래커 이관),2026-09-30
2024-03-05,밸류에이션,지수 종가,KOSPI,2649.4,pt,네이버 차트(기존 트래커 이관),2026-09-30
2024-03-06,밸류에이션,지수 종가,KOSPI,2641.49,pt,네이버 차트(기존 트래커 이관),2026-09-30
2024-03-07,밸류에이션,지수 종가,KOSPI,2647.62,pt,네이버 차트(기존 트래커 이관),2026-09-30
2024-03-08,밸류에이션,지수 종가,KOSPI,2680.35,pt,네이버 차트(기존 트래커 이관),2026-09-30
2024-03-11,밸류에이션,지수 종가,KOSPI,2659.84,pt,네이버 차트(기존 트래커 이관),2026-09-30
2024-03-12,밸류에이션,지수 종가,KOSPI,2681.81,pt,네이버 차트(기존 트래커 이관),2026-09-30
2024-03-13,밸류에이션,지수 종가,KOSPI,2693.57,pt,네이버 차트(기존 트래커 이관),2026-09-30
2024-03-14,밸류에이션,지수 종가,KOSPI,2718.76,pt,네이버 차트(기존 트래커 이관),2026-09-30
2024-03-15,밸류에이션,지수 종가,KOSPI,2666.84,pt,네이버 차트(기존 트래커 이관),2026-09-30
2024-03-18,밸류에이션,지수 종가,KOSPI,2685.84,pt,네이버 차트(기존 트래커 이관),2026-09-30
2024-03-19,밸류에이션,지수 종가,KOSPI,2656.17,pt,네이버 차트(기존 트래커 이관),2026-09-30
2024-03-20,밸류에이션,지수 종가,KOSPI,2690.14,pt,네이버 차트(기존 트래커 이관),2026-09-30
2024-03-21,밸류에이션,지수 종가,KOSPI,2754.86,pt,네이버 차트(기존 트래커 이관),2026-09-30
2024-03-22,밸류에이션,지수 종가,KOSPI,2748.56,pt,네이버 차트(기존 트래커 이관),2026-09-30
2024-03-25,밸류에이션,지수 종가,KOSPI,2737.57,pt,네이버 차트(기존 트래커 이관),2026-09-30
2024-03-26,밸류에이션,지수 종가,KOSPI,2757.09,pt,네이버 차트(기존 트래커 이관),2026-09-30
2024-03-27,밸류에이션,지수 종가,KOSPI,2755.11,pt,네이버 차트(기존 트래커 이관),2026-09-30
2024-03-28,밸류에이션,지수 종가,KOSPI,2745.82,pt,네이버 차트(기존 트래커 이관),2026-09-30
2024-03-29,밸류에이션,지수 종가,KOSPI,2746.63,pt,네이버 차트(기존 트래커 이관),2026-09-30
2024-04-01,밸류에이션,지수 종가,KOSPI,2747.86,pt,네이버 차트(기존 트래커 이관),2026-09-30
2024-04-02,밸류에이션,지수 종가,KOSPI,2753.16,pt,네이버 차트(기존 트래커 이관),2026-09-30
2024-04-03,밸류에이션,지수 종가,KOSPI,2706.97,pt,네이버 차트(기존 트래커 이관),2026-09-30
2024-04-04,밸류에이션,지수 종가,KOSPI,2742,pt,네이버 차트(기존 트래커 이관),2026-09-30
2024-04-05,밸류에이션,지수 종가,KOSPI,2714.21,pt,네이버 차트(기존 트래커 이관),2026-09-30
2024-04-08,밸류에이션,지수 종가,KOSPI,2717.65,pt,네이버 차트(기존 트래커 이관),2026-09-30
2024-04-09,밸류에이션,지수 종가,KOSPI,2705.16,pt,네이버 차트(기존 트래커 이관),2026-09-30
2024-04-11,밸류에이션,지수 종가,KOSPI,2706.96,pt,네이버 차트(기존 트래커 이관),2026-09-30
2024-04-12,밸류에이션,지수 종가,KOSPI,2681.82,pt,네이버 차트(기존 트래커 이관),2026-09-30
2024-04-15,밸류에이션,지수 종가,KOSPI,2670.43,pt,네이버 차트(기존 트래커 이관),2026-09-30
2024-04-16,밸류에이션,지수 종가,KOSPI,2609.63,pt,네이버 차트(기존 트래커 이관),2026-09-30
2024-04-17,밸류에이션,지수 종가,KOSPI,2584.18,pt,네이버 차트(기존 트래커 이관),2026-09-30
2024-04-18,밸류에이션,지수 종가,KOSPI,2634.7,pt,네이버 차트(기존 트래커 이관),2026-09-30
2024-04-19,밸류에이션,지수 종가,KOSPI,2591.86,pt,네이버 차트(기존 트래커 이관),2026-09-30
2024-04-22,밸류에이션,지수 종가,KOSPI,2629.44,pt,네이버 차트(기존 트래커 이관),2026-09-30
2024-04-23,밸류에이션,지수 종가,KOSPI,2623.02,pt,네이버 차트(기존 트래커 이관),2026-09-30
2024-04-24,밸류에이션,지수 종가,KOSPI,2675.75,pt,네이버 차트(기존 트래커 이관),2026-09-30
2024-04-25,밸류에이션,지수 종가,KOSPI,2628.62,pt,네이버 차트(기존 트래커 이관),2026-09-30
2024-04-26,밸류에이션,지수 종가,KOSPI,2656.33,pt,네이버 차트(기존 트래커 이관),2026-09-30
2024-04-29,밸류에이션,지수 종가,KOSPI,2687.44,pt,네이버 차트(기존 트래커 이관),2026-09-30
2024-04-30,밸류에이션,지수 종가,KOSPI,2692.06,pt,네이버 차트(기존 트래커 이관),2026-09-30
2024-05-02,밸류에이션,지수 종가,KOSPI,2683.65,pt,네이버 차트(기존 트래커 이관),2026-09-30
2024-05-03,밸류에이션,지수 종가,KOSPI,2676.63,pt,네이버 차트(기존 트래커 이관),2026-09-30
2024-05-07,밸류에이션,지수 종가,KOSPI,2734.36,pt,네이버 차트(기존 트래커 이관),2026-09-30
2024-05-08,밸류에이션,지수 종가,KOSPI,2745.05,pt,네이버 차트(기존 트래커 이관),2026-09-30
2024-05-09,밸류에이션,지수 종가,KOSPI,2712.14,pt,네이버 차트(기존 트래커 이관),2026-09-30
2024-05-10,밸류에이션,지수 종가,KOSPI,2727.63,pt,네이버 차트(기존 트래커 이관),2026-09-30
2024-05-13,밸류에이션,지수 종가,KOSPI,2727.21,pt,네이버 차트(기존 트래커 이관),2026-09-30
2024-05-14,밸류에이션,지수 종가,KOSPI,2730.34,pt,네이버 차트(기존 트래커 이관),2026-09-30
2024-05-16,밸류에이션,지수 종가,KOSPI,2753,pt,네이버 차트(기존 트래커 이관),2026-09-30
2024-05-17,밸류에이션,지수 종가,KOSPI,2724.62,pt,네이버 차트(기존 트래커 이관),2026-09-30
2024-05-20,밸류에이션,지수 종가,KOSPI,2742.14,pt,네이버 차트(기존 트래커 이관),2026-09-30
2024-05-21,밸류에이션,지수 종가,KOSPI,2724.18,pt,네이버 차트(기존 트래커 이관),2026-09-30
2024-05-22,밸류에이션,지수 종가,KOSPI,2723.46,pt,네이버 차트(기존 트래커 이관),2026-09-30
2024-05-23,밸류에이션,지수 종가,KOSPI,2721.81,pt,네이버 차트(기존 트래커 이관),2026-09-30
2024-05-24,밸류에이션,지수 종가,KOSPI,2687.6,pt,네이버 차트(기존 트래커 이관),2026-09-30
2024-05-27,밸류에이션,지수 종가,KOSPI,2722.99,pt,네이버 차트(기존 트래커 이관),2026-09-30
2024-05-28,밸류에이션,지수 종가,KOSPI,2722.85,pt,네이버 차트(기존 트래커 이관),2026-09-30
2024-05-29,밸류에이션,지수 종가,KOSPI,2677.3,pt,네이버 차트(기존 트래커 이관),2026-09-30
2024-05-30,밸류에이션,지수 종가,KOSPI,2635.44,pt,네이버 차트(기존 트래커 이관),2026-09-30
2024-05-31,밸류에이션,지수 종가,KOSPI,2636.52,pt,네이버 차트(기존 트래커 이관),2026-09-30
2024-06-03,밸류에이션,지수 종가,KOSPI,2682.52,pt,네이버 차트(기존 트래커 이관),2026-09-30
2024-06-04,밸류에이션,지수 종가,KOSPI,2662.1,pt,네이버 차트(기존 트래커 이관),2026-09-30
2024-06-05,밸류에이션,지수 종가,KOSPI,2689.5,pt,네이버 차트(기존 트래커 이관),2026-09-30
2024-06-07,밸류에이션,지수 종가,KOSPI,2722.67,pt,네이버 차트(기존 트래커 이관),2026-09-30
2024-06-10,밸류에이션,지수 종가,KOSPI,2701.17,pt,네이버 차트(기존 트래커 이관),2026-09-30
2024-06-11,밸류에이션,지수 종가,KOSPI,2705.32,pt,네이버 차트(기존 트래커 이관),2026-09-30
2024-06-12,밸류에이션,지수 종가,KOSPI,2728.17,pt,네이버 차트(기존 트래커 이관),2026-09-30
2024-06-13,밸류에이션,지수 종가,KOSPI,2754.89,pt,네이버 차트(기존 트래커 이관),2026-09-30
2024-06-14,밸류에이션,지수 종가,KOSPI,2758.42,pt,네이버 차트(기존 트래커 이관),2026-09-30
2024-06-17,밸류에이션,지수 종가,KOSPI,2744.1,pt,네이버 차트(기존 트래커 이관),2026-09-30
2024-06-18,밸류에이션,지수 종가,KOSPI,2763.92,pt,네이버 차트(기존 트래커 이관),2026-09-30
2024-06-19,밸류에이션,지수 종가,KOSPI,2797.33,pt,네이버 차트(기존 트래커 이관),2026-09-30
2024-06-20,밸류에이션,지수 종가,KOSPI,2807.63,pt,네이버 차트(기존 트래커 이관),2026-09-30
2024-06-21,밸류에이션,지수 종가,KOSPI,2784.26,pt,네이버 차트(기존 트래커 이관),2026-09-30
2024-06-24,밸류에이션,지수 종가,KOSPI,2764.73,pt,네이버 차트(기존 트래커 이관),2026-09-30
2024-06-25,밸류에이션,지수 종가,KOSPI,2774.39,pt,네이버 차트(기존 트래커 이관),2026-09-30
2024-06-26,밸류에이션,지수 종가,KOSPI,2792.05,pt,네이버 차트(기존 트래커 이관),2026-09-30
2024-06-27,밸류에이션,지수 종가,KOSPI,2784.06,pt,네이버 차트(기존 트래커 이관),2026-09-30
2024-06-28,밸류에이션,지수 종가,KOSPI,2797.82,pt,네이버 차트(기존 트래커 이관),2026-09-30
2024-07-01,밸류에이션,지수 종가,KOSPI,2804.31,pt,네이버 차트(기존 트래커 이관),2026-09-30
2024-07-02,밸류에이션,지수 종가,KOSPI,2780.86,pt,네이버 차트(기존 트래커 이관),2026-09-30
2024-07-03,밸류에이션,지수 종가,KOSPI,2794.01,pt,네이버 차트(기존 트래커 이관),2026-09-30
2024-07-04,밸류에이션,지수 종가,KOSPI,2824.94,pt,네이버 차트(기존 트래커 이관),2026-09-30
2024-07-05,밸류에이션,지수 종가,KOSPI,2862.23,pt,네이버 차트(기존 트래커 이관),2026-09-30
2024-07-08,밸류에이션,지수 종가,KOSPI,2857.76,pt,네이버 차트(기존 트래커 이관),2026-09-30
2024-07-09,밸류에이션,지수 종가,KOSPI,2867.38,pt,네이버 차트(기존 트래커 이관),2026-09-30
2024-07-10,밸류에이션,지수 종가,KOSPI,2867.99,pt,네이버 차트(기존 트래커 이관),2026-09-30
2024-07-11,밸류에이션,지수 종가,KOSPI,2891.35,pt,네이버 차트(기존 트래커 이관),2026-09-30
2024-07-12,밸류에이션,지수 종가,KOSPI,2857,pt,네이버 차트(기존 트래커 이관),2026-09-30
2024-07-15,밸류에이션,지수 종가,KOSPI,2860.92,pt,네이버 차트(기존 트래커 이관),2026-09-30
2024-07-16,밸류에이션,지수 종가,KOSPI,2866.09,pt,네이버 차트(기존 트래커 이관),2026-09-30
2024-07-17,밸류에이션,지수 종가,KOSPI,2843.29,pt,네이버 차트(기존 트래커 이관),2026-09-30
2024-07-18,밸류에이션,지수 종가,KOSPI,2824.35,pt,네이버 차트(기존 트래커 이관),2026-09-30
2024-07-19,밸류에이션,지수 종가,KOSPI,2795.46,pt,네이버 차트(기존 트래커 이관),2026-09-30
2024-07-22,밸류에이션,지수 종가,KOSPI,2763.51,pt,네이버 차트(기존 트래커 이관),2026-09-30
2024-07-23,밸류에이션,지수 종가,KOSPI,2774.29,pt,네이버 차트(기존 트래커 이관),2026-09-30
2024-07-24,밸류에이션,지수 종가,KOSPI,2758.71,pt,네이버 차트(기존 트래커 이관),2026-09-30
2024-07-25,밸류에이션,지수 종가,KOSPI,2710.65,pt,네이버 차트(기존 트래커 이관),2026-09-30
2024-07-26,밸류에이션,지수 종가,KOSPI,2731.9,pt,네이버 차트(기존 트래커 이관),2026-09-30
2024-07-29,밸류에이션,지수 종가,KOSPI,2765.53,pt,네이버 차트(기존 트래커 이관),2026-09-30
2024-07-30,밸류에이션,지수 종가,KOSPI,2738.19,pt,네이버 차트(기존 트래커 이관),2026-09-30
2024-07-31,밸류에이션,지수 종가,KOSPI,2770.69,pt,네이버 차트(기존 트래커 이관),2026-09-30
2024-08-01,밸류에이션,지수 종가,KOSPI,2777.68,pt,네이버 차트(기존 트래커 이관),2026-09-30
2024-08-02,밸류에이션,지수 종가,KOSPI,2676.19,pt,네이버 차트(기존 트래커 이관),2026-09-30
2024-08-05,밸류에이션,지수 종가,KOSPI,2441.55,pt,네이버 차트(기존 트래커 이관),2026-09-30
2024-08-06,밸류에이션,지수 종가,KOSPI,2522.15,pt,네이버 차트(기존 트래커 이관),2026-09-30
2024-08-07,밸류에이션,지수 종가,KOSPI,2568.41,pt,네이버 차트(기존 트래커 이관),2026-09-30
2024-08-08,밸류에이션,지수 종가,KOSPI,2556.73,pt,네이버 차트(기존 트래커 이관),2026-09-30
2024-08-09,밸류에이션,지수 종가,KOSPI,2588.43,pt,네이버 차트(기존 트래커 이관),2026-09-30
2024-08-12,밸류에이션,지수 종가,KOSPI,2618.3,pt,네이버 차트(기존 트래커 이관),2026-09-30
2024-08-13,밸류에이션,지수 종가,KOSPI,2621.5,pt,네이버 차트(기존 트래커 이관),2026-09-30
2024-08-14,밸류에이션,지수 종가,KOSPI,2644.5,pt,네이버 차트(기존 트래커 이관),2026-09-30
2024-08-16,밸류에이션,지수 종가,KOSPI,2697.23,pt,네이버 차트(기존 트래커 이관),2026-09-30
2024-08-19,밸류에이션,지수 종가,KOSPI,2674.36,pt,네이버 차트(기존 트래커 이관),2026-09-30
2024-08-20,밸류에이션,지수 종가,KOSPI,2696.63,pt,네이버 차트(기존 트래커 이관),2026-09-30
2024-08-21,밸류에이션,지수 종가,KOSPI,2701.13,pt,네이버 차트(기존 트래커 이관),2026-09-30
2024-08-22,밸류에이션,지수 종가,KOSPI,2707.67,pt,네이버 차트(기존 트래커 이관),2026-09-30
2024-08-23,밸류에이션,지수 종가,KOSPI,2701.69,pt,네이버 차트(기존 트래커 이관),2026-09-30
2024-08-26,밸류에이션,지수 종가,KOSPI,2698.01,pt,네이버 차트(기존 트래커 이관),2026-09-30
2024-08-27,밸류에이션,지수 종가,KOSPI,2689.25,pt,네이버 차트(기존 트래커 이관),2026-09-30
2024-08-28,밸류에이션,지수 종가,KOSPI,2689.83,pt,네이버 차트(기존 트래커 이관),2026-09-30
2024-08-29,밸류에이션,지수 종가,KOSPI,2662.28,pt,네이버 차트(기존 트래커 이관),2026-09-30
2024-08-30,밸류에이션,지수 종가,KOSPI,2674.31,pt,네이버 차트(기존 트래커 이관),2026-09-30
2024-09-02,밸류에이션,지수 종가,KOSPI,2681,pt,네이버 차트(기존 트래커 이관),2026-09-30
2024-09-03,밸류에이션,지수 종가,KOSPI,2664.63,pt,네이버 차트(기존 트래커 이관),2026-09-30
2024-09-04,밸류에이션,지수 종가,KOSPI,2580.8,pt,네이버 차트(기존 트래커 이관),2026-09-30
2024-09-05,밸류에이션,지수 종가,KOSPI,2575.5,pt,네이버 차트(기존 트래커 이관),2026-09-30
2024-09-06,밸류에이션,지수 종가,KOSPI,2544.28,pt,네이버 차트(기존 트래커 이관),2026-09-30
2024-09-09,밸류에이션,지수 종가,KOSPI,2535.93,pt,네이버 차트(기존 트래커 이관),2026-09-30
2024-09-10,밸류에이션,지수 종가,KOSPI,2523.43,pt,네이버 차트(기존 트래커 이관),2026-09-30
2024-09-11,밸류에이션,지수 종가,KOSPI,2513.37,pt,네이버 차트(기존 트래커 이관),2026-09-30
2024-09-12,밸류에이션,지수 종가,KOSPI,2572.09,pt,네이버 차트(기존 트래커 이관),2026-09-30
2024-09-13,밸류에이션,지수 종가,KOSPI,2575.41,pt,네이버 차트(기존 트래커 이관),2026-09-30
2024-09-19,밸류에이션,지수 종가,KOSPI,2580.8,pt,네이버 차트(기존 트래커 이관),2026-09-30
2024-09-20,밸류에이션,지수 종가,KOSPI,2593.37,pt,네이버 차트(기존 트래커 이관),2026-09-30
2024-09-23,밸류에이션,지수 종가,KOSPI,2602.01,pt,네이버 차트(기존 트래커 이관),2026-09-30
2024-09-24,밸류에이션,지수 종가,KOSPI,2631.68,pt,네이버 차트(기존 트래커 이관),2026-09-30
2024-09-25,밸류에이션,지수 종가,KOSPI,2596.32,pt,네이버 차트(기존 트래커 이관),2026-09-30
2024-09-26,밸류에이션,지수 종가,KOSPI,2671.57,pt,네이버 차트(기존 트래커 이관),2026-09-30
2024-09-27,밸류에이션,지수 종가,KOSPI,2649.78,pt,네이버 차트(기존 트래커 이관),2026-09-30
2024-09-30,밸류에이션,지수 종가,KOSPI,2593.27,pt,네이버 차트(기존 트래커 이관),2026-09-30
2024-10-02,밸류에이션,지수 종가,KOSPI,2561.69,pt,네이버 차트(기존 트래커 이관),2026-09-30
2024-10-04,밸류에이션,지수 종가,KOSPI,2569.71,pt,네이버 차트(기존 트래커 이관),2026-09-30
2024-10-07,밸류에이션,지수 종가,KOSPI,2610.38,pt,네이버 차트(기존 트래커 이관),2026-09-30
2024-10-08,밸류에이션,지수 종가,KOSPI,2594.36,pt,네이버 차트(기존 트래커 이관),2026-09-30
2024-10-10,밸류에이션,지수 종가,KOSPI,2599.16,pt,네이버 차트(기존 트래커 이관),2026-09-30
2024-10-11,밸류에이션,지수 종가,KOSPI,2596.91,pt,네이버 차트(기존 트래커 이관),2026-09-30
2024-10-14,밸류에이션,지수 종가,KOSPI,2623.29,pt,네이버 차트(기존 트래커 이관),2026-09-30
2024-10-15,밸류에이션,지수 종가,KOSPI,2633.45,pt,네이버 차트(기존 트래커 이관),2026-09-30
2024-10-16,밸류에이션,지수 종가,KOSPI,2610.36,pt,네이버 차트(기존 트래커 이관),2026-09-30
2024-10-17,밸류에이션,지수 종가,KOSPI,2609.3,pt,네이버 차트(기존 트래커 이관),2026-09-30
2024-10-18,밸류에이션,지수 종가,KOSPI,2593.82,pt,네이버 차트(기존 트래커 이관),2026-09-30
2024-10-21,밸류에이션,지수 종가,KOSPI,2604.92,pt,네이버 차트(기존 트래커 이관),2026-09-30
2024-10-22,밸류에이션,지수 종가,KOSPI,2570.7,pt,네이버 차트(기존 트래커 이관),2026-09-30
2024-10-23,밸류에이션,지수 종가,KOSPI,2599.62,pt,네이버 차트(기존 트래커 이관),2026-09-30
2024-10-24,밸류에이션,지수 종가,KOSPI,2581.03,pt,네이버 차트(기존 트래커 이관),2026-09-30
2024-10-25,밸류에이션,지수 종가,KOSPI,2583.27,pt,네이버 차트(기존 트래커 이관),2026-09-30
2024-10-28,밸류에이션,지수 종가,KOSPI,2612.43,pt,네이버 차트(기존 트래커 이관),2026-09-30
2024-10-29,밸류에이션,지수 종가,KOSPI,2617.8,pt,네이버 차트(기존 트래커 이관),2026-09-30
2024-10-30,밸류에이션,지수 종가,KOSPI,2593.79,pt,네이버 차트(기존 트래커 이관),2026-09-30
2024-10-31,밸류에이션,지수 종가,KOSPI,2556.15,pt,네이버 차트(기존 트래커 이관),2026-09-30
2024-11-01,밸류에이션,지수 종가,KOSPI,2542.36,pt,네이버 차트(기존 트래커 이관),2026-09-30
2024-11-04,밸류에이션,지수 종가,KOSPI,2588.97,pt,네이버 차트(기존 트래커 이관),2026-09-30
2024-11-05,밸류에이션,지수 종가,KOSPI,2576.88,pt,네이버 차트(기존 트래커 이관),2026-09-30
2024-11-06,밸류에이션,지수 종가,KOSPI,2563.51,pt,네이버 차트(기존 트래커 이관),2026-09-30
2024-11-07,밸류에이션,지수 종가,KOSPI,2564.63,pt,네이버 차트(기존 트래커 이관),2026-09-30
2024-11-08,밸류에이션,지수 종가,KOSPI,2561.15,pt,네이버 차트(기존 트래커 이관),2026-09-30
2024-11-11,밸류에이션,지수 종가,KOSPI,2531.66,pt,네이버 차트(기존 트래커 이관),2026-09-30
2024-11-12,밸류에이션,지수 종가,KOSPI,2482.57,pt,네이버 차트(기존 트래커 이관),2026-09-30
2024-11-13,밸류에이션,지수 종가,KOSPI,2417.08,pt,네이버 차트(기존 트래커 이관),2026-09-30
2024-11-14,밸류에이션,지수 종가,KOSPI,2418.86,pt,네이버 차트(기존 트래커 이관),2026-09-30
2024-11-15,밸류에이션,지수 종가,KOSPI,2416.86,pt,네이버 차트(기존 트래커 이관),2026-09-30
2024-11-18,밸류에이션,지수 종가,KOSPI,2469.07,pt,네이버 차트(기존 트래커 이관),2026-09-30
2024-11-19,밸류에이션,지수 종가,KOSPI,2471.95,pt,네이버 차트(기존 트래커 이관),2026-09-30
2024-11-20,밸류에이션,지수 종가,KOSPI,2482.29,pt,네이버 차트(기존 트래커 이관),2026-09-30
2024-11-21,밸류에이션,지수 종가,KOSPI,2480.63,pt,네이버 차트(기존 트래커 이관),2026-09-30
2024-11-22,밸류에이션,지수 종가,KOSPI,2501.24,pt,네이버 차트(기존 트래커 이관),2026-09-30
2024-11-25,밸류에이션,지수 종가,KOSPI,2534.34,pt,네이버 차트(기존 트래커 이관),2026-09-30
2024-11-26,밸류에이션,지수 종가,KOSPI,2520.36,pt,네이버 차트(기존 트래커 이관),2026-09-30
2024-11-27,밸류에이션,지수 종가,KOSPI,2503.06,pt,네이버 차트(기존 트래커 이관),2026-09-30
2024-11-28,밸류에이션,지수 종가,KOSPI,2504.67,pt,네이버 차트(기존 트래커 이관),2026-09-30
2024-11-29,밸류에이션,지수 종가,KOSPI,2455.91,pt,네이버 차트(기존 트래커 이관),2026-09-30
2024-12-02,밸류에이션,지수 종가,KOSPI,2454.48,pt,네이버 차트(기존 트래커 이관),2026-09-30
2024-12-03,밸류에이션,지수 종가,KOSPI,2500.1,pt,네이버 차트(기존 트래커 이관),2026-09-30
2024-12-04,밸류에이션,지수 종가,KOSPI,2464,pt,네이버 차트(기존 트래커 이관),2026-09-30
2024-12-05,밸류에이션,지수 종가,KOSPI,2441.85,pt,네이버 차트(기존 트래커 이관),2026-09-30
2024-12-06,밸류에이션,지수 종가,KOSPI,2428.16,pt,네이버 차트(기존 트래커 이관),2026-09-30
2024-12-09,밸류에이션,지수 종가,KOSPI,2360.58,pt,네이버 차트(기존 트래커 이관),2026-09-30
2024-12-10,밸류에이션,지수 종가,KOSPI,2417.84,pt,네이버 차트(기존 트래커 이관),2026-09-30
2024-12-11,밸류에이션,지수 종가,KOSPI,2442.51,pt,네이버 차트(기존 트래커 이관),2026-09-30
2024-12-12,밸류에이션,지수 종가,KOSPI,2482.12,pt,네이버 차트(기존 트래커 이관),2026-09-30
2024-12-13,밸류에이션,지수 종가,KOSPI,2494.46,pt,네이버 차트(기존 트래커 이관),2026-09-30
2024-12-16,밸류에이션,지수 종가,KOSPI,2488.97,pt,네이버 차트(기존 트래커 이관),2026-09-30
2024-12-17,밸류에이션,지수 종가,KOSPI,2456.81,pt,네이버 차트(기존 트래커 이관),2026-09-30
2024-12-18,밸류에이션,지수 종가,KOSPI,2484.43,pt,네이버 차트(기존 트래커 이관),2026-09-30
2024-12-19,밸류에이션,지수 종가,KOSPI,2435.93,pt,네이버 차트(기존 트래커 이관),2026-09-30
2024-12-20,밸류에이션,지수 종가,KOSPI,2404.15,pt,네이버 차트(기존 트래커 이관),2026-09-30
2024-12-23,밸류에이션,지수 종가,KOSPI,2442.01,pt,네이버 차트(기존 트래커 이관),2026-09-30
2024-12-24,밸류에이션,지수 종가,KOSPI,2440.52,pt,네이버 차트(기존 트래커 이관),2026-09-30
2024-12-26,밸류에이션,지수 종가,KOSPI,2429.67,pt,네이버 차트(기존 트래커 이관),2026-09-30
2024-12-27,밸류에이션,지수 종가,KOSPI,2404.77,pt,네이버 차트(기존 트래커 이관),2026-09-30
2024-12-30,밸류에이션,지수 종가,KOSPI,2399.49,pt,네이버 차트(기존 트래커 이관),2026-09-30
2025-01-02,밸류에이션,지수 종가,KOSPI,2398.94,pt,네이버 차트(기존 트래커 이관),2026-09-30
2025-01-03,밸류에이션,지수 종가,KOSPI,2441.92,pt,네이버 차트(기존 트래커 이관),2026-09-30
2025-01-06,밸류에이션,지수 종가,KOSPI,2488.64,pt,네이버 차트(기존 트래커 이관),2026-09-30
2025-01-07,밸류에이션,지수 종가,KOSPI,2492.1,pt,네이버 차트(기존 트래커 이관),2026-09-30
2025-01-08,밸류에이션,지수 종가,KOSPI,2521.05,pt,네이버 차트(기존 트래커 이관),2026-09-30
2025-01-09,밸류에이션,지수 종가,KOSPI,2521.9,pt,네이버 차트(기존 트래커 이관),2026-09-30
2025-01-10,밸류에이션,지수 종가,KOSPI,2515.78,pt,네이버 차트(기존 트래커 이관),2026-09-30
2025-01-13,밸류에이션,지수 종가,KOSPI,2489.56,pt,네이버 차트(기존 트래커 이관),2026-09-30
2025-01-14,밸류에이션,지수 종가,KOSPI,2497.4,pt,네이버 차트(기존 트래커 이관),2026-09-30
2025-01-15,밸류에이션,지수 종가,KOSPI,2496.81,pt,네이버 차트(기존 트래커 이관),2026-09-30
2025-01-16,밸류에이션,지수 종가,KOSPI,2527.49,pt,네이버 차트(기존 트래커 이관),2026-09-30
2025-01-17,밸류에이션,지수 종가,KOSPI,2523.55,pt,네이버 차트(기존 트래커 이관),2026-09-30
2025-01-20,밸류에이션,지수 종가,KOSPI,2520.05,pt,네이버 차트(기존 트래커 이관),2026-09-30
2025-01-21,밸류에이션,지수 종가,KOSPI,2518.03,pt,네이버 차트(기존 트래커 이관),2026-09-30
2025-01-22,밸류에이션,지수 종가,KOSPI,2547.06,pt,네이버 차트(기존 트래커 이관),2026-09-30
2025-01-23,밸류에이션,지수 종가,KOSPI,2515.49,pt,네이버 차트(기존 트래커 이관),2026-09-30
2025-01-24,밸류에이션,지수 종가,KOSPI,2536.8,pt,네이버 차트(기존 트래커 이관),2026-09-30
2025-01-31,밸류에이션,지수 종가,KOSPI,2517.37,pt,네이버 차트(기존 트래커 이관),2026-09-30
2025-02-03,밸류에이션,지수 종가,KOSPI,2453.95,pt,네이버 차트(기존 트래커 이관),2026-09-30
2025-02-04,밸류에이션,지수 종가,KOSPI,2481.69,pt,네이버 차트(기존 트래커 이관),2026-09-30
2025-02-05,밸류에이션,지수 종가,KOSPI,2509.27,pt,네이버 차트(기존 트래커 이관),2026-09-30
2025-02-06,밸류에이션,지수 종가,KOSPI,2536.75,pt,네이버 차트(기존 트래커 이관),2026-09-30
2025-02-07,밸류에이션,지수 종가,KOSPI,2521.92,pt,네이버 차트(기존 트래커 이관),2026-09-30
2025-02-10,밸류에이션,지수 종가,KOSPI,2521.27,pt,네이버 차트(기존 트래커 이관),2026-09-30
2025-02-11,밸류에이션,지수 종가,KOSPI,2539.05,pt,네이버 차트(기존 트래커 이관),2026-09-30
2025-02-12,밸류에이션,지수 종가,KOSPI,2548.39,pt,네이버 차트(기존 트래커 이관),2026-09-30
2025-02-13,밸류에이션,지수 종가,KOSPI,2583.17,pt,네이버 차트(기존 트래커 이관),2026-09-30
2025-02-14,밸류에이션,지수 종가,KOSPI,2591.05,pt,네이버 차트(기존 트래커 이관),2026-09-30
2025-02-17,밸류에이션,지수 종가,KOSPI,2610.42,pt,네이버 차트(기존 트래커 이관),2026-09-30
2025-02-18,밸류에이션,지수 종가,KOSPI,2626.81,pt,네이버 차트(기존 트래커 이관),2026-09-30
2025-02-19,밸류에이션,지수 종가,KOSPI,2671.52,pt,네이버 차트(기존 트래커 이관),2026-09-30
2025-02-20,밸류에이션,지수 종가,KOSPI,2654.06,pt,네이버 차트(기존 트래커 이관),2026-09-30
2025-02-21,밸류에이션,지수 종가,KOSPI,2654.58,pt,네이버 차트(기존 트래커 이관),2026-09-30
2025-02-24,밸류에이션,지수 종가,KOSPI,2645.27,pt,네이버 차트(기존 트래커 이관),2026-09-30
2025-02-25,밸류에이션,지수 종가,KOSPI,2630.29,pt,네이버 차트(기존 트래커 이관),2026-09-30
2025-02-26,밸류에이션,지수 종가,KOSPI,2641.09,pt,네이버 차트(기존 트래커 이관),2026-09-30
2025-02-27,밸류에이션,지수 종가,KOSPI,2621.75,pt,네이버 차트(기존 트래커 이관),2026-09-30
2025-02-28,밸류에이션,지수 종가,KOSPI,2532.78,pt,네이버 차트(기존 트래커 이관),2026-09-30
2025-03-04,밸류에이션,지수 종가,KOSPI,2528.92,pt,네이버 차트(기존 트래커 이관),2026-09-30
2025-03-05,밸류에이션,지수 종가,KOSPI,2558.13,pt,네이버 차트(기존 트래커 이관),2026-09-30
2025-03-06,밸류에이션,지수 종가,KOSPI,2576.16,pt,네이버 차트(기존 트래커 이관),2026-09-30
2025-03-07,밸류에이션,지수 종가,KOSPI,2563.48,pt,네이버 차트(기존 트래커 이관),2026-09-30
2025-03-10,밸류에이션,지수 종가,KOSPI,2570.39,pt,네이버 차트(기존 트래커 이관),2026-09-30
2025-03-11,밸류에이션,지수 종가,KOSPI,2537.6,pt,네이버 차트(기존 트래커 이관),2026-09-30
2025-03-12,밸류에이션,지수 종가,KOSPI,2574.82,pt,네이버 차트(기존 트래커 이관),2026-09-30
2025-03-13,밸류에이션,지수 종가,KOSPI,2573.64,pt,네이버 차트(기존 트래커 이관),2026-09-30
2025-03-14,밸류에이션,지수 종가,KOSPI,2566.36,pt,네이버 차트(기존 트래커 이관),2026-09-30
2025-03-17,밸류에이션,지수 종가,KOSPI,2610.69,pt,네이버 차트(기존 트래커 이관),2026-09-30
2025-03-18,밸류에이션,지수 종가,KOSPI,2612.34,pt,네이버 차트(기존 트래커 이관),2026-09-30
2025-03-19,밸류에이션,지수 종가,KOSPI,2628.62,pt,네이버 차트(기존 트래커 이관),2026-09-30
2025-03-20,밸류에이션,지수 종가,KOSPI,2637.1,pt,네이버 차트(기존 트래커 이관),2026-09-30
2025-03-21,밸류에이션,지수 종가,KOSPI,2643.13,pt,네이버 차트(기존 트래커 이관),2026-09-30
2025-03-24,밸류에이션,지수 종가,KOSPI,2632.07,pt,네이버 차트(기존 트래커 이관),2026-09-30
2025-03-25,밸류에이션,지수 종가,KOSPI,2615.81,pt,네이버 차트(기존 트래커 이관),2026-09-30
2025-03-26,밸류에이션,지수 종가,KOSPI,2643.94,pt,네이버 차트(기존 트래커 이관),2026-09-30
2025-03-27,밸류에이션,지수 종가,KOSPI,2607.15,pt,네이버 차트(기존 트래커 이관),2026-09-30
2025-03-28,밸류에이션,지수 종가,KOSPI,2557.98,pt,네이버 차트(기존 트래커 이관),2026-09-30
2025-03-31,밸류에이션,지수 종가,KOSPI,2481.12,pt,네이버 차트(기존 트래커 이관),2026-09-30
2025-04-01,밸류에이션,지수 종가,KOSPI,2521.39,pt,네이버 차트(기존 트래커 이관),2026-09-30
2025-04-02,밸류에이션,지수 종가,KOSPI,2505.86,pt,네이버 차트(기존 트래커 이관),2026-09-30
2025-04-03,밸류에이션,지수 종가,KOSPI,2486.7,pt,네이버 차트(기존 트래커 이관),2026-09-30
2025-04-04,밸류에이션,지수 종가,KOSPI,2465.42,pt,네이버 차트(기존 트래커 이관),2026-09-30
2025-04-07,밸류에이션,지수 종가,KOSPI,2328.2,pt,네이버 차트(기존 트래커 이관),2026-09-30
2025-04-08,밸류에이션,지수 종가,KOSPI,2334.23,pt,네이버 차트(기존 트래커 이관),2026-09-30
2025-04-09,밸류에이션,지수 종가,KOSPI,2293.7,pt,네이버 차트(기존 트래커 이관),2026-09-30
2025-04-10,밸류에이션,지수 종가,KOSPI,2445.06,pt,네이버 차트(기존 트래커 이관),2026-09-30
2025-04-11,밸류에이션,지수 종가,KOSPI,2432.72,pt,네이버 차트(기존 트래커 이관),2026-09-30
2025-04-14,밸류에이션,지수 종가,KOSPI,2455.89,pt,네이버 차트(기존 트래커 이관),2026-09-30
2025-04-15,밸류에이션,지수 종가,KOSPI,2477.41,pt,네이버 차트(기존 트래커 이관),2026-09-30
2025-04-16,밸류에이션,지수 종가,KOSPI,2447.43,pt,네이버 차트(기존 트래커 이관),2026-09-30
2025-04-17,밸류에이션,지수 종가,KOSPI,2470.41,pt,네이버 차트(기존 트래커 이관),2026-09-30
2025-04-18,밸류에이션,지수 종가,KOSPI,2483.42,pt,네이버 차트(기존 트래커 이관),2026-09-30
2025-04-21,밸류에이션,지수 종가,KOSPI,2488.42,pt,네이버 차트(기존 트래커 이관),2026-09-30
2025-04-22,밸류에이션,지수 종가,KOSPI,2486.64,pt,네이버 차트(기존 트래커 이관),2026-09-30
2025-04-23,밸류에이션,지수 종가,KOSPI,2525.56,pt,네이버 차트(기존 트래커 이관),2026-09-30
2025-04-24,밸류에이션,지수 종가,KOSPI,2522.33,pt,네이버 차트(기존 트래커 이관),2026-09-30
2025-04-25,밸류에이션,지수 종가,KOSPI,2546.3,pt,네이버 차트(기존 트래커 이관),2026-09-30
2025-04-28,밸류에이션,지수 종가,KOSPI,2548.86,pt,네이버 차트(기존 트래커 이관),2026-09-30
2025-04-29,밸류에이션,지수 종가,KOSPI,2565.42,pt,네이버 차트(기존 트래커 이관),2026-09-30
2025-04-30,밸류에이션,지수 종가,KOSPI,2556.61,pt,네이버 차트(기존 트래커 이관),2026-09-30
2025-05-02,밸류에이션,지수 종가,KOSPI,2559.79,pt,네이버 차트(기존 트래커 이관),2026-09-30
2025-05-07,밸류에이션,지수 종가,KOSPI,2573.8,pt,네이버 차트(기존 트래커 이관),2026-09-30
2025-05-08,밸류에이션,지수 종가,KOSPI,2579.48,pt,네이버 차트(기존 트래커 이관),2026-09-30
2025-05-09,밸류에이션,지수 종가,KOSPI,2577.27,pt,네이버 차트(기존 트래커 이관),2026-09-30
2025-05-12,밸류에이션,지수 종가,KOSPI,2607.33,pt,네이버 차트(기존 트래커 이관),2026-09-30
2025-05-13,밸류에이션,지수 종가,KOSPI,2608.42,pt,네이버 차트(기존 트래커 이관),2026-09-30
2025-05-14,밸류에이션,지수 종가,KOSPI,2640.57,pt,네이버 차트(기존 트래커 이관),2026-09-30
2025-05-15,밸류에이션,지수 종가,KOSPI,2621.36,pt,네이버 차트(기존 트래커 이관),2026-09-30
2025-05-16,밸류에이션,지수 종가,KOSPI,2626.87,pt,네이버 차트(기존 트래커 이관),2026-09-30
2025-05-19,밸류에이션,지수 종가,KOSPI,2603.42,pt,네이버 차트(기존 트래커 이관),2026-09-30
2025-05-20,밸류에이션,지수 종가,KOSPI,2601.8,pt,네이버 차트(기존 트래커 이관),2026-09-30
2025-05-21,밸류에이션,지수 종가,KOSPI,2625.58,pt,네이버 차트(기존 트래커 이관),2026-09-30
2025-05-22,밸류에이션,지수 종가,KOSPI,2593.67,pt,네이버 차트(기존 트래커 이관),2026-09-30
2025-05-23,밸류에이션,지수 종가,KOSPI,2592.09,pt,네이버 차트(기존 트래커 이관),2026-09-30
2025-05-26,밸류에이션,지수 종가,KOSPI,2644.4,pt,네이버 차트(기존 트래커 이관),2026-09-30
2025-05-27,밸류에이션,지수 종가,KOSPI,2637.22,pt,네이버 차트(기존 트래커 이관),2026-09-30
2025-05-28,밸류에이션,지수 종가,KOSPI,2670.15,pt,네이버 차트(기존 트래커 이관),2026-09-30
2025-05-29,밸류에이션,지수 종가,KOSPI,2720.64,pt,네이버 차트(기존 트래커 이관),2026-09-30
2025-05-30,밸류에이션,지수 종가,KOSPI,2697.67,pt,네이버 차트(기존 트래커 이관),2026-09-30
2025-06-02,밸류에이션,지수 종가,KOSPI,2698.97,pt,네이버 차트(기존 트래커 이관),2026-09-30
2025-06-04,밸류에이션,지수 종가,KOSPI,2770.84,pt,네이버 차트(기존 트래커 이관),2026-09-30
2025-06-05,밸류에이션,지수 종가,KOSPI,2812.05,pt,네이버 차트(기존 트래커 이관),2026-09-30
2025-06-09,밸류에이션,지수 종가,KOSPI,2855.77,pt,네이버 차트(기존 트래커 이관),2026-09-30
2025-06-10,밸류에이션,지수 종가,KOSPI,2871.85,pt,네이버 차트(기존 트래커 이관),2026-09-30
2025-06-11,밸류에이션,지수 종가,KOSPI,2907.04,pt,네이버 차트(기존 트래커 이관),2026-09-30
2025-06-12,밸류에이션,지수 종가,KOSPI,2920.03,pt,네이버 차트(기존 트래커 이관),2026-09-30
2025-06-13,밸류에이션,지수 종가,KOSPI,2894.62,pt,네이버 차트(기존 트래커 이관),2026-09-30
2025-06-16,밸류에이션,지수 종가,KOSPI,2946.66,pt,네이버 차트(기존 트래커 이관),2026-09-30
2025-06-17,밸류에이션,지수 종가,KOSPI,2950.3,pt,네이버 차트(기존 트래커 이관),2026-09-30
2025-06-18,밸류에이션,지수 종가,KOSPI,2972.19,pt,네이버 차트(기존 트래커 이관),2026-09-30
2025-06-19,밸류에이션,지수 종가,KOSPI,2977.74,pt,네이버 차트(기존 트래커 이관),2026-09-30
2025-06-20,밸류에이션,지수 종가,KOSPI,3021.84,pt,네이버 차트(기존 트래커 이관),2026-09-30
2025-06-23,밸류에이션,지수 종가,KOSPI,3014.47,pt,네이버 차트(기존 트래커 이관),2026-09-30
2025-06-24,밸류에이션,지수 종가,KOSPI,3103.64,pt,네이버 차트(기존 트래커 이관),2026-09-30
2025-06-25,밸류에이션,지수 종가,KOSPI,3108.25,pt,네이버 차트(기존 트래커 이관),2026-09-30
2025-06-26,밸류에이션,지수 종가,KOSPI,3079.56,pt,네이버 차트(기존 트래커 이관),2026-09-30
2025-06-27,밸류에이션,지수 종가,KOSPI,3055.94,pt,네이버 차트(기존 트래커 이관),2026-09-30
2025-06-30,밸류에이션,지수 종가,KOSPI,3071.7,pt,네이버 차트(기존 트래커 이관),2026-09-30
2025-07-01,밸류에이션,지수 종가,KOSPI,3089.65,pt,네이버 차트(기존 트래커 이관),2026-09-30
2025-07-02,밸류에이션,지수 종가,KOSPI,3075.06,pt,네이버 차트(기존 트래커 이관),2026-09-30
2025-07-03,밸류에이션,지수 종가,KOSPI,3116.27,pt,네이버 차트(기존 트래커 이관),2026-09-30
2025-07-04,밸류에이션,지수 종가,KOSPI,3054.28,pt,네이버 차트(기존 트래커 이관),2026-09-30
2025-07-07,밸류에이션,지수 종가,KOSPI,3059.47,pt,네이버 차트(기존 트래커 이관),2026-09-30
2025-07-08,밸류에이션,지수 종가,KOSPI,3114.95,pt,네이버 차트(기존 트래커 이관),2026-09-30
2025-07-09,밸류에이션,지수 종가,KOSPI,3133.74,pt,네이버 차트(기존 트래커 이관),2026-09-30
2025-07-10,밸류에이션,지수 종가,KOSPI,3183.23,pt,네이버 차트(기존 트래커 이관),2026-09-30
2025-07-11,밸류에이션,지수 종가,KOSPI,3175.77,pt,네이버 차트(기존 트래커 이관),2026-09-30
2025-07-14,밸류에이션,지수 종가,KOSPI,3202.03,pt,네이버 차트(기존 트래커 이관),2026-09-30
2025-07-15,밸류에이션,지수 종가,KOSPI,3215.28,pt,네이버 차트(기존 트래커 이관),2026-09-30
2025-07-16,밸류에이션,지수 종가,KOSPI,3186.38,pt,네이버 차트(기존 트래커 이관),2026-09-30
2025-07-17,밸류에이션,지수 종가,KOSPI,3192.29,pt,네이버 차트(기존 트래커 이관),2026-09-30
2025-07-18,밸류에이션,지수 종가,KOSPI,3188.07,pt,네이버 차트(기존 트래커 이관),2026-09-30
2025-07-21,밸류에이션,지수 종가,KOSPI,3210.81,pt,네이버 차트(기존 트래커 이관),2026-09-30
2025-07-22,밸류에이션,지수 종가,KOSPI,3169.94,pt,네이버 차트(기존 트래커 이관),2026-09-30
2025-07-23,밸류에이션,지수 종가,KOSPI,3183.77,pt,네이버 차트(기존 트래커 이관),2026-09-30
2025-07-24,밸류에이션,지수 종가,KOSPI,3190.45,pt,네이버 차트(기존 트래커 이관),2026-09-30
2025-07-25,밸류에이션,지수 종가,KOSPI,3196.05,pt,네이버 차트(기존 트래커 이관),2026-09-30
2025-07-28,밸류에이션,지수 종가,KOSPI,3209.52,pt,네이버 차트(기존 트래커 이관),2026-09-30
2025-07-29,밸류에이션,지수 종가,KOSPI,3230.57,pt,네이버 차트(기존 트래커 이관),2026-09-30
2025-07-30,밸류에이션,지수 종가,KOSPI,3254.47,pt,네이버 차트(기존 트래커 이관),2026-09-30
2025-07-31,밸류에이션,지수 종가,KOSPI,3245.44,pt,네이버 차트(기존 트래커 이관),2026-09-30
2025-08-01,밸류에이션,지수 종가,KOSPI,3119.41,pt,네이버 차트(기존 트래커 이관),2026-09-30
2025-08-04,밸류에이션,지수 종가,KOSPI,3147.75,pt,네이버 차트(기존 트래커 이관),2026-09-30
2025-08-05,밸류에이션,지수 종가,KOSPI,3198,pt,네이버 차트(기존 트래커 이관),2026-09-30
2025-08-06,밸류에이션,지수 종가,KOSPI,3198.14,pt,네이버 차트(기존 트래커 이관),2026-09-30
2025-08-07,밸류에이션,지수 종가,KOSPI,3227.68,pt,네이버 차트(기존 트래커 이관),2026-09-30
2025-08-08,밸류에이션,지수 종가,KOSPI,3210.01,pt,네이버 차트(기존 트래커 이관),2026-09-30
2025-08-11,밸류에이션,지수 종가,KOSPI,3206.77,pt,네이버 차트(기존 트래커 이관),2026-09-30
2025-08-12,밸류에이션,지수 종가,KOSPI,3189.91,pt,네이버 차트(기존 트래커 이관),2026-09-30
2025-08-13,밸류에이션,지수 종가,KOSPI,3224.37,pt,네이버 차트(기존 트래커 이관),2026-09-30
2025-08-14,밸류에이션,지수 종가,KOSPI,3225.66,pt,네이버 차트(기존 트래커 이관),2026-09-30
2025-08-18,밸류에이션,지수 종가,KOSPI,3177.28,pt,네이버 차트(기존 트래커 이관),2026-09-30
2025-08-19,밸류에이션,지수 종가,KOSPI,3151.56,pt,네이버 차트(기존 트래커 이관),2026-09-30
2025-08-20,밸류에이션,지수 종가,KOSPI,3130.09,pt,네이버 차트(기존 트래커 이관),2026-09-30
2025-08-21,밸류에이션,지수 종가,KOSPI,3141.74,pt,네이버 차트(기존 트래커 이관),2026-09-30
2025-08-22,밸류에이션,지수 종가,KOSPI,3168.73,pt,네이버 차트(기존 트래커 이관),2026-09-30
2025-08-25,밸류에이션,지수 종가,KOSPI,3209.86,pt,네이버 차트(기존 트래커 이관),2026-09-30
2025-08-26,밸류에이션,지수 종가,KOSPI,3179.36,pt,네이버 차트(기존 트래커 이관),2026-09-30
2025-08-27,밸류에이션,지수 종가,KOSPI,3187.16,pt,네이버 차트(기존 트래커 이관),2026-09-30
2025-08-28,밸류에이션,지수 종가,KOSPI,3196.32,pt,네이버 차트(기존 트래커 이관),2026-09-30
2025-08-29,밸류에이션,지수 종가,KOSPI,3186.01,pt,네이버 차트(기존 트래커 이관),2026-09-30
2025-09-01,밸류에이션,지수 종가,KOSPI,3142.93,pt,네이버 차트(기존 트래커 이관),2026-09-30
2025-09-02,밸류에이션,지수 종가,KOSPI,3172.35,pt,네이버 차트(기존 트래커 이관),2026-09-30
2025-09-03,밸류에이션,지수 종가,KOSPI,3184.42,pt,네이버 차트(기존 트래커 이관),2026-09-30
2025-09-04,밸류에이션,지수 종가,KOSPI,3200.83,pt,네이버 차트(기존 트래커 이관),2026-09-30
2025-09-05,밸류에이션,지수 종가,KOSPI,3205.12,pt,네이버 차트(기존 트래커 이관),2026-09-30
2025-09-08,밸류에이션,지수 종가,KOSPI,3219.59,pt,네이버 차트(기존 트래커 이관),2026-09-30
2025-09-09,밸류에이션,지수 종가,KOSPI,3260.05,pt,네이버 차트(기존 트래커 이관),2026-09-30
2025-09-10,밸류에이션,지수 종가,KOSPI,3314.53,pt,네이버 차트(기존 트래커 이관),2026-09-30
2025-09-11,밸류에이션,지수 종가,KOSPI,3344.2,pt,네이버 차트(기존 트래커 이관),2026-09-30
2025-09-12,밸류에이션,지수 종가,KOSPI,3395.54,pt,네이버 차트(기존 트래커 이관),2026-09-30
2025-09-15,밸류에이션,지수 종가,KOSPI,3407.31,pt,네이버 차트(기존 트래커 이관),2026-09-30
2025-09-16,밸류에이션,지수 종가,KOSPI,3449.62,pt,네이버 차트(기존 트래커 이관),2026-09-30
2025-09-17,밸류에이션,지수 종가,KOSPI,3413.4,pt,네이버 차트(기존 트래커 이관),2026-09-30
2025-09-18,밸류에이션,지수 종가,KOSPI,3461.3,pt,네이버 차트(기존 트래커 이관),2026-09-30
2025-09-19,밸류에이션,지수 종가,KOSPI,3445.24,pt,네이버 차트(기존 트래커 이관),2026-09-30
2025-09-22,밸류에이션,지수 종가,KOSPI,3468.65,pt,네이버 차트(기존 트래커 이관),2026-09-30
2025-09-23,밸류에이션,지수 종가,KOSPI,3486.19,pt,네이버 차트(기존 트래커 이관),2026-09-30
2025-09-24,밸류에이션,지수 종가,KOSPI,3472.14,pt,네이버 차트(기존 트래커 이관),2026-09-30
2025-09-25,밸류에이션,지수 종가,KOSPI,3471.11,pt,네이버 차트(기존 트래커 이관),2026-09-30
2025-09-26,밸류에이션,지수 종가,KOSPI,3386.05,pt,네이버 차트(기존 트래커 이관),2026-09-30
2025-09-29,밸류에이션,지수 종가,KOSPI,3431.21,pt,네이버 차트(기존 트래커 이관),2026-09-30
2025-09-30,밸류에이션,지수 종가,KOSPI,3424.6,pt,네이버 차트(기존 트래커 이관),2026-09-30
2025-10-01,밸류에이션,지수 종가,KOSPI,3455.83,pt,네이버 차트(기존 트래커 이관),2026-09-30
2025-10-02,밸류에이션,지수 종가,KOSPI,3549.21,pt,네이버 차트(기존 트래커 이관),2026-09-30
2025-10-10,밸류에이션,지수 종가,KOSPI,3610.6,pt,네이버 차트(기존 트래커 이관),2026-09-30
2025-10-13,밸류에이션,지수 종가,KOSPI,3584.55,pt,네이버 차트(기존 트래커 이관),2026-09-30
2025-10-14,밸류에이션,지수 종가,KOSPI,3561.81,pt,네이버 차트(기존 트래커 이관),2026-09-30
2025-10-15,밸류에이션,지수 종가,KOSPI,3657.28,pt,네이버 차트(기존 트래커 이관),2026-09-30
2025-10-16,밸류에이션,지수 종가,KOSPI,3748.37,pt,네이버 차트(기존 트래커 이관),2026-09-30
2025-10-17,밸류에이션,지수 종가,KOSPI,3748.89,pt,네이버 차트(기존 트래커 이관),2026-09-30
2025-10-20,밸류에이션,지수 종가,KOSPI,3814.69,pt,네이버 차트(기존 트래커 이관),2026-09-30
2025-10-21,밸류에이션,지수 종가,KOSPI,3823.84,pt,네이버 차트(기존 트래커 이관),2026-09-30
2025-10-22,밸류에이션,지수 종가,KOSPI,3883.68,pt,네이버 차트(기존 트래커 이관),2026-09-30
2025-10-23,밸류에이션,지수 종가,KOSPI,3845.56,pt,네이버 차트(기존 트래커 이관),2026-09-30
2025-10-24,밸류에이션,지수 종가,KOSPI,3941.59,pt,네이버 차트(기존 트래커 이관),2026-09-30
2025-10-27,밸류에이션,지수 종가,KOSPI,4042.83,pt,네이버 차트(기존 트래커 이관),2026-09-30
2025-10-28,밸류에이션,지수 종가,KOSPI,4010.41,pt,네이버 차트(기존 트래커 이관),2026-09-30
2025-10-29,밸류에이션,지수 종가,KOSPI,4081.15,pt,네이버 차트(기존 트래커 이관),2026-09-30
2025-10-30,밸류에이션,지수 종가,KOSPI,4086.89,pt,네이버 차트(기존 트래커 이관),2026-09-30
2025-10-31,밸류에이션,지수 종가,KOSPI,4107.5,pt,네이버 차트(기존 트래커 이관),2026-09-30
2025-11-03,밸류에이션,지수 종가,KOSPI,4221.87,pt,네이버 차트(기존 트래커 이관),2026-09-30
2025-11-04,밸류에이션,지수 종가,KOSPI,4121.74,pt,네이버 차트(기존 트래커 이관),2026-09-30
2025-11-05,밸류에이션,지수 종가,KOSPI,4004.42,pt,네이버 차트(기존 트래커 이관),2026-09-30
2025-11-06,밸류에이션,지수 종가,KOSPI,4026.45,pt,네이버 차트(기존 트래커 이관),2026-09-30
2025-11-07,밸류에이션,지수 종가,KOSPI,3953.76,pt,네이버 차트(기존 트래커 이관),2026-09-30
2025-11-10,밸류에이션,지수 종가,KOSPI,4073.24,pt,네이버 차트(기존 트래커 이관),2026-09-30
2025-11-11,밸류에이션,지수 종가,KOSPI,4106.39,pt,네이버 차트(기존 트래커 이관),2026-09-30
2025-11-12,밸류에이션,지수 종가,KOSPI,4150.39,pt,네이버 차트(기존 트래커 이관),2026-09-30
2025-11-13,밸류에이션,지수 종가,KOSPI,4170.63,pt,네이버 차트(기존 트래커 이관),2026-09-30
2025-11-14,밸류에이션,지수 종가,KOSPI,4011.57,pt,네이버 차트(기존 트래커 이관),2026-09-30
2025-11-17,밸류에이션,지수 종가,KOSPI,4089.25,pt,네이버 차트(기존 트래커 이관),2026-09-30
2025-11-18,밸류에이션,지수 종가,KOSPI,3953.62,pt,네이버 차트(기존 트래커 이관),2026-09-30
2025-11-19,밸류에이션,지수 종가,KOSPI,3929.51,pt,네이버 차트(기존 트래커 이관),2026-09-30
2025-11-20,밸류에이션,지수 종가,KOSPI,4004.85,pt,네이버 차트(기존 트래커 이관),2026-09-30
2025-11-21,밸류에이션,지수 종가,KOSPI,3853.26,pt,네이버 차트(기존 트래커 이관),2026-09-30
2025-11-24,밸류에이션,지수 종가,KOSPI,3846.06,pt,네이버 차트(기존 트래커 이관),2026-09-30
2025-11-25,밸류에이션,지수 종가,KOSPI,3857.78,pt,네이버 차트(기존 트래커 이관),2026-09-30
2025-11-26,밸류에이션,지수 종가,KOSPI,3960.87,pt,네이버 차트(기존 트래커 이관),2026-09-30
2025-11-27,밸류에이션,지수 종가,KOSPI,3986.91,pt,네이버 차트(기존 트래커 이관),2026-09-30
2025-11-28,밸류에이션,지수 종가,KOSPI,3926.59,pt,네이버 차트(기존 트래커 이관),2026-09-30
2025-12-01,밸류에이션,지수 종가,KOSPI,3920.37,pt,네이버 차트(기존 트래커 이관),2026-09-30
2025-12-02,밸류에이션,지수 종가,KOSPI,3994.93,pt,네이버 차트(기존 트래커 이관),2026-09-30
2025-12-03,밸류에이션,지수 종가,KOSPI,4036.3,pt,네이버 차트(기존 트래커 이관),2026-09-30
2025-12-04,밸류에이션,지수 종가,KOSPI,4028.51,pt,네이버 차트(기존 트래커 이관),2026-09-30
2025-12-05,밸류에이션,지수 종가,KOSPI,4100.05,pt,네이버 차트(기존 트래커 이관),2026-09-30
2025-12-08,밸류에이션,지수 종가,KOSPI,4154.85,pt,네이버 차트(기존 트래커 이관),2026-09-30
2025-12-09,밸류에이션,지수 종가,KOSPI,4143.55,pt,네이버 차트(기존 트래커 이관),2026-09-30
2025-12-10,밸류에이션,지수 종가,KOSPI,4135,pt,네이버 차트(기존 트래커 이관),2026-09-30
2025-12-11,밸류에이션,지수 종가,KOSPI,4110.62,pt,네이버 차트(기존 트래커 이관),2026-09-30
2025-12-12,밸류에이션,지수 종가,KOSPI,4167.16,pt,네이버 차트(기존 트래커 이관),2026-09-30
2025-12-15,밸류에이션,지수 종가,KOSPI,4090.59,pt,네이버 차트(기존 트래커 이관),2026-09-30
2025-12-16,밸류에이션,지수 종가,KOSPI,3999.13,pt,네이버 차트(기존 트래커 이관),2026-09-30
2025-12-17,밸류에이션,지수 종가,KOSPI,4056.41,pt,네이버 차트(기존 트래커 이관),2026-09-30
2025-12-18,밸류에이션,지수 종가,KOSPI,3994.51,pt,네이버 차트(기존 트래커 이관),2026-09-30
2025-12-19,밸류에이션,지수 종가,KOSPI,4020.55,pt,네이버 차트(기존 트래커 이관),2026-09-30
2025-12-22,밸류에이션,지수 종가,KOSPI,4105.93,pt,네이버 차트(기존 트래커 이관),2026-09-30
2025-12-23,밸류에이션,지수 종가,KOSPI,4117.32,pt,네이버 차트(기존 트래커 이관),2026-09-30
2025-12-24,밸류에이션,지수 종가,KOSPI,4108.62,pt,네이버 차트(기존 트래커 이관),2026-09-30
2025-12-26,밸류에이션,지수 종가,KOSPI,4129.68,pt,네이버 차트(기존 트래커 이관),2026-09-30
2025-12-29,밸류에이션,지수 종가,KOSPI,4220.56,pt,네이버 차트(기존 트래커 이관),2026-09-30
2025-12-30,밸류에이션,지수 종가,KOSPI,4214.17,pt,네이버 차트(기존 트래커 이관),2026-09-30
2026-01-02,밸류에이션,지수 종가,KOSPI,4309.63,pt,네이버 차트(기존 트래커 이관),2026-09-30
2026-01-05,밸류에이션,지수 종가,KOSPI,4457.52,pt,네이버 차트(기존 트래커 이관),2026-09-30
2026-01-06,밸류에이션,지수 종가,KOSPI,4525.48,pt,네이버 차트(기존 트래커 이관),2026-09-30
2026-01-07,밸류에이션,지수 종가,KOSPI,4551.06,pt,네이버 차트(기존 트래커 이관),2026-09-30
2026-01-08,밸류에이션,지수 종가,KOSPI,4552.37,pt,네이버 차트(기존 트래커 이관),2026-09-30
2026-01-09,밸류에이션,지수 종가,KOSPI,4586.32,pt,네이버 차트(기존 트래커 이관),2026-09-30
2026-01-12,밸류에이션,지수 종가,KOSPI,4624.79,pt,네이버 차트(기존 트래커 이관),2026-09-30
2026-01-13,밸류에이션,지수 종가,KOSPI,4692.64,pt,네이버 차트(기존 트래커 이관),2026-09-30
2026-01-14,밸류에이션,지수 종가,KOSPI,4723.1,pt,네이버 차트(기존 트래커 이관),2026-09-30
2026-01-15,밸류에이션,지수 종가,KOSPI,4797.55,pt,네이버 차트(기존 트래커 이관),2026-09-30
2026-01-16,밸류에이션,지수 종가,KOSPI,4840.74,pt,네이버 차트(기존 트래커 이관),2026-09-30
2026-01-19,밸류에이션,지수 종가,KOSPI,4904.66,pt,네이버 차트(기존 트래커 이관),2026-09-30
2026-01-20,밸류에이션,지수 종가,KOSPI,4885.75,pt,네이버 차트(기존 트래커 이관),2026-09-30
2026-01-21,밸류에이션,지수 종가,KOSPI,4909.93,pt,네이버 차트(기존 트래커 이관),2026-09-30
2026-01-22,밸류에이션,지수 종가,KOSPI,4952.53,pt,네이버 차트(기존 트래커 이관),2026-09-30
2026-01-23,밸류에이션,지수 종가,KOSPI,4990.07,pt,네이버 차트(기존 트래커 이관),2026-09-30
2026-01-26,밸류에이션,지수 종가,KOSPI,4949.59,pt,네이버 차트(기존 트래커 이관),2026-09-30
2026-01-27,밸류에이션,지수 종가,KOSPI,5084.85,pt,네이버 차트(기존 트래커 이관),2026-09-30
2026-01-28,밸류에이션,지수 종가,KOSPI,5170.81,pt,네이버 차트(기존 트래커 이관),2026-09-30
2026-01-29,밸류에이션,지수 종가,KOSPI,5221.25,pt,네이버 차트(기존 트래커 이관),2026-09-30
2026-01-30,밸류에이션,지수 종가,KOSPI,5224.36,pt,네이버 차트(기존 트래커 이관),2026-09-30
2026-02-02,밸류에이션,지수 종가,KOSPI,4949.67,pt,네이버 차트(기존 트래커 이관),2026-09-30
2026-02-03,밸류에이션,지수 종가,KOSPI,5288.08,pt,네이버 차트(기존 트래커 이관),2026-09-30
2026-02-04,밸류에이션,지수 종가,KOSPI,5371.1,pt,네이버 차트(기존 트래커 이관),2026-09-30
2026-02-05,밸류에이션,지수 종가,KOSPI,5163.57,pt,네이버 차트(기존 트래커 이관),2026-09-30
2026-02-06,밸류에이션,지수 종가,KOSPI,5089.14,pt,네이버 차트(기존 트래커 이관),2026-09-30
2026-02-09,밸류에이션,지수 종가,KOSPI,5298.04,pt,네이버 차트(기존 트래커 이관),2026-09-30
2026-02-10,밸류에이션,지수 종가,KOSPI,5301.69,pt,네이버 차트(기존 트래커 이관),2026-09-30
2026-02-11,밸류에이션,지수 종가,KOSPI,5354.49,pt,네이버 차트(기존 트래커 이관),2026-09-30
2026-02-12,밸류에이션,지수 종가,KOSPI,5522.27,pt,네이버 차트(기존 트래커 이관),2026-09-30
2026-02-13,밸류에이션,지수 종가,KOSPI,5507.01,pt,네이버 차트(기존 트래커 이관),2026-09-30
2026-02-19,밸류에이션,지수 종가,KOSPI,5677.25,pt,네이버 차트(기존 트래커 이관),2026-09-30
2026-02-20,밸류에이션,지수 종가,KOSPI,5808.53,pt,네이버 차트(기존 트래커 이관),2026-09-30
2026-02-23,밸류에이션,지수 종가,KOSPI,5846.09,pt,네이버 차트(기존 트래커 이관),2026-09-30
2026-02-24,밸류에이션,지수 종가,KOSPI,5969.64,pt,네이버 차트(기존 트래커 이관),2026-09-30
2026-02-25,밸류에이션,지수 종가,KOSPI,6083.86,pt,네이버 차트(기존 트래커 이관),2026-09-30
2026-02-26,밸류에이션,지수 종가,KOSPI,6307.27,pt,네이버 차트(기존 트래커 이관),2026-09-30
2026-02-27,밸류에이션,지수 종가,KOSPI,6244.13,pt,네이버 차트(기존 트래커 이관),2026-09-30
2026-03-03,밸류에이션,지수 종가,KOSPI,5791.91,pt,네이버 차트(기존 트래커 이관),2026-09-30
2026-03-04,밸류에이션,지수 종가,KOSPI,5093.54,pt,네이버 차트(기존 트래커 이관),2026-09-30
2026-03-05,밸류에이션,지수 종가,KOSPI,5583.9,pt,네이버 차트(기존 트래커 이관),2026-09-30
2026-03-06,밸류에이션,지수 종가,KOSPI,5584.87,pt,네이버 차트(기존 트래커 이관),2026-09-30
2026-03-09,밸류에이션,지수 종가,KOSPI,5251.87,pt,네이버 차트(기존 트래커 이관),2026-09-30
2026-03-10,밸류에이션,지수 종가,KOSPI,5532.59,pt,네이버 차트(기존 트래커 이관),2026-09-30
2026-03-11,밸류에이션,지수 종가,KOSPI,5609.95,pt,네이버 차트(기존 트래커 이관),2026-09-30
2026-03-12,밸류에이션,지수 종가,KOSPI,5583.25,pt,네이버 차트(기존 트래커 이관),2026-09-30
2026-03-13,밸류에이션,지수 종가,KOSPI,5487.24,pt,네이버 차트(기존 트래커 이관),2026-09-30
2026-03-16,밸류에이션,지수 종가,KOSPI,5549.85,pt,네이버 차트(기존 트래커 이관),2026-09-30
2026-03-17,밸류에이션,지수 종가,KOSPI,5640.48,pt,네이버 차트(기존 트래커 이관),2026-09-30
2026-03-18,밸류에이션,지수 종가,KOSPI,5925.03,pt,네이버 차트(기존 트래커 이관),2026-09-30
2026-03-19,밸류에이션,지수 종가,KOSPI,5763.22,pt,네이버 차트(기존 트래커 이관),2026-09-30
2026-03-20,밸류에이션,지수 종가,KOSPI,5781.2,pt,네이버 차트(기존 트래커 이관),2026-09-30
2026-03-23,밸류에이션,지수 종가,KOSPI,5405.75,pt,네이버 차트(기존 트래커 이관),2026-09-30
2026-03-24,밸류에이션,지수 종가,KOSPI,5553.92,pt,네이버 차트(기존 트래커 이관),2026-09-30
2026-03-25,밸류에이션,지수 종가,KOSPI,5642.21,pt,네이버 차트(기존 트래커 이관),2026-09-30
2026-03-26,밸류에이션,지수 종가,KOSPI,5460.46,pt,네이버 차트(기존 트래커 이관),2026-09-30
2026-03-27,밸류에이션,지수 종가,KOSPI,5438.87,pt,네이버 차트(기존 트래커 이관),2026-09-30
2026-03-30,밸류에이션,지수 종가,KOSPI,5277.3,pt,네이버 차트(기존 트래커 이관),2026-09-30
2026-03-31,밸류에이션,지수 종가,KOSPI,5052.46,pt,네이버 차트(기존 트래커 이관),2026-09-30
2026-04-01,밸류에이션,지수 종가,KOSPI,5478.7,pt,네이버 차트(기존 트래커 이관),2026-09-30
2026-04-02,밸류에이션,지수 종가,KOSPI,5234.05,pt,네이버 차트(기존 트래커 이관),2026-09-30
2026-04-03,밸류에이션,지수 종가,KOSPI,5377.3,pt,네이버 차트(기존 트래커 이관),2026-09-30
2026-04-06,밸류에이션,지수 종가,KOSPI,5450.33,pt,네이버 차트(기존 트래커 이관),2026-09-30
2026-04-07,밸류에이션,지수 종가,KOSPI,5494.78,pt,네이버 차트(기존 트래커 이관),2026-09-30
2026-04-08,밸류에이션,지수 종가,KOSPI,5872.34,pt,네이버 차트(기존 트래커 이관),2026-09-30
2026-04-09,밸류에이션,지수 종가,KOSPI,5778.01,pt,네이버 차트(기존 트래커 이관),2026-09-30
2026-04-10,밸류에이션,지수 종가,KOSPI,5858.87,pt,네이버 차트(기존 트래커 이관),2026-09-30
2026-04-13,밸류에이션,지수 종가,KOSPI,5808.62,pt,네이버 차트(기존 트래커 이관),2026-09-30
2026-04-14,밸류에이션,지수 종가,KOSPI,5967.75,pt,네이버 차트(기존 트래커 이관),2026-09-30
2026-04-15,밸류에이션,지수 종가,KOSPI,6091.39,pt,네이버 차트(기존 트래커 이관),2026-09-30
2026-04-16,밸류에이션,지수 종가,KOSPI,6226.05,pt,네이버 차트(기존 트래커 이관),2026-09-30
2026-04-17,밸류에이션,지수 종가,KOSPI,6191.92,pt,네이버 차트(기존 트래커 이관),2026-09-30
2026-04-20,밸류에이션,지수 종가,KOSPI,6219.09,pt,네이버 차트(기존 트래커 이관),2026-09-30
2026-04-21,밸류에이션,지수 종가,KOSPI,6388.47,pt,네이버 차트(기존 트래커 이관),2026-09-30
2026-04-22,밸류에이션,지수 종가,KOSPI,6417.93,pt,네이버 차트(기존 트래커 이관),2026-09-30
2026-04-23,밸류에이션,지수 종가,KOSPI,6475.81,pt,네이버 차트(기존 트래커 이관),2026-09-30
2026-04-24,밸류에이션,지수 종가,KOSPI,6475.63,pt,네이버 차트(기존 트래커 이관),2026-09-30
2026-04-27,밸류에이션,지수 종가,KOSPI,6615.03,pt,네이버 차트(기존 트래커 이관),2026-09-30
2026-04-28,밸류에이션,지수 종가,KOSPI,6641.02,pt,네이버 차트(기존 트래커 이관),2026-09-30
2026-04-29,밸류에이션,지수 종가,KOSPI,6690.9,pt,네이버 차트(기존 트래커 이관),2026-09-30
2026-04-30,밸류에이션,지수 종가,KOSPI,6598.87,pt,네이버 차트(기존 트래커 이관),2026-09-30
2026-05-04,밸류에이션,지수 종가,KOSPI,6936.99,pt,네이버 차트(기존 트래커 이관),2026-09-30
2026-05-06,밸류에이션,지수 종가,KOSPI,7384.56,pt,네이버 차트(기존 트래커 이관),2026-09-30
2026-05-07,밸류에이션,지수 종가,KOSPI,7490.05,pt,네이버 차트(기존 트래커 이관),2026-09-30
2026-05-08,밸류에이션,지수 종가,KOSPI,7498,pt,네이버 차트(기존 트래커 이관),2026-09-30
2026-05-11,밸류에이션,지수 종가,KOSPI,7822.24,pt,네이버 차트(기존 트래커 이관),2026-09-30
2026-05-12,밸류에이션,지수 종가,KOSPI,7643.15,pt,네이버 차트(기존 트래커 이관),2026-09-30
2026-05-13,밸류에이션,지수 종가,KOSPI,7844.01,pt,네이버 차트(기존 트래커 이관),2026-09-30
2026-05-14,밸류에이션,지수 종가,KOSPI,7981.41,pt,네이버 차트(기존 트래커 이관),2026-09-30
2026-05-15,밸류에이션,지수 종가,KOSPI,7493.18,pt,네이버 차트(기존 트래커 이관),2026-09-30
2026-05-18,밸류에이션,지수 종가,KOSPI,7516.04,pt,네이버 차트(기존 트래커 이관),2026-09-30
2026-05-19,밸류에이션,지수 종가,KOSPI,7271.66,pt,네이버 차트(기존 트래커 이관),2026-09-30
2026-05-20,밸류에이션,지수 종가,KOSPI,7208.95,pt,네이버 차트(기존 트래커 이관),2026-09-30
2026-05-21,밸류에이션,지수 종가,KOSPI,7815.59,pt,네이버 차트(기존 트래커 이관),2026-09-30
2026-05-22,밸류에이션,지수 종가,KOSPI,7847.71,pt,네이버 차트(기존 트래커 이관),2026-09-30
2026-05-26,밸류에이션,지수 종가,KOSPI,8047.51,pt,네이버 차트(기존 트래커 이관),2026-09-30
2026-05-27,밸류에이션,지수 종가,KOSPI,8228.7,pt,네이버 차트(기존 트래커 이관),2026-09-30
2026-05-28,밸류에이션,지수 종가,KOSPI,8185.29,pt,네이버 차트(기존 트래커 이관),2026-09-30
2026-05-29,밸류에이션,지수 종가,KOSPI,8476.15,pt,네이버 차트(기존 트래커 이관),2026-09-30
2026-06-01,밸류에이션,지수 종가,KOSPI,8788.38,pt,네이버 차트(기존 트래커 이관),2026-09-30
2026-06-02,밸류에이션,지수 종가,KOSPI,8801.49,pt,네이버 차트(기존 트래커 이관),2026-09-30
2026-06-04,밸류에이션,지수 종가,KOSPI,8639.41,pt,네이버 차트(기존 트래커 이관),2026-09-30
2026-06-05,밸류에이션,지수 종가,KOSPI,8160.59,pt,네이버 차트(기존 트래커 이관),2026-09-30
2026-06-08,밸류에이션,지수 종가,KOSPI,7484.41,pt,네이버 차트(기존 트래커 이관),2026-09-30
2026-06-09,밸류에이션,지수 종가,KOSPI,8096.93,pt,네이버 차트(기존 트래커 이관),2026-09-30
2026-06-10,밸류에이션,지수 종가,KOSPI,7730.82,pt,네이버 차트(기존 트래커 이관),2026-09-30
2026-06-11,밸류에이션,지수 종가,KOSPI,7763.95,pt,네이버 차트(기존 트래커 이관),2026-09-30
2026-06-12,밸류에이션,지수 종가,KOSPI,8123.62,pt,네이버 차트(기존 트래커 이관),2026-09-30
2026-06-15,밸류에이션,지수 종가,KOSPI,8545.98,pt,네이버 차트(기존 트래커 이관),2026-09-30
2026-06-16,밸류에이션,지수 종가,KOSPI,8726.6,pt,네이버 차트(기존 트래커 이관),2026-09-30
2026-06-17,밸류에이션,지수 종가,KOSPI,8864.24,pt,네이버 차트(기존 트래커 이관),2026-09-30
2026-06-18,밸류에이션,지수 종가,KOSPI,9063.84,pt,네이버 차트(기존 트래커 이관),2026-09-30
2026-06-19,밸류에이션,지수 종가,KOSPI,9052.42,pt,네이버 차트(기존 트래커 이관),2026-09-30
2026-06-22,밸류에이션,지수 종가,KOSPI,9114.55,pt,네이버 차트(기존 트래커 이관),2026-09-30
2026-06-23,밸류에이션,지수 종가,KOSPI,8203.84,pt,네이버 차트(기존 트래커 이관),2026-09-30
2026-06-24,밸류에이션,지수 종가,KOSPI,8471.02,pt,네이버 차트(기존 트래커 이관),2026-09-30
2026-06-25,밸류에이션,지수 종가,KOSPI,8930.3,pt,네이버 차트(기존 트래커 이관),2026-09-30
2026-06-26,밸류에이션,지수 종가,KOSPI,8411.21,pt,네이버 차트(기존 트래커 이관),2026-09-30
2026-06-29,밸류에이션,지수 종가,KOSPI,8394.65,pt,네이버 차트(기존 트래커 이관),2026-09-30
2026-06-30,밸류에이션,지수 종가,KOSPI,8476.48,pt,네이버 차트(기존 트래커 이관),2026-09-30
2026-07-01,밸류에이션,지수 종가,KOSPI,8303.41,pt,네이버 차트(기존 트래커 이관),2026-09-30
2026-07-02,밸류에이션,지수 종가,KOSPI,7648.09,pt,네이버 차트(기존 트래커 이관),2026-09-30
2026-07-03,밸류에이션,지수 종가,KOSPI,8088.34,pt,네이버 차트(기존 트래커 이관),2026-09-30
2026-07-06,밸류에이션,지수 종가,KOSPI,8051.33,pt,네이버 차트(기존 트래커 이관),2026-09-30
2026-07-07,밸류에이션,지수 종가,KOSPI,7656.31,pt,네이버 차트(기존 트래커 이관),2026-09-30
2026-07-08,밸류에이션,지수 종가,KOSPI,7246.79,pt,네이버 차트(기존 트래커 이관),2026-09-30
2026-07-09,밸류에이션,지수 종가,KOSPI,7291.91,pt,네이버 차트(기존 트래커 이관),2026-09-30
2026-07-10,밸류에이션,지수 종가,KOSPI,7475.94,pt,네이버 차트(기존 트래커 이관),2026-09-30
2026-07-13,밸류에이션,지수 종가,KOSPI,6806.93,pt,네이버 차트(기존 트래커 이관),2026-09-30
2026-07-14,밸류에이션,지수 종가,KOSPI,6856.83,pt,네이버 차트(기존 트래커 이관),2026-09-30
2026-07-15,밸류에이션,지수 종가,KOSPI,7284.41,pt,네이버 차트(기존 트래커 이관),2026-09-30
2026-07-16,밸류에이션,지수 종가,KOSPI,6820.6,pt,네이버 차트(기존 트래커 이관),2026-09-30
2026-07-20,밸류에이션,지수 종가,KOSPI,6516.27,pt,네이버 차트(기존 트래커 이관),2026-09-30
2026-07-21,밸류에이션,지수 종가,KOSPI,6747.95,pt,네이버 차트(기존 트래커 이관),2026-09-30
2026-07-22,밸류에이션,지수 종가,KOSPI,6797.7,pt,네이버 차트(기존 트래커 이관),2026-09-30
2026-07-23,밸류에이션,지수 종가,KOSPI,7096.89,pt,네이버 차트(기존 트래커 이관),2026-09-30
2026-07-24,밸류에이션,지수 종가,KOSPI,6690.62,pt,네이버 차트(기존 트래커 이관),2026-09-30
2026-07-27,밸류에이션,지수 종가,KOSPI,6755.75,pt,네이버 차트(기존 트래커 이관),2026-09-30
2026-07-28,밸류에이션,지수 종가,KOSPI,6023.66,pt,네이버 차트(기존 트래커 이관),2026-09-30
2026-07-29,밸류에이션,지수 종가,KOSPI,5663.24,pt,네이버 차트(기존 트래커 이관),2026-09-30
2026-07-30,밸류에이션,지수 종가,KOSPI,5593.56,pt,네이버 차트(기존 트래커 이관),2026-09-30
2026-07-31,밸류에이션,지수 종가,KOSPI,6595.45,pt,네이버 차트(기존 트래커 이관),2026-09-30
2026-08-03,밸류에이션,지수 종가,KOSPI,6257.45,pt,네이버 차트(기존 트래커 이관),2026-09-30
2026-08-04,밸류에이션,지수 종가,KOSPI,6358.95,pt,네이버 차트(기존 트래커 이관),2026-09-30
2026-08-05,밸류에이션,지수 종가,KOSPI,6598.26,pt,네이버 차트(기존 트래커 이관),2026-09-30
2026-08-06,밸류에이션,지수 종가,KOSPI,6296.38,pt,네이버 차트(기존 트래커 이관),2026-09-30
2026-08-07,밸류에이션,지수 종가,KOSPI,6258.77,pt,네이버 차트(기존 트래커 이관),2026-09-30
2026-08-10,밸류에이션,지수 종가,KOSPI,6299.66,pt,네이버 차트(기존 트래커 이관),2026-09-30
2026-08-11,밸류에이션,지수 종가,KOSPI,6345.53,pt,네이버 차트(기존 트래커 이관),2026-09-30
2026-08-12,밸류에이션,지수 종가,KOSPI,6579.04,pt,네이버 차트(기존 트래커 이관),2026-09-30
2026-08-13,밸류에이션,지수 종가,KOSPI,6813.34,pt,네이버 차트(기존 트래커 이관),2026-09-30
2026-08-14,밸류에이션,지수 종가,KOSPI,6977.94,pt,네이버 차트(기존 트래커 이관),2026-09-30
2026-08-18,밸류에이션,지수 종가,KOSPI,6869.83,pt,네이버 차트(기존 트래커 이관),2026-09-30
2026-08-19,밸류에이션,지수 종가,KOSPI,6471.17,pt,네이버 차트(기존 트래커 이관),2026-09-30
2026-08-20,밸류에이션,지수 종가,KOSPI,6852.58,pt,네이버 차트(기존 트래커 이관),2026-09-30
2026-08-21,밸류에이션,지수 종가,KOSPI,6912.95,pt,네이버 차트(기존 트래커 이관),2026-09-30
2026-08-24,밸류에이션,지수 종가,KOSPI,6696.96,pt,네이버 차트(기존 트래커 이관),2026-09-30
2026-08-25,밸류에이션,지수 종가,KOSPI,6742.74,pt,네이버 차트(기존 트래커 이관),2026-09-30
2026-08-26,밸류에이션,지수 종가,KOSPI,6808.21,pt,네이버 차트(기존 트래커 이관),2026-09-30
2026-08-27,밸류에이션,지수 종가,KOSPI,6912.37,pt,네이버 차트(기존 트래커 이관),2026-09-30
2026-08-28,밸류에이션,지수 종가,KOSPI,6788.88,pt,네이버 차트(기존 트래커 이관),2026-09-30
2026-08-31,밸류에이션,지수 종가,KOSPI,6820.02,pt,네이버 차트(기존 트래커 이관),2026-09-30
2026-09-01,밸류에이션,지수 종가,KOSPI,6835.8,pt,네이버 차트(기존 트래커 이관),2026-09-30
2026-09-02,밸류에이션,지수 종가,KOSPI,6562.72,pt,네이버 차트(기존 트래커 이관),2026-09-30
2026-09-03,밸류에이션,지수 종가,KOSPI,6579.48,pt,네이버 차트(기존 트래커 이관),2026-09-30
2026-09-04,밸류에이션,지수 종가,KOSPI,6687.21,pt,네이버 차트(기존 트래커 이관),2026-09-30
2026-09-07,밸류에이션,지수 종가,KOSPI,6995.39,pt,네이버 차트(기존 트래커 이관),2026-09-30
2026-09-08,밸류에이션,지수 종가,KOSPI,6954.52,pt,네이버 차트(기존 트래커 이관),2026-09-30
2026-09-09,밸류에이션,지수 종가,KOSPI,7051.64,pt,네이버 차트(기존 트래커 이관),2026-09-30
2026-09-10,밸류에이션,지수 종가,KOSPI,7033.92,pt,네이버 차트(기존 트래커 이관),2026-09-30
2026-09-11,밸류에이션,지수 종가,KOSPI,6909.91,pt,네이버 차트(기존 트래커 이관),2026-09-30
2026-09-14,밸류에이션,지수 종가,KOSPI,6684.37,pt,네이버 차트(기존 트래커 이관),2026-09-30
2026-09-15,밸류에이션,지수 종가,KOSPI,6627.26,pt,네이버 차트(기존 트래커 이관),2026-09-30
2026-09-16,밸류에이션,지수 종가,KOSPI,6717.97,pt,네이버 차트(기존 트래커 이관),2026-09-30
2026-09-17,밸류에이션,지수 종가,KOSPI,6715.41,pt,네이버 차트(기존 트래커 이관),2026-09-30
2026-09-18,밸류에이션,지수 종가,KOSPI,6894.23,pt,네이버 차트(기존 트래커 이관),2026-09-30
2026-09-21,밸류에이션,지수 종가,KOSPI,7007.72,pt,네이버 차트(기존 트래커 이관),2026-09-30
2026-09-22,밸류에이션,지수 종가,KOSPI,7017.91,pt,네이버 차트(기존 트래커 이관),2026-09-30
2026-09-23,밸류에이션,지수 종가,KOSPI,7080.92,pt,네이버 차트(기존 트래커 이관),2026-09-30
2026-09-28,밸류에이션,지수 종가,KOSPI,6889.74,pt,네이버 차트(기존 트래커 이관),2026-09-30
2026-09-29,밸류에이션,지수 종가,KOSPI,6870.81,pt,네이버 차트(기존 트래커 이관),2026-09-30
2021-01-04,밸류에이션,지수 종가,KOSDAQ,977.62,pt,네이버 차트(기존 트래커 이관),2026-09-30
2021-01-05,밸류에이션,지수 종가,KOSDAQ,985.76,pt,네이버 차트(기존 트래커 이관),2026-09-30
2021-01-06,밸류에이션,지수 종가,KOSDAQ,981.39,pt,네이버 차트(기존 트래커 이관),2026-09-30
2021-01-07,밸류에이션,지수 종가,KOSDAQ,988.86,pt,네이버 차트(기존 트래커 이관),2026-09-30
2021-01-08,밸류에이션,지수 종가,KOSDAQ,987.79,pt,네이버 차트(기존 트래커 이관),2026-09-30
2021-01-11,밸류에이션,지수 종가,KOSDAQ,976.63,pt,네이버 차트(기존 트래커 이관),2026-09-30
2021-01-12,밸류에이션,지수 종가,KOSDAQ,973.72,pt,네이버 차트(기존 트래커 이관),2026-09-30
2021-01-13,밸류에이션,지수 종가,KOSDAQ,979.13,pt,네이버 차트(기존 트래커 이관),2026-09-30
2021-01-14,밸류에이션,지수 종가,KOSDAQ,980.29,pt,네이버 차트(기존 트래커 이관),2026-09-30
2021-01-15,밸류에이션,지수 종가,KOSDAQ,964.44,pt,네이버 차트(기존 트래커 이관),2026-09-30
2021-01-18,밸류에이션,지수 종가,KOSDAQ,944.67,pt,네이버 차트(기존 트래커 이관),2026-09-30
2021-01-19,밸류에이션,지수 종가,KOSDAQ,957.75,pt,네이버 차트(기존 트래커 이관),2026-09-30
2021-01-20,밸류에이션,지수 종가,KOSDAQ,977.66,pt,네이버 차트(기존 트래커 이관),2026-09-30
2021-01-21,밸류에이션,지수 종가,KOSDAQ,981.4,pt,네이버 차트(기존 트래커 이관),2026-09-30
2021-01-22,밸류에이션,지수 종가,KOSDAQ,979.98,pt,네이버 차트(기존 트래커 이관),2026-09-30
2021-01-25,밸류에이션,지수 종가,KOSDAQ,999.3,pt,네이버 차트(기존 트래커 이관),2026-09-30
2021-01-26,밸류에이션,지수 종가,KOSDAQ,994,pt,네이버 차트(기존 트래커 이관),2026-09-30
2021-01-27,밸류에이션,지수 종가,KOSDAQ,985.92,pt,네이버 차트(기존 트래커 이관),2026-09-30
2021-01-28,밸류에이션,지수 종가,KOSDAQ,961.23,pt,네이버 차트(기존 트래커 이관),2026-09-30
2021-01-29,밸류에이션,지수 종가,KOSDAQ,928.73,pt,네이버 차트(기존 트래커 이관),2026-09-30
2021-02-01,밸류에이션,지수 종가,KOSDAQ,956.92,pt,네이버 차트(기존 트래커 이관),2026-09-30
2021-02-02,밸류에이션,지수 종가,KOSDAQ,963.81,pt,네이버 차트(기존 트래커 이관),2026-09-30
2021-02-03,밸류에이션,지수 종가,KOSDAQ,970.69,pt,네이버 차트(기존 트래커 이관),2026-09-30
2021-02-04,밸류에이션,지수 종가,KOSDAQ,964.58,pt,네이버 차트(기존 트래커 이관),2026-09-30
2021-02-05,밸류에이션,지수 종가,KOSDAQ,967.42,pt,네이버 차트(기존 트래커 이관),2026-09-30
2021-02-08,밸류에이션,지수 종가,KOSDAQ,960.78,pt,네이버 차트(기존 트래커 이관),2026-09-30
2021-02-09,밸류에이션,지수 종가,KOSDAQ,957.85,pt,네이버 차트(기존 트래커 이관),2026-09-30
2021-02-10,밸류에이션,지수 종가,KOSDAQ,964.31,pt,네이버 차트(기존 트래커 이관),2026-09-30
2021-02-15,밸류에이션,지수 종가,KOSDAQ,981.97,pt,네이버 차트(기존 트래커 이관),2026-09-30
2021-02-16,밸류에이션,지수 종가,KOSDAQ,977.74,pt,네이버 차트(기존 트래커 이관),2026-09-30
2021-02-17,밸류에이션,지수 종가,KOSDAQ,979.77,pt,네이버 차트(기존 트래커 이관),2026-09-30
2021-02-18,밸류에이션,지수 종가,KOSDAQ,967.42,pt,네이버 차트(기존 트래커 이관),2026-09-30
2021-02-19,밸류에이션,지수 종가,KOSDAQ,965.11,pt,네이버 차트(기존 트래커 이관),2026-09-30
2021-02-22,밸류에이션,지수 종가,KOSDAQ,954.29,pt,네이버 차트(기존 트래커 이관),2026-09-30
2021-02-23,밸류에이션,지수 종가,KOSDAQ,936.6,pt,네이버 차트(기존 트래커 이관),2026-09-30
2021-02-24,밸류에이션,지수 종가,KOSDAQ,906.31,pt,네이버 차트(기존 트래커 이관),2026-09-30
2021-02-25,밸류에이션,지수 종가,KOSDAQ,936.21,pt,네이버 차트(기존 트래커 이관),2026-09-30
2021-02-26,밸류에이션,지수 종가,KOSDAQ,913.94,pt,네이버 차트(기존 트래커 이관),2026-09-30
2021-03-02,밸류에이션,지수 종가,KOSDAQ,923.17,pt,네이버 차트(기존 트래커 이관),2026-09-30
2021-03-03,밸류에이션,지수 종가,KOSDAQ,930.8,pt,네이버 차트(기존 트래커 이관),2026-09-30
2021-03-04,밸류에이션,지수 종가,KOSDAQ,926.2,pt,네이버 차트(기존 트래커 이관),2026-09-30
2021-03-05,밸류에이션,지수 종가,KOSDAQ,923.48,pt,네이버 차트(기존 트래커 이관),2026-09-30
2021-03-08,밸류에이션,지수 종가,KOSDAQ,904.77,pt,네이버 차트(기존 트래커 이관),2026-09-30
2021-03-09,밸류에이션,지수 종가,KOSDAQ,896.36,pt,네이버 차트(기존 트래커 이관),2026-09-30
2021-03-10,밸류에이션,지수 종가,KOSDAQ,890.07,pt,네이버 차트(기존 트래커 이관),2026-09-30
2021-03-11,밸류에이션,지수 종가,KOSDAQ,908.01,pt,네이버 차트(기존 트래커 이관),2026-09-30
2021-03-12,밸류에이션,지수 종가,KOSDAQ,925.49,pt,네이버 차트(기존 트래커 이관),2026-09-30
2021-03-15,밸류에이션,지수 종가,KOSDAQ,926.9,pt,네이버 차트(기존 트래커 이관),2026-09-30
2021-03-16,밸류에이션,지수 종가,KOSDAQ,940.65,pt,네이버 차트(기존 트래커 이관),2026-09-30
2021-03-17,밸류에이션,지수 종가,KOSDAQ,943.78,pt,네이버 차트(기존 트래커 이관),2026-09-30
2021-03-18,밸류에이션,지수 종가,KOSDAQ,949.83,pt,네이버 차트(기존 트래커 이관),2026-09-30
2021-03-19,밸류에이션,지수 종가,KOSDAQ,952.11,pt,네이버 차트(기존 트래커 이관),2026-09-30
2021-03-22,밸류에이션,지수 종가,KOSDAQ,955.38,pt,네이버 차트(기존 트래커 이관),2026-09-30
2021-03-23,밸류에이션,지수 종가,KOSDAQ,946.31,pt,네이버 차트(기존 트래커 이관),2026-09-30
2021-03-24,밸류에이션,지수 종가,KOSDAQ,953.82,pt,네이버 차트(기존 트래커 이관),2026-09-30
2021-03-25,밸류에이션,지수 종가,KOSDAQ,954.99,pt,네이버 차트(기존 트래커 이관),2026-09-30
2021-03-26,밸류에이션,지수 종가,KOSDAQ,956.7,pt,네이버 차트(기존 트래커 이관),2026-09-30
2021-03-29,밸류에이션,지수 종가,KOSDAQ,954.1,pt,네이버 차트(기존 트래커 이관),2026-09-30
2021-03-30,밸류에이션,지수 종가,KOSDAQ,958.06,pt,네이버 차트(기존 트래커 이관),2026-09-30
2021-03-31,밸류에이션,지수 종가,KOSDAQ,956.17,pt,네이버 차트(기존 트래커 이관),2026-09-30
2021-04-01,밸류에이션,지수 종가,KOSDAQ,965.78,pt,네이버 차트(기존 트래커 이관),2026-09-30
2021-04-02,밸류에이션,지수 종가,KOSDAQ,970.09,pt,네이버 차트(기존 트래커 이관),2026-09-30
2021-04-05,밸류에이션,지수 종가,KOSDAQ,969.77,pt,네이버 차트(기존 트래커 이관),2026-09-30
2021-04-06,밸류에이션,지수 종가,KOSDAQ,968.63,pt,네이버 차트(기존 트래커 이관),2026-09-30
2021-04-07,밸류에이션,지수 종가,KOSDAQ,973.22,pt,네이버 차트(기존 트래커 이관),2026-09-30
2021-04-08,밸류에이션,지수 종가,KOSDAQ,982.02,pt,네이버 차트(기존 트래커 이관),2026-09-30
2021-04-09,밸류에이션,지수 종가,KOSDAQ,989.39,pt,네이버 차트(기존 트래커 이관),2026-09-30
2021-04-12,밸류에이션,지수 종가,KOSDAQ,1000.65,pt,네이버 차트(기존 트래커 이관),2026-09-30
2021-04-13,밸류에이션,지수 종가,KOSDAQ,1010.37,pt,네이버 차트(기존 트래커 이관),2026-09-30
2021-04-14,밸류에이션,지수 종가,KOSDAQ,1014.42,pt,네이버 차트(기존 트래커 이관),2026-09-30
2021-04-15,밸류에이션,지수 종가,KOSDAQ,1013.9,pt,네이버 차트(기존 트래커 이관),2026-09-30
2021-04-16,밸류에이션,지수 종가,KOSDAQ,1021.62,pt,네이버 차트(기존 트래커 이관),2026-09-30
2021-04-19,밸류에이션,지수 종가,KOSDAQ,1029.46,pt,네이버 차트(기존 트래커 이관),2026-09-30
2021-04-20,밸류에이션,지수 종가,KOSDAQ,1031.88,pt,네이버 차트(기존 트래커 이관),2026-09-30
2021-04-21,밸류에이션,지수 종가,KOSDAQ,1022.22,pt,네이버 차트(기존 트래커 이관),2026-09-30
2021-04-22,밸류에이션,지수 종가,KOSDAQ,1025.71,pt,네이버 차트(기존 트래커 이관),2026-09-30
2021-04-23,밸류에이션,지수 종가,KOSDAQ,1026.82,pt,네이버 차트(기존 트래커 이관),2026-09-30
2021-04-26,밸류에이션,지수 종가,KOSDAQ,1030.06,pt,네이버 차트(기존 트래커 이관),2026-09-30
2021-04-27,밸류에이션,지수 종가,KOSDAQ,1021.01,pt,네이버 차트(기존 트래커 이관),2026-09-30
2021-04-28,밸류에이션,지수 종가,KOSDAQ,998.27,pt,네이버 차트(기존 트래커 이관),2026-09-30
2021-04-29,밸류에이션,지수 종가,KOSDAQ,990.69,pt,네이버 차트(기존 트래커 이관),2026-09-30
2021-04-30,밸류에이션,지수 종가,KOSDAQ,983.45,pt,네이버 차트(기존 트래커 이관),2026-09-30
2021-05-03,밸류에이션,지수 종가,KOSDAQ,961.81,pt,네이버 차트(기존 트래커 이관),2026-09-30
2021-05-04,밸류에이션,지수 종가,KOSDAQ,967.2,pt,네이버 차트(기존 트래커 이관),2026-09-30
2021-05-06,밸류에이션,지수 종가,KOSDAQ,969.99,pt,네이버 차트(기존 트래커 이관),2026-09-30
2021-05-07,밸류에이션,지수 종가,KOSDAQ,978.3,pt,네이버 차트(기존 트래커 이관),2026-09-30
2021-05-10,밸류에이션,지수 종가,KOSDAQ,992.8,pt,네이버 차트(기존 트래커 이관),2026-09-30
2021-05-11,밸류에이션,지수 종가,KOSDAQ,978.61,pt,네이버 차트(기존 트래커 이관),2026-09-30
2021-05-12,밸류에이션,지수 종가,KOSDAQ,967.1,pt,네이버 차트(기존 트래커 이관),2026-09-30
2021-05-13,밸류에이션,지수 종가,KOSDAQ,951.77,pt,네이버 차트(기존 트래커 이관),2026-09-30
2021-05-14,밸류에이션,지수 종가,KOSDAQ,966.72,pt,네이버 차트(기존 트래커 이관),2026-09-30
2021-05-17,밸류에이션,지수 종가,KOSDAQ,962.5,pt,네이버 차트(기존 트래커 이관),2026-09-30
2021-05-18,밸류에이션,지수 종가,KOSDAQ,969.1,pt,네이버 차트(기존 트래커 이관),2026-09-30
2021-05-20,밸류에이션,지수 종가,KOSDAQ,971.13,pt,네이버 차트(기존 트래커 이관),2026-09-30
2021-05-21,밸류에이션,지수 종가,KOSDAQ,965.63,pt,네이버 차트(기존 트래커 이관),2026-09-30
2021-05-24,밸류에이션,지수 종가,KOSDAQ,948.37,pt,네이버 차트(기존 트래커 이관),2026-09-30
2021-05-25,밸류에이션,지수 종가,KOSDAQ,962.07,pt,네이버 차트(기존 트래커 이관),2026-09-30
2021-05-26,밸류에이션,지수 종가,KOSDAQ,966.06,pt,네이버 차트(기존 트래커 이관),2026-09-30
2021-05-27,밸류에이션,지수 종가,KOSDAQ,974.08,pt,네이버 차트(기존 트래커 이관),2026-09-30
2021-05-28,밸류에이션,지수 종가,KOSDAQ,977.46,pt,네이버 차트(기존 트래커 이관),2026-09-30
2021-05-31,밸류에이션,지수 종가,KOSDAQ,981.78,pt,네이버 차트(기존 트래커 이관),2026-09-30
2021-06-01,밸류에이션,지수 종가,KOSDAQ,984.59,pt,네이버 차트(기존 트래커 이관),2026-09-30
2021-06-02,밸류에이션,지수 종가,KOSDAQ,981.1,pt,네이버 차트(기존 트래커 이관),2026-09-30
2021-06-03,밸류에이션,지수 종가,KOSDAQ,990.19,pt,네이버 차트(기존 트래커 이관),2026-09-30
2021-06-04,밸류에이션,지수 종가,KOSDAQ,987.58,pt,네이버 차트(기존 트래커 이관),2026-09-30
2021-06-07,밸류에이션,지수 종가,KOSDAQ,985.86,pt,네이버 차트(기존 트래커 이관),2026-09-30
2021-06-08,밸류에이션,지수 종가,KOSDAQ,986.12,pt,네이버 차트(기존 트래커 이관),2026-09-30
2021-06-09,밸류에이션,지수 종가,KOSDAQ,978.79,pt,네이버 차트(기존 트래커 이관),2026-09-30
2021-06-10,밸류에이션,지수 종가,KOSDAQ,987.77,pt,네이버 차트(기존 트래커 이관),2026-09-30
2021-06-11,밸류에이션,지수 종가,KOSDAQ,991.13,pt,네이버 차트(기존 트래커 이관),2026-09-30
2021-06-14,밸류에이션,지수 종가,KOSDAQ,997.41,pt,네이버 차트(기존 트래커 이관),2026-09-30
2021-06-15,밸류에이션,지수 종가,KOSDAQ,997.37,pt,네이버 차트(기존 트래커 이관),2026-09-30
2021-06-16,밸류에이션,지수 종가,KOSDAQ,998.49,pt,네이버 차트(기존 트래커 이관),2026-09-30
2021-06-17,밸류에이션,지수 종가,KOSDAQ,1003.72,pt,네이버 차트(기존 트래커 이관),2026-09-30
2021-06-18,밸류에이션,지수 종가,KOSDAQ,1015.88,pt,네이버 차트(기존 트래커 이관),2026-09-30
2021-06-21,밸류에이션,지수 종가,KOSDAQ,1010.99,pt,네이버 차트(기존 트래커 이관),2026-09-30
2021-06-22,밸류에이션,지수 종가,KOSDAQ,1011.56,pt,네이버 차트(기존 트래커 이관),2026-09-30
2021-06-23,밸류에이션,지수 종가,KOSDAQ,1016.46,pt,네이버 차트(기존 트래커 이관),2026-09-30
2021-06-24,밸류에이션,지수 종가,KOSDAQ,1012.62,pt,네이버 차트(기존 트래커 이관),2026-09-30
2021-06-25,밸류에이션,지수 종가,KOSDAQ,1012.13,pt,네이버 차트(기존 트래커 이관),2026-09-30
2021-06-28,밸류에이션,지수 종가,KOSDAQ,1017.91,pt,네이버 차트(기존 트래커 이관),2026-09-30
2021-06-29,밸류에이션,지수 종가,KOSDAQ,1022.52,pt,네이버 차트(기존 트래커 이관),2026-09-30
2021-06-30,밸류에이션,지수 종가,KOSDAQ,1029.96,pt,네이버 차트(기존 트래커 이관),2026-09-30
2021-07-01,밸류에이션,지수 종가,KOSDAQ,1035.64,pt,네이버 차트(기존 트래커 이관),2026-09-30
2021-07-02,밸류에이션,지수 종가,KOSDAQ,1038.18,pt,네이버 차트(기존 트래커 이관),2026-09-30
2021-07-05,밸류에이션,지수 종가,KOSDAQ,1047.33,pt,네이버 차트(기존 트래커 이관),2026-09-30
2021-07-06,밸류에이션,지수 종가,KOSDAQ,1044.96,pt,네이버 차트(기존 트래커 이관),2026-09-30
2021-07-07,밸류에이션,지수 종가,KOSDAQ,1047.36,pt,네이버 차트(기존 트래커 이관),2026-09-30
2021-07-08,밸류에이션,지수 종가,KOSDAQ,1034.48,pt,네이버 차트(기존 트래커 이관),2026-09-30
2021-07-09,밸류에이션,지수 종가,KOSDAQ,1028.93,pt,네이버 차트(기존 트래커 이관),2026-09-30
2021-07-12,밸류에이션,지수 종가,KOSDAQ,1034.64,pt,네이버 차트(기존 트래커 이관),2026-09-30
2021-07-13,밸류에이션,지수 종가,KOSDAQ,1043.31,pt,네이버 차트(기존 트래커 이관),2026-09-30
2021-07-14,밸류에이션,지수 종가,KOSDAQ,1044.98,pt,네이버 차트(기존 트래커 이관),2026-09-30
2021-07-15,밸류에이션,지수 종가,KOSDAQ,1054.31,pt,네이버 차트(기존 트래커 이관),2026-09-30
2021-07-16,밸류에이션,지수 종가,KOSDAQ,1051.98,pt,네이버 차트(기존 트래커 이관),2026-09-30
2021-07-19,밸류에이션,지수 종가,KOSDAQ,1049.83,pt,네이버 차트(기존 트래커 이관),2026-09-30
2021-07-20,밸류에이션,지수 종가,KOSDAQ,1043.64,pt,네이버 차트(기존 트래커 이관),2026-09-30
2021-07-21,밸류에이션,지수 종가,KOSDAQ,1042.03,pt,네이버 차트(기존 트래커 이관),2026-09-30
2021-07-22,밸류에이션,지수 종가,KOSDAQ,1050.25,pt,네이버 차트(기존 트래커 이관),2026-09-30
2021-07-23,밸류에이션,지수 종가,KOSDAQ,1055.5,pt,네이버 차트(기존 트래커 이관),2026-09-30
2021-07-26,밸류에이션,지수 종가,KOSDAQ,1047.63,pt,네이버 차트(기존 트래커 이관),2026-09-30
2021-07-27,밸류에이션,지수 종가,KOSDAQ,1046.55,pt,네이버 차트(기존 트래커 이관),2026-09-30
2021-07-28,밸류에이션,지수 종가,KOSDAQ,1035.68,pt,네이버 차트(기존 트래커 이관),2026-09-30
2021-07-29,밸류에이션,지수 종가,KOSDAQ,1044.13,pt,네이버 차트(기존 트래커 이관),2026-09-30
2021-07-30,밸류에이션,지수 종가,KOSDAQ,1031.14,pt,네이버 차트(기존 트래커 이관),2026-09-30
2021-08-02,밸류에이션,지수 종가,KOSDAQ,1037.8,pt,네이버 차트(기존 트래커 이관),2026-09-30
2021-08-03,밸류에이션,지수 종가,KOSDAQ,1036.11,pt,네이버 차트(기존 트래커 이관),2026-09-30
2021-08-04,밸류에이션,지수 종가,KOSDAQ,1047.93,pt,네이버 차트(기존 트래커 이관),2026-09-30
2021-08-05,밸류에이션,지수 종가,KOSDAQ,1059.54,pt,네이버 차트(기존 트래커 이관),2026-09-30
2021-08-06,밸류에이션,지수 종가,KOSDAQ,1059.8,pt,네이버 차트(기존 트래커 이관),2026-09-30
2021-08-09,밸류에이션,지수 종가,KOSDAQ,1060,pt,네이버 차트(기존 트래커 이관),2026-09-30
2021-08-10,밸류에이션,지수 종가,KOSDAQ,1052.07,pt,네이버 차트(기존 트래커 이관),2026-09-30
2021-08-11,밸류에이션,지수 종가,KOSDAQ,1051.92,pt,네이버 차트(기존 트래커 이관),2026-09-30
2021-08-12,밸류에이션,지수 종가,KOSDAQ,1054.09,pt,네이버 차트(기존 트래커 이관),2026-09-30
2021-08-13,밸류에이션,지수 종가,KOSDAQ,1040.78,pt,네이버 차트(기존 트래커 이관),2026-09-30
2021-08-17,밸류에이션,지수 종가,KOSDAQ,1011.05,pt,네이버 차트(기존 트래커 이관),2026-09-30
2021-08-18,밸류에이션,지수 종가,KOSDAQ,1021.08,pt,네이버 차트(기존 트래커 이관),2026-09-30
2021-08-19,밸류에이션,지수 종가,KOSDAQ,991.15,pt,네이버 차트(기존 트래커 이관),2026-09-30
2021-08-20,밸류에이션,지수 종가,KOSDAQ,967.9,pt,네이버 차트(기존 트래커 이관),2026-09-30
2021-08-23,밸류에이션,지수 종가,KOSDAQ,993.18,pt,네이버 차트(기존 트래커 이관),2026-09-30
2021-08-24,밸류에이션,지수 종가,KOSDAQ,1013.18,pt,네이버 차트(기존 트래커 이관),2026-09-30
2021-08-25,밸류에이션,지수 종가,KOSDAQ,1017.78,pt,네이버 차트(기존 트래커 이관),2026-09-30
2021-08-26,밸류에이션,지수 종가,KOSDAQ,1020.44,pt,네이버 차트(기존 트래커 이관),2026-09-30
2021-08-27,밸류에이션,지수 종가,KOSDAQ,1023.51,pt,네이버 차트(기존 트래커 이관),2026-09-30
2021-08-30,밸류에이션,지수 종가,KOSDAQ,1031.84,pt,네이버 차트(기존 트래커 이관),2026-09-30
2021-08-31,밸류에이션,지수 종가,KOSDAQ,1038.33,pt,네이버 차트(기존 트래커 이관),2026-09-30
2021-09-01,밸류에이션,지수 종가,KOSDAQ,1045.98,pt,네이버 차트(기존 트래커 이관),2026-09-30
2021-09-02,밸류에이션,지수 종가,KOSDAQ,1047.19,pt,네이버 차트(기존 트래커 이관),2026-09-30
2021-09-03,밸류에이션,지수 종가,KOSDAQ,1053.85,pt,네이버 차트(기존 트래커 이관),2026-09-30
2021-09-06,밸류에이션,지수 종가,KOSDAQ,1052.96,pt,네이버 차트(기존 트래커 이관),2026-09-30
2021-09-07,밸류에이션,지수 종가,KOSDAQ,1054.43,pt,네이버 차트(기존 트래커 이관),2026-09-30
2021-09-08,밸류에이션,지수 종가,KOSDAQ,1037.22,pt,네이버 차트(기존 트래커 이관),2026-09-30
2021-09-09,밸류에이션,지수 종가,KOSDAQ,1034.62,pt,네이버 차트(기존 트래커 이관),2026-09-30
2021-09-10,밸류에이션,지수 종가,KOSDAQ,1037.91,pt,네이버 차트(기존 트래커 이관),2026-09-30
2021-09-13,밸류에이션,지수 종가,KOSDAQ,1026.34,pt,네이버 차트(기존 트래커 이관),2026-09-30
2021-09-14,밸류에이션,지수 종가,KOSDAQ,1037.74,pt,네이버 차트(기존 트래커 이관),2026-09-30
2021-09-15,밸류에이션,지수 종가,KOSDAQ,1042.79,pt,네이버 차트(기존 트래커 이관),2026-09-30
2021-09-16,밸류에이션,지수 종가,KOSDAQ,1039.43,pt,네이버 차트(기존 트래커 이관),2026-09-30
2021-09-17,밸류에이션,지수 종가,KOSDAQ,1046.12,pt,네이버 차트(기존 트래커 이관),2026-09-30
2021-09-23,밸류에이션,지수 종가,KOSDAQ,1036.26,pt,네이버 차트(기존 트래커 이관),2026-09-30
2021-09-24,밸류에이션,지수 종가,KOSDAQ,1037.03,pt,네이버 차트(기존 트래커 이관),2026-09-30
2021-09-27,밸류에이션,지수 종가,KOSDAQ,1034.82,pt,네이버 차트(기존 트래커 이관),2026-09-30
2021-09-28,밸류에이션,지수 종가,KOSDAQ,1012.51,pt,네이버 차트(기존 트래커 이관),2026-09-30
2021-09-29,밸류에이션,지수 종가,KOSDAQ,1001.46,pt,네이버 차트(기존 트래커 이관),2026-09-30
2021-09-30,밸류에이션,지수 종가,KOSDAQ,1003.27,pt,네이버 차트(기존 트래커 이관),2026-09-30
2021-10-01,밸류에이션,지수 종가,KOSDAQ,983.2,pt,네이버 차트(기존 트래커 이관),2026-09-30
2021-10-05,밸류에이션,지수 종가,KOSDAQ,955.37,pt,네이버 차트(기존 트래커 이관),2026-09-30
2021-10-06,밸류에이션,지수 종가,KOSDAQ,922.36,pt,네이버 차트(기존 트래커 이관),2026-09-30
2021-10-07,밸류에이션,지수 종가,KOSDAQ,953.43,pt,네이버 차트(기존 트래커 이관),2026-09-30
2021-10-08,밸류에이션,지수 종가,KOSDAQ,953.11,pt,네이버 차트(기존 트래커 이관),2026-09-30
2021-10-12,밸류에이션,지수 종가,KOSDAQ,940.15,pt,네이버 차트(기존 트래커 이관),2026-09-30
2021-10-13,밸류에이션,지수 종가,KOSDAQ,953.47,pt,네이버 차트(기존 트래커 이관),2026-09-30
2021-10-14,밸류에이션,지수 종가,KOSDAQ,983.43,pt,네이버 차트(기존 트래커 이관),2026-09-30
2021-10-15,밸류에이션,지수 종가,KOSDAQ,990.54,pt,네이버 차트(기존 트래커 이관),2026-09-30
2021-10-18,밸류에이션,지수 종가,KOSDAQ,993.86,pt,네이버 차트(기존 트래커 이관),2026-09-30
2021-10-19,밸류에이션,지수 종가,KOSDAQ,1005.35,pt,네이버 차트(기존 트래커 이관),2026-09-30
2021-10-20,밸류에이션,지수 종가,KOSDAQ,1001.62,pt,네이버 차트(기존 트래커 이관),2026-09-30
2021-10-21,밸류에이션,지수 종가,KOSDAQ,993.7,pt,네이버 차트(기존 트래커 이관),2026-09-30
2021-10-22,밸류에이션,지수 종가,KOSDAQ,995.07,pt,네이버 차트(기존 트래커 이관),2026-09-30
2021-10-25,밸류에이션,지수 종가,KOSDAQ,994.31,pt,네이버 차트(기존 트래커 이관),2026-09-30
2021-10-26,밸류에이션,지수 종가,KOSDAQ,1011.76,pt,네이버 차트(기존 트래커 이관),2026-09-30
2021-10-27,밸류에이션,지수 종가,KOSDAQ,1008.95,pt,네이버 차트(기존 트래커 이관),2026-09-30
2021-10-28,밸류에이션,지수 종가,KOSDAQ,1000.13,pt,네이버 차트(기존 트래커 이관),2026-09-30
2021-10-29,밸류에이션,지수 종가,KOSDAQ,992.33,pt,네이버 차트(기존 트래커 이관),2026-09-30
2021-11-01,밸류에이션,지수 종가,KOSDAQ,998.57,pt,네이버 차트(기존 트래커 이관),2026-09-30
2021-11-02,밸류에이션,지수 종가,KOSDAQ,1009.44,pt,네이버 차트(기존 트래커 이관),2026-09-30
2021-11-03,밸류에이션,지수 종가,KOSDAQ,1005,pt,네이버 차트(기존 트래커 이관),2026-09-30
2021-11-04,밸류에이션,지수 종가,KOSDAQ,1001.43,pt,네이버 차트(기존 트래커 이관),2026-09-30
2021-11-05,밸류에이션,지수 종가,KOSDAQ,1001.35,pt,네이버 차트(기존 트래커 이관),2026-09-30
2021-11-08,밸류에이션,지수 종가,KOSDAQ,1002.5,pt,네이버 차트(기존 트래커 이관),2026-09-30
2021-11-09,밸류에이션,지수 종가,KOSDAQ,1008.68,pt,네이버 차트(기존 트래커 이관),2026-09-30
2021-11-10,밸류에이션,지수 종가,KOSDAQ,987.75,pt,네이버 차트(기존 트래커 이관),2026-09-30
2021-11-11,밸류에이션,지수 종가,KOSDAQ,992.65,pt,네이버 차트(기존 트래커 이관),2026-09-30
2021-11-12,밸류에이션,지수 종가,KOSDAQ,1009.07,pt,네이버 차트(기존 트래커 이관),2026-09-30
2021-11-15,밸류에이션,지수 종가,KOSDAQ,1029.03,pt,네이버 차트(기존 트래커 이관),2026-09-30
2021-11-16,밸류에이션,지수 종가,KOSDAQ,1035.46,pt,네이버 차트(기존 트래커 이관),2026-09-30
2021-11-17,밸류에이션,지수 종가,KOSDAQ,1031.26,pt,네이버 차트(기존 트래커 이관),2026-09-30
2021-11-18,밸류에이션,지수 종가,KOSDAQ,1032.77,pt,네이버 차트(기존 트래커 이관),2026-09-30
2021-11-19,밸류에이션,지수 종가,KOSDAQ,1041.92,pt,네이버 차트(기존 트래커 이관),2026-09-30
2021-11-22,밸류에이션,지수 종가,KOSDAQ,1032.31,pt,네이버 차트(기존 트래커 이관),2026-09-30
2021-11-23,밸류에이션,지수 종가,KOSDAQ,1013.72,pt,네이버 차트(기존 트래커 이관),2026-09-30
2021-11-24,밸류에이션,지수 종가,KOSDAQ,1020.13,pt,네이버 차트(기존 트래커 이관),2026-09-30
2021-11-25,밸류에이션,지수 종가,KOSDAQ,1015.66,pt,네이버 차트(기존 트래커 이관),2026-09-30
2021-11-26,밸류에이션,지수 종가,KOSDAQ,1005.89,pt,네이버 차트(기존 트래커 이관),2026-09-30
2021-11-29,밸류에이션,지수 종가,KOSDAQ,992.34,pt,네이버 차트(기존 트래커 이관),2026-09-30
2021-11-30,밸류에이션,지수 종가,KOSDAQ,965.63,pt,네이버 차트(기존 트래커 이관),2026-09-30
2021-12-01,밸류에이션,지수 종가,KOSDAQ,977.15,pt,네이버 차트(기존 트래커 이관),2026-09-30
2021-12-02,밸류에이션,지수 종가,KOSDAQ,977.43,pt,네이버 차트(기존 트래커 이관),2026-09-30
2021-12-03,밸류에이션,지수 종가,KOSDAQ,998.47,pt,네이버 차트(기존 트래커 이관),2026-09-30
2021-12-06,밸류에이션,지수 종가,KOSDAQ,991.87,pt,네이버 차트(기존 트래커 이관),2026-09-30
2021-12-07,밸류에이션,지수 종가,KOSDAQ,996.64,pt,네이버 차트(기존 트래커 이관),2026-09-30
2021-12-08,밸류에이션,지수 종가,KOSDAQ,1006.04,pt,네이버 차트(기존 트래커 이관),2026-09-30
2021-12-09,밸류에이션,지수 종가,KOSDAQ,1022.87,pt,네이버 차트(기존 트래커 이관),2026-09-30
2021-12-10,밸류에이션,지수 종가,KOSDAQ,1011.57,pt,네이버 차트(기존 트래커 이관),2026-09-30
2021-12-13,밸류에이션,지수 종가,KOSDAQ,1005.96,pt,네이버 차트(기존 트래커 이관),2026-09-30
2021-12-14,밸류에이션,지수 종가,KOSDAQ,1002.81,pt,네이버 차트(기존 트래커 이관),2026-09-30
2021-12-15,밸류에이션,지수 종가,KOSDAQ,1003.52,pt,네이버 차트(기존 트래커 이관),2026-09-30
2021-12-16,밸류에이션,지수 종가,KOSDAQ,1007.86,pt,네이버 차트(기존 트래커 이관),2026-09-30
2021-12-17,밸류에이션,지수 종가,KOSDAQ,1001.26,pt,네이버 차트(기존 트래커 이관),2026-09-30
2021-12-20,밸류에이션,지수 종가,KOSDAQ,990.51,pt,네이버 차트(기존 트래커 이관),2026-09-30
2021-12-21,밸류에이션,지수 종가,KOSDAQ,996.6,pt,네이버 차트(기존 트래커 이관),2026-09-30
2021-12-22,밸류에이션,지수 종가,KOSDAQ,1000.13,pt,네이버 차트(기존 트래커 이관),2026-09-30
2021-12-23,밸류에이션,지수 종가,KOSDAQ,1003.31,pt,네이버 차트(기존 트래커 이관),2026-09-30
2021-12-24,밸류에이션,지수 종가,KOSDAQ,1007.42,pt,네이버 차트(기존 트래커 이관),2026-09-30
2021-12-27,밸류에이션,지수 종가,KOSDAQ,1011.36,pt,네이버 차트(기존 트래커 이관),2026-09-30
2021-12-28,밸류에이션,지수 종가,KOSDAQ,1027.44,pt,네이버 차트(기존 트래커 이관),2026-09-30
2021-12-29,밸류에이션,지수 종가,KOSDAQ,1028.05,pt,네이버 차트(기존 트래커 이관),2026-09-30
2021-12-30,밸류에이션,지수 종가,KOSDAQ,1033.98,pt,네이버 차트(기존 트래커 이관),2026-09-30
2022-01-03,밸류에이션,지수 종가,KOSDAQ,1037.83,pt,네이버 차트(기존 트래커 이관),2026-09-30
2022-01-04,밸류에이션,지수 종가,KOSDAQ,1031.66,pt,네이버 차트(기존 트래커 이관),2026-09-30
2022-01-05,밸류에이션,지수 종가,KOSDAQ,1009.62,pt,네이버 차트(기존 트래커 이관),2026-09-30
2022-01-06,밸류에이션,지수 종가,KOSDAQ,980.3,pt,네이버 차트(기존 트래커 이관),2026-09-30
2022-01-07,밸류에이션,지수 종가,KOSDAQ,995.16,pt,네이버 차트(기존 트래커 이관),2026-09-30
2022-01-10,밸류에이션,지수 종가,KOSDAQ,980.38,pt,네이버 차트(기존 트래커 이관),2026-09-30
2022-01-11,밸류에이션,지수 종가,KOSDAQ,969.92,pt,네이버 차트(기존 트래커 이관),2026-09-30
2022-01-12,밸류에이션,지수 종가,KOSDAQ,991.33,pt,네이버 차트(기존 트래커 이관),2026-09-30
2022-01-13,밸류에이션,지수 종가,KOSDAQ,983.25,pt,네이버 차트(기존 트래커 이관),2026-09-30
2022-01-14,밸류에이션,지수 종가,KOSDAQ,971.39,pt,네이버 차트(기존 트래커 이관),2026-09-30
2022-01-17,밸류에이션,지수 종가,KOSDAQ,957.9,pt,네이버 차트(기존 트래커 이관),2026-09-30
2022-01-18,밸류에이션,지수 종가,KOSDAQ,943.94,pt,네이버 차트(기존 트래커 이관),2026-09-30
2022-01-19,밸류에이션,지수 종가,KOSDAQ,933.9,pt,네이버 차트(기존 트래커 이관),2026-09-30
2022-01-20,밸류에이션,지수 종가,KOSDAQ,958.7,pt,네이버 차트(기존 트래커 이관),2026-09-30
2022-01-21,밸류에이션,지수 종가,KOSDAQ,942.85,pt,네이버 차트(기존 트래커 이관),2026-09-30
2022-01-24,밸류에이션,지수 종가,KOSDAQ,915.4,pt,네이버 차트(기존 트래커 이관),2026-09-30
2022-01-25,밸류에이션,지수 종가,KOSDAQ,889.44,pt,네이버 차트(기존 트래커 이관),2026-09-30
2022-01-26,밸류에이션,지수 종가,KOSDAQ,882.09,pt,네이버 차트(기존 트래커 이관),2026-09-30
2022-01-27,밸류에이션,지수 종가,KOSDAQ,849.23,pt,네이버 차트(기존 트래커 이관),2026-09-30
2022-01-28,밸류에이션,지수 종가,KOSDAQ,872.87,pt,네이버 차트(기존 트래커 이관),2026-09-30
2022-02-03,밸류에이션,지수 종가,KOSDAQ,891.6,pt,네이버 차트(기존 트래커 이관),2026-09-30
2022-02-04,밸류에이션,지수 종가,KOSDAQ,902.87,pt,네이버 차트(기존 트래커 이관),2026-09-30
2022-02-07,밸류에이션,지수 종가,KOSDAQ,899.4,pt,네이버 차트(기존 트래커 이관),2026-09-30
2022-02-08,밸류에이션,지수 종가,KOSDAQ,895.27,pt,네이버 차트(기존 트래커 이관),2026-09-30
2022-02-09,밸류에이션,지수 종가,KOSDAQ,910.53,pt,네이버 차트(기존 트래커 이관),2026-09-30
2022-02-10,밸류에이션,지수 종가,KOSDAQ,895.68,pt,네이버 차트(기존 트래커 이관),2026-09-30
2022-02-11,밸류에이션,지수 종가,KOSDAQ,877.42,pt,네이버 차트(기존 트래커 이관),2026-09-30
2022-02-14,밸류에이션,지수 종가,KOSDAQ,852.79,pt,네이버 차트(기존 트래커 이관),2026-09-30
2022-02-15,밸류에이션,지수 종가,KOSDAQ,839.92,pt,네이버 차트(기존 트래커 이관),2026-09-30
2022-02-16,밸류에이션,지수 종가,KOSDAQ,878.15,pt,네이버 차트(기존 트래커 이관),2026-09-30
2022-02-17,밸류에이션,지수 종가,KOSDAQ,874.22,pt,네이버 차트(기존 트래커 이관),2026-09-30
2022-02-18,밸류에이션,지수 종가,KOSDAQ,881.71,pt,네이버 차트(기존 트래커 이관),2026-09-30
2022-02-21,밸류에이션,지수 종가,KOSDAQ,884.25,pt,네이버 차트(기존 트래커 이관),2026-09-30
2022-02-22,밸류에이션,지수 종가,KOSDAQ,868.11,pt,네이버 차트(기존 트래커 이관),2026-09-30
2022-02-23,밸류에이션,지수 종가,KOSDAQ,877.33,pt,네이버 차트(기존 트래커 이관),2026-09-30
2022-02-24,밸류에이션,지수 종가,KOSDAQ,848.21,pt,네이버 차트(기존 트래커 이관),2026-09-30
2022-02-25,밸류에이션,지수 종가,KOSDAQ,872.98,pt,네이버 차트(기존 트래커 이관),2026-09-30
2022-02-28,밸류에이션,지수 종가,KOSDAQ,881.07,pt,네이버 차트(기존 트래커 이관),2026-09-30
2022-03-02,밸류에이션,지수 종가,KOSDAQ,895.45,pt,네이버 차트(기존 트래커 이관),2026-09-30
2022-03-03,밸류에이션,지수 종가,KOSDAQ,912.32,pt,네이버 차트(기존 트래커 이관),2026-09-30
2022-03-04,밸류에이션,지수 종가,KOSDAQ,900.96,pt,네이버 차트(기존 트래커 이관),2026-09-30
2022-03-07,밸류에이션,지수 종가,KOSDAQ,881.54,pt,네이버 차트(기존 트래커 이관),2026-09-30
2022-03-08,밸류에이션,지수 종가,KOSDAQ,870.14,pt,네이버 차트(기존 트래커 이관),2026-09-30
2022-03-10,밸류에이션,지수 종가,KOSDAQ,889.08,pt,네이버 차트(기존 트래커 이관),2026-09-30
2022-03-11,밸류에이션,지수 종가,KOSDAQ,891.71,pt,네이버 차트(기존 트래커 이관),2026-09-30
2022-03-14,밸류에이션,지수 종가,KOSDAQ,872.44,pt,네이버 차트(기존 트래커 이관),2026-09-30
2022-03-15,밸류에이션,지수 종가,KOSDAQ,871.22,pt,네이버 차트(기존 트래커 이관),2026-09-30
2022-03-16,밸류에이션,지수 종가,KOSDAQ,891.8,pt,네이버 차트(기존 트래커 이관),2026-09-30
2022-03-17,밸류에이션,지수 종가,KOSDAQ,914.13,pt,네이버 차트(기존 트래커 이관),2026-09-30
2022-03-18,밸류에이션,지수 종가,KOSDAQ,922.96,pt,네이버 차트(기존 트래커 이관),2026-09-30
2022-03-21,밸류에이션,지수 종가,KOSDAQ,918.4,pt,네이버 차트(기존 트래커 이관),2026-09-30
2022-03-22,밸류에이션,지수 종가,KOSDAQ,924.67,pt,네이버 차트(기존 트래커 이관),2026-09-30
2022-03-23,밸류에이션,지수 종가,KOSDAQ,930.57,pt,네이버 차트(기존 트래커 이관),2026-09-30
2022-03-24,밸류에이션,지수 종가,KOSDAQ,931.75,pt,네이버 차트(기존 트래커 이관),2026-09-30
2022-03-25,밸류에이션,지수 종가,KOSDAQ,934.69,pt,네이버 차트(기존 트래커 이관),2026-09-30
2022-03-28,밸류에이션,지수 종가,KOSDAQ,927.11,pt,네이버 차트(기존 트래커 이관),2026-09-30
2022-03-29,밸류에이션,지수 종가,KOSDAQ,937.83,pt,네이버 차트(기존 트래커 이관),2026-09-30
2022-03-30,밸류에이션,지수 종가,KOSDAQ,939.07,pt,네이버 차트(기존 트래커 이관),2026-09-30
2022-03-31,밸류에이션,지수 종가,KOSDAQ,944.53,pt,네이버 차트(기존 트래커 이관),2026-09-30
2022-04-01,밸류에이션,지수 종가,KOSDAQ,940.57,pt,네이버 차트(기존 트래커 이관),2026-09-30
2022-04-04,밸류에이션,지수 종가,KOSDAQ,947.32,pt,네이버 차트(기존 트래커 이관),2026-09-30
2022-04-05,밸류에이션,지수 종가,KOSDAQ,952.47,pt,네이버 차트(기존 트래커 이관),2026-09-30
2022-04-06,밸류에이션,지수 종가,KOSDAQ,943.13,pt,네이버 차트(기존 트래커 이관),2026-09-30
2022-04-07,밸류에이션,지수 종가,KOSDAQ,927.95,pt,네이버 차트(기존 트래커 이관),2026-09-30
2022-04-08,밸류에이션,지수 종가,KOSDAQ,934.73,pt,네이버 차트(기존 트래커 이관),2026-09-30
2022-04-11,밸류에이션,지수 종가,KOSDAQ,921.83,pt,네이버 차트(기존 트래커 이관),2026-09-30
2022-04-12,밸류에이션,지수 종가,KOSDAQ,913.82,pt,네이버 차트(기존 트래커 이관),2026-09-30
2022-04-13,밸류에이션,지수 종가,KOSDAQ,927.31,pt,네이버 차트(기존 트래커 이관),2026-09-30
2022-04-14,밸류에이션,지수 종가,KOSDAQ,928.01,pt,네이버 차트(기존 트래커 이관),2026-09-30
2022-04-15,밸류에이션,지수 종가,KOSDAQ,924.44,pt,네이버 차트(기존 트래커 이관),2026-09-30
2022-04-18,밸류에이션,지수 종가,KOSDAQ,918.23,pt,네이버 차트(기존 트래커 이관),2026-09-30
2022-04-19,밸류에이션,지수 종가,KOSDAQ,931.56,pt,네이버 차트(기존 트래커 이관),2026-09-30
2022-04-20,밸류에이션,지수 종가,KOSDAQ,928.93,pt,네이버 차트(기존 트래커 이관),2026-09-30
2022-04-21,밸류에이션,지수 종가,KOSDAQ,929.68,pt,네이버 차트(기존 트래커 이관),2026-09-30
2022-04-22,밸류에이션,지수 종가,KOSDAQ,922.78,pt,네이버 차트(기존 트래커 이관),2026-09-30
2022-04-25,밸류에이션,지수 종가,KOSDAQ,899.84,pt,네이버 차트(기존 트래커 이관),2026-09-30
2022-04-26,밸류에이션,지수 종가,KOSDAQ,911.16,pt,네이버 차트(기존 트래커 이관),2026-09-30
2022-04-27,밸류에이션,지수 종가,KOSDAQ,896.18,pt,네이버 차트(기존 트래커 이관),2026-09-30
2022-04-28,밸류에이션,지수 종가,KOSDAQ,892.22,pt,네이버 차트(기존 트래커 이관),2026-09-30
2022-04-29,밸류에이션,지수 종가,KOSDAQ,904.75,pt,네이버 차트(기존 트래커 이관),2026-09-30
2022-05-02,밸류에이션,지수 종가,KOSDAQ,901.82,pt,네이버 차트(기존 트래커 이관),2026-09-30
2022-05-03,밸류에이션,지수 종가,KOSDAQ,907.57,pt,네이버 차트(기존 트래커 이관),2026-09-30
2022-05-04,밸류에이션,지수 종가,KOSDAQ,900.06,pt,네이버 차트(기존 트래커 이관),2026-09-30
2022-05-06,밸류에이션,지수 종가,KOSDAQ,884.22,pt,네이버 차트(기존 트래커 이관),2026-09-30
2022-05-09,밸류에이션,지수 종가,KOSDAQ,860.84,pt,네이버 차트(기존 트래커 이관),2026-09-30
2022-05-10,밸류에이션,지수 종가,KOSDAQ,856.14,pt,네이버 차트(기존 트래커 이관),2026-09-30
2022-05-11,밸류에이션,지수 종가,KOSDAQ,866.34,pt,네이버 차트(기존 트래커 이관),2026-09-30
2022-05-12,밸류에이션,지수 종가,KOSDAQ,833.66,pt,네이버 차트(기존 트래커 이관),2026-09-30
2022-05-13,밸류에이션,지수 종가,KOSDAQ,853.08,pt,네이버 차트(기존 트래커 이관),2026-09-30
2022-05-16,밸류에이션,지수 종가,KOSDAQ,856.25,pt,네이버 차트(기존 트래커 이관),2026-09-30
2022-05-17,밸류에이션,지수 종가,KOSDAQ,865.98,pt,네이버 차트(기존 트래커 이관),2026-09-30
2022-05-18,밸류에이션,지수 종가,KOSDAQ,871.57,pt,네이버 차트(기존 트래커 이관),2026-09-30
2022-05-19,밸류에이션,지수 종가,KOSDAQ,863.8,pt,네이버 차트(기존 트래커 이관),2026-09-30
2022-05-20,밸류에이션,지수 종가,KOSDAQ,879.88,pt,네이버 차트(기존 트래커 이관),2026-09-30
2022-05-23,밸류에이션,지수 종가,KOSDAQ,883.59,pt,네이버 차트(기존 트래커 이관),2026-09-30
2022-05-24,밸류에이션,지수 종가,KOSDAQ,865.07,pt,네이버 차트(기존 트래커 이관),2026-09-30
2022-05-25,밸류에이션,지수 종가,KOSDAQ,872.69,pt,네이버 차트(기존 트래커 이관),2026-09-30
2022-05-26,밸류에이션,지수 종가,KOSDAQ,871.43,pt,네이버 차트(기존 트래커 이관),2026-09-30
2022-05-27,밸류에이션,지수 종가,KOSDAQ,873.97,pt,네이버 차트(기존 트래커 이관),2026-09-30
2022-05-30,밸류에이션,지수 종가,KOSDAQ,886.44,pt,네이버 차트(기존 트래커 이관),2026-09-30
2022-05-31,밸류에이션,지수 종가,KOSDAQ,893.36,pt,네이버 차트(기존 트래커 이관),2026-09-30
2022-06-02,밸류에이션,지수 종가,KOSDAQ,891.14,pt,네이버 차트(기존 트래커 이관),2026-09-30
2022-06-03,밸류에이션,지수 종가,KOSDAQ,891.51,pt,네이버 차트(기존 트래커 이관),2026-09-30
2022-06-07,밸류에이션,지수 종가,KOSDAQ,873.78,pt,네이버 차트(기존 트래커 이관),2026-09-30
2022-06-08,밸류에이션,지수 종가,KOSDAQ,874.95,pt,네이버 차트(기존 트래커 이관),2026-09-30
2022-06-09,밸류에이션,지수 종가,KOSDAQ,877.18,pt,네이버 차트(기존 트래커 이관),2026-09-30
2022-06-10,밸류에이션,지수 종가,KOSDAQ,869.86,pt,네이버 차트(기존 트래커 이관),2026-09-30
2022-06-13,밸류에이션,지수 종가,KOSDAQ,828.77,pt,네이버 차트(기존 트래커 이관),2026-09-30
2022-06-14,밸류에이션,지수 종가,KOSDAQ,823.58,pt,네이버 차트(기존 트래커 이관),2026-09-30
2022-06-15,밸류에이션,지수 종가,KOSDAQ,799.41,pt,네이버 차트(기존 트래커 이관),2026-09-30
2022-06-16,밸류에이션,지수 종가,KOSDAQ,802.15,pt,네이버 차트(기존 트래커 이관),2026-09-30
2022-06-17,밸류에이션,지수 종가,KOSDAQ,798.69,pt,네이버 차트(기존 트래커 이관),2026-09-30
2022-06-20,밸류에이션,지수 종가,KOSDAQ,769.92,pt,네이버 차트(기존 트래커 이관),2026-09-30
2022-06-21,밸류에이션,지수 종가,KOSDAQ,778.3,pt,네이버 차트(기존 트래커 이관),2026-09-30
2022-06-22,밸류에이션,지수 종가,KOSDAQ,746.96,pt,네이버 차트(기존 트래커 이관),2026-09-30
2022-06-23,밸류에이션,지수 종가,KOSDAQ,714.38,pt,네이버 차트(기존 트래커 이관),2026-09-30
2022-06-24,밸류에이션,지수 종가,KOSDAQ,750.3,pt,네이버 차트(기존 트래커 이관),2026-09-30
2022-06-27,밸류에이션,지수 종가,KOSDAQ,770.6,pt,네이버 차트(기존 트래커 이관),2026-09-30
2022-06-28,밸류에이션,지수 종가,KOSDAQ,769.51,pt,네이버 차트(기존 트래커 이관),2026-09-30
2022-06-29,밸류에이션,지수 종가,KOSDAQ,762.35,pt,네이버 차트(기존 트래커 이관),2026-09-30
2022-06-30,밸류에이션,지수 종가,KOSDAQ,745.44,pt,네이버 차트(기존 트래커 이관),2026-09-30
2022-07-01,밸류에이션,지수 종가,KOSDAQ,729.48,pt,네이버 차트(기존 트래커 이관),2026-09-30
2022-07-04,밸류에이션,지수 종가,KOSDAQ,722.73,pt,네이버 차트(기존 트래커 이관),2026-09-30
2022-07-05,밸류에이션,지수 종가,KOSDAQ,750.95,pt,네이버 차트(기존 트래커 이관),2026-09-30
2022-07-06,밸류에이션,지수 종가,KOSDAQ,744.63,pt,네이버 차트(기존 트래커 이관),2026-09-30
2022-07-07,밸류에이션,지수 종가,KOSDAQ,757.97,pt,네이버 차트(기존 트래커 이관),2026-09-30
2022-07-08,밸류에이션,지수 종가,KOSDAQ,766.48,pt,네이버 차트(기존 트래커 이관),2026-09-30
2022-07-11,밸류에이션,지수 종가,KOSDAQ,767.04,pt,네이버 차트(기존 트래커 이관),2026-09-30
2022-07-12,밸류에이션,지수 종가,KOSDAQ,750.78,pt,네이버 차트(기존 트래커 이관),2026-09-30
2022-07-13,밸류에이션,지수 종가,KOSDAQ,763.18,pt,네이버 차트(기존 트래커 이관),2026-09-30
2022-07-14,밸류에이션,지수 종가,KOSDAQ,766.08,pt,네이버 차트(기존 트래커 이관),2026-09-30
2022-07-15,밸류에이션,지수 종가,KOSDAQ,762.39,pt,네이버 차트(기존 트래커 이관),2026-09-30
2022-07-18,밸류에이션,지수 종가,KOSDAQ,776.72,pt,네이버 차트(기존 트래커 이관),2026-09-30
2022-07-19,밸류에이션,지수 종가,KOSDAQ,782.33,pt,네이버 차트(기존 트래커 이관),2026-09-30
2022-07-20,밸류에이션,지수 종가,KOSDAQ,790.72,pt,네이버 차트(기존 트래커 이관),2026-09-30
2022-07-21,밸류에이션,지수 종가,KOSDAQ,795.15,pt,네이버 차트(기존 트래커 이관),2026-09-30
2022-07-22,밸류에이션,지수 종가,KOSDAQ,789.75,pt,네이버 차트(기존 트래커 이관),2026-09-30
2022-07-25,밸류에이션,지수 종가,KOSDAQ,789.69,pt,네이버 차트(기존 트래커 이관),2026-09-30
2022-07-26,밸류에이션,지수 종가,KOSDAQ,789.93,pt,네이버 차트(기존 트래커 이관),2026-09-30
2022-07-27,밸류에이션,지수 종가,KOSDAQ,795.7,pt,네이버 차트(기존 트래커 이관),2026-09-30
2022-07-28,밸류에이션,지수 종가,KOSDAQ,798.32,pt,네이버 차트(기존 트래커 이관),2026-09-30
2022-07-29,밸류에이션,지수 종가,KOSDAQ,803.62,pt,네이버 차트(기존 트래커 이관),2026-09-30
2022-08-01,밸류에이션,지수 종가,KOSDAQ,807.61,pt,네이버 차트(기존 트래커 이관),2026-09-30
2022-08-02,밸류에이션,지수 종가,KOSDAQ,804.34,pt,네이버 차트(기존 트래커 이관),2026-09-30
2022-08-03,밸류에이션,지수 종가,KOSDAQ,815.36,pt,네이버 차트(기존 트래커 이관),2026-09-30
2022-08-04,밸류에이션,지수 종가,KOSDAQ,825.16,pt,네이버 차트(기존 트래커 이관),2026-09-30
2022-08-05,밸류에이션,지수 종가,KOSDAQ,831.64,pt,네이버 차트(기존 트래커 이관),2026-09-30
2022-08-08,밸류에이션,지수 종가,KOSDAQ,830.86,pt,네이버 차트(기존 트래커 이관),2026-09-30
2022-08-09,밸류에이션,지수 종가,KOSDAQ,833.65,pt,네이버 차트(기존 트래커 이관),2026-09-30
2022-08-10,밸류에이션,지수 종가,KOSDAQ,820.27,pt,네이버 차트(기존 트래커 이관),2026-09-30
2022-08-11,밸류에이션,지수 종가,KOSDAQ,832.15,pt,네이버 차트(기존 트래커 이관),2026-09-30
2022-08-12,밸류에이션,지수 종가,KOSDAQ,831.63,pt,네이버 차트(기존 트래커 이관),2026-09-30
2022-08-16,밸류에이션,지수 종가,KOSDAQ,834.74,pt,네이버 차트(기존 트래커 이관),2026-09-30
2022-08-17,밸류에이션,지수 종가,KOSDAQ,827.42,pt,네이버 차트(기존 트래커 이관),2026-09-30
2022-08-18,밸류에이션,지수 종가,KOSDAQ,826.06,pt,네이버 차트(기존 트래커 이관),2026-09-30
2022-08-19,밸류에이션,지수 종가,KOSDAQ,814.17,pt,네이버 차트(기존 트래커 이관),2026-09-30
2022-08-22,밸류에이션,지수 종가,KOSDAQ,795.87,pt,네이버 차트(기존 트래커 이관),2026-09-30
2022-08-23,밸류에이션,지수 종가,KOSDAQ,783.42,pt,네이버 차트(기존 트래커 이관),2026-09-30
2022-08-24,밸류에이션,지수 종가,KOSDAQ,793.14,pt,네이버 차트(기존 트래커 이관),2026-09-30
2022-08-25,밸류에이션,지수 종가,KOSDAQ,807.37,pt,네이버 차트(기존 트래커 이관),2026-09-30
2022-08-26,밸류에이션,지수 종가,KOSDAQ,802.45,pt,네이버 차트(기존 트래커 이관),2026-09-30
2022-08-29,밸류에이션,지수 종가,KOSDAQ,779.89,pt,네이버 차트(기존 트래커 이관),2026-09-30
2022-08-30,밸류에이션,지수 종가,KOSDAQ,797.02,pt,네이버 차트(기존 트래커 이관),2026-09-30
2022-08-31,밸류에이션,지수 종가,KOSDAQ,807.04,pt,네이버 차트(기존 트래커 이관),2026-09-30
2022-09-01,밸류에이션,지수 종가,KOSDAQ,788.32,pt,네이버 차트(기존 트래커 이관),2026-09-30
2022-09-02,밸류에이션,지수 종가,KOSDAQ,785.88,pt,네이버 차트(기존 트래커 이관),2026-09-30
2022-09-05,밸류에이션,지수 종가,KOSDAQ,771.43,pt,네이버 차트(기존 트래커 이관),2026-09-30
2022-09-06,밸류에이션,지수 종가,KOSDAQ,779.46,pt,네이버 차트(기존 트래커 이관),2026-09-30
2022-09-07,밸류에이션,지수 종가,KOSDAQ,768.19,pt,네이버 차트(기존 트래커 이관),2026-09-30
2022-09-08,밸류에이션,지수 종가,KOSDAQ,777.81,pt,네이버 차트(기존 트래커 이관),2026-09-30
2022-09-13,밸류에이션,지수 종가,KOSDAQ,796.79,pt,네이버 차트(기존 트래커 이관),2026-09-30
2022-09-14,밸류에이션,지수 종가,KOSDAQ,782.93,pt,네이버 차트(기존 트래커 이관),2026-09-30
2022-09-15,밸류에이션,지수 종가,KOSDAQ,781.38,pt,네이버 차트(기존 트래커 이관),2026-09-30
2022-09-16,밸류에이션,지수 종가,KOSDAQ,770.04,pt,네이버 차트(기존 트래커 이관),2026-09-30
2022-09-19,밸류에이션,지수 종가,KOSDAQ,751.91,pt,네이버 차트(기존 트래커 이관),2026-09-30
2022-09-20,밸류에이션,지수 종가,KOSDAQ,760.35,pt,네이버 차트(기존 트래커 이관),2026-09-30
2022-09-21,밸류에이션,지수 종가,KOSDAQ,754.89,pt,네이버 차트(기존 트래커 이관),2026-09-30
2022-09-22,밸류에이션,지수 종가,KOSDAQ,751.41,pt,네이버 차트(기존 트래커 이관),2026-09-30
2022-09-23,밸류에이션,지수 종가,KOSDAQ,729.36,pt,네이버 차트(기존 트래커 이관),2026-09-30
2022-09-26,밸류에이션,지수 종가,KOSDAQ,692.37,pt,네이버 차트(기존 트래커 이관),2026-09-30
2022-09-27,밸류에이션,지수 종가,KOSDAQ,698.11,pt,네이버 차트(기존 트래커 이관),2026-09-30
2022-09-28,밸류에이션,지수 종가,KOSDAQ,673.87,pt,네이버 차트(기존 트래커 이관),2026-09-30
2022-09-29,밸류에이션,지수 종가,KOSDAQ,675.07,pt,네이버 차트(기존 트래커 이관),2026-09-30
2022-09-30,밸류에이션,지수 종가,KOSDAQ,672.65,pt,네이버 차트(기존 트래커 이관),2026-09-30
2022-10-04,밸류에이션,지수 종가,KOSDAQ,696.79,pt,네이버 차트(기존 트래커 이관),2026-09-30
2022-10-05,밸류에이션,지수 종가,KOSDAQ,685.34,pt,네이버 차트(기존 트래커 이관),2026-09-30
2022-10-06,밸류에이션,지수 종가,KOSDAQ,706.01,pt,네이버 차트(기존 트래커 이관),2026-09-30
2022-10-07,밸류에이션,지수 종가,KOSDAQ,698.49,pt,네이버 차트(기존 트래커 이관),2026-09-30
2022-10-11,밸류에이션,지수 종가,KOSDAQ,669.5,pt,네이버 차트(기존 트래커 이관),2026-09-30
2022-10-12,밸류에이션,지수 종가,KOSDAQ,671.67,pt,네이버 차트(기존 트래커 이관),2026-09-30
2022-10-13,밸류에이션,지수 종가,KOSDAQ,651.59,pt,네이버 차트(기존 트래커 이관),2026-09-30
2022-10-14,밸류에이션,지수 종가,KOSDAQ,678.24,pt,네이버 차트(기존 트래커 이관),2026-09-30
2022-10-17,밸류에이션,지수 종가,KOSDAQ,682,pt,네이버 차트(기존 트래커 이관),2026-09-30
2022-10-18,밸류에이션,지수 종가,KOSDAQ,697.09,pt,네이버 차트(기존 트래커 이관),2026-09-30
2022-10-19,밸류에이션,지수 종가,KOSDAQ,690.56,pt,네이버 차트(기존 트래커 이관),2026-09-30
2022-10-20,밸류에이션,지수 종가,KOSDAQ,680.44,pt,네이버 차트(기존 트래커 이관),2026-09-30
2022-10-21,밸류에이션,지수 종가,KOSDAQ,674.48,pt,네이버 차트(기존 트래커 이관),2026-09-30
2022-10-24,밸류에이션,지수 종가,KOSDAQ,688.5,pt,네이버 차트(기존 트래커 이관),2026-09-30
2022-10-25,밸류에이션,지수 종가,KOSDAQ,688.85,pt,네이버 차트(기존 트래커 이관),2026-09-30
2022-10-26,밸류에이션,지수 종가,KOSDAQ,683.17,pt,네이버 차트(기존 트래커 이관),2026-09-30
2022-10-27,밸류에이션,지수 종가,KOSDAQ,695.09,pt,네이버 차트(기존 트래커 이관),2026-09-30
2022-10-28,밸류에이션,지수 종가,KOSDAQ,687.63,pt,네이버 차트(기존 트래커 이관),2026-09-30
2022-10-31,밸류에이션,지수 종가,KOSDAQ,695.33,pt,네이버 차트(기존 트래커 이관),2026-09-30
2022-11-01,밸류에이션,지수 종가,KOSDAQ,700.05,pt,네이버 차트(기존 트래커 이관),2026-09-30
2022-11-02,밸류에이션,지수 종가,KOSDAQ,697.37,pt,네이버 차트(기존 트래커 이관),2026-09-30
2022-11-03,밸류에이션,지수 종가,KOSDAQ,694.13,pt,네이버 차트(기존 트래커 이관),2026-09-30
2022-11-04,밸류에이션,지수 종가,KOSDAQ,693.89,pt,네이버 차트(기존 트래커 이관),2026-09-30
2022-11-07,밸류에이션,지수 종가,KOSDAQ,700.48,pt,네이버 차트(기존 트래커 이관),2026-09-30
2022-11-08,밸류에이션,지수 종가,KOSDAQ,713.33,pt,네이버 차트(기존 트래커 이관),2026-09-30
2022-11-09,밸류에이션,지수 종가,KOSDAQ,714.6,pt,네이버 차트(기존 트래커 이관),2026-09-30
2022-11-10,밸류에이션,지수 종가,KOSDAQ,707.78,pt,네이버 차트(기존 트래커 이관),2026-09-30
2022-11-11,밸류에이션,지수 종가,KOSDAQ,731.22,pt,네이버 차트(기존 트래커 이관),2026-09-30
2022-11-14,밸류에이션,지수 종가,KOSDAQ,729.54,pt,네이버 차트(기존 트래커 이관),2026-09-30
2022-11-15,밸류에이션,지수 종가,KOSDAQ,744.96,pt,네이버 차트(기존 트래커 이관),2026-09-30
2022-11-16,밸류에이션,지수 종가,KOSDAQ,743.1,pt,네이버 차트(기존 트래커 이관),2026-09-30
2022-11-17,밸류에이션,지수 종가,KOSDAQ,737.54,pt,네이버 차트(기존 트래커 이관),2026-09-30
2022-11-18,밸류에이션,지수 종가,KOSDAQ,731.92,pt,네이버 차트(기존 트래커 이관),2026-09-30
2022-11-21,밸류에이션,지수 종가,KOSDAQ,718.57,pt,네이버 차트(기존 트래커 이관),2026-09-30
2022-11-22,밸류에이션,지수 종가,KOSDAQ,712.26,pt,네이버 차트(기존 트래커 이관),2026-09-30
2022-11-23,밸류에이션,지수 종가,KOSDAQ,725.59,pt,네이버 차트(기존 트래커 이관),2026-09-30
2022-11-24,밸류에이션,지수 종가,KOSDAQ,738.22,pt,네이버 차트(기존 트래커 이관),2026-09-30
2022-11-25,밸류에이션,지수 종가,KOSDAQ,733.56,pt,네이버 차트(기존 트래커 이관),2026-09-30
2022-11-28,밸류에이션,지수 종가,KOSDAQ,717.9,pt,네이버 차트(기존 트래커 이관),2026-09-30
2022-11-29,밸류에이션,지수 종가,KOSDAQ,727.54,pt,네이버 차트(기존 트래커 이관),2026-09-30
2022-11-30,밸류에이션,지수 종가,KOSDAQ,729.54,pt,네이버 차트(기존 트래커 이관),2026-09-30
2022-12-01,밸류에이션,지수 종가,KOSDAQ,740.6,pt,네이버 차트(기존 트래커 이관),2026-09-30
2022-12-02,밸류에이션,지수 종가,KOSDAQ,732.95,pt,네이버 차트(기존 트래커 이관),2026-09-30
2022-12-05,밸류에이션,지수 종가,KOSDAQ,733.32,pt,네이버 차트(기존 트래커 이관),2026-09-30
2022-12-06,밸류에이션,지수 종가,KOSDAQ,719.44,pt,네이버 차트(기존 트래커 이관),2026-09-30
2022-12-07,밸류에이션,지수 종가,KOSDAQ,718.14,pt,네이버 차트(기존 트래커 이관),2026-09-30
2022-12-08,밸류에이션,지수 종가,KOSDAQ,712.52,pt,네이버 차트(기존 트래커 이관),2026-09-30
2022-12-09,밸류에이션,지수 종가,KOSDAQ,719.49,pt,네이버 차트(기존 트래커 이관),2026-09-30
2022-12-12,밸류에이션,지수 종가,KOSDAQ,715.22,pt,네이버 차트(기존 트래커 이관),2026-09-30
2022-12-13,밸류에이션,지수 종가,KOSDAQ,715.16,pt,네이버 차트(기존 트래커 이관),2026-09-30
2022-12-14,밸류에이션,지수 종가,KOSDAQ,729,pt,네이버 차트(기존 트래커 이관),2026-09-30
2022-12-15,밸류에이션,지수 종가,KOSDAQ,722.68,pt,네이버 차트(기존 트래커 이관),2026-09-30
2022-12-16,밸류에이션,지수 종가,KOSDAQ,717.41,pt,네이버 차트(기존 트래커 이관),2026-09-30
2022-12-19,밸류에이션,지수 종가,KOSDAQ,717.22,pt,네이버 차트(기존 트래커 이관),2026-09-30
2022-12-20,밸류에이션,지수 종가,KOSDAQ,703.13,pt,네이버 차트(기존 트래커 이관),2026-09-30
2022-12-21,밸류에이션,지수 종가,KOSDAQ,705.7,pt,네이버 차트(기존 트래커 이관),2026-09-30
2022-12-22,밸류에이션,지수 종가,KOSDAQ,715.02,pt,네이버 차트(기존 트래커 이관),2026-09-30
2022-12-23,밸류에이션,지수 종가,KOSDAQ,691.25,pt,네이버 차트(기존 트래커 이관),2026-09-30
2022-12-26,밸류에이션,지수 종가,KOSDAQ,694.68,pt,네이버 차트(기존 트래커 이관),2026-09-30
2022-12-27,밸류에이션,지수 종가,KOSDAQ,704.19,pt,네이버 차트(기존 트래커 이관),2026-09-30
2022-12-28,밸류에이션,지수 종가,KOSDAQ,692.37,pt,네이버 차트(기존 트래커 이관),2026-09-30
2022-12-29,밸류에이션,지수 종가,KOSDAQ,679.29,pt,네이버 차트(기존 트래커 이관),2026-09-30
2023-01-02,밸류에이션,지수 종가,KOSDAQ,671.51,pt,네이버 차트(기존 트래커 이관),2026-09-30
2023-01-03,밸류에이션,지수 종가,KOSDAQ,674.95,pt,네이버 차트(기존 트래커 이관),2026-09-30
2023-01-04,밸류에이션,지수 종가,KOSDAQ,683.67,pt,네이버 차트(기존 트래커 이관),2026-09-30
2023-01-05,밸류에이션,지수 종가,KOSDAQ,679.92,pt,네이버 차트(기존 트래커 이관),2026-09-30
2023-01-06,밸류에이션,지수 종가,KOSDAQ,688.94,pt,네이버 차트(기존 트래커 이관),2026-09-30
2023-01-09,밸류에이션,지수 종가,KOSDAQ,701.21,pt,네이버 차트(기존 트래커 이관),2026-09-30
2023-01-10,밸류에이션,지수 종가,KOSDAQ,696.05,pt,네이버 차트(기존 트래커 이관),2026-09-30
2023-01-11,밸류에이션,지수 종가,KOSDAQ,709.77,pt,네이버 차트(기존 트래커 이관),2026-09-30
2023-01-12,밸류에이션,지수 종가,KOSDAQ,710.82,pt,네이버 차트(기존 트래커 이관),2026-09-30
2023-01-13,밸류에이션,지수 종가,KOSDAQ,711.82,pt,네이버 차트(기존 트래커 이관),2026-09-30
2023-01-16,밸류에이션,지수 종가,KOSDAQ,716.89,pt,네이버 차트(기존 트래커 이관),2026-09-30
2023-01-17,밸류에이션,지수 종가,KOSDAQ,709.71,pt,네이버 차트(기존 트래커 이관),2026-09-30
2023-01-18,밸류에이션,지수 종가,KOSDAQ,711.75,pt,네이버 차트(기존 트래커 이관),2026-09-30
2023-01-19,밸류에이션,지수 종가,KOSDAQ,712.89,pt,네이버 차트(기존 트래커 이관),2026-09-30
2023-01-20,밸류에이션,지수 종가,KOSDAQ,717.97,pt,네이버 차트(기존 트래커 이관),2026-09-30
2023-01-25,밸류에이션,지수 종가,KOSDAQ,732.35,pt,네이버 차트(기존 트래커 이관),2026-09-30
2023-01-26,밸류에이션,지수 종가,KOSDAQ,738.94,pt,네이버 차트(기존 트래커 이관),2026-09-30
2023-01-27,밸류에이션,지수 종가,KOSDAQ,741.25,pt,네이버 차트(기존 트래커 이관),2026-09-30
2023-01-30,밸류에이션,지수 종가,KOSDAQ,738.62,pt,네이버 차트(기존 트래커 이관),2026-09-30
2023-01-31,밸류에이션,지수 종가,KOSDAQ,740.49,pt,네이버 차트(기존 트래커 이관),2026-09-30
2023-02-01,밸류에이션,지수 종가,KOSDAQ,750.96,pt,네이버 차트(기존 트래커 이관),2026-09-30
2023-02-02,밸류에이션,지수 종가,KOSDAQ,764.62,pt,네이버 차트(기존 트래커 이관),2026-09-30
2023-02-03,밸류에이션,지수 종가,KOSDAQ,766.79,pt,네이버 차트(기존 트래커 이관),2026-09-30
2023-02-06,밸류에이션,지수 종가,KOSDAQ,761.33,pt,네이버 차트(기존 트래커 이관),2026-09-30
2023-02-07,밸류에이션,지수 종가,KOSDAQ,772.79,pt,네이버 차트(기존 트래커 이관),2026-09-30
2023-02-08,밸류에이션,지수 종가,KOSDAQ,779.98,pt,네이버 차트(기존 트래커 이관),2026-09-30
2023-02-09,밸류에이션,지수 종가,KOSDAQ,784.58,pt,네이버 차트(기존 트래커 이관),2026-09-30
2023-02-10,밸류에이션,지수 종가,KOSDAQ,772.44,pt,네이버 차트(기존 트래커 이관),2026-09-30
2023-02-13,밸류에이션,지수 종가,KOSDAQ,772.55,pt,네이버 차트(기존 트래커 이관),2026-09-30
2023-02-14,밸류에이션,지수 종가,KOSDAQ,779.58,pt,네이버 차트(기존 트래커 이관),2026-09-30
2023-02-15,밸류에이션,지수 종가,KOSDAQ,765.46,pt,네이버 차트(기존 트래커 이관),2026-09-30
2023-02-16,밸류에이션,지수 종가,KOSDAQ,784.71,pt,네이버 차트(기존 트래커 이관),2026-09-30
2023-02-17,밸류에이션,지수 종가,KOSDAQ,775.62,pt,네이버 차트(기존 트래커 이관),2026-09-30
2023-02-20,밸류에이션,지수 종가,KOSDAQ,788.89,pt,네이버 차트(기존 트래커 이관),2026-09-30
2023-02-21,밸류에이션,지수 종가,KOSDAQ,793.42,pt,네이버 차트(기존 트래커 이관),2026-09-30
2023-02-22,밸류에이션,지수 종가,KOSDAQ,778.51,pt,네이버 차트(기존 트래커 이관),2026-09-30
2023-02-23,밸류에이션,지수 종가,KOSDAQ,783.28,pt,네이버 차트(기존 트래커 이관),2026-09-30
2023-02-24,밸류에이션,지수 종가,KOSDAQ,778.88,pt,네이버 차트(기존 트래커 이관),2026-09-30
2023-02-27,밸류에이션,지수 종가,KOSDAQ,780.3,pt,네이버 차트(기존 트래커 이관),2026-09-30
2023-02-28,밸류에이션,지수 종가,KOSDAQ,791.6,pt,네이버 차트(기존 트래커 이관),2026-09-30
2023-03-02,밸류에이션,지수 종가,KOSDAQ,787.19,pt,네이버 차트(기존 트래커 이관),2026-09-30
2023-03-03,밸류에이션,지수 종가,KOSDAQ,802.42,pt,네이버 차트(기존 트래커 이관),2026-09-30
2023-03-06,밸류에이션,지수 종가,KOSDAQ,816.51,pt,네이버 차트(기존 트래커 이관),2026-09-30
2023-03-07,밸류에이션,지수 종가,KOSDAQ,815.76,pt,네이버 차트(기존 트래커 이관),2026-09-30
2023-03-08,밸류에이션,지수 종가,KOSDAQ,813.95,pt,네이버 차트(기존 트래커 이관),2026-09-30
2023-03-09,밸류에이션,지수 종가,KOSDAQ,809.22,pt,네이버 차트(기존 트래커 이관),2026-09-30
2023-03-10,밸류에이션,지수 종가,KOSDAQ,788.6,pt,네이버 차트(기존 트래커 이관),2026-09-30
2023-03-13,밸류에이션,지수 종가,KOSDAQ,788.89,pt,네이버 차트(기존 트래커 이관),2026-09-30
2023-03-14,밸류에이션,지수 종가,KOSDAQ,758.05,pt,네이버 차트(기존 트래커 이관),2026-09-30
2023-03-15,밸류에이션,지수 종가,KOSDAQ,781.17,pt,네이버 차트(기존 트래커 이관),2026-09-30
2023-03-16,밸류에이션,지수 종가,KOSDAQ,781.98,pt,네이버 차트(기존 트래커 이관),2026-09-30
2023-03-17,밸류에이션,지수 종가,KOSDAQ,797.39,pt,네이버 차트(기존 트래커 이관),2026-09-30
2023-03-20,밸류에이션,지수 종가,KOSDAQ,802.2,pt,네이버 차트(기존 트래커 이관),2026-09-30
2023-03-21,밸류에이션,지수 종가,KOSDAQ,802.53,pt,네이버 차트(기존 트래커 이관),2026-09-30
2023-03-22,밸류에이션,지수 종가,KOSDAQ,813.43,pt,네이버 차트(기존 트래커 이관),2026-09-30
2023-03-23,밸류에이션,지수 종가,KOSDAQ,812.19,pt,네이버 차트(기존 트래커 이관),2026-09-30
2023-03-24,밸류에이션,지수 종가,KOSDAQ,824.11,pt,네이버 차트(기존 트래커 이관),2026-09-30
2023-03-27,밸류에이션,지수 종가,KOSDAQ,827.69,pt,네이버 차트(기존 트래커 이관),2026-09-30
2023-03-28,밸류에이션,지수 종가,KOSDAQ,833.51,pt,네이버 차트(기존 트래커 이관),2026-09-30
2023-03-29,밸류에이션,지수 종가,KOSDAQ,843.94,pt,네이버 차트(기존 트래커 이관),2026-09-30
2023-03-30,밸류에이션,지수 종가,KOSDAQ,850.48,pt,네이버 차트(기존 트래커 이관),2026-09-30
2023-03-31,밸류에이션,지수 종가,KOSDAQ,847.52,pt,네이버 차트(기존 트래커 이관),2026-09-30
2023-04-03,밸류에이션,지수 종가,KOSDAQ,854.96,pt,네이버 차트(기존 트래커 이관),2026-09-30
2023-04-04,밸류에이션,지수 종가,KOSDAQ,857.18,pt,네이버 차트(기존 트래커 이관),2026-09-30
2023-04-05,밸류에이션,지수 종가,KOSDAQ,872.36,pt,네이버 차트(기존 트래커 이관),2026-09-30
2023-04-06,밸류에이션,지수 종가,KOSDAQ,865.58,pt,네이버 차트(기존 트래커 이관),2026-09-30
2023-04-07,밸류에이션,지수 종가,KOSDAQ,880.07,pt,네이버 차트(기존 트래커 이관),2026-09-30
2023-04-10,밸류에이션,지수 종가,KOSDAQ,887.78,pt,네이버 차트(기존 트래커 이관),2026-09-30
2023-04-11,밸류에이션,지수 종가,KOSDAQ,898.94,pt,네이버 차트(기존 트래커 이관),2026-09-30
2023-04-12,밸류에이션,지수 종가,KOSDAQ,890.62,pt,네이버 차트(기존 트래커 이관),2026-09-30
2023-04-13,밸류에이션,지수 종가,KOSDAQ,894.25,pt,네이버 차트(기존 트래커 이관),2026-09-30
2023-04-14,밸류에이션,지수 종가,KOSDAQ,903.84,pt,네이버 차트(기존 트래커 이관),2026-09-30
2023-04-17,밸류에이션,지수 종가,KOSDAQ,909.5,pt,네이버 차트(기존 트래커 이관),2026-09-30
2023-04-18,밸류에이션,지수 종가,KOSDAQ,909.02,pt,네이버 차트(기존 트래커 이관),2026-09-30
2023-04-19,밸류에이션,지수 종가,KOSDAQ,909.2,pt,네이버 차트(기존 트래커 이관),2026-09-30
2023-04-20,밸류에이션,지수 종가,KOSDAQ,885.71,pt,네이버 차트(기존 트래커 이관),2026-09-30
2023-04-21,밸류에이션,지수 종가,KOSDAQ,868.82,pt,네이버 차트(기존 트래커 이관),2026-09-30
2023-04-24,밸류에이션,지수 종가,KOSDAQ,855.23,pt,네이버 차트(기존 트래커 이관),2026-09-30
2023-04-25,밸류에이션,지수 종가,KOSDAQ,838.71,pt,네이버 차트(기존 트래커 이관),2026-09-30
2023-04-26,밸류에이션,지수 종가,KOSDAQ,830.44,pt,네이버 차트(기존 트래커 이관),2026-09-30
2023-04-27,밸류에이션,지수 종가,KOSDAQ,850.21,pt,네이버 차트(기존 트래커 이관),2026-09-30
2023-04-28,밸류에이션,지수 종가,KOSDAQ,842.83,pt,네이버 차트(기존 트래커 이관),2026-09-30
2023-05-02,밸류에이션,지수 종가,KOSDAQ,855.61,pt,네이버 차트(기존 트래커 이관),2026-09-30
2023-05-03,밸류에이션,지수 종가,KOSDAQ,843.18,pt,네이버 차트(기존 트래커 이관),2026-09-30
2023-05-04,밸류에이션,지수 종가,KOSDAQ,845.06,pt,네이버 차트(기존 트래커 이관),2026-09-30
2023-05-08,밸류에이션,지수 종가,KOSDAQ,842.28,pt,네이버 차트(기존 트래커 이관),2026-09-30
2023-05-09,밸류에이션,지수 종가,KOSDAQ,835.85,pt,네이버 차트(기존 트래커 이관),2026-09-30
2023-05-10,밸류에이션,지수 종가,KOSDAQ,829.74,pt,네이버 차트(기존 트래커 이관),2026-09-30
2023-05-11,밸류에이션,지수 종가,KOSDAQ,824.54,pt,네이버 차트(기존 트래커 이관),2026-09-30
2023-05-12,밸류에이션,지수 종가,KOSDAQ,822.43,pt,네이버 차트(기존 트래커 이관),2026-09-30
2023-05-15,밸류에이션,지수 종가,KOSDAQ,814.53,pt,네이버 차트(기존 트래커 이관),2026-09-30
2023-05-16,밸류에이션,지수 종가,KOSDAQ,816.75,pt,네이버 차트(기존 트래커 이관),2026-09-30
2023-05-17,밸류에이션,지수 종가,KOSDAQ,834.19,pt,네이버 차트(기존 트래커 이관),2026-09-30
2023-05-18,밸류에이션,지수 종가,KOSDAQ,835.89,pt,네이버 차트(기존 트래커 이관),2026-09-30
2023-05-19,밸류에이션,지수 종가,KOSDAQ,841.72,pt,네이버 차트(기존 트래커 이관),2026-09-30
2023-05-22,밸류에이션,지수 종가,KOSDAQ,852.04,pt,네이버 차트(기존 트래커 이관),2026-09-30
2023-05-23,밸류에이션,지수 종가,KOSDAQ,859.16,pt,네이버 차트(기존 트래커 이관),2026-09-30
2023-05-24,밸류에이션,지수 종가,KOSDAQ,855.46,pt,네이버 차트(기존 트래커 이관),2026-09-30
2023-05-25,밸류에이션,지수 종가,KOSDAQ,847.72,pt,네이버 차트(기존 트래커 이관),2026-09-30
2023-05-26,밸류에이션,지수 종가,KOSDAQ,843.23,pt,네이버 차트(기존 트래커 이관),2026-09-30
2023-05-30,밸류에이션,지수 종가,KOSDAQ,851.5,pt,네이버 차트(기존 트래커 이관),2026-09-30
2023-05-31,밸류에이션,지수 종가,KOSDAQ,856.94,pt,네이버 차트(기존 트래커 이관),2026-09-30
2023-06-01,밸류에이션,지수 종가,KOSDAQ,863.78,pt,네이버 차트(기존 트래커 이관),2026-09-30
2023-06-02,밸류에이션,지수 종가,KOSDAQ,868.06,pt,네이버 차트(기존 트래커 이관),2026-09-30
2023-06-05,밸류에이션,지수 종가,KOSDAQ,870.28,pt,네이버 차트(기존 트래커 이관),2026-09-30
2023-06-07,밸류에이션,지수 종가,KOSDAQ,880.72,pt,네이버 차트(기존 트래커 이관),2026-09-30
2023-06-08,밸류에이션,지수 종가,KOSDAQ,876.13,pt,네이버 차트(기존 트래커 이관),2026-09-30
2023-06-09,밸류에이션,지수 종가,KOSDAQ,883.71,pt,네이버 차트(기존 트래커 이관),2026-09-30
2023-06-12,밸류에이션,지수 종가,KOSDAQ,885.76,pt,네이버 차트(기존 트래커 이관),2026-09-30
2023-06-13,밸류에이션,지수 종가,KOSDAQ,896.81,pt,네이버 차트(기존 트래커 이관),2026-09-30
2023-06-14,밸류에이션,지수 종가,KOSDAQ,871.83,pt,네이버 차트(기존 트래커 이관),2026-09-30
2023-06-15,밸류에이션,지수 종가,KOSDAQ,878.04,pt,네이버 차트(기존 트래커 이관),2026-09-30
2023-06-16,밸류에이션,지수 종가,KOSDAQ,887.95,pt,네이버 차트(기존 트래커 이관),2026-09-30
2023-06-19,밸류에이션,지수 종가,KOSDAQ,888.61,pt,네이버 차트(기존 트래커 이관),2026-09-30
2023-06-20,밸류에이션,지수 종가,KOSDAQ,886.41,pt,네이버 차트(기존 트래커 이관),2026-09-30
2023-06-21,밸류에이션,지수 종가,KOSDAQ,875.7,pt,네이버 차트(기존 트래커 이관),2026-09-30
2023-06-22,밸류에이션,지수 종가,KOSDAQ,876.38,pt,네이버 차트(기존 트래커 이관),2026-09-30
2023-06-23,밸류에이션,지수 종가,KOSDAQ,874.84,pt,네이버 차트(기존 트래커 이관),2026-09-30
2023-06-26,밸류에이션,지수 종가,KOSDAQ,879.5,pt,네이버 차트(기존 트래커 이관),2026-09-30
2023-06-27,밸류에이션,지수 종가,KOSDAQ,874.14,pt,네이버 차트(기존 트래커 이관),2026-09-30
2023-06-28,밸류에이션,지수 종가,KOSDAQ,866.97,pt,네이버 차트(기존 트래커 이관),2026-09-30
2023-06-29,밸류에이션,지수 종가,KOSDAQ,861.79,pt,네이버 차트(기존 트래커 이관),2026-09-30
2023-06-30,밸류에이션,지수 종가,KOSDAQ,868.24,pt,네이버 차트(기존 트래커 이관),2026-09-30
2023-07-03,밸류에이션,지수 종가,KOSDAQ,889.29,pt,네이버 차트(기존 트래커 이관),2026-09-30
2023-07-04,밸류에이션,지수 종가,KOSDAQ,890,pt,네이버 차트(기존 트래커 이관),2026-09-30
2023-07-05,밸류에이션,지수 종가,KOSDAQ,891.18,pt,네이버 차트(기존 트래커 이관),2026-09-30
2023-07-06,밸류에이션,지수 종가,KOSDAQ,870.53,pt,네이버 차트(기존 트래커 이관),2026-09-30
2023-07-07,밸류에이션,지수 종가,KOSDAQ,867.27,pt,네이버 차트(기존 트래커 이관),2026-09-30
2023-07-10,밸류에이션,지수 종가,KOSDAQ,860.35,pt,네이버 차트(기존 트래커 이관),2026-09-30
2023-07-11,밸류에이션,지수 종가,KOSDAQ,878.73,pt,네이버 차트(기존 트래커 이관),2026-09-30
2023-07-12,밸류에이션,지수 종가,KOSDAQ,879.88,pt,네이버 차트(기존 트래커 이관),2026-09-30
2023-07-13,밸류에이션,지수 종가,KOSDAQ,893.07,pt,네이버 차트(기존 트래커 이관),2026-09-30
2023-07-14,밸류에이션,지수 종가,KOSDAQ,896.28,pt,네이버 차트(기존 트래커 이관),2026-09-30
2023-07-17,밸류에이션,지수 종가,KOSDAQ,898.29,pt,네이버 차트(기존 트래커 이관),2026-09-30
2023-07-18,밸류에이션,지수 종가,KOSDAQ,914.14,pt,네이버 차트(기존 트래커 이관),2026-09-30
2023-07-19,밸류에이션,지수 종가,KOSDAQ,923.72,pt,네이버 차트(기존 트래커 이관),2026-09-30
2023-07-20,밸류에이션,지수 종가,KOSDAQ,931.6,pt,네이버 차트(기존 트래커 이관),2026-09-30
2023-07-21,밸류에이션,지수 종가,KOSDAQ,934.58,pt,네이버 차트(기존 트래커 이관),2026-09-30
2023-07-24,밸류에이션,지수 종가,KOSDAQ,929.9,pt,네이버 차트(기존 트래커 이관),2026-09-30
2023-07-25,밸류에이션,지수 종가,KOSDAQ,939.96,pt,네이버 차트(기존 트래커 이관),2026-09-30
2023-07-26,밸류에이션,지수 종가,KOSDAQ,900.63,pt,네이버 차트(기존 트래커 이관),2026-09-30
2023-07-27,밸류에이션,지수 종가,KOSDAQ,883.79,pt,네이버 차트(기존 트래커 이관),2026-09-30
2023-07-28,밸류에이션,지수 종가,KOSDAQ,913.74,pt,네이버 차트(기존 트래커 이관),2026-09-30
2023-07-31,밸류에이션,지수 종가,KOSDAQ,935.97,pt,네이버 차트(기존 트래커 이관),2026-09-30
2023-08-01,밸류에이션,지수 종가,KOSDAQ,939.67,pt,네이버 차트(기존 트래커 이관),2026-09-30
2023-08-02,밸류에이션,지수 종가,KOSDAQ,909.76,pt,네이버 차트(기존 트래커 이관),2026-09-30
2023-08-03,밸류에이션,지수 종가,KOSDAQ,920.32,pt,네이버 차트(기존 트래커 이관),2026-09-30
2023-08-04,밸류에이션,지수 종가,KOSDAQ,918.43,pt,네이버 차트(기존 트래커 이관),2026-09-30
2023-08-07,밸류에이션,지수 종가,KOSDAQ,898.22,pt,네이버 차트(기존 트래커 이관),2026-09-30
2023-08-08,밸류에이션,지수 종가,KOSDAQ,892.34,pt,네이버 차트(기존 트래커 이관),2026-09-30
2023-08-09,밸류에이션,지수 종가,KOSDAQ,908.98,pt,네이버 차트(기존 트래커 이관),2026-09-30
2023-08-10,밸류에이션,지수 종가,KOSDAQ,911.29,pt,네이버 차트(기존 트래커 이관),2026-09-30
2023-08-11,밸류에이션,지수 종가,KOSDAQ,912.2,pt,네이버 차트(기존 트래커 이관),2026-09-30
2023-08-14,밸류에이션,지수 종가,KOSDAQ,901.68,pt,네이버 차트(기존 트래커 이관),2026-09-30
2023-08-16,밸류에이션,지수 종가,KOSDAQ,878.29,pt,네이버 차트(기존 트래커 이관),2026-09-30
2023-08-17,밸류에이션,지수 종가,KOSDAQ,886.04,pt,네이버 차트(기존 트래커 이관),2026-09-30
2023-08-18,밸류에이션,지수 종가,KOSDAQ,877.32,pt,네이버 차트(기존 트래커 이관),2026-09-30
2023-08-21,밸류에이션,지수 종가,KOSDAQ,888.71,pt,네이버 차트(기존 트래커 이관),2026-09-30
2023-08-22,밸류에이션,지수 종가,KOSDAQ,893.33,pt,네이버 차트(기존 트래커 이관),2026-09-30
2023-08-23,밸류에이션,지수 종가,KOSDAQ,882.87,pt,네이버 차트(기존 트래커 이관),2026-09-30
2023-08-24,밸류에이션,지수 종가,KOSDAQ,901.74,pt,네이버 차트(기존 트래커 이관),2026-09-30
2023-08-25,밸류에이션,지수 종가,KOSDAQ,899.38,pt,네이버 차트(기존 트래커 이관),2026-09-30
2023-08-28,밸류에이션,지수 종가,KOSDAQ,909.38,pt,네이버 차트(기존 트래커 이관),2026-09-30
2023-08-29,밸류에이션,지수 종가,KOSDAQ,916.24,pt,네이버 차트(기존 트래커 이관),2026-09-30
2023-08-30,밸류에이션,지수 종가,KOSDAQ,923.81,pt,네이버 차트(기존 트래커 이관),2026-09-30
2023-08-31,밸류에이션,지수 종가,KOSDAQ,928.4,pt,네이버 차트(기존 트래커 이관),2026-09-30
2023-09-01,밸류에이션,지수 종가,KOSDAQ,919.74,pt,네이버 차트(기존 트래커 이관),2026-09-30
2023-09-04,밸류에이션,지수 종가,KOSDAQ,919.16,pt,네이버 차트(기존 트래커 이관),2026-09-30
2023-09-05,밸류에이션,지수 종가,KOSDAQ,921.48,pt,네이버 차트(기존 트래커 이관),2026-09-30
2023-09-06,밸류에이션,지수 종가,KOSDAQ,917.95,pt,네이버 차트(기존 트래커 이관),2026-09-30
2023-09-07,밸류에이션,지수 종가,KOSDAQ,906.36,pt,네이버 차트(기존 트래커 이관),2026-09-30
2023-09-08,밸류에이션,지수 종가,KOSDAQ,914.18,pt,네이버 차트(기존 트래커 이관),2026-09-30
2023-09-11,밸류에이션,지수 종가,KOSDAQ,912.55,pt,네이버 차트(기존 트래커 이관),2026-09-30
2023-09-12,밸류에이션,지수 종가,KOSDAQ,898.04,pt,네이버 차트(기존 트래커 이관),2026-09-30
2023-09-13,밸류에이션,지수 종가,KOSDAQ,882.72,pt,네이버 차트(기존 트래커 이관),2026-09-30
2023-09-14,밸류에이션,지수 종가,KOSDAQ,899.47,pt,네이버 차트(기존 트래커 이관),2026-09-30
2023-09-15,밸류에이션,지수 종가,KOSDAQ,899.03,pt,네이버 차트(기존 트래커 이관),2026-09-30
2023-09-18,밸류에이션,지수 종가,KOSDAQ,891.29,pt,네이버 차트(기존 트래커 이관),2026-09-30
2023-09-19,밸류에이션,지수 종가,KOSDAQ,883.89,pt,네이버 차트(기존 트래커 이관),2026-09-30
2023-09-20,밸류에이션,지수 종가,KOSDAQ,882.72,pt,네이버 차트(기존 트래커 이관),2026-09-30
2023-09-21,밸류에이션,지수 종가,KOSDAQ,860.68,pt,네이버 차트(기존 트래커 이관),2026-09-30
2023-09-22,밸류에이션,지수 종가,KOSDAQ,857.35,pt,네이버 차트(기존 트래커 이관),2026-09-30
2023-09-25,밸류에이션,지수 종가,KOSDAQ,839.17,pt,네이버 차트(기존 트래커 이관),2026-09-30
2023-09-26,밸류에이션,지수 종가,KOSDAQ,827.82,pt,네이버 차트(기존 트래커 이관),2026-09-30
2023-09-27,밸류에이션,지수 종가,KOSDAQ,841.02,pt,네이버 차트(기존 트래커 이관),2026-09-30
2023-10-04,밸류에이션,지수 종가,KOSDAQ,807.4,pt,네이버 차트(기존 트래커 이관),2026-09-30
2023-10-05,밸류에이션,지수 종가,KOSDAQ,801.02,pt,네이버 차트(기존 트래커 이관),2026-09-30
2023-10-06,밸류에이션,지수 종가,KOSDAQ,816.39,pt,네이버 차트(기존 트래커 이관),2026-09-30
2023-10-10,밸류에이션,지수 종가,KOSDAQ,795,pt,네이버 차트(기존 트래커 이관),2026-09-30
2023-10-11,밸류에이션,지수 종가,KOSDAQ,817.12,pt,네이버 차트(기존 트래커 이관),2026-09-30
2023-10-12,밸류에이션,지수 종가,KOSDAQ,835.49,pt,네이버 차트(기존 트래커 이관),2026-09-30
2023-10-13,밸류에이션,지수 종가,KOSDAQ,822.78,pt,네이버 차트(기존 트래커 이관),2026-09-30
2023-10-16,밸류에이션,지수 종가,KOSDAQ,810.54,pt,네이버 차트(기존 트래커 이관),2026-09-30
2023-10-17,밸류에이션,지수 종가,KOSDAQ,820.38,pt,네이버 차트(기존 트래커 이관),2026-09-30
2023-10-18,밸류에이션,지수 종가,KOSDAQ,808.89,pt,네이버 차트(기존 트래커 이관),2026-09-30
2023-10-19,밸류에이션,지수 종가,KOSDAQ,784.04,pt,네이버 차트(기존 트래커 이관),2026-09-30
2023-10-20,밸류에이션,지수 종가,KOSDAQ,769.25,pt,네이버 차트(기존 트래커 이관),2026-09-30
2023-10-23,밸류에이션,지수 종가,KOSDAQ,763.69,pt,네이버 차트(기존 트래커 이관),2026-09-30
2023-10-24,밸류에이션,지수 종가,KOSDAQ,784.86,pt,네이버 차트(기존 트래커 이관),2026-09-30
2023-10-25,밸류에이션,지수 종가,KOSDAQ,770.84,pt,네이버 차트(기존 트래커 이관),2026-09-30
2023-10-26,밸류에이션,지수 종가,KOSDAQ,743.85,pt,네이버 차트(기존 트래커 이관),2026-09-30
2023-10-27,밸류에이션,지수 종가,KOSDAQ,748.49,pt,네이버 차트(기존 트래커 이관),2026-09-30
2023-10-30,밸류에이션,지수 종가,KOSDAQ,757.12,pt,네이버 차트(기존 트래커 이관),2026-09-30
2023-10-31,밸류에이션,지수 종가,KOSDAQ,736.1,pt,네이버 차트(기존 트래커 이관),2026-09-30
2023-11-01,밸류에이션,지수 종가,KOSDAQ,739.23,pt,네이버 차트(기존 트래커 이관),2026-09-30
2023-11-02,밸류에이션,지수 종가,KOSDAQ,772.84,pt,네이버 차트(기존 트래커 이관),2026-09-30
2023-11-03,밸류에이션,지수 종가,KOSDAQ,782.05,pt,네이버 차트(기존 트래커 이관),2026-09-30
2023-11-06,밸류에이션,지수 종가,KOSDAQ,839.45,pt,네이버 차트(기존 트래커 이관),2026-09-30
2023-11-07,밸류에이션,지수 종가,KOSDAQ,824.37,pt,네이버 차트(기존 트래커 이관),2026-09-30
2023-11-08,밸류에이션,지수 종가,KOSDAQ,811.02,pt,네이버 차트(기존 트래커 이관),2026-09-30
2023-11-09,밸류에이션,지수 종가,KOSDAQ,802.87,pt,네이버 차트(기존 트래커 이관),2026-09-30
2023-11-10,밸류에이션,지수 종가,KOSDAQ,789.31,pt,네이버 차트(기존 트래커 이관),2026-09-30
2023-11-13,밸류에이션,지수 종가,KOSDAQ,774.42,pt,네이버 차트(기존 트래커 이관),2026-09-30
2023-11-14,밸류에이션,지수 종가,KOSDAQ,794.19,pt,네이버 차트(기존 트래커 이관),2026-09-30
2023-11-15,밸류에이션,지수 종가,KOSDAQ,809.36,pt,네이버 차트(기존 트래커 이관),2026-09-30
2023-11-16,밸류에이션,지수 종가,KOSDAQ,811.11,pt,네이버 차트(기존 트래커 이관),2026-09-30
2023-11-17,밸류에이션,지수 종가,KOSDAQ,799.06,pt,네이버 차트(기존 트래커 이관),2026-09-30
2023-11-20,밸류에이션,지수 종가,KOSDAQ,813.08,pt,네이버 차트(기존 트래커 이관),2026-09-30
2023-11-21,밸류에이션,지수 종가,KOSDAQ,817.01,pt,네이버 차트(기존 트래커 이관),2026-09-30
2023-11-22,밸류에이션,지수 종가,KOSDAQ,814.61,pt,네이버 차트(기존 트래커 이관),2026-09-30
2023-11-23,밸류에이션,지수 종가,KOSDAQ,815.98,pt,네이버 차트(기존 트래커 이관),2026-09-30
2023-11-24,밸류에이션,지수 종가,KOSDAQ,815,pt,네이버 차트(기존 트래커 이관),2026-09-30
2023-11-27,밸류에이션,지수 종가,KOSDAQ,810.25,pt,네이버 차트(기존 트래커 이관),2026-09-30
2023-11-28,밸류에이션,지수 종가,KOSDAQ,816.44,pt,네이버 차트(기존 트래커 이관),2026-09-30
2023-11-29,밸류에이션,지수 종가,KOSDAQ,822.44,pt,네이버 차트(기존 트래커 이관),2026-09-30
2023-11-30,밸류에이션,지수 종가,KOSDAQ,831.68,pt,네이버 차트(기존 트래커 이관),2026-09-30
2023-12-01,밸류에이션,지수 종가,KOSDAQ,827.24,pt,네이버 차트(기존 트래커 이관),2026-09-30
2023-12-04,밸류에이션,지수 종가,KOSDAQ,828.52,pt,네이버 차트(기존 트래커 이관),2026-09-30
2023-12-05,밸류에이션,지수 종가,KOSDAQ,813.38,pt,네이버 차트(기존 트래커 이관),2026-09-30
2023-12-06,밸류에이션,지수 종가,KOSDAQ,819.54,pt,네이버 차트(기존 트래커 이관),2026-09-30
2023-12-07,밸류에이션,지수 종가,KOSDAQ,813.2,pt,네이버 차트(기존 트래커 이관),2026-09-30
2023-12-08,밸류에이션,지수 종가,KOSDAQ,830.37,pt,네이버 차트(기존 트래커 이관),2026-09-30
2023-12-11,밸류에이션,지수 종가,KOSDAQ,835.25,pt,네이버 차트(기존 트래커 이관),2026-09-30
2023-12-12,밸류에이션,지수 종가,KOSDAQ,839.53,pt,네이버 차트(기존 트래커 이관),2026-09-30
2023-12-13,밸류에이션,지수 종가,KOSDAQ,829.31,pt,네이버 차트(기존 트래커 이관),2026-09-30
2023-12-14,밸류에이션,지수 종가,KOSDAQ,840.59,pt,네이버 차트(기존 트래커 이관),2026-09-30
2023-12-15,밸류에이션,지수 종가,KOSDAQ,838.31,pt,네이버 차트(기존 트래커 이관),2026-09-30
2023-12-18,밸류에이션,지수 종가,KOSDAQ,850.96,pt,네이버 차트(기존 트래커 이관),2026-09-30
2023-12-19,밸류에이션,지수 종가,KOSDAQ,858.3,pt,네이버 차트(기존 트래커 이관),2026-09-30
2023-12-20,밸류에이션,지수 종가,KOSDAQ,862.98,pt,네이버 차트(기존 트래커 이관),2026-09-30
2023-12-21,밸류에이션,지수 종가,KOSDAQ,859.44,pt,네이버 차트(기존 트래커 이관),2026-09-30
2023-12-22,밸류에이션,지수 종가,KOSDAQ,854.62,pt,네이버 차트(기존 트래커 이관),2026-09-30
2023-12-26,밸류에이션,지수 종가,KOSDAQ,848.34,pt,네이버 차트(기존 트래커 이관),2026-09-30
2023-12-27,밸류에이션,지수 종가,KOSDAQ,859.79,pt,네이버 차트(기존 트래커 이관),2026-09-30
2023-12-28,밸류에이션,지수 종가,KOSDAQ,866.57,pt,네이버 차트(기존 트래커 이관),2026-09-30
2024-01-02,밸류에이션,지수 종가,KOSDAQ,878.93,pt,네이버 차트(기존 트래커 이관),2026-09-30
2024-01-03,밸류에이션,지수 종가,KOSDAQ,871.57,pt,네이버 차트(기존 트래커 이관),2026-09-30
2024-01-04,밸류에이션,지수 종가,KOSDAQ,866.25,pt,네이버 차트(기존 트래커 이관),2026-09-30
2024-01-05,밸류에이션,지수 종가,KOSDAQ,878.33,pt,네이버 차트(기존 트래커 이관),2026-09-30
2024-01-08,밸류에이션,지수 종가,KOSDAQ,879.34,pt,네이버 차트(기존 트래커 이관),2026-09-30
2024-01-09,밸류에이션,지수 종가,KOSDAQ,884.64,pt,네이버 차트(기존 트래커 이관),2026-09-30
2024-01-10,밸류에이션,지수 종가,KOSDAQ,875.46,pt,네이버 차트(기존 트래커 이관),2026-09-30
2024-01-11,밸류에이션,지수 종가,KOSDAQ,882.53,pt,네이버 차트(기존 트래커 이관),2026-09-30
2024-01-12,밸류에이션,지수 종가,KOSDAQ,868.08,pt,네이버 차트(기존 트래커 이관),2026-09-30
2024-01-15,밸류에이션,지수 종가,KOSDAQ,859.71,pt,네이버 차트(기존 트래커 이관),2026-09-30
2024-01-16,밸류에이션,지수 종가,KOSDAQ,854.83,pt,네이버 차트(기존 트래커 이관),2026-09-30
2024-01-17,밸류에이션,지수 종가,KOSDAQ,833.05,pt,네이버 차트(기존 트래커 이관),2026-09-30
2024-01-18,밸류에이션,지수 종가,KOSDAQ,840.33,pt,네이버 차트(기존 트래커 이관),2026-09-30
2024-01-19,밸류에이션,지수 종가,KOSDAQ,842.67,pt,네이버 차트(기존 트래커 이관),2026-09-30
2024-01-22,밸류에이션,지수 종가,KOSDAQ,839.69,pt,네이버 차트(기존 트래커 이관),2026-09-30
2024-01-23,밸류에이션,지수 종가,KOSDAQ,840.11,pt,네이버 차트(기존 트래커 이관),2026-09-30
2024-01-24,밸류에이션,지수 종가,KOSDAQ,836.21,pt,네이버 차트(기존 트래커 이관),2026-09-30
2024-01-25,밸류에이션,지수 종가,KOSDAQ,823.74,pt,네이버 차트(기존 트래커 이관),2026-09-30
2024-01-26,밸류에이션,지수 종가,KOSDAQ,837.24,pt,네이버 차트(기존 트래커 이관),2026-09-30
2024-01-29,밸류에이션,지수 종가,KOSDAQ,819.14,pt,네이버 차트(기존 트래커 이관),2026-09-30
2024-01-30,밸류에이션,지수 종가,KOSDAQ,818.86,pt,네이버 차트(기존 트래커 이관),2026-09-30
2024-01-31,밸류에이션,지수 종가,KOSDAQ,799.24,pt,네이버 차트(기존 트래커 이관),2026-09-30
2024-02-01,밸류에이션,지수 종가,KOSDAQ,798.73,pt,네이버 차트(기존 트래커 이관),2026-09-30
2024-02-02,밸류에이션,지수 종가,KOSDAQ,814.77,pt,네이버 차트(기존 트래커 이관),2026-09-30
2024-02-05,밸류에이션,지수 종가,KOSDAQ,807.99,pt,네이버 차트(기존 트래커 이관),2026-09-30
2024-02-06,밸류에이션,지수 종가,KOSDAQ,807.03,pt,네이버 차트(기존 트래커 이관),2026-09-30
2024-02-07,밸류에이션,지수 종가,KOSDAQ,811.92,pt,네이버 차트(기존 트래커 이관),2026-09-30
2024-02-08,밸류에이션,지수 종가,KOSDAQ,826.58,pt,네이버 차트(기존 트래커 이관),2026-09-30
2024-02-13,밸류에이션,지수 종가,KOSDAQ,845.15,pt,네이버 차트(기존 트래커 이관),2026-09-30
2024-02-14,밸류에이션,지수 종가,KOSDAQ,853.3,pt,네이버 차트(기존 트래커 이관),2026-09-30
2024-02-15,밸류에이션,지수 종가,KOSDAQ,859.21,pt,네이버 차트(기존 트래커 이관),2026-09-30
2024-02-16,밸류에이션,지수 종가,KOSDAQ,857.6,pt,네이버 차트(기존 트래커 이관),2026-09-30
2024-02-19,밸류에이션,지수 종가,KOSDAQ,858.47,pt,네이버 차트(기존 트래커 이관),2026-09-30
2024-02-20,밸류에이션,지수 종가,KOSDAQ,866.17,pt,네이버 차트(기존 트래커 이관),2026-09-30
2024-02-21,밸류에이션,지수 종가,KOSDAQ,864.07,pt,네이버 차트(기존 트래커 이관),2026-09-30
2024-02-22,밸류에이션,지수 종가,KOSDAQ,870.11,pt,네이버 차트(기존 트래커 이관),2026-09-30
2024-02-23,밸류에이션,지수 종가,KOSDAQ,868.57,pt,네이버 차트(기존 트래커 이관),2026-09-30
2024-02-26,밸류에이션,지수 종가,KOSDAQ,867.4,pt,네이버 차트(기존 트래커 이관),2026-09-30
2024-02-27,밸류에이션,지수 종가,KOSDAQ,853.75,pt,네이버 차트(기존 트래커 이관),2026-09-30
2024-02-28,밸류에이션,지수 종가,KOSDAQ,863.39,pt,네이버 차트(기존 트래커 이관),2026-09-30
2024-02-29,밸류에이션,지수 종가,KOSDAQ,862.96,pt,네이버 차트(기존 트래커 이관),2026-09-30
2024-03-04,밸류에이션,지수 종가,KOSDAQ,872.97,pt,네이버 차트(기존 트래커 이관),2026-09-30
2024-03-05,밸류에이션,지수 종가,KOSDAQ,866.37,pt,네이버 차트(기존 트래커 이관),2026-09-30
2024-03-06,밸류에이션,지수 종가,KOSDAQ,870.67,pt,네이버 차트(기존 트래커 이관),2026-09-30
2024-03-07,밸류에이션,지수 종가,KOSDAQ,863.37,pt,네이버 차트(기존 트래커 이관),2026-09-30
2024-03-08,밸류에이션,지수 종가,KOSDAQ,873.18,pt,네이버 차트(기존 트래커 이관),2026-09-30
2024-03-11,밸류에이션,지수 종가,KOSDAQ,875.93,pt,네이버 차트(기존 트래커 이관),2026-09-30
2024-03-12,밸류에이션,지수 종가,KOSDAQ,889.71,pt,네이버 차트(기존 트래커 이관),2026-09-30
2024-03-13,밸류에이션,지수 종가,KOSDAQ,889.93,pt,네이버 차트(기존 트래커 이관),2026-09-30
2024-03-14,밸류에이션,지수 종가,KOSDAQ,887.52,pt,네이버 차트(기존 트래커 이관),2026-09-30
2024-03-15,밸류에이션,지수 종가,KOSDAQ,880.46,pt,네이버 차트(기존 트래커 이관),2026-09-30
2024-03-18,밸류에이션,지수 종가,KOSDAQ,894.48,pt,네이버 차트(기존 트래커 이관),2026-09-30
2024-03-19,밸류에이션,지수 종가,KOSDAQ,891.91,pt,네이버 차트(기존 트래커 이관),2026-09-30
2024-03-20,밸류에이션,지수 종가,KOSDAQ,891.45,pt,네이버 차트(기존 트래커 이관),2026-09-30
2024-03-21,밸류에이션,지수 종가,KOSDAQ,904.29,pt,네이버 차트(기존 트래커 이관),2026-09-30
2024-03-22,밸류에이션,지수 종가,KOSDAQ,903.98,pt,네이버 차트(기존 트래커 이관),2026-09-30
2024-03-25,밸류에이션,지수 종가,KOSDAQ,913.69,pt,네이버 차트(기존 트래커 이관),2026-09-30
2024-03-26,밸류에이션,지수 종가,KOSDAQ,916.09,pt,네이버 차트(기존 트래커 이관),2026-09-30
2024-03-27,밸류에이션,지수 종가,KOSDAQ,911.25,pt,네이버 차트(기존 트래커 이관),2026-09-30
2024-03-28,밸류에이션,지수 종가,KOSDAQ,910.05,pt,네이버 차트(기존 트래커 이관),2026-09-30
2024-03-29,밸류에이션,지수 종가,KOSDAQ,905.5,pt,네이버 차트(기존 트래커 이관),2026-09-30
2024-04-01,밸류에이션,지수 종가,KOSDAQ,912.45,pt,네이버 차트(기존 트래커 이관),2026-09-30
2024-04-02,밸류에이션,지수 종가,KOSDAQ,891.59,pt,네이버 차트(기존 트래커 이관),2026-09-30
2024-04-03,밸류에이션,지수 종가,KOSDAQ,879.96,pt,네이버 차트(기존 트래커 이관),2026-09-30
2024-04-04,밸류에이션,지수 종가,KOSDAQ,882.9,pt,네이버 차트(기존 트래커 이관),2026-09-30
2024-04-05,밸류에이션,지수 종가,KOSDAQ,872.29,pt,네이버 차트(기존 트래커 이관),2026-09-30
2024-04-08,밸류에이션,지수 종가,KOSDAQ,860.57,pt,네이버 차트(기존 트래커 이관),2026-09-30
2024-04-09,밸류에이션,지수 종가,KOSDAQ,859.33,pt,네이버 차트(기존 트래커 이관),2026-09-30
2024-04-11,밸류에이션,지수 종가,KOSDAQ,858.1,pt,네이버 차트(기존 트래커 이관),2026-09-30
2024-04-12,밸류에이션,지수 종가,KOSDAQ,860.47,pt,네이버 차트(기존 트래커 이관),2026-09-30
2024-04-15,밸류에이션,지수 종가,KOSDAQ,852.42,pt,네이버 차트(기존 트래커 이관),2026-09-30
2024-04-16,밸류에이션,지수 종가,KOSDAQ,832.81,pt,네이버 차트(기존 트래커 이관),2026-09-30
2024-04-17,밸류에이션,지수 종가,KOSDAQ,833.03,pt,네이버 차트(기존 트래커 이관),2026-09-30
2024-04-18,밸류에이션,지수 종가,KOSDAQ,855.65,pt,네이버 차트(기존 트래커 이관),2026-09-30
2024-04-19,밸류에이션,지수 종가,KOSDAQ,841.91,pt,네이버 차트(기존 트래커 이관),2026-09-30
2024-04-22,밸류에이션,지수 종가,KOSDAQ,845.82,pt,네이버 차트(기존 트래커 이관),2026-09-30
2024-04-23,밸류에이션,지수 종가,KOSDAQ,845.44,pt,네이버 차트(기존 트래커 이관),2026-09-30
2024-04-24,밸류에이션,지수 종가,KOSDAQ,862.23,pt,네이버 차트(기존 트래커 이관),2026-09-30
2024-04-25,밸류에이션,지수 종가,KOSDAQ,853.26,pt,네이버 차트(기존 트래커 이관),2026-09-30
2024-04-26,밸류에이션,지수 종가,KOSDAQ,856.82,pt,네이버 차트(기존 트래커 이관),2026-09-30
2024-04-29,밸류에이션,지수 종가,KOSDAQ,869.72,pt,네이버 차트(기존 트래커 이관),2026-09-30
2024-04-30,밸류에이션,지수 종가,KOSDAQ,868.93,pt,네이버 차트(기존 트래커 이관),2026-09-30
2024-05-02,밸류에이션,지수 종가,KOSDAQ,867.48,pt,네이버 차트(기존 트래커 이관),2026-09-30
2024-05-03,밸류에이션,지수 종가,KOSDAQ,865.59,pt,네이버 차트(기존 트래커 이관),2026-09-30
2024-05-07,밸류에이션,지수 종가,KOSDAQ,871.26,pt,네이버 차트(기존 트래커 이관),2026-09-30
2024-05-08,밸류에이션,지수 종가,KOSDAQ,872.42,pt,네이버 차트(기존 트래커 이관),2026-09-30
2024-05-09,밸류에이션,지수 종가,KOSDAQ,870.15,pt,네이버 차트(기존 트래커 이관),2026-09-30
2024-05-10,밸류에이션,지수 종가,KOSDAQ,864.16,pt,네이버 차트(기존 트래커 이관),2026-09-30
2024-05-13,밸류에이션,지수 종가,KOSDAQ,854.43,pt,네이버 차트(기존 트래커 이관),2026-09-30
2024-05-14,밸류에이션,지수 종가,KOSDAQ,862.15,pt,네이버 차트(기존 트래커 이관),2026-09-30
2024-05-16,밸류에이션,지수 종가,KOSDAQ,870.37,pt,네이버 차트(기존 트래커 이관),2026-09-30
2024-05-17,밸류에이션,지수 종가,KOSDAQ,855.06,pt,네이버 차트(기존 트래커 이관),2026-09-30
2024-05-20,밸류에이션,지수 종가,KOSDAQ,847.08,pt,네이버 차트(기존 트래커 이관),2026-09-30
2024-05-21,밸류에이션,지수 종가,KOSDAQ,846.51,pt,네이버 차트(기존 트래커 이관),2026-09-30
2024-05-22,밸류에이션,지수 종가,KOSDAQ,845.72,pt,네이버 차트(기존 트래커 이관),2026-09-30
2024-05-23,밸류에이션,지수 종가,KOSDAQ,846.58,pt,네이버 차트(기존 트래커 이관),2026-09-30
2024-05-24,밸류에이션,지수 종가,KOSDAQ,839.41,pt,네이버 차트(기존 트래커 이관),2026-09-30
2024-05-27,밸류에이션,지수 종가,KOSDAQ,847.99,pt,네이버 차트(기존 트래커 이관),2026-09-30
2024-05-28,밸류에이션,지수 종가,KOSDAQ,851.01,pt,네이버 차트(기존 트래커 이관),2026-09-30
2024-05-29,밸류에이션,지수 종가,KOSDAQ,838.45,pt,네이버 차트(기존 트래커 이관),2026-09-30
2024-05-30,밸류에이션,지수 종가,KOSDAQ,831.99,pt,네이버 차트(기존 트래커 이관),2026-09-30
2024-05-31,밸류에이션,지수 종가,KOSDAQ,839.98,pt,네이버 차트(기존 트래커 이관),2026-09-30
2024-06-03,밸류에이션,지수 종가,KOSDAQ,844.72,pt,네이버 차트(기존 트래커 이관),2026-09-30
2024-06-04,밸류에이션,지수 종가,KOSDAQ,845.84,pt,네이버 차트(기존 트래커 이관),2026-09-30
2024-06-05,밸류에이션,지수 종가,KOSDAQ,850.75,pt,네이버 차트(기존 트래커 이관),2026-09-30
2024-06-07,밸류에이션,지수 종가,KOSDAQ,866.18,pt,네이버 차트(기존 트래커 이관),2026-09-30
2024-06-10,밸류에이션,지수 종가,KOSDAQ,864.71,pt,네이버 차트(기존 트래커 이관),2026-09-30
2024-06-11,밸류에이션,지수 종가,KOSDAQ,868.36,pt,네이버 차트(기존 트래커 이관),2026-09-30
2024-06-12,밸류에이션,지수 종가,KOSDAQ,870.67,pt,네이버 차트(기존 트래커 이관),2026-09-30
2024-06-13,밸류에이션,지수 종가,KOSDAQ,871.33,pt,네이버 차트(기존 트래커 이관),2026-09-30
2024-06-14,밸류에이션,지수 종가,KOSDAQ,862.19,pt,네이버 차트(기존 트래커 이관),2026-09-30
2024-06-17,밸류에이션,지수 종가,KOSDAQ,858.96,pt,네이버 차트(기존 트래커 이관),2026-09-30
2024-06-18,밸류에이션,지수 종가,KOSDAQ,858.95,pt,네이버 차트(기존 트래커 이관),2026-09-30
2024-06-19,밸류에이션,지수 종가,KOSDAQ,861.17,pt,네이버 차트(기존 트래커 이관),2026-09-30
2024-06-20,밸류에이션,지수 종가,KOSDAQ,857.51,pt,네이버 차트(기존 트래커 이관),2026-09-30
2024-06-21,밸류에이션,지수 종가,KOSDAQ,852.67,pt,네이버 차트(기존 트래커 이관),2026-09-30
2024-06-24,밸류에이션,지수 종가,KOSDAQ,841.52,pt,네이버 차트(기존 트래커 이관),2026-09-30
2024-06-25,밸류에이션,지수 종가,KOSDAQ,841.99,pt,네이버 차트(기존 트래커 이관),2026-09-30
2024-06-26,밸류에이션,지수 종가,KOSDAQ,842.12,pt,네이버 차트(기존 트래커 이관),2026-09-30
2024-06-27,밸류에이션,지수 종가,KOSDAQ,838.65,pt,네이버 차트(기존 트래커 이관),2026-09-30
2024-06-28,밸류에이션,지수 종가,KOSDAQ,840.44,pt,네이버 차트(기존 트래커 이관),2026-09-30
2024-07-01,밸류에이션,지수 종가,KOSDAQ,847.15,pt,네이버 차트(기존 트래커 이관),2026-09-30
2024-07-02,밸류에이션,지수 종가,KOSDAQ,829.91,pt,네이버 차트(기존 트래커 이관),2026-09-30
2024-07-03,밸류에이션,지수 종가,KOSDAQ,836.1,pt,네이버 차트(기존 트래커 이관),2026-09-30
2024-07-04,밸류에이션,지수 종가,KOSDAQ,840.81,pt,네이버 차트(기존 트래커 이관),2026-09-30
2024-07-05,밸류에이션,지수 종가,KOSDAQ,847.49,pt,네이버 차트(기존 트래커 이관),2026-09-30
2024-07-08,밸류에이션,지수 종가,KOSDAQ,859.27,pt,네이버 차트(기존 트래커 이관),2026-09-30
2024-07-09,밸류에이션,지수 종가,KOSDAQ,860.42,pt,네이버 차트(기존 트래커 이관),2026-09-30
2024-07-10,밸류에이션,지수 종가,KOSDAQ,858.55,pt,네이버 차트(기존 트래커 이관),2026-09-30
2024-07-11,밸류에이션,지수 종가,KOSDAQ,852.42,pt,네이버 차트(기존 트래커 이관),2026-09-30
2024-07-12,밸류에이션,지수 종가,KOSDAQ,850.37,pt,네이버 차트(기존 트래커 이관),2026-09-30
2024-07-15,밸류에이션,지수 종가,KOSDAQ,852.88,pt,네이버 차트(기존 트래커 이관),2026-09-30
2024-07-16,밸류에이션,지수 종가,KOSDAQ,839.61,pt,네이버 차트(기존 트래커 이관),2026-09-30
2024-07-17,밸류에이션,지수 종가,KOSDAQ,829.41,pt,네이버 차트(기존 트래커 이관),2026-09-30
2024-07-18,밸류에이션,지수 종가,KOSDAQ,822.48,pt,네이버 차트(기존 트래커 이관),2026-09-30
2024-07-19,밸류에이션,지수 종가,KOSDAQ,828.72,pt,네이버 차트(기존 트래커 이관),2026-09-30
2024-07-22,밸류에이션,지수 종가,KOSDAQ,809.96,pt,네이버 차트(기존 트래커 이관),2026-09-30
2024-07-23,밸류에이션,지수 종가,KOSDAQ,812.12,pt,네이버 차트(기존 트래커 이관),2026-09-30
2024-07-24,밸류에이션,지수 종가,KOSDAQ,814.25,pt,네이버 차트(기존 트래커 이관),2026-09-30
2024-07-25,밸류에이션,지수 종가,KOSDAQ,797.29,pt,네이버 차트(기존 트래커 이관),2026-09-30
2024-07-26,밸류에이션,지수 종가,KOSDAQ,797.56,pt,네이버 차트(기존 트래커 이관),2026-09-30
2024-07-29,밸류에이션,지수 종가,KOSDAQ,807.99,pt,네이버 차트(기존 트래커 이관),2026-09-30
2024-07-30,밸류에이션,지수 종가,KOSDAQ,803.78,pt,네이버 차트(기존 트래커 이관),2026-09-30
2024-07-31,밸류에이션,지수 종가,KOSDAQ,803.15,pt,네이버 차트(기존 트래커 이관),2026-09-30
2024-08-01,밸류에이션,지수 종가,KOSDAQ,813.53,pt,네이버 차트(기존 트래커 이관),2026-09-30
2024-08-02,밸류에이션,지수 종가,KOSDAQ,779.33,pt,네이버 차트(기존 트래커 이관),2026-09-30
2024-08-05,밸류에이션,지수 종가,KOSDAQ,691.28,pt,네이버 차트(기존 트래커 이관),2026-09-30
2024-08-06,밸류에이션,지수 종가,KOSDAQ,732.87,pt,네이버 차트(기존 트래커 이관),2026-09-30
2024-08-07,밸류에이션,지수 종가,KOSDAQ,748.54,pt,네이버 차트(기존 트래커 이관),2026-09-30
2024-08-08,밸류에이션,지수 종가,KOSDAQ,745.28,pt,네이버 차트(기존 트래커 이관),2026-09-30
2024-08-09,밸류에이션,지수 종가,KOSDAQ,764.43,pt,네이버 차트(기존 트래커 이관),2026-09-30
2024-08-12,밸류에이션,지수 종가,KOSDAQ,772.72,pt,네이버 차트(기존 트래커 이관),2026-09-30
2024-08-13,밸류에이션,지수 종가,KOSDAQ,764.86,pt,네이버 차트(기존 트래커 이관),2026-09-30
2024-08-14,밸류에이션,지수 종가,KOSDAQ,776.83,pt,네이버 차트(기존 트래커 이관),2026-09-30
2024-08-16,밸류에이션,지수 종가,KOSDAQ,786.33,pt,네이버 차트(기존 트래커 이관),2026-09-30
2024-08-19,밸류에이션,지수 종가,KOSDAQ,777.47,pt,네이버 차트(기존 트래커 이관),2026-09-30
2024-08-20,밸류에이션,지수 종가,KOSDAQ,787.44,pt,네이버 차트(기존 트래커 이관),2026-09-30
2024-08-21,밸류에이션,지수 종가,KOSDAQ,779.87,pt,네이버 차트(기존 트래커 이관),2026-09-30
2024-08-22,밸류에이션,지수 종가,KOSDAQ,773.47,pt,네이버 차트(기존 트래커 이관),2026-09-30
2024-08-23,밸류에이션,지수 종가,KOSDAQ,773.26,pt,네이버 차트(기존 트래커 이관),2026-09-30
2024-08-26,밸류에이션,지수 종가,KOSDAQ,766.79,pt,네이버 차트(기존 트래커 이관),2026-09-30
2024-08-27,밸류에이션,지수 종가,KOSDAQ,764.95,pt,네이버 차트(기존 트래커 이관),2026-09-30
2024-08-28,밸류에이션,지수 종가,KOSDAQ,762.5,pt,네이버 차트(기존 트래커 이관),2026-09-30
2024-08-29,밸류에이션,지수 종가,KOSDAQ,756.04,pt,네이버 차트(기존 트래커 이관),2026-09-30
2024-08-30,밸류에이션,지수 종가,KOSDAQ,767.66,pt,네이버 차트(기존 트래커 이관),2026-09-30
2024-09-02,밸류에이션,지수 종가,KOSDAQ,769.21,pt,네이버 차트(기존 트래커 이관),2026-09-30
2024-09-03,밸류에이션,지수 종가,KOSDAQ,760.37,pt,네이버 차트(기존 트래커 이관),2026-09-30
2024-09-04,밸류에이션,지수 종가,KOSDAQ,731.75,pt,네이버 차트(기존 트래커 이관),2026-09-30
2024-09-05,밸류에이션,지수 종가,KOSDAQ,725.28,pt,네이버 차트(기존 트래커 이관),2026-09-30
2024-09-06,밸류에이션,지수 종가,KOSDAQ,706.59,pt,네이버 차트(기존 트래커 이관),2026-09-30
2024-09-09,밸류에이션,지수 종가,KOSDAQ,714.46,pt,네이버 차트(기존 트래커 이관),2026-09-30
2024-09-10,밸류에이션,지수 종가,KOSDAQ,706.2,pt,네이버 차트(기존 트래커 이관),2026-09-30
2024-09-11,밸류에이션,지수 종가,KOSDAQ,709.42,pt,네이버 차트(기존 트래커 이관),2026-09-30
2024-09-12,밸류에이션,지수 종가,KOSDAQ,731.03,pt,네이버 차트(기존 트래커 이관),2026-09-30
2024-09-13,밸류에이션,지수 종가,KOSDAQ,733.2,pt,네이버 차트(기존 트래커 이관),2026-09-30
2024-09-19,밸류에이션,지수 종가,KOSDAQ,739.51,pt,네이버 차트(기존 트래커 이관),2026-09-30
2024-09-20,밸류에이션,지수 종가,KOSDAQ,748.33,pt,네이버 차트(기존 트래커 이관),2026-09-30
2024-09-23,밸류에이션,지수 종가,KOSDAQ,755.12,pt,네이버 차트(기존 트래커 이관),2026-09-30
2024-09-24,밸류에이션,지수 종가,KOSDAQ,767.35,pt,네이버 차트(기존 트래커 이관),2026-09-30
2024-09-25,밸류에이션,지수 종가,KOSDAQ,759.3,pt,네이버 차트(기존 트래커 이관),2026-09-30
2024-09-26,밸류에이션,지수 종가,KOSDAQ,779.18,pt,네이버 차트(기존 트래커 이관),2026-09-30
2024-09-27,밸류에이션,지수 종가,KOSDAQ,774.49,pt,네이버 차트(기존 트래커 이관),2026-09-30
2024-09-30,밸류에이션,지수 종가,KOSDAQ,763.88,pt,네이버 차트(기존 트래커 이관),2026-09-30
2024-10-02,밸류에이션,지수 종가,KOSDAQ,762.13,pt,네이버 차트(기존 트래커 이관),2026-09-30
2024-10-04,밸류에이션,지수 종가,KOSDAQ,768.98,pt,네이버 차트(기존 트래커 이관),2026-09-30
2024-10-07,밸류에이션,지수 종가,KOSDAQ,781.01,pt,네이버 차트(기존 트래커 이관),2026-09-30
2024-10-08,밸류에이션,지수 종가,KOSDAQ,778.24,pt,네이버 차트(기존 트래커 이관),2026-09-30
2024-10-10,밸류에이션,지수 종가,KOSDAQ,775.48,pt,네이버 차트(기존 트래커 이관),2026-09-30
2024-10-11,밸류에이션,지수 종가,KOSDAQ,770.98,pt,네이버 차트(기존 트래커 이관),2026-09-30
2024-10-14,밸류에이션,지수 종가,KOSDAQ,770.26,pt,네이버 차트(기존 트래커 이관),2026-09-30
2024-10-15,밸류에이션,지수 종가,KOSDAQ,773.81,pt,네이버 차트(기존 트래커 이관),2026-09-30
2024-10-16,밸류에이션,지수 종가,KOSDAQ,765.79,pt,네이버 차트(기존 트래커 이관),2026-09-30
2024-10-17,밸류에이션,지수 종가,KOSDAQ,765.06,pt,네이버 차트(기존 트래커 이관),2026-09-30
2024-10-18,밸류에이션,지수 종가,KOSDAQ,753.22,pt,네이버 차트(기존 트래커 이관),2026-09-30
2024-10-21,밸류에이션,지수 종가,KOSDAQ,759.95,pt,네이버 차트(기존 트래커 이관),2026-09-30
2024-10-22,밸류에이션,지수 종가,KOSDAQ,738.34,pt,네이버 차트(기존 트래커 이관),2026-09-30
2024-10-23,밸류에이션,지수 종가,KOSDAQ,745.19,pt,네이버 차트(기존 트래커 이관),2026-09-30
2024-10-24,밸류에이션,지수 종가,KOSDAQ,734.59,pt,네이버 차트(기존 트래커 이관),2026-09-30
2024-10-25,밸류에이션,지수 종가,KOSDAQ,727.41,pt,네이버 차트(기존 트래커 이관),2026-09-30
2024-10-28,밸류에이션,지수 종가,KOSDAQ,740.48,pt,네이버 차트(기존 트래커 이관),2026-09-30
2024-10-29,밸류에이션,지수 종가,KOSDAQ,744.18,pt,네이버 차트(기존 트래커 이관),2026-09-30
2024-10-30,밸류에이션,지수 종가,KOSDAQ,738.19,pt,네이버 차트(기존 트래커 이관),2026-09-30
2024-10-31,밸류에이션,지수 종가,KOSDAQ,743.06,pt,네이버 차트(기존 트래커 이관),2026-09-30
2024-11-01,밸류에이션,지수 종가,KOSDAQ,729.05,pt,네이버 차트(기존 트래커 이관),2026-09-30
2024-11-04,밸류에이션,지수 종가,KOSDAQ,754.08,pt,네이버 차트(기존 트래커 이관),2026-09-30
2024-11-05,밸류에이션,지수 종가,KOSDAQ,751.81,pt,네이버 차트(기존 트래커 이관),2026-09-30
2024-11-06,밸류에이션,지수 종가,KOSDAQ,743.31,pt,네이버 차트(기존 트래커 이관),2026-09-30
2024-11-07,밸류에이션,지수 종가,KOSDAQ,733.52,pt,네이버 차트(기존 트래커 이관),2026-09-30
2024-11-08,밸류에이션,지수 종가,KOSDAQ,743.38,pt,네이버 차트(기존 트래커 이관),2026-09-30
2024-11-11,밸류에이션,지수 종가,KOSDAQ,728.84,pt,네이버 차트(기존 트래커 이관),2026-09-30
2024-11-12,밸류에이션,지수 종가,KOSDAQ,710.52,pt,네이버 차트(기존 트래커 이관),2026-09-30
2024-11-13,밸류에이션,지수 종가,KOSDAQ,689.65,pt,네이버 차트(기존 트래커 이관),2026-09-30
2024-11-14,밸류에이션,지수 종가,KOSDAQ,681.56,pt,네이버 차트(기존 트래커 이관),2026-09-30
2024-11-15,밸류에이션,지수 종가,KOSDAQ,685.42,pt,네이버 차트(기존 트래커 이관),2026-09-30
2024-11-18,밸류에이션,지수 종가,KOSDAQ,689.55,pt,네이버 차트(기존 트래커 이관),2026-09-30
2024-11-19,밸류에이션,지수 종가,KOSDAQ,686.12,pt,네이버 차트(기존 트래커 이관),2026-09-30
2024-11-20,밸류에이션,지수 종가,KOSDAQ,682.91,pt,네이버 차트(기존 트래커 이관),2026-09-30
2024-11-21,밸류에이션,지수 종가,KOSDAQ,680.67,pt,네이버 차트(기존 트래커 이관),2026-09-30
2024-11-22,밸류에이션,지수 종가,KOSDAQ,677.01,pt,네이버 차트(기존 트래커 이관),2026-09-30
2024-11-25,밸류에이션,지수 종가,KOSDAQ,696.83,pt,네이버 차트(기존 트래커 이관),2026-09-30
2024-11-26,밸류에이션,지수 종가,KOSDAQ,693.15,pt,네이버 차트(기존 트래커 이관),2026-09-30
2024-11-27,밸류에이션,지수 종가,KOSDAQ,692,pt,네이버 차트(기존 트래커 이관),2026-09-30
2024-11-28,밸류에이션,지수 종가,KOSDAQ,694.39,pt,네이버 차트(기존 트래커 이관),2026-09-30
2024-11-29,밸류에이션,지수 종가,KOSDAQ,678.19,pt,네이버 차트(기존 트래커 이관),2026-09-30
2024-12-02,밸류에이션,지수 종가,KOSDAQ,675.84,pt,네이버 차트(기존 트래커 이관),2026-09-30
2024-12-03,밸류에이션,지수 종가,KOSDAQ,690.8,pt,네이버 차트(기존 트래커 이관),2026-09-30
2024-12-04,밸류에이션,지수 종가,KOSDAQ,677.15,pt,네이버 차트(기존 트래커 이관),2026-09-30
2024-12-05,밸류에이션,지수 종가,KOSDAQ,670.94,pt,네이버 차트(기존 트래커 이관),2026-09-30
2024-12-06,밸류에이션,지수 종가,KOSDAQ,661.33,pt,네이버 차트(기존 트래커 이관),2026-09-30
2024-12-09,밸류에이션,지수 종가,KOSDAQ,627.01,pt,네이버 차트(기존 트래커 이관),2026-09-30
2024-12-10,밸류에이션,지수 종가,KOSDAQ,661.59,pt,네이버 차트(기존 트래커 이관),2026-09-30
2024-12-11,밸류에이션,지수 종가,KOSDAQ,675.92,pt,네이버 차트(기존 트래커 이관),2026-09-30
2024-12-12,밸류에이션,지수 종가,KOSDAQ,683.35,pt,네이버 차트(기존 트래커 이관),2026-09-30
2024-12-13,밸류에이션,지수 종가,KOSDAQ,693.73,pt,네이버 차트(기존 트래커 이관),2026-09-30
2024-12-16,밸류에이션,지수 종가,KOSDAQ,698.53,pt,네이버 차트(기존 트래커 이관),2026-09-30
2024-12-17,밸류에이션,지수 종가,KOSDAQ,694.47,pt,네이버 차트(기존 트래커 이관),2026-09-30
2024-12-18,밸류에이션,지수 종가,KOSDAQ,697.57,pt,네이버 차트(기존 트래커 이관),2026-09-30
2024-12-19,밸류에이션,지수 종가,KOSDAQ,684.36,pt,네이버 차트(기존 트래커 이관),2026-09-30
2024-12-20,밸류에이션,지수 종가,KOSDAQ,668.31,pt,네이버 차트(기존 트래커 이관),2026-09-30
2024-12-23,밸류에이션,지수 종가,KOSDAQ,679.24,pt,네이버 차트(기존 트래커 이관),2026-09-30
2024-12-24,밸류에이션,지수 종가,KOSDAQ,680.11,pt,네이버 차트(기존 트래커 이관),2026-09-30
2024-12-26,밸류에이션,지수 종가,KOSDAQ,675.64,pt,네이버 차트(기존 트래커 이관),2026-09-30
2024-12-27,밸류에이션,지수 종가,KOSDAQ,665.97,pt,네이버 차트(기존 트래커 이관),2026-09-30
2024-12-30,밸류에이션,지수 종가,KOSDAQ,678.19,pt,네이버 차트(기존 트래커 이관),2026-09-30
2025-01-02,밸류에이션,지수 종가,KOSDAQ,686.63,pt,네이버 차트(기존 트래커 이관),2026-09-30
2025-01-03,밸류에이션,지수 종가,KOSDAQ,705.76,pt,네이버 차트(기존 트래커 이관),2026-09-30
2025-01-06,밸류에이션,지수 종가,KOSDAQ,717.96,pt,네이버 차트(기존 트래커 이관),2026-09-30
2025-01-07,밸류에이션,지수 종가,KOSDAQ,718.29,pt,네이버 차트(기존 트래커 이관),2026-09-30
2025-01-08,밸류에이션,지수 종가,KOSDAQ,719.63,pt,네이버 차트(기존 트래커 이관),2026-09-30
2025-01-09,밸류에이션,지수 종가,KOSDAQ,723.52,pt,네이버 차트(기존 트래커 이관),2026-09-30
2025-01-10,밸류에이션,지수 종가,KOSDAQ,717.89,pt,네이버 차트(기존 트래커 이관),2026-09-30
2025-01-13,밸류에이션,지수 종가,KOSDAQ,708.21,pt,네이버 차트(기존 트래커 이관),2026-09-30
2025-01-14,밸류에이션,지수 종가,KOSDAQ,718.04,pt,네이버 차트(기존 트래커 이관),2026-09-30
2025-01-15,밸류에이션,지수 종가,KOSDAQ,711.61,pt,네이버 차트(기존 트래커 이관),2026-09-30
2025-01-16,밸류에이션,지수 종가,KOSDAQ,724.24,pt,네이버 차트(기존 트래커 이관),2026-09-30
2025-01-17,밸류에이션,지수 종가,KOSDAQ,724.69,pt,네이버 차트(기존 트래커 이관),2026-09-30
2025-01-20,밸류에이션,지수 종가,KOSDAQ,727.66,pt,네이버 차트(기존 트래커 이관),2026-09-30
2025-01-21,밸류에이션,지수 종가,KOSDAQ,726.07,pt,네이버 차트(기존 트래커 이관),2026-09-30
2025-01-22,밸류에이션,지수 종가,KOSDAQ,732.31,pt,네이버 차트(기존 트래커 이관),2026-09-30
2025-01-23,밸류에이션,지수 종가,KOSDAQ,724.01,pt,네이버 차트(기존 트래커 이관),2026-09-30
2025-01-24,밸류에이션,지수 종가,KOSDAQ,728.74,pt,네이버 차트(기존 트래커 이관),2026-09-30
2025-01-31,밸류에이션,지수 종가,KOSDAQ,728.29,pt,네이버 차트(기존 트래커 이관),2026-09-30
2025-02-03,밸류에이션,지수 종가,KOSDAQ,703.8,pt,네이버 차트(기존 트래커 이관),2026-09-30
2025-02-04,밸류에이션,지수 종가,KOSDAQ,719.92,pt,네이버 차트(기존 트래커 이관),2026-09-30
2025-02-05,밸류에이션,지수 종가,KOSDAQ,730.98,pt,네이버 차트(기존 트래커 이관),2026-09-30
2025-02-06,밸류에이션,지수 종가,KOSDAQ,740.32,pt,네이버 차트(기존 트래커 이관),2026-09-30
2025-02-07,밸류에이션,지수 종가,KOSDAQ,742.9,pt,네이버 차트(기존 트래커 이관),2026-09-30
2025-02-10,밸류에이션,지수 종가,KOSDAQ,749.67,pt,네이버 차트(기존 트래커 이관),2026-09-30
2025-02-11,밸류에이션,지수 종가,KOSDAQ,749.59,pt,네이버 차트(기존 트래커 이관),2026-09-30
2025-02-12,밸류에이션,지수 종가,KOSDAQ,745.18,pt,네이버 차트(기존 트래커 이관),2026-09-30
2025-02-13,밸류에이션,지수 종가,KOSDAQ,749.28,pt,네이버 차트(기존 트래커 이관),2026-09-30
2025-02-14,밸류에이션,지수 종가,KOSDAQ,756.32,pt,네이버 차트(기존 트래커 이관),2026-09-30
2025-02-17,밸류에이션,지수 종가,KOSDAQ,768.48,pt,네이버 차트(기존 트래커 이관),2026-09-30
2025-02-18,밸류에이션,지수 종가,KOSDAQ,773.65,pt,네이버 차트(기존 트래커 이관),2026-09-30
2025-02-19,밸류에이션,지수 종가,KOSDAQ,778.27,pt,네이버 차트(기존 트래커 이관),2026-09-30
2025-02-20,밸류에이션,지수 종가,KOSDAQ,768.27,pt,네이버 차트(기존 트래커 이관),2026-09-30
2025-02-21,밸류에이션,지수 종가,KOSDAQ,774.65,pt,네이버 차트(기존 트래커 이관),2026-09-30
2025-02-24,밸류에이션,지수 종가,KOSDAQ,773.33,pt,네이버 차트(기존 트래커 이관),2026-09-30
2025-02-25,밸류에이션,지수 종가,KOSDAQ,769.43,pt,네이버 차트(기존 트래커 이관),2026-09-30
2025-02-26,밸류에이션,지수 종가,KOSDAQ,771.41,pt,네이버 차트(기존 트래커 이관),2026-09-30
2025-02-27,밸류에이션,지수 종가,KOSDAQ,770.85,pt,네이버 차트(기존 트래커 이관),2026-09-30
2025-02-28,밸류에이션,지수 종가,KOSDAQ,743.96,pt,네이버 차트(기존 트래커 이관),2026-09-30
2025-03-04,밸류에이션,지수 종가,KOSDAQ,737.9,pt,네이버 차트(기존 트래커 이관),2026-09-30
2025-03-05,밸류에이션,지수 종가,KOSDAQ,746.95,pt,네이버 차트(기존 트래커 이관),2026-09-30
2025-03-06,밸류에이션,지수 종가,KOSDAQ,734.92,pt,네이버 차트(기존 트래커 이관),2026-09-30
2025-03-07,밸류에이션,지수 종가,KOSDAQ,727.7,pt,네이버 차트(기존 트래커 이관),2026-09-30
2025-03-10,밸류에이션,지수 종가,KOSDAQ,725.82,pt,네이버 차트(기존 트래커 이관),2026-09-30
2025-03-11,밸류에이션,지수 종가,KOSDAQ,721.5,pt,네이버 차트(기존 트래커 이관),2026-09-30
2025-03-12,밸류에이션,지수 종가,KOSDAQ,729.49,pt,네이버 차트(기존 트래커 이관),2026-09-30
2025-03-13,밸류에이션,지수 종가,KOSDAQ,722.8,pt,네이버 차트(기존 트래커 이관),2026-09-30
2025-03-14,밸류에이션,지수 종가,KOSDAQ,734.26,pt,네이버 차트(기존 트래커 이관),2026-09-30
2025-03-17,밸류에이션,지수 종가,KOSDAQ,743.51,pt,네이버 차트(기존 트래커 이관),2026-09-30
2025-03-18,밸류에이션,지수 종가,KOSDAQ,745.54,pt,네이버 차트(기존 트래커 이관),2026-09-30
2025-03-19,밸류에이션,지수 종가,KOSDAQ,738.35,pt,네이버 차트(기존 트래커 이관),2026-09-30
2025-03-20,밸류에이션,지수 종가,KOSDAQ,725.15,pt,네이버 차트(기존 트래커 이관),2026-09-30
2025-03-21,밸류에이션,지수 종가,KOSDAQ,719.41,pt,네이버 차트(기존 트래커 이관),2026-09-30
2025-03-24,밸류에이션,지수 종가,KOSDAQ,720.22,pt,네이버 차트(기존 트래커 이관),2026-09-30
2025-03-25,밸류에이션,지수 종가,KOSDAQ,711.26,pt,네이버 차트(기존 트래커 이관),2026-09-30
2025-03-26,밸류에이션,지수 종가,KOSDAQ,716.48,pt,네이버 차트(기존 트래커 이관),2026-09-30
2025-03-27,밸류에이션,지수 종가,KOSDAQ,707.49,pt,네이버 차트(기존 트래커 이관),2026-09-30
2025-03-28,밸류에이션,지수 종가,KOSDAQ,693.76,pt,네이버 차트(기존 트래커 이관),2026-09-30
2025-03-31,밸류에이션,지수 종가,KOSDAQ,672.85,pt,네이버 차트(기존 트래커 이관),2026-09-30
2025-04-01,밸류에이션,지수 종가,KOSDAQ,691.45,pt,네이버 차트(기존 트래커 이관),2026-09-30
2025-04-02,밸류에이션,지수 종가,KOSDAQ,684.85,pt,네이버 차트(기존 트래커 이관),2026-09-30
2025-04-03,밸류에이션,지수 종가,KOSDAQ,683.49,pt,네이버 차트(기존 트래커 이관),2026-09-30
2025-04-04,밸류에이션,지수 종가,KOSDAQ,687.39,pt,네이버 차트(기존 트래커 이관),2026-09-30
2025-04-07,밸류에이션,지수 종가,KOSDAQ,651.3,pt,네이버 차트(기존 트래커 이관),2026-09-30
2025-04-08,밸류에이션,지수 종가,KOSDAQ,658.45,pt,네이버 차트(기존 트래커 이관),2026-09-30
2025-04-09,밸류에이션,지수 종가,KOSDAQ,643.39,pt,네이버 차트(기존 트래커 이관),2026-09-30
2025-04-10,밸류에이션,지수 종가,KOSDAQ,681.79,pt,네이버 차트(기존 트래커 이관),2026-09-30
2025-04-11,밸류에이션,지수 종가,KOSDAQ,695.59,pt,네이버 차트(기존 트래커 이관),2026-09-30
2025-04-14,밸류에이션,지수 종가,KOSDAQ,708.98,pt,네이버 차트(기존 트래커 이관),2026-09-30
2025-04-15,밸류에이션,지수 종가,KOSDAQ,711.92,pt,네이버 차트(기존 트래커 이관),2026-09-30
2025-04-16,밸류에이션,지수 종가,KOSDAQ,699.11,pt,네이버 차트(기존 트래커 이관),2026-09-30
2025-04-17,밸류에이션,지수 종가,KOSDAQ,711.75,pt,네이버 차트(기존 트래커 이관),2026-09-30
2025-04-18,밸류에이션,지수 종가,KOSDAQ,717.77,pt,네이버 차트(기존 트래커 이관),2026-09-30
2025-04-21,밸류에이션,지수 종가,KOSDAQ,715.45,pt,네이버 차트(기존 트래커 이관),2026-09-30
2025-04-22,밸류에이션,지수 종가,KOSDAQ,716.12,pt,네이버 차트(기존 트래커 이관),2026-09-30
2025-04-23,밸류에이션,지수 종가,KOSDAQ,726.08,pt,네이버 차트(기존 트래커 이관),2026-09-30
2025-04-24,밸류에이션,지수 종가,KOSDAQ,726.08,pt,네이버 차트(기존 트래커 이관),2026-09-30
2025-04-25,밸류에이션,지수 종가,KOSDAQ,729.69,pt,네이버 차트(기존 트래커 이관),2026-09-30
2025-04-28,밸류에이션,지수 종가,KOSDAQ,719.41,pt,네이버 차트(기존 트래커 이관),2026-09-30
2025-04-29,밸류에이션,지수 종가,KOSDAQ,726.46,pt,네이버 차트(기존 트래커 이관),2026-09-30
2025-04-30,밸류에이션,지수 종가,KOSDAQ,717.24,pt,네이버 차트(기존 트래커 이관),2026-09-30
2025-05-02,밸류에이션,지수 종가,KOSDAQ,721.86,pt,네이버 차트(기존 트래커 이관),2026-09-30
2025-05-07,밸류에이션,지수 종가,KOSDAQ,722.81,pt,네이버 차트(기존 트래커 이관),2026-09-30
2025-05-08,밸류에이션,지수 종가,KOSDAQ,729.59,pt,네이버 차트(기존 트래커 이관),2026-09-30
2025-05-09,밸류에이션,지수 종가,KOSDAQ,722.52,pt,네이버 차트(기존 트래커 이관),2026-09-30
2025-05-12,밸류에이션,지수 종가,KOSDAQ,725.4,pt,네이버 차트(기존 트래커 이관),2026-09-30
2025-05-13,밸류에이션,지수 종가,KOSDAQ,731.88,pt,네이버 차트(기존 트래커 이관),2026-09-30
2025-05-14,밸류에이션,지수 종가,KOSDAQ,739.05,pt,네이버 차트(기존 트래커 이관),2026-09-30
2025-05-15,밸류에이션,지수 종가,KOSDAQ,733.23,pt,네이버 차트(기존 트래커 이관),2026-09-30
2025-05-16,밸류에이션,지수 종가,KOSDAQ,725.07,pt,네이버 차트(기존 트래커 이관),2026-09-30
2025-05-19,밸류에이션,지수 종가,KOSDAQ,713.75,pt,네이버 차트(기존 트래커 이관),2026-09-30
2025-05-20,밸류에이션,지수 종가,KOSDAQ,715.55,pt,네이버 차트(기존 트래커 이관),2026-09-30
2025-05-21,밸류에이션,지수 종가,KOSDAQ,723.62,pt,네이버 차트(기존 트래커 이관),2026-09-30
2025-05-22,밸류에이션,지수 종가,KOSDAQ,717.67,pt,네이버 차트(기존 트래커 이관),2026-09-30
2025-05-23,밸류에이션,지수 종가,KOSDAQ,715.98,pt,네이버 차트(기존 트래커 이관),2026-09-30
2025-05-26,밸류에이션,지수 종가,KOSDAQ,725.27,pt,네이버 차트(기존 트래커 이관),2026-09-30
2025-05-27,밸류에이션,지수 종가,KOSDAQ,727.11,pt,네이버 차트(기존 트래커 이관),2026-09-30
2025-05-28,밸류에이션,지수 종가,KOSDAQ,728.79,pt,네이버 차트(기존 트래커 이관),2026-09-30
2025-05-29,밸류에이션,지수 종가,KOSDAQ,736.29,pt,네이버 차트(기존 트래커 이관),2026-09-30
2025-05-30,밸류에이션,지수 종가,KOSDAQ,734.35,pt,네이버 차트(기존 트래커 이관),2026-09-30
2025-06-02,밸류에이션,지수 종가,KOSDAQ,740.29,pt,네이버 차트(기존 트래커 이관),2026-09-30
2025-06-04,밸류에이션,지수 종가,KOSDAQ,750.21,pt,네이버 차트(기존 트래커 이관),2026-09-30
2025-06-05,밸류에이션,지수 종가,KOSDAQ,756.23,pt,네이버 차트(기존 트래커 이관),2026-09-30
2025-06-09,밸류에이션,지수 종가,KOSDAQ,764.21,pt,네이버 차트(기존 트래커 이관),2026-09-30
2025-06-10,밸류에이션,지수 종가,KOSDAQ,771.2,pt,네이버 차트(기존 트래커 이관),2026-09-30
2025-06-11,밸류에이션,지수 종가,KOSDAQ,786.29,pt,네이버 차트(기존 트래커 이관),2026-09-30
2025-06-12,밸류에이션,지수 종가,KOSDAQ,789.45,pt,네이버 차트(기존 트래커 이관),2026-09-30
2025-06-13,밸류에이션,지수 종가,KOSDAQ,768.86,pt,네이버 차트(기존 트래커 이관),2026-09-30
2025-06-16,밸류에이션,지수 종가,KOSDAQ,777.26,pt,네이버 차트(기존 트래커 이관),2026-09-30
2025-06-17,밸류에이션,지수 종가,KOSDAQ,775.65,pt,네이버 차트(기존 트래커 이관),2026-09-30
2025-06-18,밸류에이션,지수 종가,KOSDAQ,779.73,pt,네이버 차트(기존 트래커 이관),2026-09-30
2025-06-19,밸류에이션,지수 종가,KOSDAQ,782.51,pt,네이버 차트(기존 트래커 이관),2026-09-30
2025-06-20,밸류에이션,지수 종가,KOSDAQ,791.53,pt,네이버 차트(기존 트래커 이관),2026-09-30
2025-06-23,밸류에이션,지수 종가,KOSDAQ,784.79,pt,네이버 차트(기존 트래커 이관),2026-09-30
2025-06-24,밸류에이션,지수 종가,KOSDAQ,800.93,pt,네이버 차트(기존 트래커 이관),2026-09-30
2025-06-25,밸류에이션,지수 종가,KOSDAQ,798.21,pt,네이버 차트(기존 트래커 이관),2026-09-30
2025-06-26,밸류에이션,지수 종가,KOSDAQ,787.95,pt,네이버 차트(기존 트래커 이관),2026-09-30
2025-06-27,밸류에이션,지수 종가,KOSDAQ,781.56,pt,네이버 차트(기존 트래커 이관),2026-09-30
2025-06-30,밸류에이션,지수 종가,KOSDAQ,781.5,pt,네이버 차트(기존 트래커 이관),2026-09-30
2025-07-01,밸류에이션,지수 종가,KOSDAQ,783.67,pt,네이버 차트(기존 트래커 이관),2026-09-30
2025-07-02,밸류에이션,지수 종가,KOSDAQ,782.17,pt,네이버 차트(기존 트래커 이관),2026-09-30
2025-07-03,밸류에이션,지수 종가,KOSDAQ,793.33,pt,네이버 차트(기존 트래커 이관),2026-09-30
2025-07-04,밸류에이션,지수 종가,KOSDAQ,775.8,pt,네이버 차트(기존 트래커 이관),2026-09-30
2025-07-07,밸류에이션,지수 종가,KOSDAQ,778.46,pt,네이버 차트(기존 트래커 이관),2026-09-30
2025-07-08,밸류에이션,지수 종가,KOSDAQ,784.24,pt,네이버 차트(기존 트래커 이관),2026-09-30
2025-07-09,밸류에이션,지수 종가,KOSDAQ,790.36,pt,네이버 차트(기존 트래커 이관),2026-09-30
2025-07-10,밸류에이션,지수 종가,KOSDAQ,797.7,pt,네이버 차트(기존 트래커 이관),2026-09-30
2025-07-11,밸류에이션,지수 종가,KOSDAQ,800.47,pt,네이버 차트(기존 트래커 이관),2026-09-30
2025-07-14,밸류에이션,지수 종가,KOSDAQ,799.37,pt,네이버 차트(기존 트래커 이관),2026-09-30
2025-07-15,밸류에이션,지수 종가,KOSDAQ,812.88,pt,네이버 차트(기존 트래커 이관),2026-09-30
2025-07-16,밸류에이션,지수 종가,KOSDAQ,812.23,pt,네이버 차트(기존 트래커 이관),2026-09-30
2025-07-17,밸류에이션,지수 종가,KOSDAQ,818.27,pt,네이버 차트(기존 트래커 이관),2026-09-30
2025-07-18,밸류에이션,지수 종가,KOSDAQ,820.67,pt,네이버 차트(기존 트래커 이관),2026-09-30
2025-07-21,밸류에이션,지수 종가,KOSDAQ,821.69,pt,네이버 차트(기존 트래커 이관),2026-09-30
2025-07-22,밸류에이션,지수 종가,KOSDAQ,812.97,pt,네이버 차트(기존 트래커 이관),2026-09-30
2025-07-23,밸류에이션,지수 종가,KOSDAQ,813.56,pt,네이버 차트(기존 트래커 이관),2026-09-30
2025-07-24,밸류에이션,지수 종가,KOSDAQ,809.89,pt,네이버 차트(기존 트래커 이관),2026-09-30
2025-07-25,밸류에이션,지수 종가,KOSDAQ,806.95,pt,네이버 차트(기존 트래커 이관),2026-09-30
2025-07-28,밸류에이션,지수 종가,KOSDAQ,804.4,pt,네이버 차트(기존 트래커 이관),2026-09-30
2025-07-29,밸류에이션,지수 종가,KOSDAQ,804.45,pt,네이버 차트(기존 트래커 이관),2026-09-30
2025-07-30,밸류에이션,지수 종가,KOSDAQ,803.67,pt,네이버 차트(기존 트래커 이관),2026-09-30
2025-07-31,밸류에이션,지수 종가,KOSDAQ,805.24,pt,네이버 차트(기존 트래커 이관),2026-09-30
2025-08-01,밸류에이션,지수 종가,KOSDAQ,772.79,pt,네이버 차트(기존 트래커 이관),2026-09-30
2025-08-04,밸류에이션,지수 종가,KOSDAQ,784.06,pt,네이버 차트(기존 트래커 이관),2026-09-30
2025-08-05,밸류에이션,지수 종가,KOSDAQ,798.6,pt,네이버 차트(기존 트래커 이관),2026-09-30
2025-08-06,밸류에이션,지수 종가,KOSDAQ,803.49,pt,네이버 차트(기존 트래커 이관),2026-09-30
2025-08-07,밸류에이션,지수 종가,KOSDAQ,805.81,pt,네이버 차트(기존 트래커 이관),2026-09-30
2025-08-08,밸류에이션,지수 종가,KOSDAQ,809.27,pt,네이버 차트(기존 트래커 이관),2026-09-30
2025-08-11,밸류에이션,지수 종가,KOSDAQ,811.85,pt,네이버 차트(기존 트래커 이관),2026-09-30
2025-08-12,밸류에이션,지수 종가,KOSDAQ,807.19,pt,네이버 차트(기존 트래커 이관),2026-09-30
2025-08-13,밸류에이션,지수 종가,KOSDAQ,814.1,pt,네이버 차트(기존 트래커 이관),2026-09-30
2025-08-14,밸류에이션,지수 종가,KOSDAQ,815.26,pt,네이버 차트(기존 트래커 이관),2026-09-30
2025-08-18,밸류에이션,지수 종가,KOSDAQ,798.05,pt,네이버 차트(기존 트래커 이관),2026-09-30
2025-08-19,밸류에이션,지수 종가,KOSDAQ,787.96,pt,네이버 차트(기존 트래커 이관),2026-09-30
2025-08-20,밸류에이션,지수 종가,KOSDAQ,777.61,pt,네이버 차트(기존 트래커 이관),2026-09-30
2025-08-21,밸류에이션,지수 종가,KOSDAQ,777.24,pt,네이버 차트(기존 트래커 이관),2026-09-30
2025-08-22,밸류에이션,지수 종가,KOSDAQ,782.51,pt,네이버 차트(기존 트래커 이관),2026-09-30
2025-08-25,밸류에이션,지수 종가,KOSDAQ,798.02,pt,네이버 차트(기존 트래커 이관),2026-09-30
2025-08-26,밸류에이션,지수 종가,KOSDAQ,801.66,pt,네이버 차트(기존 트래커 이관),2026-09-30
2025-08-27,밸류에이션,지수 종가,KOSDAQ,801.72,pt,네이버 차트(기존 트래커 이관),2026-09-30
2025-08-28,밸류에이션,지수 종가,KOSDAQ,798.43,pt,네이버 차트(기존 트래커 이관),2026-09-30
2025-08-29,밸류에이션,지수 종가,KOSDAQ,796.91,pt,네이버 차트(기존 트래커 이관),2026-09-30
2025-09-01,밸류에이션,지수 종가,KOSDAQ,785,pt,네이버 차트(기존 트래커 이관),2026-09-30
2025-09-02,밸류에이션,지수 종가,KOSDAQ,794,pt,네이버 차트(기존 트래커 이관),2026-09-30
2025-09-03,밸류에이션,지수 종가,KOSDAQ,796.81,pt,네이버 차트(기존 트래커 이관),2026-09-30
2025-09-04,밸류에이션,지수 종가,KOSDAQ,805.42,pt,네이버 차트(기존 트래커 이관),2026-09-30
2025-09-05,밸류에이션,지수 종가,KOSDAQ,811.4,pt,네이버 차트(기존 트래커 이관),2026-09-30
2025-09-08,밸류에이션,지수 종가,KOSDAQ,818.6,pt,네이버 차트(기존 트래커 이관),2026-09-30
2025-09-09,밸류에이션,지수 종가,KOSDAQ,824.82,pt,네이버 차트(기존 트래커 이관),2026-09-30
2025-09-10,밸류에이션,지수 종가,KOSDAQ,833,pt,네이버 차트(기존 트래커 이관),2026-09-30
2025-09-11,밸류에이션,지수 종가,KOSDAQ,834.76,pt,네이버 차트(기존 트래커 이관),2026-09-30
2025-09-12,밸류에이션,지수 종가,KOSDAQ,847.08,pt,네이버 차트(기존 트래커 이관),2026-09-30
2025-09-15,밸류에이션,지수 종가,KOSDAQ,852.69,pt,네이버 차트(기존 트래커 이관),2026-09-30
2025-09-16,밸류에이션,지수 종가,KOSDAQ,851.84,pt,네이버 차트(기존 트래커 이관),2026-09-30
2025-09-17,밸류에이션,지수 종가,KOSDAQ,845.53,pt,네이버 차트(기존 트래커 이관),2026-09-30
2025-09-18,밸류에이션,지수 종가,KOSDAQ,857.11,pt,네이버 차트(기존 트래커 이관),2026-09-30
2025-09-19,밸류에이션,지수 종가,KOSDAQ,863.11,pt,네이버 차트(기존 트래커 이관),2026-09-30
2025-09-22,밸류에이션,지수 종가,KOSDAQ,874.36,pt,네이버 차트(기존 트래커 이관),2026-09-30
2025-09-23,밸류에이션,지수 종가,KOSDAQ,872.21,pt,네이버 차트(기존 트래커 이관),2026-09-30
2025-09-24,밸류에이션,지수 종가,KOSDAQ,860.94,pt,네이버 차트(기존 트래커 이관),2026-09-30
2025-09-25,밸류에이션,지수 종가,KOSDAQ,852.48,pt,네이버 차트(기존 트래커 이관),2026-09-30
2025-09-26,밸류에이션,지수 종가,KOSDAQ,835.19,pt,네이버 차트(기존 트래커 이관),2026-09-30
2025-09-29,밸류에이션,지수 종가,KOSDAQ,846.71,pt,네이버 차트(기존 트래커 이관),2026-09-30
2025-09-30,밸류에이션,지수 종가,KOSDAQ,841.99,pt,네이버 차트(기존 트래커 이관),2026-09-30
2025-10-01,밸류에이션,지수 종가,KOSDAQ,845.34,pt,네이버 차트(기존 트래커 이관),2026-09-30
2025-10-02,밸류에이션,지수 종가,KOSDAQ,854.25,pt,네이버 차트(기존 트래커 이관),2026-09-30
2025-10-10,밸류에이션,지수 종가,KOSDAQ,859.49,pt,네이버 차트(기존 트래커 이관),2026-09-30
2025-10-13,밸류에이션,지수 종가,KOSDAQ,860.49,pt,네이버 차트(기존 트래커 이관),2026-09-30
2025-10-14,밸류에이션,지수 종가,KOSDAQ,847.96,pt,네이버 차트(기존 트래커 이관),2026-09-30
2025-10-15,밸류에이션,지수 종가,KOSDAQ,864.72,pt,네이버 차트(기존 트래커 이관),2026-09-30
2025-10-16,밸류에이션,지수 종가,KOSDAQ,865.41,pt,네이버 차트(기존 트래커 이관),2026-09-30
2025-10-17,밸류에이션,지수 종가,KOSDAQ,859.54,pt,네이버 차트(기존 트래커 이관),2026-09-30
2025-10-20,밸류에이션,지수 종가,KOSDAQ,875.77,pt,네이버 차트(기존 트래커 이관),2026-09-30
2025-10-21,밸류에이션,지수 종가,KOSDAQ,872.5,pt,네이버 차트(기존 트래커 이관),2026-09-30
2025-10-22,밸류에이션,지수 종가,KOSDAQ,879.15,pt,네이버 차트(기존 트래커 이관),2026-09-30
2025-10-23,밸류에이션,지수 종가,KOSDAQ,872.03,pt,네이버 차트(기존 트래커 이관),2026-09-30
2025-10-24,밸류에이션,지수 종가,KOSDAQ,883.08,pt,네이버 차트(기존 트래커 이관),2026-09-30
2025-10-27,밸류에이션,지수 종가,KOSDAQ,902.7,pt,네이버 차트(기존 트래커 이관),2026-09-30
2025-10-28,밸류에이션,지수 종가,KOSDAQ,903.3,pt,네이버 차트(기존 트래커 이관),2026-09-30
2025-10-29,밸류에이션,지수 종가,KOSDAQ,901.59,pt,네이버 차트(기존 트래커 이관),2026-09-30
2025-10-30,밸류에이션,지수 종가,KOSDAQ,890.86,pt,네이버 차트(기존 트래커 이관),2026-09-30
2025-10-31,밸류에이션,지수 종가,KOSDAQ,900.42,pt,네이버 차트(기존 트래커 이관),2026-09-30
2025-11-03,밸류에이션,지수 종가,KOSDAQ,914.55,pt,네이버 차트(기존 트래커 이관),2026-09-30
2025-11-04,밸류에이션,지수 종가,KOSDAQ,926.57,pt,네이버 차트(기존 트래커 이관),2026-09-30
2025-11-05,밸류에이션,지수 종가,KOSDAQ,901.89,pt,네이버 차트(기존 트래커 이관),2026-09-30
2025-11-06,밸류에이션,지수 종가,KOSDAQ,898.17,pt,네이버 차트(기존 트래커 이관),2026-09-30
2025-11-07,밸류에이션,지수 종가,KOSDAQ,876.81,pt,네이버 차트(기존 트래커 이관),2026-09-30
2025-11-10,밸류에이션,지수 종가,KOSDAQ,888.35,pt,네이버 차트(기존 트래커 이관),2026-09-30
2025-11-11,밸류에이션,지수 종가,KOSDAQ,884.27,pt,네이버 차트(기존 트래커 이관),2026-09-30
2025-11-12,밸류에이션,지수 종가,KOSDAQ,906.51,pt,네이버 차트(기존 트래커 이관),2026-09-30
2025-11-13,밸류에이션,지수 종가,KOSDAQ,918.37,pt,네이버 차트(기존 트래커 이관),2026-09-30
2025-11-14,밸류에이션,지수 종가,KOSDAQ,897.9,pt,네이버 차트(기존 트래커 이관),2026-09-30
2025-11-17,밸류에이션,지수 종가,KOSDAQ,902.67,pt,네이버 차트(기존 트래커 이관),2026-09-30
2025-11-18,밸류에이션,지수 종가,KOSDAQ,878.7,pt,네이버 차트(기존 트래커 이관),2026-09-30
2025-11-19,밸류에이션,지수 종가,KOSDAQ,871.32,pt,네이버 차트(기존 트래커 이관),2026-09-30
2025-11-20,밸류에이션,지수 종가,KOSDAQ,891.94,pt,네이버 차트(기존 트래커 이관),2026-09-30
2025-11-21,밸류에이션,지수 종가,KOSDAQ,863.95,pt,네이버 차트(기존 트래커 이관),2026-09-30
2025-11-24,밸류에이션,지수 종가,KOSDAQ,856.44,pt,네이버 차트(기존 트래커 이관),2026-09-30
2025-11-25,밸류에이션,지수 종가,KOSDAQ,856.03,pt,네이버 차트(기존 트래커 이관),2026-09-30
2025-11-26,밸류에이션,지수 종가,KOSDAQ,877.32,pt,네이버 차트(기존 트래커 이관),2026-09-30
2025-11-27,밸류에이션,지수 종가,KOSDAQ,880.06,pt,네이버 차트(기존 트래커 이관),2026-09-30
2025-11-28,밸류에이션,지수 종가,KOSDAQ,912.67,pt,네이버 차트(기존 트래커 이관),2026-09-30
2025-12-01,밸류에이션,지수 종가,KOSDAQ,922.38,pt,네이버 차트(기존 트래커 이관),2026-09-30
2025-12-02,밸류에이션,지수 종가,KOSDAQ,928.42,pt,네이버 차트(기존 트래커 이관),2026-09-30
2025-12-03,밸류에이션,지수 종가,KOSDAQ,932.01,pt,네이버 차트(기존 트래커 이관),2026-09-30
2025-12-04,밸류에이션,지수 종가,KOSDAQ,929.83,pt,네이버 차트(기존 트래커 이관),2026-09-30
2025-12-05,밸류에이션,지수 종가,KOSDAQ,924.74,pt,네이버 차트(기존 트래커 이관),2026-09-30
2025-12-08,밸류에이션,지수 종가,KOSDAQ,927.79,pt,네이버 차트(기존 트래커 이관),2026-09-30
2025-12-09,밸류에이션,지수 종가,KOSDAQ,931.35,pt,네이버 차트(기존 트래커 이관),2026-09-30
2025-12-10,밸류에이션,지수 종가,KOSDAQ,935,pt,네이버 차트(기존 트래커 이관),2026-09-30
2025-12-11,밸류에이션,지수 종가,KOSDAQ,934.64,pt,네이버 차트(기존 트래커 이관),2026-09-30
2025-12-12,밸류에이션,지수 종가,KOSDAQ,937.34,pt,네이버 차트(기존 트래커 이관),2026-09-30
2025-12-15,밸류에이션,지수 종가,KOSDAQ,938.83,pt,네이버 차트(기존 트래커 이관),2026-09-30
2025-12-16,밸류에이션,지수 종가,KOSDAQ,916.11,pt,네이버 차트(기존 트래커 이관),2026-09-30
2025-12-17,밸류에이션,지수 종가,KOSDAQ,911.07,pt,네이버 차트(기존 트래커 이관),2026-09-30
2025-12-18,밸류에이션,지수 종가,KOSDAQ,901.33,pt,네이버 차트(기존 트래커 이관),2026-09-30
2025-12-19,밸류에이션,지수 종가,KOSDAQ,915.27,pt,네이버 차트(기존 트래커 이관),2026-09-30
2025-12-22,밸류에이션,지수 종가,KOSDAQ,929.14,pt,네이버 차트(기존 트래커 이관),2026-09-30
2025-12-23,밸류에이션,지수 종가,KOSDAQ,919.56,pt,네이버 차트(기존 트래커 이관),2026-09-30
2025-12-24,밸류에이션,지수 종가,KOSDAQ,915.2,pt,네이버 차트(기존 트래커 이관),2026-09-30
2025-12-26,밸류에이션,지수 종가,KOSDAQ,919.67,pt,네이버 차트(기존 트래커 이관),2026-09-30
2025-12-29,밸류에이션,지수 종가,KOSDAQ,932.59,pt,네이버 차트(기존 트래커 이관),2026-09-30
2025-12-30,밸류에이션,지수 종가,KOSDAQ,925.47,pt,네이버 차트(기존 트래커 이관),2026-09-30
2026-01-02,밸류에이션,지수 종가,KOSDAQ,945.57,pt,네이버 차트(기존 트래커 이관),2026-09-30
2026-01-05,밸류에이션,지수 종가,KOSDAQ,957.5,pt,네이버 차트(기존 트래커 이관),2026-09-30
2026-01-06,밸류에이션,지수 종가,KOSDAQ,955.97,pt,네이버 차트(기존 트래커 이관),2026-09-30
2026-01-07,밸류에이션,지수 종가,KOSDAQ,947.39,pt,네이버 차트(기존 트래커 이관),2026-09-30
2026-01-08,밸류에이션,지수 종가,KOSDAQ,944.06,pt,네이버 차트(기존 트래커 이관),2026-09-30
2026-01-09,밸류에이션,지수 종가,KOSDAQ,947.92,pt,네이버 차트(기존 트래커 이관),2026-09-30
2026-01-12,밸류에이션,지수 종가,KOSDAQ,949.81,pt,네이버 차트(기존 트래커 이관),2026-09-30
2026-01-13,밸류에이션,지수 종가,KOSDAQ,948.98,pt,네이버 차트(기존 트래커 이관),2026-09-30
2026-01-14,밸류에이션,지수 종가,KOSDAQ,942.18,pt,네이버 차트(기존 트래커 이관),2026-09-30
2026-01-15,밸류에이션,지수 종가,KOSDAQ,951.16,pt,네이버 차트(기존 트래커 이관),2026-09-30
2026-01-16,밸류에이션,지수 종가,KOSDAQ,954.59,pt,네이버 차트(기존 트래커 이관),2026-09-30
2026-01-19,밸류에이션,지수 종가,KOSDAQ,968.36,pt,네이버 차트(기존 트래커 이관),2026-09-30
2026-01-20,밸류에이션,지수 종가,KOSDAQ,976.37,pt,네이버 차트(기존 트래커 이관),2026-09-30
2026-01-21,밸류에이션,지수 종가,KOSDAQ,951.29,pt,네이버 차트(기존 트래커 이관),2026-09-30
2026-01-22,밸류에이션,지수 종가,KOSDAQ,970.35,pt,네이버 차트(기존 트래커 이관),2026-09-30
2026-01-23,밸류에이션,지수 종가,KOSDAQ,993.93,pt,네이버 차트(기존 트래커 이관),2026-09-30
2026-01-26,밸류에이션,지수 종가,KOSDAQ,1064.41,pt,네이버 차트(기존 트래커 이관),2026-09-30
2026-01-27,밸류에이션,지수 종가,KOSDAQ,1082.59,pt,네이버 차트(기존 트래커 이관),2026-09-30
2026-01-28,밸류에이션,지수 종가,KOSDAQ,1133.52,pt,네이버 차트(기존 트래커 이관),2026-09-30
2026-01-29,밸류에이션,지수 종가,KOSDAQ,1164.41,pt,네이버 차트(기존 트래커 이관),2026-09-30
2026-01-30,밸류에이션,지수 종가,KOSDAQ,1149.44,pt,네이버 차트(기존 트래커 이관),2026-09-30
2026-02-02,밸류에이션,지수 종가,KOSDAQ,1098.36,pt,네이버 차트(기존 트래커 이관),2026-09-30
2026-02-03,밸류에이션,지수 종가,KOSDAQ,1144.33,pt,네이버 차트(기존 트래커 이관),2026-09-30
2026-02-04,밸류에이션,지수 종가,KOSDAQ,1149.43,pt,네이버 차트(기존 트래커 이관),2026-09-30
2026-02-05,밸류에이션,지수 종가,KOSDAQ,1108.41,pt,네이버 차트(기존 트래커 이관),2026-09-30
2026-02-06,밸류에이션,지수 종가,KOSDAQ,1080.77,pt,네이버 차트(기존 트래커 이관),2026-09-30
2026-02-09,밸류에이션,지수 종가,KOSDAQ,1127.55,pt,네이버 차트(기존 트래커 이관),2026-09-30
2026-02-10,밸류에이션,지수 종가,KOSDAQ,1115.2,pt,네이버 차트(기존 트래커 이관),2026-09-30
2026-02-11,밸류에이션,지수 종가,KOSDAQ,1114.87,pt,네이버 차트(기존 트래커 이관),2026-09-30
2026-02-12,밸류에이션,지수 종가,KOSDAQ,1125.99,pt,네이버 차트(기존 트래커 이관),2026-09-30
2026-02-13,밸류에이션,지수 종가,KOSDAQ,1106.08,pt,네이버 차트(기존 트래커 이관),2026-09-30
2026-02-19,밸류에이션,지수 종가,KOSDAQ,1160.71,pt,네이버 차트(기존 트래커 이관),2026-09-30
2026-02-20,밸류에이션,지수 종가,KOSDAQ,1154,pt,네이버 차트(기존 트래커 이관),2026-09-30
2026-02-23,밸류에이션,지수 종가,KOSDAQ,1151.99,pt,네이버 차트(기존 트래커 이관),2026-09-30
2026-02-24,밸류에이션,지수 종가,KOSDAQ,1165,pt,네이버 차트(기존 트래커 이관),2026-09-30
2026-02-25,밸류에이션,지수 종가,KOSDAQ,1165.25,pt,네이버 차트(기존 트래커 이관),2026-09-30
2026-02-26,밸류에이션,지수 종가,KOSDAQ,1188.15,pt,네이버 차트(기존 트래커 이관),2026-09-30
2026-02-27,밸류에이션,지수 종가,KOSDAQ,1192.78,pt,네이버 차트(기존 트래커 이관),2026-09-30
2026-03-03,밸류에이션,지수 종가,KOSDAQ,1137.7,pt,네이버 차트(기존 트래커 이관),2026-09-30
2026-03-04,밸류에이션,지수 종가,KOSDAQ,978.44,pt,네이버 차트(기존 트래커 이관),2026-09-30
2026-03-05,밸류에이션,지수 종가,KOSDAQ,1116.41,pt,네이버 차트(기존 트래커 이관),2026-09-30
2026-03-06,밸류에이션,지수 종가,KOSDAQ,1154.67,pt,네이버 차트(기존 트래커 이관),2026-09-30
2026-03-09,밸류에이션,지수 종가,KOSDAQ,1102.28,pt,네이버 차트(기존 트래커 이관),2026-09-30
2026-03-10,밸류에이션,지수 종가,KOSDAQ,1137.68,pt,네이버 차트(기존 트래커 이관),2026-09-30
2026-03-11,밸류에이션,지수 종가,KOSDAQ,1136.83,pt,네이버 차트(기존 트래커 이관),2026-09-30
2026-03-12,밸류에이션,지수 종가,KOSDAQ,1148.4,pt,네이버 차트(기존 트래커 이관),2026-09-30
2026-03-13,밸류에이션,지수 종가,KOSDAQ,1152.96,pt,네이버 차트(기존 트래커 이관),2026-09-30
2026-03-16,밸류에이션,지수 종가,KOSDAQ,1138.29,pt,네이버 차트(기존 트래커 이관),2026-09-30
2026-03-17,밸류에이션,지수 종가,KOSDAQ,1136.94,pt,네이버 차트(기존 트래커 이관),2026-09-30
2026-03-18,밸류에이션,지수 종가,KOSDAQ,1164.38,pt,네이버 차트(기존 트래커 이관),2026-09-30
2026-03-19,밸류에이션,지수 종가,KOSDAQ,1143.48,pt,네이버 차트(기존 트래커 이관),2026-09-30
2026-03-20,밸류에이션,지수 종가,KOSDAQ,1161.52,pt,네이버 차트(기존 트래커 이관),2026-09-30
2026-03-23,밸류에이션,지수 종가,KOSDAQ,1096.89,pt,네이버 차트(기존 트래커 이관),2026-09-30
2026-03-24,밸류에이션,지수 종가,KOSDAQ,1121.44,pt,네이버 차트(기존 트래커 이관),2026-09-30
2026-03-25,밸류에이션,지수 종가,KOSDAQ,1159.55,pt,네이버 차트(기존 트래커 이관),2026-09-30
2026-03-26,밸류에이션,지수 종가,KOSDAQ,1136.64,pt,네이버 차트(기존 트래커 이관),2026-09-30
2026-03-27,밸류에이션,지수 종가,KOSDAQ,1141.51,pt,네이버 차트(기존 트래커 이관),2026-09-30
2026-03-30,밸류에이션,지수 종가,KOSDAQ,1107.05,pt,네이버 차트(기존 트래커 이관),2026-09-30
2026-03-31,밸류에이션,지수 종가,KOSDAQ,1052.39,pt,네이버 차트(기존 트래커 이관),2026-09-30
2026-04-01,밸류에이션,지수 종가,KOSDAQ,1116.18,pt,네이버 차트(기존 트래커 이관),2026-09-30
2026-04-02,밸류에이션,지수 종가,KOSDAQ,1056.34,pt,네이버 차트(기존 트래커 이관),2026-09-30
2026-04-03,밸류에이션,지수 종가,KOSDAQ,1063.75,pt,네이버 차트(기존 트래커 이관),2026-09-30
2026-04-06,밸류에이션,지수 종가,KOSDAQ,1047.37,pt,네이버 차트(기존 트래커 이관),2026-09-30
2026-04-07,밸류에이션,지수 종가,KOSDAQ,1036.73,pt,네이버 차트(기존 트래커 이관),2026-09-30
2026-04-08,밸류에이션,지수 종가,KOSDAQ,1089.85,pt,네이버 차트(기존 트래커 이관),2026-09-30
2026-04-09,밸류에이션,지수 종가,KOSDAQ,1076,pt,네이버 차트(기존 트래커 이관),2026-09-30
2026-04-10,밸류에이션,지수 종가,KOSDAQ,1093.63,pt,네이버 차트(기존 트래커 이관),2026-09-30
2026-04-13,밸류에이션,지수 종가,KOSDAQ,1099.84,pt,네이버 차트(기존 트래커 이관),2026-09-30
2026-04-14,밸류에이션,지수 종가,KOSDAQ,1121.88,pt,네이버 차트(기존 트래커 이관),2026-09-30
2026-04-15,밸류에이션,지수 종가,KOSDAQ,1152.43,pt,네이버 차트(기존 트래커 이관),2026-09-30
2026-04-16,밸류에이션,지수 종가,KOSDAQ,1162.97,pt,네이버 차트(기존 트래커 이관),2026-09-30
2026-04-17,밸류에이션,지수 종가,KOSDAQ,1170.04,pt,네이버 차트(기존 트래커 이관),2026-09-30
2026-04-20,밸류에이션,지수 종가,KOSDAQ,1174.85,pt,네이버 차트(기존 트래커 이관),2026-09-30
2026-04-21,밸류에이션,지수 종가,KOSDAQ,1179.03,pt,네이버 차트(기존 트래커 이관),2026-09-30
2026-04-22,밸류에이션,지수 종가,KOSDAQ,1181.12,pt,네이버 차트(기존 트래커 이관),2026-09-30
2026-04-23,밸류에이션,지수 종가,KOSDAQ,1174.31,pt,네이버 차트(기존 트래커 이관),2026-09-30
2026-04-24,밸류에이션,지수 종가,KOSDAQ,1203.84,pt,네이버 차트(기존 트래커 이관),2026-09-30
2026-04-27,밸류에이션,지수 종가,KOSDAQ,1226.18,pt,네이버 차트(기존 트래커 이관),2026-09-30
2026-04-28,밸류에이션,지수 종가,KOSDAQ,1215.58,pt,네이버 차트(기존 트래커 이관),2026-09-30
2026-04-29,밸류에이션,지수 종가,KOSDAQ,1220.26,pt,네이버 차트(기존 트래커 이관),2026-09-30
2026-04-30,밸류에이션,지수 종가,KOSDAQ,1192.35,pt,네이버 차트(기존 트래커 이관),2026-09-30
2026-05-04,밸류에이션,지수 종가,KOSDAQ,1213.74,pt,네이버 차트(기존 트래커 이관),2026-09-30
2026-05-06,밸류에이션,지수 종가,KOSDAQ,1210.17,pt,네이버 차트(기존 트래커 이관),2026-09-30
2026-05-07,밸류에이션,지수 종가,KOSDAQ,1199.18,pt,네이버 차트(기존 트래커 이관),2026-09-30
2026-05-08,밸류에이션,지수 종가,KOSDAQ,1207.72,pt,네이버 차트(기존 트래커 이관),2026-09-30
2026-05-11,밸류에이션,지수 종가,KOSDAQ,1207.34,pt,네이버 차트(기존 트래커 이관),2026-09-30
2026-05-12,밸류에이션,지수 종가,KOSDAQ,1179.29,pt,네이버 차트(기존 트래커 이관),2026-09-30
2026-05-13,밸류에이션,지수 종가,KOSDAQ,1176.93,pt,네이버 차트(기존 트래커 이관),2026-09-30
2026-05-14,밸류에이션,지수 종가,KOSDAQ,1191.09,pt,네이버 차트(기존 트래커 이관),2026-09-30
2026-05-15,밸류에이션,지수 종가,KOSDAQ,1129.82,pt,네이버 차트(기존 트래커 이관),2026-09-30
2026-05-18,밸류에이션,지수 종가,KOSDAQ,1111.09,pt,네이버 차트(기존 트래커 이관),2026-09-30
2026-05-19,밸류에이션,지수 종가,KOSDAQ,1084.36,pt,네이버 차트(기존 트래커 이관),2026-09-30
2026-05-20,밸류에이션,지수 종가,KOSDAQ,1056.07,pt,네이버 차트(기존 트래커 이관),2026-09-30
2026-05-21,밸류에이션,지수 종가,KOSDAQ,1105.97,pt,네이버 차트(기존 트래커 이관),2026-09-30
2026-05-22,밸류에이션,지수 종가,KOSDAQ,1161.13,pt,네이버 차트(기존 트래커 이관),2026-09-30
2026-05-26,밸류에이션,지수 종가,KOSDAQ,1172.52,pt,네이버 차트(기존 트래커 이관),2026-09-30
2026-05-27,밸류에이션,지수 종가,KOSDAQ,1133.13,pt,네이버 차트(기존 트래커 이관),2026-09-30
2026-05-28,밸류에이션,지수 종가,KOSDAQ,1104.36,pt,네이버 차트(기존 트래커 이관),2026-09-30
2026-05-29,밸류에이션,지수 종가,KOSDAQ,1074.8,pt,네이버 차트(기존 트래커 이관),2026-09-30
2026-06-01,밸류에이션,지수 종가,KOSDAQ,1050.03,pt,네이버 차트(기존 트래커 이관),2026-09-30
2026-06-02,밸류에이션,지수 종가,KOSDAQ,1026.03,pt,네이버 차트(기존 트래커 이관),2026-09-30
2026-06-04,밸류에이션,지수 종가,KOSDAQ,1049.73,pt,네이버 차트(기존 트래커 이관),2026-09-30
2026-06-05,밸류에이션,지수 종가,KOSDAQ,1002.44,pt,네이버 차트(기존 트래커 이관),2026-09-30
2026-06-08,밸류에이션,지수 종가,KOSDAQ,911.39,pt,네이버 차트(기존 트래커 이관),2026-09-30
2026-06-09,밸류에이션,지수 종가,KOSDAQ,967.81,pt,네이버 차트(기존 트래커 이관),2026-09-30
2026-06-10,밸류에이션,지수 종가,KOSDAQ,951.63,pt,네이버 차트(기존 트래커 이관),2026-09-30
2026-06-11,밸류에이션,지수 종가,KOSDAQ,996.93,pt,네이버 차트(기존 트래커 이관),2026-09-30
2026-06-12,밸류에이션,지수 종가,KOSDAQ,1029.05,pt,네이버 차트(기존 트래커 이관),2026-09-30
2026-06-15,밸류에이션,지수 종가,KOSDAQ,1034.03,pt,네이버 차트(기존 트래커 이관),2026-09-30
2026-06-16,밸류에이션,지수 종가,KOSDAQ,1018.68,pt,네이버 차트(기존 트래커 이관),2026-09-30
2026-06-17,밸류에이션,지수 종가,KOSDAQ,1031.96,pt,네이버 차트(기존 트래커 이관),2026-09-30
2026-06-18,밸류에이션,지수 종가,KOSDAQ,1000.93,pt,네이버 차트(기존 트래커 이관),2026-09-30
2026-06-19,밸류에이션,지수 종가,KOSDAQ,966.59,pt,네이버 차트(기존 트래커 이관),2026-09-30
2026-06-22,밸류에이션,지수 종가,KOSDAQ,968.4,pt,네이버 차트(기존 트래커 이관),2026-09-30
2026-06-23,밸류에이션,지수 종가,KOSDAQ,891.52,pt,네이버 차트(기존 트래커 이관),2026-09-30
2026-06-24,밸류에이션,지수 종가,KOSDAQ,909.31,pt,네이버 차트(기존 트래커 이관),2026-09-30
2026-06-25,밸류에이션,지수 종가,KOSDAQ,887.81,pt,네이버 차트(기존 트래커 이관),2026-09-30
2026-06-26,밸류에이션,지수 종가,KOSDAQ,851.37,pt,네이버 차트(기존 트래커 이관),2026-09-30
2026-06-29,밸류에이션,지수 종가,KOSDAQ,920.57,pt,네이버 차트(기존 트래커 이관),2026-09-30
2026-06-30,밸류에이션,지수 종가,KOSDAQ,916.18,pt,네이버 차트(기존 트래커 이관),2026-09-30
2026-07-01,밸류에이션,지수 종가,KOSDAQ,929.35,pt,네이버 차트(기존 트래커 이관),2026-09-30
2026-07-02,밸류에이션,지수 종가,KOSDAQ,866.72,pt,네이버 차트(기존 트래커 이관),2026-09-30
2026-07-03,밸류에이션,지수 종가,KOSDAQ,868.41,pt,네이버 차트(기존 트래커 이관),2026-09-30
2026-07-06,밸류에이션,지수 종가,KOSDAQ,847.07,pt,네이버 차트(기존 트래커 이관),2026-09-30
2026-07-07,밸류에이션,지수 종가,KOSDAQ,831.23,pt,네이버 차트(기존 트래커 이관),2026-09-30
2026-07-08,밸류에이션,지수 종가,KOSDAQ,785,pt,네이버 차트(기존 트래커 이관),2026-09-30
2026-07-09,밸류에이션,지수 종가,KOSDAQ,794,pt,네이버 차트(기존 트래커 이관),2026-09-30
2026-07-10,밸류에이션,지수 종가,KOSDAQ,837.43,pt,네이버 차트(기존 트래커 이관),2026-09-30
2026-07-13,밸류에이션,지수 종가,KOSDAQ,799.36,pt,네이버 차트(기존 트래커 이관),2026-09-30
2026-07-14,밸류에이션,지수 종가,KOSDAQ,783.98,pt,네이버 차트(기존 트래커 이관),2026-09-30
2026-07-15,밸류에이션,지수 종가,KOSDAQ,829.43,pt,네이버 차트(기존 트래커 이관),2026-09-30
2026-07-16,밸류에이션,지수 종가,KOSDAQ,791.84,pt,네이버 차트(기존 트래커 이관),2026-09-30
2026-07-20,밸류에이션,지수 종가,KOSDAQ,749.64,pt,네이버 차트(기존 트래커 이관),2026-09-30
2026-07-21,밸류에이션,지수 종가,KOSDAQ,753.34,pt,네이버 차트(기존 트래커 이관),2026-09-30
2026-07-22,밸류에이션,지수 종가,KOSDAQ,751.09,pt,네이버 차트(기존 트래커 이관),2026-09-30
2026-07-23,밸류에이션,지수 종가,KOSDAQ,790.28,pt,네이버 차트(기존 트래커 이관),2026-09-30
2026-07-24,밸류에이션,지수 종가,KOSDAQ,748.22,pt,네이버 차트(기존 트래커 이관),2026-09-30
2026-07-27,밸류에이션,지수 종가,KOSDAQ,764.86,pt,네이버 차트(기존 트래커 이관),2026-09-30
2026-07-28,밸류에이션,지수 종가,KOSDAQ,705.85,pt,네이버 차트(기존 트래커 이관),2026-09-30
2026-07-29,밸류에이션,지수 종가,KOSDAQ,662.68,pt,네이버 차트(기존 트래커 이관),2026-09-30
2026-07-30,밸류에이션,지수 종가,KOSDAQ,644.78,pt,네이버 차트(기존 트래커 이관),2026-09-30
2026-07-31,밸류에이션,지수 종가,KOSDAQ,719.76,pt,네이버 차트(기존 트래커 이관),2026-09-30
2026-08-03,밸류에이션,지수 종가,KOSDAQ,737.35,pt,네이버 차트(기존 트래커 이관),2026-09-30
2026-08-04,밸류에이션,지수 종가,KOSDAQ,780.72,pt,네이버 차트(기존 트래커 이관),2026-09-30
2026-08-05,밸류에이션,지수 종가,KOSDAQ,799.59,pt,네이버 차트(기존 트래커 이관),2026-09-30
2026-08-06,밸류에이션,지수 종가,KOSDAQ,801.67,pt,네이버 차트(기존 트래커 이관),2026-09-30
2026-08-07,밸류에이션,지수 종가,KOSDAQ,798.81,pt,네이버 차트(기존 트래커 이관),2026-09-30
2026-08-10,밸류에이션,지수 종가,KOSDAQ,854.47,pt,네이버 차트(기존 트래커 이관),2026-09-30
2026-08-11,밸류에이션,지수 종가,KOSDAQ,857.84,pt,네이버 차트(기존 트래커 이관),2026-09-30
2026-08-12,밸류에이션,지수 종가,KOSDAQ,858.91,pt,네이버 차트(기존 트래커 이관),2026-09-30
2026-08-13,밸류에이션,지수 종가,KOSDAQ,861.37,pt,네이버 차트(기존 트래커 이관),2026-09-30
2026-08-14,밸류에이션,지수 종가,KOSDAQ,864.65,pt,네이버 차트(기존 트래커 이관),2026-09-30
2026-08-18,밸류에이션,지수 종가,KOSDAQ,834.2,pt,네이버 차트(기존 트래커 이관),2026-09-30
2026-08-19,밸류에이션,지수 종가,KOSDAQ,824.46,pt,네이버 차트(기존 트래커 이관),2026-09-30
2026-08-20,밸류에이션,지수 종가,KOSDAQ,840.89,pt,네이버 차트(기존 트래커 이관),2026-09-30
2026-08-21,밸류에이션,지수 종가,KOSDAQ,801.94,pt,네이버 차트(기존 트래커 이관),2026-09-30
2026-08-24,밸류에이션,지수 종가,KOSDAQ,813.33,pt,네이버 차트(기존 트래커 이관),2026-09-30
2026-08-25,밸류에이션,지수 종가,KOSDAQ,827.15,pt,네이버 차트(기존 트래커 이관),2026-09-30
2026-08-26,밸류에이션,지수 종가,KOSDAQ,826.87,pt,네이버 차트(기존 트래커 이관),2026-09-30
2026-08-27,밸류에이션,지수 종가,KOSDAQ,837.65,pt,네이버 차트(기존 트래커 이관),2026-09-30
2026-08-28,밸류에이션,지수 종가,KOSDAQ,838.41,pt,네이버 차트(기존 트래커 이관),2026-09-30
2026-08-31,밸류에이션,지수 종가,KOSDAQ,834.29,pt,네이버 차트(기존 트래커 이관),2026-09-30
2026-09-01,밸류에이션,지수 종가,KOSDAQ,821.25,pt,네이버 차트(기존 트래커 이관),2026-09-30
2026-09-02,밸류에이션,지수 종가,KOSDAQ,803.98,pt,네이버 차트(기존 트래커 이관),2026-09-30
2026-09-03,밸류에이션,지수 종가,KOSDAQ,790.21,pt,네이버 차트(기존 트래커 이관),2026-09-30
2026-09-04,밸류에이션,지수 종가,KOSDAQ,813.5,pt,네이버 차트(기존 트래커 이관),2026-09-30
2026-09-07,밸류에이션,지수 종가,KOSDAQ,822.19,pt,네이버 차트(기존 트래커 이관),2026-09-30
2026-09-08,밸류에이션,지수 종가,KOSDAQ,811.88,pt,네이버 차트(기존 트래커 이관),2026-09-30
2026-09-09,밸류에이션,지수 종가,KOSDAQ,830.37,pt,네이버 차트(기존 트래커 이관),2026-09-30
2026-09-10,밸류에이션,지수 종가,KOSDAQ,836.92,pt,네이버 차트(기존 트래커 이관),2026-09-30
2026-09-11,밸류에이션,지수 종가,KOSDAQ,820.64,pt,네이버 차트(기존 트래커 이관),2026-09-30
2026-09-14,밸류에이션,지수 종가,KOSDAQ,806.79,pt,네이버 차트(기존 트래커 이관),2026-09-30
2026-09-15,밸류에이션,지수 종가,KOSDAQ,812.41,pt,네이버 차트(기존 트래커 이관),2026-09-30
2026-09-16,밸류에이션,지수 종가,KOSDAQ,815.98,pt,네이버 차트(기존 트래커 이관),2026-09-30
2026-09-17,밸류에이션,지수 종가,KOSDAQ,822.18,pt,네이버 차트(기존 트래커 이관),2026-09-30
2026-09-18,밸류에이션,지수 종가,KOSDAQ,827.12,pt,네이버 차트(기존 트래커 이관),2026-09-30
2026-09-21,밸류에이션,지수 종가,KOSDAQ,836.27,pt,네이버 차트(기존 트래커 이관),2026-09-30
2026-09-22,밸류에이션,지수 종가,KOSDAQ,834.38,pt,네이버 차트(기존 트래커 이관),2026-09-30
2026-09-23,밸류에이션,지수 종가,KOSDAQ,844.48,pt,네이버 차트(기존 트래커 이관),2026-09-30
2026-09-28,밸류에이션,지수 종가,KOSDAQ,846.58,pt,네이버 차트(기존 트래커 이관),2026-09-30
2026-09-29,밸류에이션,지수 종가,KOSDAQ,849.8,pt,네이버 차트(기존 트래커 이관),2026-09-30
2026-09-29,밸류에이션,지수 종가,KOSPI,6870.81,pt,금융위원회 지수시세정보(공공데이터포털),2026-09-30
2026-09-28,밸류에이션,지수 종가,KOSPI,6889.74,pt,금융위원회 지수시세정보(공공데이터포털),2026-09-30
2026-09-23,밸류에이션,지수 종가,KOSPI,7080.92,pt,금융위원회 지수시세정보(공공데이터포털),2026-09-30
2026-09-22,밸류에이션,지수 종가,KOSPI,7017.91,pt,금융위원회 지수시세정보(공공데이터포털),2026-09-30
2026-09-21,밸류에이션,지수 종가,KOSPI,7007.72,pt,금융위원회 지수시세정보(공공데이터포털),2026-09-30
2026-09-18,밸류에이션,지수 종가,KOSPI,6894.23,pt,금융위원회 지수시세정보(공공데이터포털),2026-09-30
2026-09-17,밸류에이션,지수 종가,KOSPI,6715.41,pt,금융위원회 지수시세정보(공공데이터포털),2026-09-30
2026-09-16,밸류에이션,지수 종가,KOSPI,6717.97,pt,금융위원회 지수시세정보(공공데이터포털),2026-09-30
2026-09-15,밸류에이션,지수 종가,KOSPI,6627.26,pt,금융위원회 지수시세정보(공공데이터포털),2026-09-30
2026-09-14,밸류에이션,지수 종가,KOSPI,6684.37,pt,금융위원회 지수시세정보(공공데이터포털),2026-09-30
2026-09-11,밸류에이션,지수 종가,KOSPI,6909.91,pt,금융위원회 지수시세정보(공공데이터포털),2026-09-30
2026-09-10,밸류에이션,지수 종가,KOSPI,7033.92,pt,금융위원회 지수시세정보(공공데이터포털),2026-09-30
2026-09-09,밸류에이션,지수 종가,KOSPI,7051.64,pt,금융위원회 지수시세정보(공공데이터포털),2026-09-30
2026-09-08,밸류에이션,지수 종가,KOSPI,6954.52,pt,금융위원회 지수시세정보(공공데이터포털),2026-09-30
2026-09-07,밸류에이션,지수 종가,KOSPI,6995.39,pt,금융위원회 지수시세정보(공공데이터포털),2026-09-30
2026-09-04,밸류에이션,지수 종가,KOSPI,6687.21,pt,금융위원회 지수시세정보(공공데이터포털),2026-09-30
2026-09-03,밸류에이션,지수 종가,KOSPI,6579.48,pt,금융위원회 지수시세정보(공공데이터포털),2026-09-30
2026-09-02,밸류에이션,지수 종가,KOSPI,6562.72,pt,금융위원회 지수시세정보(공공데이터포털),2026-09-30
2026-09-01,밸류에이션,지수 종가,KOSPI,6835.8,pt,금융위원회 지수시세정보(공공데이터포털),2026-09-30
2026-08-31,밸류에이션,지수 종가,KOSPI,6820.02,pt,금융위원회 지수시세정보(공공데이터포털),2026-09-30
2026-08-28,밸류에이션,지수 종가,KOSPI,6788.88,pt,금융위원회 지수시세정보(공공데이터포털),2026-09-30
2026-08-27,밸류에이션,지수 종가,KOSPI,6912.37,pt,금융위원회 지수시세정보(공공데이터포털),2026-09-30
2026-08-26,밸류에이션,지수 종가,KOSPI,6808.21,pt,금융위원회 지수시세정보(공공데이터포털),2026-09-30
2026-08-25,밸류에이션,지수 종가,KOSPI,6742.74,pt,금융위원회 지수시세정보(공공데이터포털),2026-09-30
2026-08-24,밸류에이션,지수 종가,KOSPI,6696.96,pt,금융위원회 지수시세정보(공공데이터포털),2026-09-30
2026-08-21,밸류에이션,지수 종가,KOSPI,6912.95,pt,금융위원회 지수시세정보(공공데이터포털),2026-09-30
2026-08-20,밸류에이션,지수 종가,KOSPI,6852.58,pt,금융위원회 지수시세정보(공공데이터포털),2026-09-30
2026-08-19,밸류에이션,지수 종가,KOSPI,6471.17,pt,금융위원회 지수시세정보(공공데이터포털),2026-09-30
2026-08-18,밸류에이션,지수 종가,KOSPI,6869.83,pt,금융위원회 지수시세정보(공공데이터포털),2026-09-30
2026-08-14,밸류에이션,지수 종가,KOSPI,6977.94,pt,금융위원회 지수시세정보(공공데이터포털),2026-09-30
2026-08-13,밸류에이션,지수 종가,KOSPI,6813.34,pt,금융위원회 지수시세정보(공공데이터포털),2026-09-30
2026-08-12,밸류에이션,지수 종가,KOSPI,6579.04,pt,금융위원회 지수시세정보(공공데이터포털),2026-09-30
2026-08-11,밸류에이션,지수 종가,KOSPI,6345.53,pt,금융위원회 지수시세정보(공공데이터포털),2026-09-30
2026-08-10,밸류에이션,지수 종가,KOSPI,6299.66,pt,금융위원회 지수시세정보(공공데이터포털),2026-09-30
2026-08-07,밸류에이션,지수 종가,KOSPI,6258.77,pt,금융위원회 지수시세정보(공공데이터포털),2026-09-30
2026-08-06,밸류에이션,지수 종가,KOSPI,6296.38,pt,금융위원회 지수시세정보(공공데이터포털),2026-09-30
2026-08-05,밸류에이션,지수 종가,KOSPI,6598.26,pt,금융위원회 지수시세정보(공공데이터포털),2026-09-30
2026-08-04,밸류에이션,지수 종가,KOSPI,6358.95,pt,금융위원회 지수시세정보(공공데이터포털),2026-09-30
2026-08-03,밸류에이션,지수 종가,KOSPI,6257.45,pt,금융위원회 지수시세정보(공공데이터포털),2026-09-30
2026-07-31,밸류에이션,지수 종가,KOSPI,6595.45,pt,금융위원회 지수시세정보(공공데이터포털),2026-09-30
2026-07-30,밸류에이션,지수 종가,KOSPI,5593.56,pt,금융위원회 지수시세정보(공공데이터포털),2026-09-30
2026-07-29,밸류에이션,지수 종가,KOSPI,5663.24,pt,금융위원회 지수시세정보(공공데이터포털),2026-09-30
2026-07-28,밸류에이션,지수 종가,KOSPI,6023.66,pt,금융위원회 지수시세정보(공공데이터포털),2026-09-30
2026-07-27,밸류에이션,지수 종가,KOSPI,6755.75,pt,금융위원회 지수시세정보(공공데이터포털),2026-09-30
2026-07-24,밸류에이션,지수 종가,KOSPI,6690.62,pt,금융위원회 지수시세정보(공공데이터포털),2026-09-30
2026-07-23,밸류에이션,지수 종가,KOSPI,7096.89,pt,금융위원회 지수시세정보(공공데이터포털),2026-09-30
2026-07-22,밸류에이션,지수 종가,KOSPI,6797.7,pt,금융위원회 지수시세정보(공공데이터포털),2026-09-30
2026-07-21,밸류에이션,지수 종가,KOSPI,6747.95,pt,금융위원회 지수시세정보(공공데이터포털),2026-09-30
2026-07-20,밸류에이션,지수 종가,KOSPI,6516.27,pt,금융위원회 지수시세정보(공공데이터포털),2026-09-30
2026-07-16,밸류에이션,지수 종가,KOSPI,6820.6,pt,금융위원회 지수시세정보(공공데이터포털),2026-09-30
2026-07-15,밸류에이션,지수 종가,KOSPI,7284.41,pt,금융위원회 지수시세정보(공공데이터포털),2026-09-30
2026-07-14,밸류에이션,지수 종가,KOSPI,6856.83,pt,금융위원회 지수시세정보(공공데이터포털),2026-09-30
2026-07-13,밸류에이션,지수 종가,KOSPI,6806.93,pt,금융위원회 지수시세정보(공공데이터포털),2026-09-30
2026-07-10,밸류에이션,지수 종가,KOSPI,7475.94,pt,금융위원회 지수시세정보(공공데이터포털),2026-09-30
2026-07-09,밸류에이션,지수 종가,KOSPI,7291.91,pt,금융위원회 지수시세정보(공공데이터포털),2026-09-30
2026-07-08,밸류에이션,지수 종가,KOSPI,7246.79,pt,금융위원회 지수시세정보(공공데이터포털),2026-09-30
2026-07-07,밸류에이션,지수 종가,KOSPI,7656.31,pt,금융위원회 지수시세정보(공공데이터포털),2026-09-30
2026-07-06,밸류에이션,지수 종가,KOSPI,8051.33,pt,금융위원회 지수시세정보(공공데이터포털),2026-09-30
2026-07-03,밸류에이션,지수 종가,KOSPI,8088.34,pt,금융위원회 지수시세정보(공공데이터포털),2026-09-30
2026-07-02,밸류에이션,지수 종가,KOSPI,7648.09,pt,금융위원회 지수시세정보(공공데이터포털),2026-09-30
2026-07-01,밸류에이션,지수 종가,KOSPI,8303.41,pt,금융위원회 지수시세정보(공공데이터포털),2026-09-30
2026-06-30,밸류에이션,지수 종가,KOSPI,8476.48,pt,금융위원회 지수시세정보(공공데이터포털),2026-09-30
2026-06-29,밸류에이션,지수 종가,KOSPI,8394.65,pt,금융위원회 지수시세정보(공공데이터포털),2026-09-30
2026-06-26,밸류에이션,지수 종가,KOSPI,8411.21,pt,금융위원회 지수시세정보(공공데이터포털),2026-09-30
2026-06-25,밸류에이션,지수 종가,KOSPI,8930.3,pt,금융위원회 지수시세정보(공공데이터포털),2026-09-30
2026-06-24,밸류에이션,지수 종가,KOSPI,8471.02,pt,금융위원회 지수시세정보(공공데이터포털),2026-09-30
2026-06-23,밸류에이션,지수 종가,KOSPI,8203.84,pt,금융위원회 지수시세정보(공공데이터포털),2026-09-30
2026-06-22,밸류에이션,지수 종가,KOSPI,9114.55,pt,금융위원회 지수시세정보(공공데이터포털),2026-09-30
2026-06-19,밸류에이션,지수 종가,KOSPI,9052.42,pt,금융위원회 지수시세정보(공공데이터포털),2026-09-30
2026-06-18,밸류에이션,지수 종가,KOSPI,9063.84,pt,금융위원회 지수시세정보(공공데이터포털),2026-09-30
2026-06-17,밸류에이션,지수 종가,KOSPI,8864.24,pt,금융위원회 지수시세정보(공공데이터포털),2026-09-30
2026-06-16,밸류에이션,지수 종가,KOSPI,8726.6,pt,금융위원회 지수시세정보(공공데이터포털),2026-09-30
2026-06-15,밸류에이션,지수 종가,KOSPI,8545.98,pt,금융위원회 지수시세정보(공공데이터포털),2026-09-30
2026-06-12,밸류에이션,지수 종가,KOSPI,8123.62,pt,금융위원회 지수시세정보(공공데이터포털),2026-09-30
2026-06-11,밸류에이션,지수 종가,KOSPI,7763.95,pt,금융위원회 지수시세정보(공공데이터포털),2026-09-30
2026-06-10,밸류에이션,지수 종가,KOSPI,7730.82,pt,금융위원회 지수시세정보(공공데이터포털),2026-09-30
2026-06-09,밸류에이션,지수 종가,KOSPI,8096.93,pt,금융위원회 지수시세정보(공공데이터포털),2026-09-30
2026-06-08,밸류에이션,지수 종가,KOSPI,7484.41,pt,금융위원회 지수시세정보(공공데이터포털),2026-09-30
2026-06-05,밸류에이션,지수 종가,KOSPI,8160.59,pt,금융위원회 지수시세정보(공공데이터포털),2026-09-30
2026-06-04,밸류에이션,지수 종가,KOSPI,8639.41,pt,금융위원회 지수시세정보(공공데이터포털),2026-09-30
2026-06-02,밸류에이션,지수 종가,KOSPI,8801.49,pt,금융위원회 지수시세정보(공공데이터포털),2026-09-30
2026-06-01,밸류에이션,지수 종가,KOSPI,8788.38,pt,금융위원회 지수시세정보(공공데이터포털),2026-09-30
2026-05-29,밸류에이션,지수 종가,KOSPI,8476.15,pt,금융위원회 지수시세정보(공공데이터포털),2026-09-30
2026-05-28,밸류에이션,지수 종가,KOSPI,8185.29,pt,금융위원회 지수시세정보(공공데이터포털),2026-09-30
2026-05-27,밸류에이션,지수 종가,KOSPI,8228.7,pt,금융위원회 지수시세정보(공공데이터포털),2026-09-30
2026-05-26,밸류에이션,지수 종가,KOSPI,8047.51,pt,금융위원회 지수시세정보(공공데이터포털),2026-09-30
2026-05-22,밸류에이션,지수 종가,KOSPI,7847.71,pt,금융위원회 지수시세정보(공공데이터포털),2026-09-30
2026-05-21,밸류에이션,지수 종가,KOSPI,7815.59,pt,금융위원회 지수시세정보(공공데이터포털),2026-09-30
2026-05-20,밸류에이션,지수 종가,KOSPI,7208.95,pt,금융위원회 지수시세정보(공공데이터포털),2026-09-30
2026-05-19,밸류에이션,지수 종가,KOSPI,7271.66,pt,금융위원회 지수시세정보(공공데이터포털),2026-09-30
2026-05-18,밸류에이션,지수 종가,KOSPI,7516.04,pt,금융위원회 지수시세정보(공공데이터포털),2026-09-30
2026-05-15,밸류에이션,지수 종가,KOSPI,7493.18,pt,금융위원회 지수시세정보(공공데이터포털),2026-09-30
2026-05-14,밸류에이션,지수 종가,KOSPI,7981.41,pt,금융위원회 지수시세정보(공공데이터포털),2026-09-30
2026-05-13,밸류에이션,지수 종가,KOSPI,7844.01,pt,금융위원회 지수시세정보(공공데이터포털),2026-09-30
2026-05-12,밸류에이션,지수 종가,KOSPI,7643.15,pt,금융위원회 지수시세정보(공공데이터포털),2026-09-30
2026-05-11,밸류에이션,지수 종가,KOSPI,7822.24,pt,금융위원회 지수시세정보(공공데이터포털),2026-09-30
2026-05-08,밸류에이션,지수 종가,KOSPI,7498,pt,금융위원회 지수시세정보(공공데이터포털),2026-09-30
2026-05-07,밸류에이션,지수 종가,KOSPI,7490.05,pt,금융위원회 지수시세정보(공공데이터포털),2026-09-30
2026-05-06,밸류에이션,지수 종가,KOSPI,7384.56,pt,금융위원회 지수시세정보(공공데이터포털),2026-09-30
2026-05-04,밸류에이션,지수 종가,KOSPI,6936.99,pt,금융위원회 지수시세정보(공공데이터포털),2026-09-30
2026-04-30,밸류에이션,지수 종가,KOSPI,6598.87,pt,금융위원회 지수시세정보(공공데이터포털),2026-09-30
2026-04-29,밸류에이션,지수 종가,KOSPI,6690.9,pt,금융위원회 지수시세정보(공공데이터포털),2026-09-30
2026-04-28,밸류에이션,지수 종가,KOSPI,6641.02,pt,금융위원회 지수시세정보(공공데이터포털),2026-09-30
2026-04-27,밸류에이션,지수 종가,KOSPI,6615.03,pt,금융위원회 지수시세정보(공공데이터포털),2026-09-30
2026-04-24,밸류에이션,지수 종가,KOSPI,6475.63,pt,금융위원회 지수시세정보(공공데이터포털),2026-09-30
2026-04-23,밸류에이션,지수 종가,KOSPI,6475.81,pt,금융위원회 지수시세정보(공공데이터포털),2026-09-30
2026-04-22,밸류에이션,지수 종가,KOSPI,6417.93,pt,금융위원회 지수시세정보(공공데이터포털),2026-09-30
2026-04-21,밸류에이션,지수 종가,KOSPI,6388.47,pt,금융위원회 지수시세정보(공공데이터포털),2026-09-30
2026-04-20,밸류에이션,지수 종가,KOSPI,6219.09,pt,금융위원회 지수시세정보(공공데이터포털),2026-09-30
2026-04-17,밸류에이션,지수 종가,KOSPI,6191.92,pt,금융위원회 지수시세정보(공공데이터포털),2026-09-30
2026-04-16,밸류에이션,지수 종가,KOSPI,6226.05,pt,금융위원회 지수시세정보(공공데이터포털),2026-09-30
2026-04-15,밸류에이션,지수 종가,KOSPI,6091.39,pt,금융위원회 지수시세정보(공공데이터포털),2026-09-30
2026-04-14,밸류에이션,지수 종가,KOSPI,5967.75,pt,금융위원회 지수시세정보(공공데이터포털),2026-09-30
2026-04-13,밸류에이션,지수 종가,KOSPI,5808.62,pt,금융위원회 지수시세정보(공공데이터포털),2026-09-30
2026-04-10,밸류에이션,지수 종가,KOSPI,5858.87,pt,금융위원회 지수시세정보(공공데이터포털),2026-09-30
2026-04-09,밸류에이션,지수 종가,KOSPI,5778.01,pt,금융위원회 지수시세정보(공공데이터포털),2026-09-30
2026-04-08,밸류에이션,지수 종가,KOSPI,5872.34,pt,금융위원회 지수시세정보(공공데이터포털),2026-09-30
2026-04-07,밸류에이션,지수 종가,KOSPI,5494.78,pt,금융위원회 지수시세정보(공공데이터포털),2026-09-30
2026-04-06,밸류에이션,지수 종가,KOSPI,5450.33,pt,금융위원회 지수시세정보(공공데이터포털),2026-09-30
2026-04-03,밸류에이션,지수 종가,KOSPI,5377.3,pt,금융위원회 지수시세정보(공공데이터포털),2026-09-30
2026-04-02,밸류에이션,지수 종가,KOSPI,5234.05,pt,금융위원회 지수시세정보(공공데이터포털),2026-09-30
2026-04-01,밸류에이션,지수 종가,KOSPI,5478.7,pt,금융위원회 지수시세정보(공공데이터포털),2026-09-30
2026-03-31,밸류에이션,지수 종가,KOSPI,5052.46,pt,금융위원회 지수시세정보(공공데이터포털),2026-09-30
2026-03-30,밸류에이션,지수 종가,KOSPI,5277.3,pt,금융위원회 지수시세정보(공공데이터포털),2026-09-30
2026-03-27,밸류에이션,지수 종가,KOSPI,5438.87,pt,금융위원회 지수시세정보(공공데이터포털),2026-09-30
2026-03-26,밸류에이션,지수 종가,KOSPI,5460.46,pt,금융위원회 지수시세정보(공공데이터포털),2026-09-30
2026-03-25,밸류에이션,지수 종가,KOSPI,5642.21,pt,금융위원회 지수시세정보(공공데이터포털),2026-09-30
2026-03-24,밸류에이션,지수 종가,KOSPI,5553.92,pt,금융위원회 지수시세정보(공공데이터포털),2026-09-30
2026-03-23,밸류에이션,지수 종가,KOSPI,5405.75,pt,금융위원회 지수시세정보(공공데이터포털),2026-09-30
2026-03-20,밸류에이션,지수 종가,KOSPI,5781.2,pt,금융위원회 지수시세정보(공공데이터포털),2026-09-30
2026-03-19,밸류에이션,지수 종가,KOSPI,5763.22,pt,금융위원회 지수시세정보(공공데이터포털),2026-09-30
2026-03-18,밸류에이션,지수 종가,KOSPI,5925.03,pt,금융위원회 지수시세정보(공공데이터포털),2026-09-30
2026-03-17,밸류에이션,지수 종가,KOSPI,5640.48,pt,금융위원회 지수시세정보(공공데이터포털),2026-09-30
2026-03-16,밸류에이션,지수 종가,KOSPI,5549.85,pt,금융위원회 지수시세정보(공공데이터포털),2026-09-30
2026-03-13,밸류에이션,지수 종가,KOSPI,5487.24,pt,금융위원회 지수시세정보(공공데이터포털),2026-09-30
2026-03-12,밸류에이션,지수 종가,KOSPI,5583.25,pt,금융위원회 지수시세정보(공공데이터포털),2026-09-30
2026-03-11,밸류에이션,지수 종가,KOSPI,5609.95,pt,금융위원회 지수시세정보(공공데이터포털),2026-09-30
2026-03-10,밸류에이션,지수 종가,KOSPI,5532.59,pt,금융위원회 지수시세정보(공공데이터포털),2026-09-30
2026-03-09,밸류에이션,지수 종가,KOSPI,5251.87,pt,금융위원회 지수시세정보(공공데이터포털),2026-09-30
2026-03-06,밸류에이션,지수 종가,KOSPI,5584.87,pt,금융위원회 지수시세정보(공공데이터포털),2026-09-30
2026-03-05,밸류에이션,지수 종가,KOSPI,5583.9,pt,금융위원회 지수시세정보(공공데이터포털),2026-09-30
2026-03-04,밸류에이션,지수 종가,KOSPI,5093.54,pt,금융위원회 지수시세정보(공공데이터포털),2026-09-30
2026-03-03,밸류에이션,지수 종가,KOSPI,5791.91,pt,금융위원회 지수시세정보(공공데이터포털),2026-09-30
2026-02-27,밸류에이션,지수 종가,KOSPI,6244.13,pt,금융위원회 지수시세정보(공공데이터포털),2026-09-30
2026-02-26,밸류에이션,지수 종가,KOSPI,6307.27,pt,금융위원회 지수시세정보(공공데이터포털),2026-09-30
2026-02-25,밸류에이션,지수 종가,KOSPI,6083.86,pt,금융위원회 지수시세정보(공공데이터포털),2026-09-30
2026-02-24,밸류에이션,지수 종가,KOSPI,5969.64,pt,금융위원회 지수시세정보(공공데이터포털),2026-09-30
2026-02-23,밸류에이션,지수 종가,KOSPI,5846.09,pt,금융위원회 지수시세정보(공공데이터포털),2026-09-30
2026-02-20,밸류에이션,지수 종가,KOSPI,5808.53,pt,금융위원회 지수시세정보(공공데이터포털),2026-09-30
2026-02-19,밸류에이션,지수 종가,KOSPI,5677.25,pt,금융위원회 지수시세정보(공공데이터포털),2026-09-30
2026-02-13,밸류에이션,지수 종가,KOSPI,5507.01,pt,금융위원회 지수시세정보(공공데이터포털),2026-09-30
2026-02-12,밸류에이션,지수 종가,KOSPI,5522.27,pt,금융위원회 지수시세정보(공공데이터포털),2026-09-30
2026-02-11,밸류에이션,지수 종가,KOSPI,5354.49,pt,금융위원회 지수시세정보(공공데이터포털),2026-09-30
2026-02-10,밸류에이션,지수 종가,KOSPI,5301.69,pt,금융위원회 지수시세정보(공공데이터포털),2026-09-30
2026-02-09,밸류에이션,지수 종가,KOSPI,5298.04,pt,금융위원회 지수시세정보(공공데이터포털),2026-09-30
2026-02-06,밸류에이션,지수 종가,KOSPI,5089.14,pt,금융위원회 지수시세정보(공공데이터포털),2026-09-30
2026-02-05,밸류에이션,지수 종가,KOSPI,5163.57,pt,금융위원회 지수시세정보(공공데이터포털),2026-09-30
2026-02-04,밸류에이션,지수 종가,KOSPI,5371.1,pt,금융위원회 지수시세정보(공공데이터포털),2026-09-30
2026-02-03,밸류에이션,지수 종가,KOSPI,5288.08,pt,금융위원회 지수시세정보(공공데이터포털),2026-09-30
2026-02-02,밸류에이션,지수 종가,KOSPI,4949.67,pt,금융위원회 지수시세정보(공공데이터포털),2026-09-30
2026-01-30,밸류에이션,지수 종가,KOSPI,5224.36,pt,금융위원회 지수시세정보(공공데이터포털),2026-09-30
2026-01-29,밸류에이션,지수 종가,KOSPI,5221.25,pt,금융위원회 지수시세정보(공공데이터포털),2026-09-30
2026-01-28,밸류에이션,지수 종가,KOSPI,5170.81,pt,금융위원회 지수시세정보(공공데이터포털),2026-09-30
2026-01-27,밸류에이션,지수 종가,KOSPI,5084.85,pt,금융위원회 지수시세정보(공공데이터포털),2026-09-30
2026-01-26,밸류에이션,지수 종가,KOSPI,4949.59,pt,금융위원회 지수시세정보(공공데이터포털),2026-09-30
2026-01-23,밸류에이션,지수 종가,KOSPI,4990.07,pt,금융위원회 지수시세정보(공공데이터포털),2026-09-30
2026-01-22,밸류에이션,지수 종가,KOSPI,4952.53,pt,금융위원회 지수시세정보(공공데이터포털),2026-09-30
2026-01-21,밸류에이션,지수 종가,KOSPI,4909.93,pt,금융위원회 지수시세정보(공공데이터포털),2026-09-30
2026-01-20,밸류에이션,지수 종가,KOSPI,4885.75,pt,금융위원회 지수시세정보(공공데이터포털),2026-09-30
2026-01-19,밸류에이션,지수 종가,KOSPI,4904.66,pt,금융위원회 지수시세정보(공공데이터포털),2026-09-30
2026-01-16,밸류에이션,지수 종가,KOSPI,4840.74,pt,금융위원회 지수시세정보(공공데이터포털),2026-09-30
2026-01-15,밸류에이션,지수 종가,KOSPI,4797.55,pt,금융위원회 지수시세정보(공공데이터포털),2026-09-30
2026-01-14,밸류에이션,지수 종가,KOSPI,4723.1,pt,금융위원회 지수시세정보(공공데이터포털),2026-09-30
2026-01-13,밸류에이션,지수 종가,KOSPI,4692.64,pt,금융위원회 지수시세정보(공공데이터포털),2026-09-30
2026-01-12,밸류에이션,지수 종가,KOSPI,4624.79,pt,금융위원회 지수시세정보(공공데이터포털),2026-09-30
2026-01-09,밸류에이션,지수 종가,KOSPI,4586.32,pt,금융위원회 지수시세정보(공공데이터포털),2026-09-30
2026-01-08,밸류에이션,지수 종가,KOSPI,4552.37,pt,금융위원회 지수시세정보(공공데이터포털),2026-09-30
2026-01-07,밸류에이션,지수 종가,KOSPI,4551.06,pt,금융위원회 지수시세정보(공공데이터포털),2026-09-30
2026-01-06,밸류에이션,지수 종가,KOSPI,4525.48,pt,금융위원회 지수시세정보(공공데이터포털),2026-09-30
2026-01-05,밸류에이션,지수 종가,KOSPI,4457.52,pt,금융위원회 지수시세정보(공공데이터포털),2026-09-30
2026-01-02,밸류에이션,지수 종가,KOSPI,4309.63,pt,금융위원회 지수시세정보(공공데이터포털),2026-09-30
2025-12-30,밸류에이션,지수 종가,KOSPI,4214.17,pt,금융위원회 지수시세정보(공공데이터포털),2026-09-30
2025-12-29,밸류에이션,지수 종가,KOSPI,4220.56,pt,금융위원회 지수시세정보(공공데이터포털),2026-09-30
2025-12-26,밸류에이션,지수 종가,KOSPI,4129.68,pt,금융위원회 지수시세정보(공공데이터포털),2026-09-30
2025-12-24,밸류에이션,지수 종가,KOSPI,4108.62,pt,금융위원회 지수시세정보(공공데이터포털),2026-09-30
2025-12-23,밸류에이션,지수 종가,KOSPI,4117.32,pt,금융위원회 지수시세정보(공공데이터포털),2026-09-30
2025-12-22,밸류에이션,지수 종가,KOSPI,4105.93,pt,금융위원회 지수시세정보(공공데이터포털),2026-09-30
2025-12-19,밸류에이션,지수 종가,KOSPI,4020.55,pt,금융위원회 지수시세정보(공공데이터포털),2026-09-30
2025-12-18,밸류에이션,지수 종가,KOSPI,3994.51,pt,금융위원회 지수시세정보(공공데이터포털),2026-09-30
2025-12-17,밸류에이션,지수 종가,KOSPI,4056.41,pt,금융위원회 지수시세정보(공공데이터포털),2026-09-30
2025-12-16,밸류에이션,지수 종가,KOSPI,3999.13,pt,금융위원회 지수시세정보(공공데이터포털),2026-09-30
2025-12-15,밸류에이션,지수 종가,KOSPI,4090.59,pt,금융위원회 지수시세정보(공공데이터포털),2026-09-30
2025-12-12,밸류에이션,지수 종가,KOSPI,4167.16,pt,금융위원회 지수시세정보(공공데이터포털),2026-09-30
2025-12-11,밸류에이션,지수 종가,KOSPI,4110.62,pt,금융위원회 지수시세정보(공공데이터포털),2026-09-30
2025-12-10,밸류에이션,지수 종가,KOSPI,4135,pt,금융위원회 지수시세정보(공공데이터포털),2026-09-30
2025-12-09,밸류에이션,지수 종가,KOSPI,4143.55,pt,금융위원회 지수시세정보(공공데이터포털),2026-09-30
2025-12-08,밸류에이션,지수 종가,KOSPI,4154.85,pt,금융위원회 지수시세정보(공공데이터포털),2026-09-30
2025-12-05,밸류에이션,지수 종가,KOSPI,4100.05,pt,금융위원회 지수시세정보(공공데이터포털),2026-09-30
2025-12-04,밸류에이션,지수 종가,KOSPI,4028.51,pt,금융위원회 지수시세정보(공공데이터포털),2026-09-30
2025-12-03,밸류에이션,지수 종가,KOSPI,4036.3,pt,금융위원회 지수시세정보(공공데이터포털),2026-09-30
2025-12-02,밸류에이션,지수 종가,KOSPI,3994.93,pt,금융위원회 지수시세정보(공공데이터포털),2026-09-30
2025-12-01,밸류에이션,지수 종가,KOSPI,3920.37,pt,금융위원회 지수시세정보(공공데이터포털),2026-09-30
2025-11-28,밸류에이션,지수 종가,KOSPI,3926.59,pt,금융위원회 지수시세정보(공공데이터포털),2026-09-30
2025-11-27,밸류에이션,지수 종가,KOSPI,3986.91,pt,금융위원회 지수시세정보(공공데이터포털),2026-09-30
2025-11-26,밸류에이션,지수 종가,KOSPI,3960.87,pt,금융위원회 지수시세정보(공공데이터포털),2026-09-30
2025-11-25,밸류에이션,지수 종가,KOSPI,3857.78,pt,금융위원회 지수시세정보(공공데이터포털),2026-09-30
2025-11-24,밸류에이션,지수 종가,KOSPI,3846.06,pt,금융위원회 지수시세정보(공공데이터포털),2026-09-30
2025-11-21,밸류에이션,지수 종가,KOSPI,3853.26,pt,금융위원회 지수시세정보(공공데이터포털),2026-09-30
2025-11-20,밸류에이션,지수 종가,KOSPI,4004.85,pt,금융위원회 지수시세정보(공공데이터포털),2026-09-30
2025-11-19,밸류에이션,지수 종가,KOSPI,3929.51,pt,금융위원회 지수시세정보(공공데이터포털),2026-09-30
2025-11-18,밸류에이션,지수 종가,KOSPI,3953.62,pt,금융위원회 지수시세정보(공공데이터포털),2026-09-30
2025-11-17,밸류에이션,지수 종가,KOSPI,4089.25,pt,금융위원회 지수시세정보(공공데이터포털),2026-09-30
2025-11-14,밸류에이션,지수 종가,KOSPI,4011.57,pt,금융위원회 지수시세정보(공공데이터포털),2026-09-30
2025-11-13,밸류에이션,지수 종가,KOSPI,4170.63,pt,금융위원회 지수시세정보(공공데이터포털),2026-09-30
2025-11-12,밸류에이션,지수 종가,KOSPI,4150.39,pt,금융위원회 지수시세정보(공공데이터포털),2026-09-30
2025-11-11,밸류에이션,지수 종가,KOSPI,4106.39,pt,금융위원회 지수시세정보(공공데이터포털),2026-09-30
2025-11-10,밸류에이션,지수 종가,KOSPI,4073.24,pt,금융위원회 지수시세정보(공공데이터포털),2026-09-30
2025-11-07,밸류에이션,지수 종가,KOSPI,3953.76,pt,금융위원회 지수시세정보(공공데이터포털),2026-09-30
2025-11-06,밸류에이션,지수 종가,KOSPI,4026.45,pt,금융위원회 지수시세정보(공공데이터포털),2026-09-30
2025-11-05,밸류에이션,지수 종가,KOSPI,4004.42,pt,금융위원회 지수시세정보(공공데이터포털),2026-09-30
2025-11-04,밸류에이션,지수 종가,KOSPI,4121.74,pt,금융위원회 지수시세정보(공공데이터포털),2026-09-30
2025-11-03,밸류에이션,지수 종가,KOSPI,4221.87,pt,금융위원회 지수시세정보(공공데이터포털),2026-09-30
2025-10-31,밸류에이션,지수 종가,KOSPI,4107.5,pt,금융위원회 지수시세정보(공공데이터포털),2026-09-30
2025-10-30,밸류에이션,지수 종가,KOSPI,4086.89,pt,금융위원회 지수시세정보(공공데이터포털),2026-09-30
2025-10-29,밸류에이션,지수 종가,KOSPI,4081.15,pt,금융위원회 지수시세정보(공공데이터포털),2026-09-30
2025-10-28,밸류에이션,지수 종가,KOSPI,4010.41,pt,금융위원회 지수시세정보(공공데이터포털),2026-09-30
2025-10-27,밸류에이션,지수 종가,KOSPI,4042.83,pt,금융위원회 지수시세정보(공공데이터포털),2026-09-30
2025-10-24,밸류에이션,지수 종가,KOSPI,3941.59,pt,금융위원회 지수시세정보(공공데이터포털),2026-09-30
2025-10-23,밸류에이션,지수 종가,KOSPI,3845.56,pt,금융위원회 지수시세정보(공공데이터포털),2026-09-30
2025-10-22,밸류에이션,지수 종가,KOSPI,3883.68,pt,금융위원회 지수시세정보(공공데이터포털),2026-09-30
2025-10-21,밸류에이션,지수 종가,KOSPI,3823.84,pt,금융위원회 지수시세정보(공공데이터포털),2026-09-30
2025-10-20,밸류에이션,지수 종가,KOSPI,3814.69,pt,금융위원회 지수시세정보(공공데이터포털),2026-09-30
2025-10-17,밸류에이션,지수 종가,KOSPI,3748.89,pt,금융위원회 지수시세정보(공공데이터포털),2026-09-30
2025-10-16,밸류에이션,지수 종가,KOSPI,3748.37,pt,금융위원회 지수시세정보(공공데이터포털),2026-09-30
2025-10-15,밸류에이션,지수 종가,KOSPI,3657.28,pt,금융위원회 지수시세정보(공공데이터포털),2026-09-30
2025-10-14,밸류에이션,지수 종가,KOSPI,3561.81,pt,금융위원회 지수시세정보(공공데이터포털),2026-09-30
2025-10-13,밸류에이션,지수 종가,KOSPI,3584.55,pt,금융위원회 지수시세정보(공공데이터포털),2026-09-30
2025-10-10,밸류에이션,지수 종가,KOSPI,3610.6,pt,금융위원회 지수시세정보(공공데이터포털),2026-09-30
2025-10-02,밸류에이션,지수 종가,KOSPI,3549.21,pt,금융위원회 지수시세정보(공공데이터포털),2026-09-30
2025-10-01,밸류에이션,지수 종가,KOSPI,3455.83,pt,금융위원회 지수시세정보(공공데이터포털),2026-09-30
2025-09-30,밸류에이션,지수 종가,KOSPI,3424.6,pt,금융위원회 지수시세정보(공공데이터포털),2026-09-30
2025-09-29,밸류에이션,지수 종가,KOSPI,3431.21,pt,금융위원회 지수시세정보(공공데이터포털),2026-09-30
2025-09-26,밸류에이션,지수 종가,KOSPI,3386.05,pt,금융위원회 지수시세정보(공공데이터포털),2026-09-30
2025-09-25,밸류에이션,지수 종가,KOSPI,3471.11,pt,금융위원회 지수시세정보(공공데이터포털),2026-09-30
2025-09-24,밸류에이션,지수 종가,KOSPI,3472.14,pt,금융위원회 지수시세정보(공공데이터포털),2026-09-30
2025-09-23,밸류에이션,지수 종가,KOSPI,3486.19,pt,금융위원회 지수시세정보(공공데이터포털),2026-09-30
2025-09-22,밸류에이션,지수 종가,KOSPI,3468.65,pt,금융위원회 지수시세정보(공공데이터포털),2026-09-30
2025-09-19,밸류에이션,지수 종가,KOSPI,3445.24,pt,금융위원회 지수시세정보(공공데이터포털),2026-09-30
2025-09-18,밸류에이션,지수 종가,KOSPI,3461.3,pt,금융위원회 지수시세정보(공공데이터포털),2026-09-30
2025-09-17,밸류에이션,지수 종가,KOSPI,3413.4,pt,금융위원회 지수시세정보(공공데이터포털),2026-09-30
2025-09-16,밸류에이션,지수 종가,KOSPI,3449.62,pt,금융위원회 지수시세정보(공공데이터포털),2026-09-30
2025-09-15,밸류에이션,지수 종가,KOSPI,3407.31,pt,금융위원회 지수시세정보(공공데이터포털),2026-09-30
2025-09-12,밸류에이션,지수 종가,KOSPI,3395.54,pt,금융위원회 지수시세정보(공공데이터포털),2026-09-30
2025-09-11,밸류에이션,지수 종가,KOSPI,3344.2,pt,금융위원회 지수시세정보(공공데이터포털),2026-09-30
2025-09-10,밸류에이션,지수 종가,KOSPI,3314.53,pt,금융위원회 지수시세정보(공공데이터포털),2026-09-30
2025-09-09,밸류에이션,지수 종가,KOSPI,3260.05,pt,금융위원회 지수시세정보(공공데이터포털),2026-09-30
2025-09-08,밸류에이션,지수 종가,KOSPI,3219.59,pt,금융위원회 지수시세정보(공공데이터포털),2026-09-30
2025-09-05,밸류에이션,지수 종가,KOSPI,3205.12,pt,금융위원회 지수시세정보(공공데이터포털),2026-09-30
2025-09-04,밸류에이션,지수 종가,KOSPI,3200.83,pt,금융위원회 지수시세정보(공공데이터포털),2026-09-30
2025-09-03,밸류에이션,지수 종가,KOSPI,3184.42,pt,금융위원회 지수시세정보(공공데이터포털),2026-09-30
2025-09-02,밸류에이션,지수 종가,KOSPI,3172.35,pt,금융위원회 지수시세정보(공공데이터포털),2026-09-30
2025-09-01,밸류에이션,지수 종가,KOSPI,3142.93,pt,금융위원회 지수시세정보(공공데이터포털),2026-09-30
2025-08-29,밸류에이션,지수 종가,KOSPI,3186.01,pt,금융위원회 지수시세정보(공공데이터포털),2026-09-30
2025-08-28,밸류에이션,지수 종가,KOSPI,3196.32,pt,금융위원회 지수시세정보(공공데이터포털),2026-09-30
2025-08-27,밸류에이션,지수 종가,KOSPI,3187.16,pt,금융위원회 지수시세정보(공공데이터포털),2026-09-30
2025-08-26,밸류에이션,지수 종가,KOSPI,3179.36,pt,금융위원회 지수시세정보(공공데이터포털),2026-09-30
2025-08-25,밸류에이션,지수 종가,KOSPI,3209.86,pt,금융위원회 지수시세정보(공공데이터포털),2026-09-30
2025-08-22,밸류에이션,지수 종가,KOSPI,3168.73,pt,금융위원회 지수시세정보(공공데이터포털),2026-09-30
2025-08-21,밸류에이션,지수 종가,KOSPI,3141.74,pt,금융위원회 지수시세정보(공공데이터포털),2026-09-30
2025-08-20,밸류에이션,지수 종가,KOSPI,3130.09,pt,금융위원회 지수시세정보(공공데이터포털),2026-09-30
2025-08-19,밸류에이션,지수 종가,KOSPI,3151.56,pt,금융위원회 지수시세정보(공공데이터포털),2026-09-30
2025-08-18,밸류에이션,지수 종가,KOSPI,3177.28,pt,금융위원회 지수시세정보(공공데이터포털),2026-09-30
2025-08-14,밸류에이션,지수 종가,KOSPI,3225.66,pt,금융위원회 지수시세정보(공공데이터포털),2026-09-30
2025-08-13,밸류에이션,지수 종가,KOSPI,3224.37,pt,금융위원회 지수시세정보(공공데이터포털),2026-09-30
2025-08-12,밸류에이션,지수 종가,KOSPI,3189.91,pt,금융위원회 지수시세정보(공공데이터포털),2026-09-30
2025-08-11,밸류에이션,지수 종가,KOSPI,3206.77,pt,금융위원회 지수시세정보(공공데이터포털),2026-09-30
2025-08-08,밸류에이션,지수 종가,KOSPI,3210.01,pt,금융위원회 지수시세정보(공공데이터포털),2026-09-30
2025-08-07,밸류에이션,지수 종가,KOSPI,3227.68,pt,금융위원회 지수시세정보(공공데이터포털),2026-09-30
2025-08-06,밸류에이션,지수 종가,KOSPI,3198.14,pt,금융위원회 지수시세정보(공공데이터포털),2026-09-30
2025-08-05,밸류에이션,지수 종가,KOSPI,3198,pt,금융위원회 지수시세정보(공공데이터포털),2026-09-30
2025-08-04,밸류에이션,지수 종가,KOSPI,3147.75,pt,금융위원회 지수시세정보(공공데이터포털),2026-09-30
2025-08-01,밸류에이션,지수 종가,KOSPI,3119.41,pt,금융위원회 지수시세정보(공공데이터포털),2026-09-30
2025-07-31,밸류에이션,지수 종가,KOSPI,3245.44,pt,금융위원회 지수시세정보(공공데이터포털),2026-09-30
2025-07-30,밸류에이션,지수 종가,KOSPI,3254.47,pt,금융위원회 지수시세정보(공공데이터포털),2026-09-30
2025-07-29,밸류에이션,지수 종가,KOSPI,3230.57,pt,금융위원회 지수시세정보(공공데이터포털),2026-09-30
2025-07-28,밸류에이션,지수 종가,KOSPI,3209.52,pt,금융위원회 지수시세정보(공공데이터포털),2026-09-30
2025-07-25,밸류에이션,지수 종가,KOSPI,3196.05,pt,금융위원회 지수시세정보(공공데이터포털),2026-09-30
2025-07-24,밸류에이션,지수 종가,KOSPI,3190.45,pt,금융위원회 지수시세정보(공공데이터포털),2026-09-30
2025-07-23,밸류에이션,지수 종가,KOSPI,3183.77,pt,금융위원회 지수시세정보(공공데이터포털),2026-09-30
2025-07-22,밸류에이션,지수 종가,KOSPI,3169.94,pt,금융위원회 지수시세정보(공공데이터포털),2026-09-30
2025-07-21,밸류에이션,지수 종가,KOSPI,3210.81,pt,금융위원회 지수시세정보(공공데이터포털),2026-09-30
2025-07-18,밸류에이션,지수 종가,KOSPI,3188.07,pt,금융위원회 지수시세정보(공공데이터포털),2026-09-30
2025-07-17,밸류에이션,지수 종가,KOSPI,3192.29,pt,금융위원회 지수시세정보(공공데이터포털),2026-09-30
2025-07-16,밸류에이션,지수 종가,KOSPI,3186.38,pt,금융위원회 지수시세정보(공공데이터포털),2026-09-30
2025-07-15,밸류에이션,지수 종가,KOSPI,3215.28,pt,금융위원회 지수시세정보(공공데이터포털),2026-09-30
2025-07-14,밸류에이션,지수 종가,KOSPI,3202.03,pt,금융위원회 지수시세정보(공공데이터포털),2026-09-30
2025-07-11,밸류에이션,지수 종가,KOSPI,3175.77,pt,금융위원회 지수시세정보(공공데이터포털),2026-09-30
2025-07-10,밸류에이션,지수 종가,KOSPI,3183.23,pt,금융위원회 지수시세정보(공공데이터포털),2026-09-30
2025-07-09,밸류에이션,지수 종가,KOSPI,3133.74,pt,금융위원회 지수시세정보(공공데이터포털),2026-09-30
2025-07-08,밸류에이션,지수 종가,KOSPI,3114.95,pt,금융위원회 지수시세정보(공공데이터포털),2026-09-30
2025-07-07,밸류에이션,지수 종가,KOSPI,3059.47,pt,금융위원회 지수시세정보(공공데이터포털),2026-09-30
2025-07-04,밸류에이션,지수 종가,KOSPI,3054.28,pt,금융위원회 지수시세정보(공공데이터포털),2026-09-30
2025-07-03,밸류에이션,지수 종가,KOSPI,3116.27,pt,금융위원회 지수시세정보(공공데이터포털),2026-09-30
2025-07-02,밸류에이션,지수 종가,KOSPI,3075.06,pt,금융위원회 지수시세정보(공공데이터포털),2026-09-30
2025-07-01,밸류에이션,지수 종가,KOSPI,3089.65,pt,금융위원회 지수시세정보(공공데이터포털),2026-09-30
2025-06-30,밸류에이션,지수 종가,KOSPI,3071.7,pt,금융위원회 지수시세정보(공공데이터포털),2026-09-30
2025-06-27,밸류에이션,지수 종가,KOSPI,3055.94,pt,금융위원회 지수시세정보(공공데이터포털),2026-09-30
2025-06-26,밸류에이션,지수 종가,KOSPI,3079.56,pt,금융위원회 지수시세정보(공공데이터포털),2026-09-30
2025-06-25,밸류에이션,지수 종가,KOSPI,3108.25,pt,금융위원회 지수시세정보(공공데이터포털),2026-09-30
2025-06-24,밸류에이션,지수 종가,KOSPI,3103.64,pt,금융위원회 지수시세정보(공공데이터포털),2026-09-30
2025-06-23,밸류에이션,지수 종가,KOSPI,3014.47,pt,금융위원회 지수시세정보(공공데이터포털),2026-09-30
2025-06-20,밸류에이션,지수 종가,KOSPI,3021.84,pt,금융위원회 지수시세정보(공공데이터포털),2026-09-30
2025-06-19,밸류에이션,지수 종가,KOSPI,2977.74,pt,금융위원회 지수시세정보(공공데이터포털),2026-09-30
2025-06-18,밸류에이션,지수 종가,KOSPI,2972.19,pt,금융위원회 지수시세정보(공공데이터포털),2026-09-30
2025-06-17,밸류에이션,지수 종가,KOSPI,2950.3,pt,금융위원회 지수시세정보(공공데이터포털),2026-09-30
2025-06-16,밸류에이션,지수 종가,KOSPI,2946.66,pt,금융위원회 지수시세정보(공공데이터포털),2026-09-30
2025-06-13,밸류에이션,지수 종가,KOSPI,2894.62,pt,금융위원회 지수시세정보(공공데이터포털),2026-09-30
2025-06-12,밸류에이션,지수 종가,KOSPI,2920.03,pt,금융위원회 지수시세정보(공공데이터포털),2026-09-30
2025-06-11,밸류에이션,지수 종가,KOSPI,2907.04,pt,금융위원회 지수시세정보(공공데이터포털),2026-09-30
2025-06-10,밸류에이션,지수 종가,KOSPI,2871.85,pt,금융위원회 지수시세정보(공공데이터포털),2026-09-30
2025-06-09,밸류에이션,지수 종가,KOSPI,2855.77,pt,금융위원회 지수시세정보(공공데이터포털),2026-09-30
2025-06-05,밸류에이션,지수 종가,KOSPI,2812.05,pt,금융위원회 지수시세정보(공공데이터포털),2026-09-30
2025-06-04,밸류에이션,지수 종가,KOSPI,2770.84,pt,금융위원회 지수시세정보(공공데이터포털),2026-09-30
2025-06-02,밸류에이션,지수 종가,KOSPI,2698.97,pt,금융위원회 지수시세정보(공공데이터포털),2026-09-30
2025-05-30,밸류에이션,지수 종가,KOSPI,2697.67,pt,금융위원회 지수시세정보(공공데이터포털),2026-09-30
2025-05-29,밸류에이션,지수 종가,KOSPI,2720.64,pt,금융위원회 지수시세정보(공공데이터포털),2026-09-30
2025-05-28,밸류에이션,지수 종가,KOSPI,2670.15,pt,금융위원회 지수시세정보(공공데이터포털),2026-09-30
2025-05-27,밸류에이션,지수 종가,KOSPI,2637.22,pt,금융위원회 지수시세정보(공공데이터포털),2026-09-30
2025-05-26,밸류에이션,지수 종가,KOSPI,2644.4,pt,금융위원회 지수시세정보(공공데이터포털),2026-09-30
2025-05-23,밸류에이션,지수 종가,KOSPI,2592.09,pt,금융위원회 지수시세정보(공공데이터포털),2026-09-30
2025-05-22,밸류에이션,지수 종가,KOSPI,2593.67,pt,금융위원회 지수시세정보(공공데이터포털),2026-09-30
2025-05-21,밸류에이션,지수 종가,KOSPI,2625.58,pt,금융위원회 지수시세정보(공공데이터포털),2026-09-30
2025-05-20,밸류에이션,지수 종가,KOSPI,2601.8,pt,금융위원회 지수시세정보(공공데이터포털),2026-09-30
2025-05-19,밸류에이션,지수 종가,KOSPI,2603.42,pt,금융위원회 지수시세정보(공공데이터포털),2026-09-30
2025-05-16,밸류에이션,지수 종가,KOSPI,2626.87,pt,금융위원회 지수시세정보(공공데이터포털),2026-09-30
2025-05-15,밸류에이션,지수 종가,KOSPI,2621.36,pt,금융위원회 지수시세정보(공공데이터포털),2026-09-30
2025-05-14,밸류에이션,지수 종가,KOSPI,2640.57,pt,금융위원회 지수시세정보(공공데이터포털),2026-09-30
2025-05-13,밸류에이션,지수 종가,KOSPI,2608.42,pt,금융위원회 지수시세정보(공공데이터포털),2026-09-30
2025-05-12,밸류에이션,지수 종가,KOSPI,2607.33,pt,금융위원회 지수시세정보(공공데이터포털),2026-09-30
2025-05-09,밸류에이션,지수 종가,KOSPI,2577.27,pt,금융위원회 지수시세정보(공공데이터포털),2026-09-30
2025-05-08,밸류에이션,지수 종가,KOSPI,2579.48,pt,금융위원회 지수시세정보(공공데이터포털),2026-09-30
2025-05-07,밸류에이션,지수 종가,KOSPI,2573.8,pt,금융위원회 지수시세정보(공공데이터포털),2026-09-30
2025-05-02,밸류에이션,지수 종가,KOSPI,2559.79,pt,금융위원회 지수시세정보(공공데이터포털),2026-09-30
2025-04-30,밸류에이션,지수 종가,KOSPI,2556.61,pt,금융위원회 지수시세정보(공공데이터포털),2026-09-30
2025-04-29,밸류에이션,지수 종가,KOSPI,2565.42,pt,금융위원회 지수시세정보(공공데이터포털),2026-09-30
2025-04-28,밸류에이션,지수 종가,KOSPI,2548.86,pt,금융위원회 지수시세정보(공공데이터포털),2026-09-30
2025-04-25,밸류에이션,지수 종가,KOSPI,2546.3,pt,금융위원회 지수시세정보(공공데이터포털),2026-09-30
2025-04-24,밸류에이션,지수 종가,KOSPI,2522.33,pt,금융위원회 지수시세정보(공공데이터포털),2026-09-30
2025-04-23,밸류에이션,지수 종가,KOSPI,2525.56,pt,금융위원회 지수시세정보(공공데이터포털),2026-09-30
2025-04-22,밸류에이션,지수 종가,KOSPI,2486.64,pt,금융위원회 지수시세정보(공공데이터포털),2026-09-30
2025-04-21,밸류에이션,지수 종가,KOSPI,2488.42,pt,금융위원회 지수시세정보(공공데이터포털),2026-09-30
2025-04-18,밸류에이션,지수 종가,KOSPI,2483.42,pt,금융위원회 지수시세정보(공공데이터포털),2026-09-30
2025-04-17,밸류에이션,지수 종가,KOSPI,2470.41,pt,금융위원회 지수시세정보(공공데이터포털),2026-09-30
2025-04-16,밸류에이션,지수 종가,KOSPI,2447.43,pt,금융위원회 지수시세정보(공공데이터포털),2026-09-30
2025-04-15,밸류에이션,지수 종가,KOSPI,2477.41,pt,금융위원회 지수시세정보(공공데이터포털),2026-09-30
2025-04-14,밸류에이션,지수 종가,KOSPI,2455.89,pt,금융위원회 지수시세정보(공공데이터포털),2026-09-30
2025-04-11,밸류에이션,지수 종가,KOSPI,2432.72,pt,금융위원회 지수시세정보(공공데이터포털),2026-09-30
2025-04-10,밸류에이션,지수 종가,KOSPI,2445.06,pt,금융위원회 지수시세정보(공공데이터포털),2026-09-30
2025-04-09,밸류에이션,지수 종가,KOSPI,2293.7,pt,금융위원회 지수시세정보(공공데이터포털),2026-09-30
2025-04-08,밸류에이션,지수 종가,KOSPI,2334.23,pt,금융위원회 지수시세정보(공공데이터포털),2026-09-30
2025-04-07,밸류에이션,지수 종가,KOSPI,2328.2,pt,금융위원회 지수시세정보(공공데이터포털),2026-09-30
2025-04-04,밸류에이션,지수 종가,KOSPI,2465.42,pt,금융위원회 지수시세정보(공공데이터포털),2026-09-30
2025-04-03,밸류에이션,지수 종가,KOSPI,2486.7,pt,금융위원회 지수시세정보(공공데이터포털),2026-09-30
2025-04-02,밸류에이션,지수 종가,KOSPI,2505.86,pt,금융위원회 지수시세정보(공공데이터포털),2026-09-30
2025-04-01,밸류에이션,지수 종가,KOSPI,2521.39,pt,금융위원회 지수시세정보(공공데이터포털),2026-09-30
2025-03-31,밸류에이션,지수 종가,KOSPI,2481.12,pt,금융위원회 지수시세정보(공공데이터포털),2026-09-30
2025-03-28,밸류에이션,지수 종가,KOSPI,2557.98,pt,금융위원회 지수시세정보(공공데이터포털),2026-09-30
2025-03-27,밸류에이션,지수 종가,KOSPI,2607.15,pt,금융위원회 지수시세정보(공공데이터포털),2026-09-30
2025-03-26,밸류에이션,지수 종가,KOSPI,2643.94,pt,금융위원회 지수시세정보(공공데이터포털),2026-09-30
2025-03-25,밸류에이션,지수 종가,KOSPI,2615.81,pt,금융위원회 지수시세정보(공공데이터포털),2026-09-30
2025-03-24,밸류에이션,지수 종가,KOSPI,2632.07,pt,금융위원회 지수시세정보(공공데이터포털),2026-09-30
2025-03-21,밸류에이션,지수 종가,KOSPI,2643.13,pt,금융위원회 지수시세정보(공공데이터포털),2026-09-30
2025-03-20,밸류에이션,지수 종가,KOSPI,2637.1,pt,금융위원회 지수시세정보(공공데이터포털),2026-09-30
2025-03-19,밸류에이션,지수 종가,KOSPI,2628.62,pt,금융위원회 지수시세정보(공공데이터포털),2026-09-30
2025-03-18,밸류에이션,지수 종가,KOSPI,2612.34,pt,금융위원회 지수시세정보(공공데이터포털),2026-09-30
2025-03-17,밸류에이션,지수 종가,KOSPI,2610.69,pt,금융위원회 지수시세정보(공공데이터포털),2026-09-30
2025-03-14,밸류에이션,지수 종가,KOSPI,2566.36,pt,금융위원회 지수시세정보(공공데이터포털),2026-09-30
2025-03-13,밸류에이션,지수 종가,KOSPI,2573.64,pt,금융위원회 지수시세정보(공공데이터포털),2026-09-30
2025-03-12,밸류에이션,지수 종가,KOSPI,2574.82,pt,금융위원회 지수시세정보(공공데이터포털),2026-09-30
2025-03-11,밸류에이션,지수 종가,KOSPI,2537.6,pt,금융위원회 지수시세정보(공공데이터포털),2026-09-30
2025-03-10,밸류에이션,지수 종가,KOSPI,2570.39,pt,금융위원회 지수시세정보(공공데이터포털),2026-09-30
2025-03-07,밸류에이션,지수 종가,KOSPI,2563.48,pt,금융위원회 지수시세정보(공공데이터포털),2026-09-30
2025-03-06,밸류에이션,지수 종가,KOSPI,2576.16,pt,금융위원회 지수시세정보(공공데이터포털),2026-09-30
2025-03-05,밸류에이션,지수 종가,KOSPI,2558.13,pt,금융위원회 지수시세정보(공공데이터포털),2026-09-30
2025-03-04,밸류에이션,지수 종가,KOSPI,2528.92,pt,금융위원회 지수시세정보(공공데이터포털),2026-09-30
2025-02-28,밸류에이션,지수 종가,KOSPI,2532.78,pt,금융위원회 지수시세정보(공공데이터포털),2026-09-30
2025-02-27,밸류에이션,지수 종가,KOSPI,2621.75,pt,금융위원회 지수시세정보(공공데이터포털),2026-09-30
2025-02-26,밸류에이션,지수 종가,KOSPI,2641.09,pt,금융위원회 지수시세정보(공공데이터포털),2026-09-30
2025-02-25,밸류에이션,지수 종가,KOSPI,2630.29,pt,금융위원회 지수시세정보(공공데이터포털),2026-09-30
2025-02-24,밸류에이션,지수 종가,KOSPI,2645.27,pt,금융위원회 지수시세정보(공공데이터포털),2026-09-30
2025-02-21,밸류에이션,지수 종가,KOSPI,2654.58,pt,금융위원회 지수시세정보(공공데이터포털),2026-09-30
2025-02-20,밸류에이션,지수 종가,KOSPI,2654.06,pt,금융위원회 지수시세정보(공공데이터포털),2026-09-30
2025-02-19,밸류에이션,지수 종가,KOSPI,2671.52,pt,금융위원회 지수시세정보(공공데이터포털),2026-09-30
2025-02-18,밸류에이션,지수 종가,KOSPI,2626.81,pt,금융위원회 지수시세정보(공공데이터포털),2026-09-30
2025-02-17,밸류에이션,지수 종가,KOSPI,2610.42,pt,금융위원회 지수시세정보(공공데이터포털),2026-09-30
2025-02-14,밸류에이션,지수 종가,KOSPI,2591.05,pt,금융위원회 지수시세정보(공공데이터포털),2026-09-30
2025-02-13,밸류에이션,지수 종가,KOSPI,2583.17,pt,금융위원회 지수시세정보(공공데이터포털),2026-09-30
2025-02-12,밸류에이션,지수 종가,KOSPI,2548.39,pt,금융위원회 지수시세정보(공공데이터포털),2026-09-30
2025-02-11,밸류에이션,지수 종가,KOSPI,2539.05,pt,금융위원회 지수시세정보(공공데이터포털),2026-09-30
2025-02-10,밸류에이션,지수 종가,KOSPI,2521.27,pt,금융위원회 지수시세정보(공공데이터포털),2026-09-30
2025-02-07,밸류에이션,지수 종가,KOSPI,2521.92,pt,금융위원회 지수시세정보(공공데이터포털),2026-09-30
2025-02-06,밸류에이션,지수 종가,KOSPI,2536.75,pt,금융위원회 지수시세정보(공공데이터포털),2026-09-30
2025-02-05,밸류에이션,지수 종가,KOSPI,2509.27,pt,금융위원회 지수시세정보(공공데이터포털),2026-09-30
2025-02-04,밸류에이션,지수 종가,KOSPI,2481.69,pt,금융위원회 지수시세정보(공공데이터포털),2026-09-30
2025-02-03,밸류에이션,지수 종가,KOSPI,2453.95,pt,금융위원회 지수시세정보(공공데이터포털),2026-09-30
2025-01-31,밸류에이션,지수 종가,KOSPI,2517.37,pt,금융위원회 지수시세정보(공공데이터포털),2026-09-30
2025-01-24,밸류에이션,지수 종가,KOSPI,2536.8,pt,금융위원회 지수시세정보(공공데이터포털),2026-09-30
2025-01-23,밸류에이션,지수 종가,KOSPI,2515.49,pt,금융위원회 지수시세정보(공공데이터포털),2026-09-30
2025-01-22,밸류에이션,지수 종가,KOSPI,2547.06,pt,금융위원회 지수시세정보(공공데이터포털),2026-09-30
2025-01-21,밸류에이션,지수 종가,KOSPI,2518.03,pt,금융위원회 지수시세정보(공공데이터포털),2026-09-30
2025-01-20,밸류에이션,지수 종가,KOSPI,2520.05,pt,금융위원회 지수시세정보(공공데이터포털),2026-09-30
2025-01-17,밸류에이션,지수 종가,KOSPI,2523.55,pt,금융위원회 지수시세정보(공공데이터포털),2026-09-30
2025-01-16,밸류에이션,지수 종가,KOSPI,2527.49,pt,금융위원회 지수시세정보(공공데이터포털),2026-09-30
2025-01-15,밸류에이션,지수 종가,KOSPI,2496.81,pt,금융위원회 지수시세정보(공공데이터포털),2026-09-30
2025-01-14,밸류에이션,지수 종가,KOSPI,2497.4,pt,금융위원회 지수시세정보(공공데이터포털),2026-09-30
2025-01-13,밸류에이션,지수 종가,KOSPI,2489.56,pt,금융위원회 지수시세정보(공공데이터포털),2026-09-30
2025-01-10,밸류에이션,지수 종가,KOSPI,2515.78,pt,금융위원회 지수시세정보(공공데이터포털),2026-09-30
2025-01-09,밸류에이션,지수 종가,KOSPI,2521.9,pt,금융위원회 지수시세정보(공공데이터포털),2026-09-30
2025-01-08,밸류에이션,지수 종가,KOSPI,2521.05,pt,금융위원회 지수시세정보(공공데이터포털),2026-09-30
2025-01-07,밸류에이션,지수 종가,KOSPI,2492.1,pt,금융위원회 지수시세정보(공공데이터포털),2026-09-30
2025-01-06,밸류에이션,지수 종가,KOSPI,2488.64,pt,금융위원회 지수시세정보(공공데이터포털),2026-09-30
2025-01-03,밸류에이션,지수 종가,KOSPI,2441.92,pt,금융위원회 지수시세정보(공공데이터포털),2026-09-30
2025-01-02,밸류에이션,지수 종가,KOSPI,2398.94,pt,금융위원회 지수시세정보(공공데이터포털),2026-09-30
2024-12-30,밸류에이션,지수 종가,KOSPI,2399.49,pt,금융위원회 지수시세정보(공공데이터포털),2026-09-30
2024-12-27,밸류에이션,지수 종가,KOSPI,2404.77,pt,금융위원회 지수시세정보(공공데이터포털),2026-09-30
2024-12-26,밸류에이션,지수 종가,KOSPI,2429.67,pt,금융위원회 지수시세정보(공공데이터포털),2026-09-30
2024-12-24,밸류에이션,지수 종가,KOSPI,2440.52,pt,금융위원회 지수시세정보(공공데이터포털),2026-09-30
2024-12-23,밸류에이션,지수 종가,KOSPI,2442.01,pt,금융위원회 지수시세정보(공공데이터포털),2026-09-30
2024-12-20,밸류에이션,지수 종가,KOSPI,2404.15,pt,금융위원회 지수시세정보(공공데이터포털),2026-09-30
2024-12-19,밸류에이션,지수 종가,KOSPI,2435.93,pt,금융위원회 지수시세정보(공공데이터포털),2026-09-30
2024-12-18,밸류에이션,지수 종가,KOSPI,2484.43,pt,금융위원회 지수시세정보(공공데이터포털),2026-09-30
2024-12-17,밸류에이션,지수 종가,KOSPI,2456.81,pt,금융위원회 지수시세정보(공공데이터포털),2026-09-30
2024-12-16,밸류에이션,지수 종가,KOSPI,2488.97,pt,금융위원회 지수시세정보(공공데이터포털),2026-09-30
2024-12-13,밸류에이션,지수 종가,KOSPI,2494.46,pt,금융위원회 지수시세정보(공공데이터포털),2026-09-30
2024-12-12,밸류에이션,지수 종가,KOSPI,2482.12,pt,금융위원회 지수시세정보(공공데이터포털),2026-09-30
2024-12-11,밸류에이션,지수 종가,KOSPI,2442.51,pt,금융위원회 지수시세정보(공공데이터포털),2026-09-30
2024-12-10,밸류에이션,지수 종가,KOSPI,2417.84,pt,금융위원회 지수시세정보(공공데이터포털),2026-09-30
2024-12-09,밸류에이션,지수 종가,KOSPI,2360.58,pt,금융위원회 지수시세정보(공공데이터포털),2026-09-30
2024-12-06,밸류에이션,지수 종가,KOSPI,2428.16,pt,금융위원회 지수시세정보(공공데이터포털),2026-09-30
2024-12-05,밸류에이션,지수 종가,KOSPI,2441.85,pt,금융위원회 지수시세정보(공공데이터포털),2026-09-30
2024-12-04,밸류에이션,지수 종가,KOSPI,2464,pt,금융위원회 지수시세정보(공공데이터포털),2026-09-30
2024-12-03,밸류에이션,지수 종가,KOSPI,2500.1,pt,금융위원회 지수시세정보(공공데이터포털),2026-09-30
2024-12-02,밸류에이션,지수 종가,KOSPI,2454.48,pt,금융위원회 지수시세정보(공공데이터포털),2026-09-30
2024-11-29,밸류에이션,지수 종가,KOSPI,2455.91,pt,금융위원회 지수시세정보(공공데이터포털),2026-09-30
2024-11-28,밸류에이션,지수 종가,KOSPI,2504.67,pt,금융위원회 지수시세정보(공공데이터포털),2026-09-30
2024-11-27,밸류에이션,지수 종가,KOSPI,2503.06,pt,금융위원회 지수시세정보(공공데이터포털),2026-09-30
2024-11-26,밸류에이션,지수 종가,KOSPI,2520.36,pt,금융위원회 지수시세정보(공공데이터포털),2026-09-30
2024-11-25,밸류에이션,지수 종가,KOSPI,2534.34,pt,금융위원회 지수시세정보(공공데이터포털),2026-09-30
2024-11-22,밸류에이션,지수 종가,KOSPI,2501.24,pt,금융위원회 지수시세정보(공공데이터포털),2026-09-30
2024-11-21,밸류에이션,지수 종가,KOSPI,2480.63,pt,금융위원회 지수시세정보(공공데이터포털),2026-09-30
2024-11-20,밸류에이션,지수 종가,KOSPI,2482.29,pt,금융위원회 지수시세정보(공공데이터포털),2026-09-30
2024-11-19,밸류에이션,지수 종가,KOSPI,2471.95,pt,금융위원회 지수시세정보(공공데이터포털),2026-09-30
2024-11-18,밸류에이션,지수 종가,KOSPI,2469.07,pt,금융위원회 지수시세정보(공공데이터포털),2026-09-30
2024-11-15,밸류에이션,지수 종가,KOSPI,2416.86,pt,금융위원회 지수시세정보(공공데이터포털),2026-09-30
2024-11-14,밸류에이션,지수 종가,KOSPI,2418.86,pt,금융위원회 지수시세정보(공공데이터포털),2026-09-30
2024-11-13,밸류에이션,지수 종가,KOSPI,2417.08,pt,금융위원회 지수시세정보(공공데이터포털),2026-09-30
2024-11-12,밸류에이션,지수 종가,KOSPI,2482.57,pt,금융위원회 지수시세정보(공공데이터포털),2026-09-30
2024-11-11,밸류에이션,지수 종가,KOSPI,2531.66,pt,금융위원회 지수시세정보(공공데이터포털),2026-09-30
2024-11-08,밸류에이션,지수 종가,KOSPI,2561.15,pt,금융위원회 지수시세정보(공공데이터포털),2026-09-30
2024-11-07,밸류에이션,지수 종가,KOSPI,2564.63,pt,금융위원회 지수시세정보(공공데이터포털),2026-09-30
2024-11-06,밸류에이션,지수 종가,KOSPI,2563.51,pt,금융위원회 지수시세정보(공공데이터포털),2026-09-30
2024-11-05,밸류에이션,지수 종가,KOSPI,2576.88,pt,금융위원회 지수시세정보(공공데이터포털),2026-09-30
2024-11-04,밸류에이션,지수 종가,KOSPI,2588.97,pt,금융위원회 지수시세정보(공공데이터포털),2026-09-30
2024-11-01,밸류에이션,지수 종가,KOSPI,2542.36,pt,금융위원회 지수시세정보(공공데이터포털),2026-09-30
2024-10-31,밸류에이션,지수 종가,KOSPI,2556.15,pt,금융위원회 지수시세정보(공공데이터포털),2026-09-30
2024-10-30,밸류에이션,지수 종가,KOSPI,2593.79,pt,금융위원회 지수시세정보(공공데이터포털),2026-09-30
2024-10-29,밸류에이션,지수 종가,KOSPI,2617.8,pt,금융위원회 지수시세정보(공공데이터포털),2026-09-30
2024-10-28,밸류에이션,지수 종가,KOSPI,2612.43,pt,금융위원회 지수시세정보(공공데이터포털),2026-09-30
2024-10-25,밸류에이션,지수 종가,KOSPI,2583.27,pt,금융위원회 지수시세정보(공공데이터포털),2026-09-30
2024-10-24,밸류에이션,지수 종가,KOSPI,2581.03,pt,금융위원회 지수시세정보(공공데이터포털),2026-09-30
2024-10-23,밸류에이션,지수 종가,KOSPI,2599.62,pt,금융위원회 지수시세정보(공공데이터포털),2026-09-30
2024-10-22,밸류에이션,지수 종가,KOSPI,2570.7,pt,금융위원회 지수시세정보(공공데이터포털),2026-09-30
2024-10-21,밸류에이션,지수 종가,KOSPI,2604.92,pt,금융위원회 지수시세정보(공공데이터포털),2026-09-30
2024-10-18,밸류에이션,지수 종가,KOSPI,2593.82,pt,금융위원회 지수시세정보(공공데이터포털),2026-09-30
2024-10-17,밸류에이션,지수 종가,KOSPI,2609.3,pt,금융위원회 지수시세정보(공공데이터포털),2026-09-30
2024-10-16,밸류에이션,지수 종가,KOSPI,2610.36,pt,금융위원회 지수시세정보(공공데이터포털),2026-09-30
2024-10-15,밸류에이션,지수 종가,KOSPI,2633.45,pt,금융위원회 지수시세정보(공공데이터포털),2026-09-30
2024-10-14,밸류에이션,지수 종가,KOSPI,2623.29,pt,금융위원회 지수시세정보(공공데이터포털),2026-09-30
2024-10-11,밸류에이션,지수 종가,KOSPI,2596.91,pt,금융위원회 지수시세정보(공공데이터포털),2026-09-30
2024-10-10,밸류에이션,지수 종가,KOSPI,2599.16,pt,금융위원회 지수시세정보(공공데이터포털),2026-09-30
2024-10-08,밸류에이션,지수 종가,KOSPI,2594.36,pt,금융위원회 지수시세정보(공공데이터포털),2026-09-30
2024-10-07,밸류에이션,지수 종가,KOSPI,2610.38,pt,금융위원회 지수시세정보(공공데이터포털),2026-09-30
2024-10-04,밸류에이션,지수 종가,KOSPI,2569.71,pt,금융위원회 지수시세정보(공공데이터포털),2026-09-30
2024-10-02,밸류에이션,지수 종가,KOSPI,2561.69,pt,금융위원회 지수시세정보(공공데이터포털),2026-09-30
2024-09-30,밸류에이션,지수 종가,KOSPI,2593.27,pt,금융위원회 지수시세정보(공공데이터포털),2026-09-30
2024-09-27,밸류에이션,지수 종가,KOSPI,2649.78,pt,금융위원회 지수시세정보(공공데이터포털),2026-09-30
2024-09-26,밸류에이션,지수 종가,KOSPI,2671.57,pt,금융위원회 지수시세정보(공공데이터포털),2026-09-30
2024-09-25,밸류에이션,지수 종가,KOSPI,2596.32,pt,금융위원회 지수시세정보(공공데이터포털),2026-09-30
2024-09-24,밸류에이션,지수 종가,KOSPI,2631.68,pt,금융위원회 지수시세정보(공공데이터포털),2026-09-30
2024-09-23,밸류에이션,지수 종가,KOSPI,2602.01,pt,금융위원회 지수시세정보(공공데이터포털),2026-09-30
2024-09-20,밸류에이션,지수 종가,KOSPI,2593.37,pt,금융위원회 지수시세정보(공공데이터포털),2026-09-30
2024-09-19,밸류에이션,지수 종가,KOSPI,2580.8,pt,금융위원회 지수시세정보(공공데이터포털),2026-09-30
2024-09-13,밸류에이션,지수 종가,KOSPI,2575.41,pt,금융위원회 지수시세정보(공공데이터포털),2026-09-30
2024-09-12,밸류에이션,지수 종가,KOSPI,2572.09,pt,금융위원회 지수시세정보(공공데이터포털),2026-09-30
2024-09-11,밸류에이션,지수 종가,KOSPI,2513.37,pt,금융위원회 지수시세정보(공공데이터포털),2026-09-30
2024-09-10,밸류에이션,지수 종가,KOSPI,2523.43,pt,금융위원회 지수시세정보(공공데이터포털),2026-09-30
2024-09-09,밸류에이션,지수 종가,KOSPI,2535.93,pt,금융위원회 지수시세정보(공공데이터포털),2026-09-30
2024-09-06,밸류에이션,지수 종가,KOSPI,2544.28,pt,금융위원회 지수시세정보(공공데이터포털),2026-09-30
2024-09-05,밸류에이션,지수 종가,KOSPI,2575.5,pt,금융위원회 지수시세정보(공공데이터포털),2026-09-30
2024-09-04,밸류에이션,지수 종가,KOSPI,2580.8,pt,금융위원회 지수시세정보(공공데이터포털),2026-09-30
2024-09-03,밸류에이션,지수 종가,KOSPI,2664.63,pt,금융위원회 지수시세정보(공공데이터포털),2026-09-30
2024-09-02,밸류에이션,지수 종가,KOSPI,2681,pt,금융위원회 지수시세정보(공공데이터포털),2026-09-30
2024-08-30,밸류에이션,지수 종가,KOSPI,2674.31,pt,금융위원회 지수시세정보(공공데이터포털),2026-09-30
2024-08-29,밸류에이션,지수 종가,KOSPI,2662.28,pt,금융위원회 지수시세정보(공공데이터포털),2026-09-30
2024-08-28,밸류에이션,지수 종가,KOSPI,2689.83,pt,금융위원회 지수시세정보(공공데이터포털),2026-09-30
2024-08-27,밸류에이션,지수 종가,KOSPI,2689.25,pt,금융위원회 지수시세정보(공공데이터포털),2026-09-30
2024-08-26,밸류에이션,지수 종가,KOSPI,2698.01,pt,금융위원회 지수시세정보(공공데이터포털),2026-09-30
2024-08-23,밸류에이션,지수 종가,KOSPI,2701.69,pt,금융위원회 지수시세정보(공공데이터포털),2026-09-30
2024-08-22,밸류에이션,지수 종가,KOSPI,2707.67,pt,금융위원회 지수시세정보(공공데이터포털),2026-09-30
2024-08-21,밸류에이션,지수 종가,KOSPI,2701.13,pt,금융위원회 지수시세정보(공공데이터포털),2026-09-30
2024-08-20,밸류에이션,지수 종가,KOSPI,2696.63,pt,금융위원회 지수시세정보(공공데이터포털),2026-09-30
2024-08-19,밸류에이션,지수 종가,KOSPI,2674.36,pt,금융위원회 지수시세정보(공공데이터포털),2026-09-30
2024-08-16,밸류에이션,지수 종가,KOSPI,2697.23,pt,금융위원회 지수시세정보(공공데이터포털),2026-09-30
2024-08-14,밸류에이션,지수 종가,KOSPI,2644.5,pt,금융위원회 지수시세정보(공공데이터포털),2026-09-30
2024-08-13,밸류에이션,지수 종가,KOSPI,2621.5,pt,금융위원회 지수시세정보(공공데이터포털),2026-09-30
2024-08-12,밸류에이션,지수 종가,KOSPI,2618.3,pt,금융위원회 지수시세정보(공공데이터포털),2026-09-30
2024-08-09,밸류에이션,지수 종가,KOSPI,2588.43,pt,금융위원회 지수시세정보(공공데이터포털),2026-09-30
2024-08-08,밸류에이션,지수 종가,KOSPI,2556.73,pt,금융위원회 지수시세정보(공공데이터포털),2026-09-30
2024-08-07,밸류에이션,지수 종가,KOSPI,2568.41,pt,금융위원회 지수시세정보(공공데이터포털),2026-09-30
2024-08-06,밸류에이션,지수 종가,KOSPI,2522.15,pt,금융위원회 지수시세정보(공공데이터포털),2026-09-30
2024-08-05,밸류에이션,지수 종가,KOSPI,2441.55,pt,금융위원회 지수시세정보(공공데이터포털),2026-09-30
2024-08-02,밸류에이션,지수 종가,KOSPI,2676.19,pt,금융위원회 지수시세정보(공공데이터포털),2026-09-30
2024-08-01,밸류에이션,지수 종가,KOSPI,2777.68,pt,금융위원회 지수시세정보(공공데이터포털),2026-09-30
2024-07-31,밸류에이션,지수 종가,KOSPI,2770.69,pt,금융위원회 지수시세정보(공공데이터포털),2026-09-30
2024-07-30,밸류에이션,지수 종가,KOSPI,2738.19,pt,금융위원회 지수시세정보(공공데이터포털),2026-09-30
2024-07-29,밸류에이션,지수 종가,KOSPI,2765.53,pt,금융위원회 지수시세정보(공공데이터포털),2026-09-30
2024-07-26,밸류에이션,지수 종가,KOSPI,2731.9,pt,금융위원회 지수시세정보(공공데이터포털),2026-09-30
2024-07-25,밸류에이션,지수 종가,KOSPI,2710.65,pt,금융위원회 지수시세정보(공공데이터포털),2026-09-30
2024-07-24,밸류에이션,지수 종가,KOSPI,2758.71,pt,금융위원회 지수시세정보(공공데이터포털),2026-09-30
2024-07-23,밸류에이션,지수 종가,KOSPI,2774.29,pt,금융위원회 지수시세정보(공공데이터포털),2026-09-30
2024-07-22,밸류에이션,지수 종가,KOSPI,2763.51,pt,금융위원회 지수시세정보(공공데이터포털),2026-09-30
2024-07-19,밸류에이션,지수 종가,KOSPI,2795.46,pt,금융위원회 지수시세정보(공공데이터포털),2026-09-30
2024-07-18,밸류에이션,지수 종가,KOSPI,2824.35,pt,금융위원회 지수시세정보(공공데이터포털),2026-09-30
2024-07-17,밸류에이션,지수 종가,KOSPI,2843.29,pt,금융위원회 지수시세정보(공공데이터포털),2026-09-30
2024-07-16,밸류에이션,지수 종가,KOSPI,2866.09,pt,금융위원회 지수시세정보(공공데이터포털),2026-09-30
2024-07-15,밸류에이션,지수 종가,KOSPI,2860.92,pt,금융위원회 지수시세정보(공공데이터포털),2026-09-30
2024-07-12,밸류에이션,지수 종가,KOSPI,2857,pt,금융위원회 지수시세정보(공공데이터포털),2026-09-30
2024-07-11,밸류에이션,지수 종가,KOSPI,2891.35,pt,금융위원회 지수시세정보(공공데이터포털),2026-09-30
2024-07-10,밸류에이션,지수 종가,KOSPI,2867.99,pt,금융위원회 지수시세정보(공공데이터포털),2026-09-30
2024-07-09,밸류에이션,지수 종가,KOSPI,2867.38,pt,금융위원회 지수시세정보(공공데이터포털),2026-09-30
2024-07-08,밸류에이션,지수 종가,KOSPI,2857.76,pt,금융위원회 지수시세정보(공공데이터포털),2026-09-30
2024-07-05,밸류에이션,지수 종가,KOSPI,2862.23,pt,금융위원회 지수시세정보(공공데이터포털),2026-09-30
2024-07-04,밸류에이션,지수 종가,KOSPI,2824.94,pt,금융위원회 지수시세정보(공공데이터포털),2026-09-30
2024-07-03,밸류에이션,지수 종가,KOSPI,2794.01,pt,금융위원회 지수시세정보(공공데이터포털),2026-09-30
2024-07-02,밸류에이션,지수 종가,KOSPI,2780.86,pt,금융위원회 지수시세정보(공공데이터포털),2026-09-30
2024-07-01,밸류에이션,지수 종가,KOSPI,2804.31,pt,금융위원회 지수시세정보(공공데이터포털),2026-09-30
2024-06-28,밸류에이션,지수 종가,KOSPI,2797.82,pt,금융위원회 지수시세정보(공공데이터포털),2026-09-30
2024-06-27,밸류에이션,지수 종가,KOSPI,2784.06,pt,금융위원회 지수시세정보(공공데이터포털),2026-09-30
2024-06-26,밸류에이션,지수 종가,KOSPI,2792.05,pt,금융위원회 지수시세정보(공공데이터포털),2026-09-30
2024-06-25,밸류에이션,지수 종가,KOSPI,2774.39,pt,금융위원회 지수시세정보(공공데이터포털),2026-09-30
2024-06-24,밸류에이션,지수 종가,KOSPI,2764.73,pt,금융위원회 지수시세정보(공공데이터포털),2026-09-30
2024-06-21,밸류에이션,지수 종가,KOSPI,2784.26,pt,금융위원회 지수시세정보(공공데이터포털),2026-09-30
2024-06-20,밸류에이션,지수 종가,KOSPI,2807.63,pt,금융위원회 지수시세정보(공공데이터포털),2026-09-30
2024-06-19,밸류에이션,지수 종가,KOSPI,2797.33,pt,금융위원회 지수시세정보(공공데이터포털),2026-09-30
2024-06-18,밸류에이션,지수 종가,KOSPI,2763.92,pt,금융위원회 지수시세정보(공공데이터포털),2026-09-30
2024-06-17,밸류에이션,지수 종가,KOSPI,2744.1,pt,금융위원회 지수시세정보(공공데이터포털),2026-09-30
2024-06-14,밸류에이션,지수 종가,KOSPI,2758.42,pt,금융위원회 지수시세정보(공공데이터포털),2026-09-30
2024-06-13,밸류에이션,지수 종가,KOSPI,2754.89,pt,금융위원회 지수시세정보(공공데이터포털),2026-09-30
2024-06-12,밸류에이션,지수 종가,KOSPI,2728.17,pt,금융위원회 지수시세정보(공공데이터포털),2026-09-30
2024-06-11,밸류에이션,지수 종가,KOSPI,2705.32,pt,금융위원회 지수시세정보(공공데이터포털),2026-09-30
2024-06-10,밸류에이션,지수 종가,KOSPI,2701.17,pt,금융위원회 지수시세정보(공공데이터포털),2026-09-30
2024-06-07,밸류에이션,지수 종가,KOSPI,2722.67,pt,금융위원회 지수시세정보(공공데이터포털),2026-09-30
2024-06-05,밸류에이션,지수 종가,KOSPI,2689.5,pt,금융위원회 지수시세정보(공공데이터포털),2026-09-30
2024-06-04,밸류에이션,지수 종가,KOSPI,2662.1,pt,금융위원회 지수시세정보(공공데이터포털),2026-09-30
2024-06-03,밸류에이션,지수 종가,KOSPI,2682.52,pt,금융위원회 지수시세정보(공공데이터포털),2026-09-30
2024-05-31,밸류에이션,지수 종가,KOSPI,2636.52,pt,금융위원회 지수시세정보(공공데이터포털),2026-09-30
2024-05-30,밸류에이션,지수 종가,KOSPI,2635.44,pt,금융위원회 지수시세정보(공공데이터포털),2026-09-30
2024-05-29,밸류에이션,지수 종가,KOSPI,2677.3,pt,금융위원회 지수시세정보(공공데이터포털),2026-09-30
2024-05-28,밸류에이션,지수 종가,KOSPI,2722.85,pt,금융위원회 지수시세정보(공공데이터포털),2026-09-30
2024-05-27,밸류에이션,지수 종가,KOSPI,2722.99,pt,금융위원회 지수시세정보(공공데이터포털),2026-09-30
2024-05-24,밸류에이션,지수 종가,KOSPI,2687.6,pt,금융위원회 지수시세정보(공공데이터포털),2026-09-30
2024-05-23,밸류에이션,지수 종가,KOSPI,2721.81,pt,금융위원회 지수시세정보(공공데이터포털),2026-09-30
2024-05-22,밸류에이션,지수 종가,KOSPI,2723.46,pt,금융위원회 지수시세정보(공공데이터포털),2026-09-30
2024-05-21,밸류에이션,지수 종가,KOSPI,2724.18,pt,금융위원회 지수시세정보(공공데이터포털),2026-09-30
2024-05-20,밸류에이션,지수 종가,KOSPI,2742.14,pt,금융위원회 지수시세정보(공공데이터포털),2026-09-30
2024-05-17,밸류에이션,지수 종가,KOSPI,2724.62,pt,금융위원회 지수시세정보(공공데이터포털),2026-09-30
2024-05-16,밸류에이션,지수 종가,KOSPI,2753,pt,금융위원회 지수시세정보(공공데이터포털),2026-09-30
2024-05-14,밸류에이션,지수 종가,KOSPI,2730.34,pt,금융위원회 지수시세정보(공공데이터포털),2026-09-30
2024-05-13,밸류에이션,지수 종가,KOSPI,2727.21,pt,금융위원회 지수시세정보(공공데이터포털),2026-09-30
2024-05-10,밸류에이션,지수 종가,KOSPI,2727.63,pt,금융위원회 지수시세정보(공공데이터포털),2026-09-30
2024-05-09,밸류에이션,지수 종가,KOSPI,2712.14,pt,금융위원회 지수시세정보(공공데이터포털),2026-09-30
2024-05-08,밸류에이션,지수 종가,KOSPI,2745.05,pt,금융위원회 지수시세정보(공공데이터포털),2026-09-30
2024-05-07,밸류에이션,지수 종가,KOSPI,2734.36,pt,금융위원회 지수시세정보(공공데이터포털),2026-09-30
2024-05-03,밸류에이션,지수 종가,KOSPI,2676.63,pt,금융위원회 지수시세정보(공공데이터포털),2026-09-30
2024-05-02,밸류에이션,지수 종가,KOSPI,2683.65,pt,금융위원회 지수시세정보(공공데이터포털),2026-09-30
2024-04-30,밸류에이션,지수 종가,KOSPI,2692.06,pt,금융위원회 지수시세정보(공공데이터포털),2026-09-30
2024-04-29,밸류에이션,지수 종가,KOSPI,2687.44,pt,금융위원회 지수시세정보(공공데이터포털),2026-09-30
2024-04-26,밸류에이션,지수 종가,KOSPI,2656.33,pt,금융위원회 지수시세정보(공공데이터포털),2026-09-30
2024-04-25,밸류에이션,지수 종가,KOSPI,2628.62,pt,금융위원회 지수시세정보(공공데이터포털),2026-09-30
2024-04-24,밸류에이션,지수 종가,KOSPI,2675.75,pt,금융위원회 지수시세정보(공공데이터포털),2026-09-30
2024-04-23,밸류에이션,지수 종가,KOSPI,2623.02,pt,금융위원회 지수시세정보(공공데이터포털),2026-09-30
2024-04-22,밸류에이션,지수 종가,KOSPI,2629.44,pt,금융위원회 지수시세정보(공공데이터포털),2026-09-30
2024-04-19,밸류에이션,지수 종가,KOSPI,2591.86,pt,금융위원회 지수시세정보(공공데이터포털),2026-09-30
2024-04-18,밸류에이션,지수 종가,KOSPI,2634.7,pt,금융위원회 지수시세정보(공공데이터포털),2026-09-30
2024-04-17,밸류에이션,지수 종가,KOSPI,2584.18,pt,금융위원회 지수시세정보(공공데이터포털),2026-09-30
2024-04-16,밸류에이션,지수 종가,KOSPI,2609.63,pt,금융위원회 지수시세정보(공공데이터포털),2026-09-30
2024-04-15,밸류에이션,지수 종가,KOSPI,2670.43,pt,금융위원회 지수시세정보(공공데이터포털),2026-09-30
2024-04-12,밸류에이션,지수 종가,KOSPI,2681.82,pt,금융위원회 지수시세정보(공공데이터포털),2026-09-30
2024-04-11,밸류에이션,지수 종가,KOSPI,2706.96,pt,금융위원회 지수시세정보(공공데이터포털),2026-09-30
2024-04-09,밸류에이션,지수 종가,KOSPI,2705.16,pt,금융위원회 지수시세정보(공공데이터포털),2026-09-30
2024-04-08,밸류에이션,지수 종가,KOSPI,2717.65,pt,금융위원회 지수시세정보(공공데이터포털),2026-09-30
2024-04-05,밸류에이션,지수 종가,KOSPI,2714.21,pt,금융위원회 지수시세정보(공공데이터포털),2026-09-30
2024-04-04,밸류에이션,지수 종가,KOSPI,2742,pt,금융위원회 지수시세정보(공공데이터포털),2026-09-30
2024-04-03,밸류에이션,지수 종가,KOSPI,2706.97,pt,금융위원회 지수시세정보(공공데이터포털),2026-09-30
2024-04-02,밸류에이션,지수 종가,KOSPI,2753.16,pt,금융위원회 지수시세정보(공공데이터포털),2026-09-30
2024-04-01,밸류에이션,지수 종가,KOSPI,2747.86,pt,금융위원회 지수시세정보(공공데이터포털),2026-09-30
2024-03-29,밸류에이션,지수 종가,KOSPI,2746.63,pt,금융위원회 지수시세정보(공공데이터포털),2026-09-30
2024-03-28,밸류에이션,지수 종가,KOSPI,2745.82,pt,금융위원회 지수시세정보(공공데이터포털),2026-09-30
2024-03-27,밸류에이션,지수 종가,KOSPI,2755.11,pt,금융위원회 지수시세정보(공공데이터포털),2026-09-30
2024-03-26,밸류에이션,지수 종가,KOSPI,2757.09,pt,금융위원회 지수시세정보(공공데이터포털),2026-09-30
2024-03-25,밸류에이션,지수 종가,KOSPI,2737.57,pt,금융위원회 지수시세정보(공공데이터포털),2026-09-30
2024-03-22,밸류에이션,지수 종가,KOSPI,2748.56,pt,금융위원회 지수시세정보(공공데이터포털),2026-09-30
2024-03-21,밸류에이션,지수 종가,KOSPI,2754.86,pt,금융위원회 지수시세정보(공공데이터포털),2026-09-30
2024-03-20,밸류에이션,지수 종가,KOSPI,2690.14,pt,금융위원회 지수시세정보(공공데이터포털),2026-09-30
2024-03-19,밸류에이션,지수 종가,KOSPI,2656.17,pt,금융위원회 지수시세정보(공공데이터포털),2026-09-30
2024-03-18,밸류에이션,지수 종가,KOSPI,2685.84,pt,금융위원회 지수시세정보(공공데이터포털),2026-09-30
2024-03-15,밸류에이션,지수 종가,KOSPI,2666.84,pt,금융위원회 지수시세정보(공공데이터포털),2026-09-30
2024-03-14,밸류에이션,지수 종가,KOSPI,2718.76,pt,금융위원회 지수시세정보(공공데이터포털),2026-09-30
2024-03-13,밸류에이션,지수 종가,KOSPI,2693.57,pt,금융위원회 지수시세정보(공공데이터포털),2026-09-30
2024-03-12,밸류에이션,지수 종가,KOSPI,2681.81,pt,금융위원회 지수시세정보(공공데이터포털),2026-09-30
2024-03-11,밸류에이션,지수 종가,KOSPI,2659.84,pt,금융위원회 지수시세정보(공공데이터포털),2026-09-30
2024-03-08,밸류에이션,지수 종가,KOSPI,2680.35,pt,금융위원회 지수시세정보(공공데이터포털),2026-09-30
2024-03-07,밸류에이션,지수 종가,KOSPI,2647.62,pt,금융위원회 지수시세정보(공공데이터포털),2026-09-30
2024-03-06,밸류에이션,지수 종가,KOSPI,2641.49,pt,금융위원회 지수시세정보(공공데이터포털),2026-09-30
2024-03-05,밸류에이션,지수 종가,KOSPI,2649.4,pt,금융위원회 지수시세정보(공공데이터포털),2026-09-30
2024-03-04,밸류에이션,지수 종가,KOSPI,2674.27,pt,금융위원회 지수시세정보(공공데이터포털),2026-09-30
2024-02-29,밸류에이션,지수 종가,KOSPI,2642.36,pt,금융위원회 지수시세정보(공공데이터포털),2026-09-30
2024-02-28,밸류에이션,지수 종가,KOSPI,2652.29,pt,금융위원회 지수시세정보(공공데이터포털),2026-09-30
2024-02-27,밸류에이션,지수 종가,KOSPI,2625.05,pt,금융위원회 지수시세정보(공공데이터포털),2026-09-30
2024-02-26,밸류에이션,지수 종가,KOSPI,2647.08,pt,금융위원회 지수시세정보(공공데이터포털),2026-09-30
2024-02-23,밸류에이션,지수 종가,KOSPI,2667.7,pt,금융위원회 지수시세정보(공공데이터포털),2026-09-30
2024-02-22,밸류에이션,지수 종가,KOSPI,2664.27,pt,금융위원회 지수시세정보(공공데이터포털),2026-09-30
2024-02-21,밸류에이션,지수 종가,KOSPI,2653.31,pt,금융위원회 지수시세정보(공공데이터포털),2026-09-30
2024-02-20,밸류에이션,지수 종가,KOSPI,2657.79,pt,금융위원회 지수시세정보(공공데이터포털),2026-09-30
2024-02-19,밸류에이션,지수 종가,KOSPI,2680.26,pt,금융위원회 지수시세정보(공공데이터포털),2026-09-30
2024-02-16,밸류에이션,지수 종가,KOSPI,2648.76,pt,금융위원회 지수시세정보(공공데이터포털),2026-09-30
2024-02-15,밸류에이션,지수 종가,KOSPI,2613.8,pt,금융위원회 지수시세정보(공공데이터포털),2026-09-30
2024-02-14,밸류에이션,지수 종가,KOSPI,2620.42,pt,금융위원회 지수시세정보(공공데이터포털),2026-09-30
2024-02-13,밸류에이션,지수 종가,KOSPI,2649.64,pt,금융위원회 지수시세정보(공공데이터포털),2026-09-30
2024-02-08,밸류에이션,지수 종가,KOSPI,2620.32,pt,금융위원회 지수시세정보(공공데이터포털),2026-09-30
2024-02-07,밸류에이션,지수 종가,KOSPI,2609.58,pt,금융위원회 지수시세정보(공공데이터포털),2026-09-30
2024-02-06,밸류에이션,지수 종가,KOSPI,2576.2,pt,금융위원회 지수시세정보(공공데이터포털),2026-09-30
2024-02-05,밸류에이션,지수 종가,KOSPI,2591.31,pt,금융위원회 지수시세정보(공공데이터포털),2026-09-30
2024-02-02,밸류에이션,지수 종가,KOSPI,2615.31,pt,금융위원회 지수시세정보(공공데이터포털),2026-09-30
2024-02-01,밸류에이션,지수 종가,KOSPI,2542.46,pt,금융위원회 지수시세정보(공공데이터포털),2026-09-30
2024-01-31,밸류에이션,지수 종가,KOSPI,2497.09,pt,금융위원회 지수시세정보(공공데이터포털),2026-09-30
2024-01-30,밸류에이션,지수 종가,KOSPI,2498.81,pt,금융위원회 지수시세정보(공공데이터포털),2026-09-30
2024-01-29,밸류에이션,지수 종가,KOSPI,2500.65,pt,금융위원회 지수시세정보(공공데이터포털),2026-09-30
2024-01-26,밸류에이션,지수 종가,KOSPI,2478.56,pt,금융위원회 지수시세정보(공공데이터포털),2026-09-30
2024-01-25,밸류에이션,지수 종가,KOSPI,2470.34,pt,금융위원회 지수시세정보(공공데이터포털),2026-09-30
2024-01-24,밸류에이션,지수 종가,KOSPI,2469.69,pt,금융위원회 지수시세정보(공공데이터포털),2026-09-30
2024-01-23,밸류에이션,지수 종가,KOSPI,2478.61,pt,금융위원회 지수시세정보(공공데이터포털),2026-09-30
2024-01-22,밸류에이션,지수 종가,KOSPI,2464.35,pt,금융위원회 지수시세정보(공공데이터포털),2026-09-30
2024-01-19,밸류에이션,지수 종가,KOSPI,2472.74,pt,금융위원회 지수시세정보(공공데이터포털),2026-09-30
2024-01-18,밸류에이션,지수 종가,KOSPI,2440.04,pt,금융위원회 지수시세정보(공공데이터포털),2026-09-30
2024-01-17,밸류에이션,지수 종가,KOSPI,2435.9,pt,금융위원회 지수시세정보(공공데이터포털),2026-09-30
2024-01-16,밸류에이션,지수 종가,KOSPI,2497.59,pt,금융위원회 지수시세정보(공공데이터포털),2026-09-30
2024-01-15,밸류에이션,지수 종가,KOSPI,2525.99,pt,금융위원회 지수시세정보(공공데이터포털),2026-09-30
2024-01-12,밸류에이션,지수 종가,KOSPI,2525.05,pt,금융위원회 지수시세정보(공공데이터포털),2026-09-30
2024-01-11,밸류에이션,지수 종가,KOSPI,2540.27,pt,금융위원회 지수시세정보(공공데이터포털),2026-09-30
2024-01-10,밸류에이션,지수 종가,KOSPI,2541.98,pt,금융위원회 지수시세정보(공공데이터포털),2026-09-30
2024-01-09,밸류에이션,지수 종가,KOSPI,2561.24,pt,금융위원회 지수시세정보(공공데이터포털),2026-09-30
2024-01-08,밸류에이션,지수 종가,KOSPI,2567.82,pt,금융위원회 지수시세정보(공공데이터포털),2026-09-30
2024-01-05,밸류에이션,지수 종가,KOSPI,2578.08,pt,금융위원회 지수시세정보(공공데이터포털),2026-09-30
2024-01-04,밸류에이션,지수 종가,KOSPI,2587.02,pt,금융위원회 지수시세정보(공공데이터포털),2026-09-30
2024-01-03,밸류에이션,지수 종가,KOSPI,2607.31,pt,금융위원회 지수시세정보(공공데이터포털),2026-09-30
2024-01-02,밸류에이션,지수 종가,KOSPI,2669.81,pt,금융위원회 지수시세정보(공공데이터포털),2026-09-30
2023-12-28,밸류에이션,지수 종가,KOSPI,2655.28,pt,금융위원회 지수시세정보(공공데이터포털),2026-09-30
2023-12-27,밸류에이션,지수 종가,KOSPI,2613.5,pt,금융위원회 지수시세정보(공공데이터포털),2026-09-30
2023-12-26,밸류에이션,지수 종가,KOSPI,2602.59,pt,금융위원회 지수시세정보(공공데이터포털),2026-09-30
2023-12-22,밸류에이션,지수 종가,KOSPI,2599.51,pt,금융위원회 지수시세정보(공공데이터포털),2026-09-30
2023-12-21,밸류에이션,지수 종가,KOSPI,2600.02,pt,금융위원회 지수시세정보(공공데이터포털),2026-09-30
2023-12-20,밸류에이션,지수 종가,KOSPI,2614.3,pt,금융위원회 지수시세정보(공공데이터포털),2026-09-30
2023-12-19,밸류에이션,지수 종가,KOSPI,2568.55,pt,금융위원회 지수시세정보(공공데이터포털),2026-09-30
2023-12-18,밸류에이션,지수 종가,KOSPI,2566.86,pt,금융위원회 지수시세정보(공공데이터포털),2026-09-30
2023-12-15,밸류에이션,지수 종가,KOSPI,2563.56,pt,금융위원회 지수시세정보(공공데이터포털),2026-09-30
2023-12-14,밸류에이션,지수 종가,KOSPI,2544.18,pt,금융위원회 지수시세정보(공공데이터포털),2026-09-30
2023-12-13,밸류에이션,지수 종가,KOSPI,2510.66,pt,금융위원회 지수시세정보(공공데이터포털),2026-09-30
2023-12-12,밸류에이션,지수 종가,KOSPI,2535.27,pt,금융위원회 지수시세정보(공공데이터포털),2026-09-30
2023-12-11,밸류에이션,지수 종가,KOSPI,2525.36,pt,금융위원회 지수시세정보(공공데이터포털),2026-09-30
2023-12-08,밸류에이션,지수 종가,KOSPI,2517.85,pt,금융위원회 지수시세정보(공공데이터포털),2026-09-30
2023-12-07,밸류에이션,지수 종가,KOSPI,2492.07,pt,금융위원회 지수시세정보(공공데이터포털),2026-09-30
2023-12-06,밸류에이션,지수 종가,KOSPI,2495.38,pt,금융위원회 지수시세정보(공공데이터포털),2026-09-30
2023-12-05,밸류에이션,지수 종가,KOSPI,2494.28,pt,금융위원회 지수시세정보(공공데이터포털),2026-09-30
2023-12-04,밸류에이션,지수 종가,KOSPI,2514.95,pt,금융위원회 지수시세정보(공공데이터포털),2026-09-30
2023-12-01,밸류에이션,지수 종가,KOSPI,2505.01,pt,금융위원회 지수시세정보(공공데이터포털),2026-09-30
2023-11-30,밸류에이션,지수 종가,KOSPI,2535.29,pt,금융위원회 지수시세정보(공공데이터포털),2026-09-30
2023-11-29,밸류에이션,지수 종가,KOSPI,2519.81,pt,금융위원회 지수시세정보(공공데이터포털),2026-09-30
2023-11-28,밸류에이션,지수 종가,KOSPI,2521.76,pt,금융위원회 지수시세정보(공공데이터포털),2026-09-30
2023-11-27,밸류에이션,지수 종가,KOSPI,2495.66,pt,금융위원회 지수시세정보(공공데이터포털),2026-09-30
2023-11-24,밸류에이션,지수 종가,KOSPI,2496.63,pt,금융위원회 지수시세정보(공공데이터포털),2026-09-30
2023-11-23,밸류에이션,지수 종가,KOSPI,2514.96,pt,금융위원회 지수시세정보(공공데이터포털),2026-09-30
2023-11-22,밸류에이션,지수 종가,KOSPI,2511.7,pt,금융위원회 지수시세정보(공공데이터포털),2026-09-30
2023-11-21,밸류에이션,지수 종가,KOSPI,2510.42,pt,금융위원회 지수시세정보(공공데이터포털),2026-09-30
2023-11-20,밸류에이션,지수 종가,KOSPI,2491.2,pt,금융위원회 지수시세정보(공공데이터포털),2026-09-30
2023-11-17,밸류에이션,지수 종가,KOSPI,2469.85,pt,금융위원회 지수시세정보(공공데이터포털),2026-09-30
2023-11-16,밸류에이션,지수 종가,KOSPI,2488.18,pt,금융위원회 지수시세정보(공공데이터포털),2026-09-30
2023-11-15,밸류에이션,지수 종가,KOSPI,2486.67,pt,금융위원회 지수시세정보(공공데이터포털),2026-09-30
2023-11-14,밸류에이션,지수 종가,KOSPI,2433.25,pt,금융위원회 지수시세정보(공공데이터포털),2026-09-30
2023-11-13,밸류에이션,지수 종가,KOSPI,2403.76,pt,금융위원회 지수시세정보(공공데이터포털),2026-09-30
2023-11-10,밸류에이션,지수 종가,KOSPI,2409.66,pt,금융위원회 지수시세정보(공공데이터포털),2026-09-30
2023-11-09,밸류에이션,지수 종가,KOSPI,2427.08,pt,금융위원회 지수시세정보(공공데이터포털),2026-09-30
2023-11-08,밸류에이션,지수 종가,KOSPI,2421.62,pt,금융위원회 지수시세정보(공공데이터포털),2026-09-30
2023-11-07,밸류에이션,지수 종가,KOSPI,2443.96,pt,금융위원회 지수시세정보(공공데이터포털),2026-09-30
2023-11-06,밸류에이션,지수 종가,KOSPI,2502.37,pt,금융위원회 지수시세정보(공공데이터포털),2026-09-30
2023-11-03,밸류에이션,지수 종가,KOSPI,2368.34,pt,금융위원회 지수시세정보(공공데이터포털),2026-09-30
2023-11-02,밸류에이션,지수 종가,KOSPI,2343.12,pt,금융위원회 지수시세정보(공공데이터포털),2026-09-30
2023-11-01,밸류에이션,지수 종가,KOSPI,2301.56,pt,금융위원회 지수시세정보(공공데이터포털),2026-09-30
2023-10-31,밸류에이션,지수 종가,KOSPI,2277.99,pt,금융위원회 지수시세정보(공공데이터포털),2026-09-30
2023-10-30,밸류에이션,지수 종가,KOSPI,2310.55,pt,금융위원회 지수시세정보(공공데이터포털),2026-09-30
2023-10-27,밸류에이션,지수 종가,KOSPI,2302.81,pt,금융위원회 지수시세정보(공공데이터포털),2026-09-30
2023-10-26,밸류에이션,지수 종가,KOSPI,2299.08,pt,금융위원회 지수시세정보(공공데이터포털),2026-09-30
2023-10-25,밸류에이션,지수 종가,KOSPI,2363.17,pt,금융위원회 지수시세정보(공공데이터포털),2026-09-30
2023-10-24,밸류에이션,지수 종가,KOSPI,2383.51,pt,금융위원회 지수시세정보(공공데이터포털),2026-09-30
2023-10-23,밸류에이션,지수 종가,KOSPI,2357.02,pt,금융위원회 지수시세정보(공공데이터포털),2026-09-30
2023-10-20,밸류에이션,지수 종가,KOSPI,2375,pt,금융위원회 지수시세정보(공공데이터포털),2026-09-30
2023-10-19,밸류에이션,지수 종가,KOSPI,2415.8,pt,금융위원회 지수시세정보(공공데이터포털),2026-09-30
2023-10-18,밸류에이션,지수 종가,KOSPI,2462.6,pt,금융위원회 지수시세정보(공공데이터포털),2026-09-30
2023-10-17,밸류에이션,지수 종가,KOSPI,2460.17,pt,금융위원회 지수시세정보(공공데이터포털),2026-09-30
2023-10-16,밸류에이션,지수 종가,KOSPI,2436.24,pt,금융위원회 지수시세정보(공공데이터포털),2026-09-30
2023-10-13,밸류에이션,지수 종가,KOSPI,2456.15,pt,금융위원회 지수시세정보(공공데이터포털),2026-09-30
2023-10-12,밸류에이션,지수 종가,KOSPI,2479.82,pt,금융위원회 지수시세정보(공공데이터포털),2026-09-30
2023-10-11,밸류에이션,지수 종가,KOSPI,2450.08,pt,금융위원회 지수시세정보(공공데이터포털),2026-09-30
2023-10-10,밸류에이션,지수 종가,KOSPI,2402.58,pt,금융위원회 지수시세정보(공공데이터포털),2026-09-30
2023-10-06,밸류에이션,지수 종가,KOSPI,2408.73,pt,금융위원회 지수시세정보(공공데이터포털),2026-09-30
2023-10-05,밸류에이션,지수 종가,KOSPI,2403.6,pt,금융위원회 지수시세정보(공공데이터포털),2026-09-30
2023-10-04,밸류에이션,지수 종가,KOSPI,2405.69,pt,금융위원회 지수시세정보(공공데이터포털),2026-09-30
2023-09-27,밸류에이션,지수 종가,KOSPI,2465.07,pt,금융위원회 지수시세정보(공공데이터포털),2026-09-30
2023-09-26,밸류에이션,지수 종가,KOSPI,2462.97,pt,금융위원회 지수시세정보(공공데이터포털),2026-09-30
2023-09-25,밸류에이션,지수 종가,KOSPI,2495.76,pt,금융위원회 지수시세정보(공공데이터포털),2026-09-30
2023-09-22,밸류에이션,지수 종가,KOSPI,2508.13,pt,금융위원회 지수시세정보(공공데이터포털),2026-09-30
2023-09-21,밸류에이션,지수 종가,KOSPI,2514.97,pt,금융위원회 지수시세정보(공공데이터포털),2026-09-30
2023-09-20,밸류에이션,지수 종가,KOSPI,2559.74,pt,금융위원회 지수시세정보(공공데이터포털),2026-09-30
2023-09-19,밸류에이션,지수 종가,KOSPI,2559.21,pt,금융위원회 지수시세정보(공공데이터포털),2026-09-30
2023-09-18,밸류에이션,지수 종가,KOSPI,2574.72,pt,금융위원회 지수시세정보(공공데이터포털),2026-09-30
2023-09-15,밸류에이션,지수 종가,KOSPI,2601.28,pt,금융위원회 지수시세정보(공공데이터포털),2026-09-30
2023-09-14,밸류에이션,지수 종가,KOSPI,2572.89,pt,금융위원회 지수시세정보(공공데이터포털),2026-09-30
2023-09-13,밸류에이션,지수 종가,KOSPI,2534.7,pt,금융위원회 지수시세정보(공공데이터포털),2026-09-30
2023-09-12,밸류에이션,지수 종가,KOSPI,2536.58,pt,금융위원회 지수시세정보(공공데이터포털),2026-09-30
2023-09-11,밸류에이션,지수 종가,KOSPI,2556.88,pt,금융위원회 지수시세정보(공공데이터포털),2026-09-30
2023-09-08,밸류에이션,지수 종가,KOSPI,2547.68,pt,금융위원회 지수시세정보(공공데이터포털),2026-09-30
2023-09-07,밸류에이션,지수 종가,KOSPI,2548.26,pt,금융위원회 지수시세정보(공공데이터포털),2026-09-30
2023-09-06,밸류에이션,지수 종가,KOSPI,2563.34,pt,금융위원회 지수시세정보(공공데이터포털),2026-09-30
2023-09-05,밸류에이션,지수 종가,KOSPI,2582.18,pt,금융위원회 지수시세정보(공공데이터포털),2026-09-30
2023-09-04,밸류에이션,지수 종가,KOSPI,2584.55,pt,금융위원회 지수시세정보(공공데이터포털),2026-09-30
2023-09-01,밸류에이션,지수 종가,KOSPI,2563.71,pt,금융위원회 지수시세정보(공공데이터포털),2026-09-30
2023-08-31,밸류에이션,지수 종가,KOSPI,2556.27,pt,금융위원회 지수시세정보(공공데이터포털),2026-09-30
2023-08-30,밸류에이션,지수 종가,KOSPI,2561.22,pt,금융위원회 지수시세정보(공공데이터포털),2026-09-30
2023-08-29,밸류에이션,지수 종가,KOSPI,2552.16,pt,금융위원회 지수시세정보(공공데이터포털),2026-09-30
2023-08-28,밸류에이션,지수 종가,KOSPI,2543.41,pt,금융위원회 지수시세정보(공공데이터포털),2026-09-30
2023-08-25,밸류에이션,지수 종가,KOSPI,2519.14,pt,금융위원회 지수시세정보(공공데이터포털),2026-09-30
2023-08-24,밸류에이션,지수 종가,KOSPI,2537.68,pt,금융위원회 지수시세정보(공공데이터포털),2026-09-30
2023-08-23,밸류에이션,지수 종가,KOSPI,2505.5,pt,금융위원회 지수시세정보(공공데이터포털),2026-09-30
2023-08-22,밸류에이션,지수 종가,KOSPI,2515.74,pt,금융위원회 지수시세정보(공공데이터포털),2026-09-30
2023-08-21,밸류에이션,지수 종가,KOSPI,2508.8,pt,금융위원회 지수시세정보(공공데이터포털),2026-09-30
2023-08-18,밸류에이션,지수 종가,KOSPI,2504.5,pt,금융위원회 지수시세정보(공공데이터포털),2026-09-30
2023-08-17,밸류에이션,지수 종가,KOSPI,2519.85,pt,금융위원회 지수시세정보(공공데이터포털),2026-09-30
2023-08-16,밸류에이션,지수 종가,KOSPI,2525.64,pt,금융위원회 지수시세정보(공공데이터포털),2026-09-30
2023-08-14,밸류에이션,지수 종가,KOSPI,2570.87,pt,금융위원회 지수시세정보(공공데이터포털),2026-09-30
2023-08-11,밸류에이션,지수 종가,KOSPI,2591.26,pt,금융위원회 지수시세정보(공공데이터포털),2026-09-30
2023-08-10,밸류에이션,지수 종가,KOSPI,2601.56,pt,금융위원회 지수시세정보(공공데이터포털),2026-09-30
2023-08-09,밸류에이션,지수 종가,KOSPI,2605.12,pt,금융위원회 지수시세정보(공공데이터포털),2026-09-30
2023-08-08,밸류에이션,지수 종가,KOSPI,2573.98,pt,금융위원회 지수시세정보(공공데이터포털),2026-09-30
2023-08-07,밸류에이션,지수 종가,KOSPI,2580.71,pt,금융위원회 지수시세정보(공공데이터포털),2026-09-30
2023-08-04,밸류에이션,지수 종가,KOSPI,2602.8,pt,금융위원회 지수시세정보(공공데이터포털),2026-09-30
2023-08-03,밸류에이션,지수 종가,KOSPI,2605.39,pt,금융위원회 지수시세정보(공공데이터포털),2026-09-30
2023-08-02,밸류에이션,지수 종가,KOSPI,2616.47,pt,금융위원회 지수시세정보(공공데이터포털),2026-09-30
2023-08-01,밸류에이션,지수 종가,KOSPI,2667.07,pt,금융위원회 지수시세정보(공공데이터포털),2026-09-30
2023-07-31,밸류에이션,지수 종가,KOSPI,2632.58,pt,금융위원회 지수시세정보(공공데이터포털),2026-09-30
2023-07-28,밸류에이션,지수 종가,KOSPI,2608.32,pt,금융위원회 지수시세정보(공공데이터포털),2026-09-30
2023-07-27,밸류에이션,지수 종가,KOSPI,2603.81,pt,금융위원회 지수시세정보(공공데이터포털),2026-09-30
2023-07-26,밸류에이션,지수 종가,KOSPI,2592.36,pt,금융위원회 지수시세정보(공공데이터포털),2026-09-30
2023-07-25,밸류에이션,지수 종가,KOSPI,2636.46,pt,금융위원회 지수시세정보(공공데이터포털),2026-09-30
2023-07-24,밸류에이션,지수 종가,KOSPI,2628.53,pt,금융위원회 지수시세정보(공공데이터포털),2026-09-30
2023-07-21,밸류에이션,지수 종가,KOSPI,2609.76,pt,금융위원회 지수시세정보(공공데이터포털),2026-09-30
2023-07-20,밸류에이션,지수 종가,KOSPI,2600.23,pt,금융위원회 지수시세정보(공공데이터포털),2026-09-30
2023-07-19,밸류에이션,지수 종가,KOSPI,2608.24,pt,금융위원회 지수시세정보(공공데이터포털),2026-09-30
2023-07-18,밸류에이션,지수 종가,KOSPI,2607.62,pt,금융위원회 지수시세정보(공공데이터포털),2026-09-30
2023-07-17,밸류에이션,지수 종가,KOSPI,2619,pt,금융위원회 지수시세정보(공공데이터포털),2026-09-30
2023-07-14,밸류에이션,지수 종가,KOSPI,2628.3,pt,금융위원회 지수시세정보(공공데이터포털),2026-09-30
2023-07-13,밸류에이션,지수 종가,KOSPI,2591.23,pt,금융위원회 지수시세정보(공공데이터포털),2026-09-30
2023-07-12,밸류에이션,지수 종가,KOSPI,2574.72,pt,금융위원회 지수시세정보(공공데이터포털),2026-09-30
2023-07-11,밸류에이션,지수 종가,KOSPI,2562.49,pt,금융위원회 지수시세정보(공공데이터포털),2026-09-30
2023-07-10,밸류에이션,지수 종가,KOSPI,2520.7,pt,금융위원회 지수시세정보(공공데이터포털),2026-09-30
2023-07-07,밸류에이션,지수 종가,KOSPI,2526.71,pt,금융위원회 지수시세정보(공공데이터포털),2026-09-30
2023-07-06,밸류에이션,지수 종가,KOSPI,2556.29,pt,금융위원회 지수시세정보(공공데이터포털),2026-09-30
2023-07-05,밸류에이션,지수 종가,KOSPI,2579,pt,금융위원회 지수시세정보(공공데이터포털),2026-09-30
2023-07-04,밸류에이션,지수 종가,KOSPI,2593.31,pt,금융위원회 지수시세정보(공공데이터포털),2026-09-30
2023-07-03,밸류에이션,지수 종가,KOSPI,2602.47,pt,금융위원회 지수시세정보(공공데이터포털),2026-09-30
2023-06-30,밸류에이션,지수 종가,KOSPI,2564.28,pt,금융위원회 지수시세정보(공공데이터포털),2026-09-30
2023-06-29,밸류에이션,지수 종가,KOSPI,2550.02,pt,금융위원회 지수시세정보(공공데이터포털),2026-09-30
2023-06-28,밸류에이션,지수 종가,KOSPI,2564.19,pt,금융위원회 지수시세정보(공공데이터포털),2026-09-30
2023-06-27,밸류에이션,지수 종가,KOSPI,2581.39,pt,금융위원회 지수시세정보(공공데이터포털),2026-09-30
2023-06-26,밸류에이션,지수 종가,KOSPI,2582.2,pt,금융위원회 지수시세정보(공공데이터포털),2026-09-30
2023-06-23,밸류에이션,지수 종가,KOSPI,2570.1,pt,금융위원회 지수시세정보(공공데이터포털),2026-09-30
2023-06-22,밸류에이션,지수 종가,KOSPI,2593.7,pt,금융위원회 지수시세정보(공공데이터포털),2026-09-30
2023-06-21,밸류에이션,지수 종가,KOSPI,2582.63,pt,금융위원회 지수시세정보(공공데이터포털),2026-09-30
2023-06-20,밸류에이션,지수 종가,KOSPI,2604.91,pt,금융위원회 지수시세정보(공공데이터포털),2026-09-30
2023-06-19,밸류에이션,지수 종가,KOSPI,2609.5,pt,금융위원회 지수시세정보(공공데이터포털),2026-09-30
2023-06-16,밸류에이션,지수 종가,KOSPI,2625.79,pt,금융위원회 지수시세정보(공공데이터포털),2026-09-30
2023-06-15,밸류에이션,지수 종가,KOSPI,2608.54,pt,금융위원회 지수시세정보(공공데이터포털),2026-09-30
2023-06-14,밸류에이션,지수 종가,KOSPI,2619.08,pt,금융위원회 지수시세정보(공공데이터포털),2026-09-30
2023-06-13,밸류에이션,지수 종가,KOSPI,2637.95,pt,금융위원회 지수시세정보(공공데이터포털),2026-09-30
2023-06-12,밸류에이션,지수 종가,KOSPI,2629.35,pt,금융위원회 지수시세정보(공공데이터포털),2026-09-30
2023-06-09,밸류에이션,지수 종가,KOSPI,2641.16,pt,금융위원회 지수시세정보(공공데이터포털),2026-09-30
2023-06-08,밸류에이션,지수 종가,KOSPI,2610.85,pt,금융위원회 지수시세정보(공공데이터포털),2026-09-30
2023-06-07,밸류에이션,지수 종가,KOSPI,2615.6,pt,금융위원회 지수시세정보(공공데이터포털),2026-09-30
2023-06-05,밸류에이션,지수 종가,KOSPI,2615.41,pt,금융위원회 지수시세정보(공공데이터포털),2026-09-30
2023-06-02,밸류에이션,지수 종가,KOSPI,2601.36,pt,금융위원회 지수시세정보(공공데이터포털),2026-09-30
2023-06-01,밸류에이션,지수 종가,KOSPI,2569.17,pt,금융위원회 지수시세정보(공공데이터포털),2026-09-30
2023-05-31,밸류에이션,지수 종가,KOSPI,2577.12,pt,금융위원회 지수시세정보(공공데이터포털),2026-09-30
2023-05-30,밸류에이션,지수 종가,KOSPI,2585.52,pt,금융위원회 지수시세정보(공공데이터포털),2026-09-30
2023-05-26,밸류에이션,지수 종가,KOSPI,2558.81,pt,금융위원회 지수시세정보(공공데이터포털),2026-09-30
2023-05-25,밸류에이션,지수 종가,KOSPI,2554.69,pt,금융위원회 지수시세정보(공공데이터포털),2026-09-30
2023-05-24,밸류에이션,지수 종가,KOSPI,2567.45,pt,금융위원회 지수시세정보(공공데이터포털),2026-09-30
2023-05-23,밸류에이션,지수 종가,KOSPI,2567.55,pt,금융위원회 지수시세정보(공공데이터포털),2026-09-30
2023-05-22,밸류에이션,지수 종가,KOSPI,2557.08,pt,금융위원회 지수시세정보(공공데이터포털),2026-09-30
2023-05-19,밸류에이션,지수 종가,KOSPI,2537.79,pt,금융위원회 지수시세정보(공공데이터포털),2026-09-30
2023-05-18,밸류에이션,지수 종가,KOSPI,2515.4,pt,금융위원회 지수시세정보(공공데이터포털),2026-09-30
2023-05-17,밸류에이션,지수 종가,KOSPI,2494.66,pt,금융위원회 지수시세정보(공공데이터포털),2026-09-30
2023-05-16,밸류에이션,지수 종가,KOSPI,2480.24,pt,금융위원회 지수시세정보(공공데이터포털),2026-09-30
2023-05-15,밸류에이션,지수 종가,KOSPI,2479.35,pt,금융위원회 지수시세정보(공공데이터포털),2026-09-30
2023-05-12,밸류에이션,지수 종가,KOSPI,2475.42,pt,금융위원회 지수시세정보(공공데이터포털),2026-09-30
2023-05-11,밸류에이션,지수 종가,KOSPI,2491,pt,금융위원회 지수시세정보(공공데이터포털),2026-09-30
2023-05-10,밸류에이션,지수 종가,KOSPI,2496.51,pt,금융위원회 지수시세정보(공공데이터포털),2026-09-30
2023-05-09,밸류에이션,지수 종가,KOSPI,2510.06,pt,금융위원회 지수시세정보(공공데이터포털),2026-09-30
2023-05-08,밸류에이션,지수 종가,KOSPI,2513.21,pt,금융위원회 지수시세정보(공공데이터포털),2026-09-30
2023-05-04,밸류에이션,지수 종가,KOSPI,2500.94,pt,금융위원회 지수시세정보(공공데이터포털),2026-09-30
2023-05-03,밸류에이션,지수 종가,KOSPI,2501.4,pt,금융위원회 지수시세정보(공공데이터포털),2026-09-30
2023-05-02,밸류에이션,지수 종가,KOSPI,2524.39,pt,금융위원회 지수시세정보(공공데이터포털),2026-09-30
2023-04-28,밸류에이션,지수 종가,KOSPI,2501.53,pt,금융위원회 지수시세정보(공공데이터포털),2026-09-30
2023-04-27,밸류에이션,지수 종가,KOSPI,2495.81,pt,금융위원회 지수시세정보(공공데이터포털),2026-09-30
2023-04-26,밸류에이션,지수 종가,KOSPI,2484.83,pt,금융위원회 지수시세정보(공공데이터포털),2026-09-30
2023-04-25,밸류에이션,지수 종가,KOSPI,2489.02,pt,금융위원회 지수시세정보(공공데이터포털),2026-09-30
2023-04-24,밸류에이션,지수 종가,KOSPI,2523.5,pt,금융위원회 지수시세정보(공공데이터포털),2026-09-30
2023-04-21,밸류에이션,지수 종가,KOSPI,2544.4,pt,금융위원회 지수시세정보(공공데이터포털),2026-09-30
2023-04-20,밸류에이션,지수 종가,KOSPI,2563.11,pt,금융위원회 지수시세정보(공공데이터포털),2026-09-30
2023-04-19,밸류에이션,지수 종가,KOSPI,2575.08,pt,금융위원회 지수시세정보(공공데이터포털),2026-09-30
2023-04-18,밸류에이션,지수 종가,KOSPI,2571.09,pt,금융위원회 지수시세정보(공공데이터포털),2026-09-30
2023-04-17,밸류에이션,지수 종가,KOSPI,2575.91,pt,금융위원회 지수시세정보(공공데이터포털),2026-09-30
2023-04-14,밸류에이션,지수 종가,KOSPI,2571.49,pt,금융위원회 지수시세정보(공공데이터포털),2026-09-30
2023-04-13,밸류에이션,지수 종가,KOSPI,2561.66,pt,금융위원회 지수시세정보(공공데이터포털),2026-09-30
2023-04-12,밸류에이션,지수 종가,KOSPI,2550.64,pt,금융위원회 지수시세정보(공공데이터포털),2026-09-30
2023-04-11,밸류에이션,지수 종가,KOSPI,2547.86,pt,금융위원회 지수시세정보(공공데이터포털),2026-09-30
2023-04-10,밸류에이션,지수 종가,KOSPI,2512.08,pt,금융위원회 지수시세정보(공공데이터포털),2026-09-30
2023-04-07,밸류에이션,지수 종가,KOSPI,2490.41,pt,금융위원회 지수시세정보(공공데이터포털),2026-09-30
2023-04-06,밸류에이션,지수 종가,KOSPI,2459.23,pt,금융위원회 지수시세정보(공공데이터포털),2026-09-30
2023-04-05,밸류에이션,지수 종가,KOSPI,2495.21,pt,금융위원회 지수시세정보(공공데이터포털),2026-09-30
2023-04-04,밸류에이션,지수 종가,KOSPI,2480.51,pt,금융위원회 지수시세정보(공공데이터포털),2026-09-30
2023-04-03,밸류에이션,지수 종가,KOSPI,2472.34,pt,금융위원회 지수시세정보(공공데이터포털),2026-09-30
2023-03-31,밸류에이션,지수 종가,KOSPI,2476.86,pt,금융위원회 지수시세정보(공공데이터포털),2026-09-30
2023-03-30,밸류에이션,지수 종가,KOSPI,2453.16,pt,금융위원회 지수시세정보(공공데이터포털),2026-09-30
2023-03-29,밸류에이션,지수 종가,KOSPI,2443.92,pt,금융위원회 지수시세정보(공공데이터포털),2026-09-30
2023-03-28,밸류에이션,지수 종가,KOSPI,2434.94,pt,금융위원회 지수시세정보(공공데이터포털),2026-09-30
2023-03-27,밸류에이션,지수 종가,KOSPI,2409.22,pt,금융위원회 지수시세정보(공공데이터포털),2026-09-30
2023-03-24,밸류에이션,지수 종가,KOSPI,2414.96,pt,금융위원회 지수시세정보(공공데이터포털),2026-09-30
2023-03-23,밸류에이션,지수 종가,KOSPI,2424.48,pt,금융위원회 지수시세정보(공공데이터포털),2026-09-30
2023-03-22,밸류에이션,지수 종가,KOSPI,2416.96,pt,금융위원회 지수시세정보(공공데이터포털),2026-09-30
2023-03-21,밸류에이션,지수 종가,KOSPI,2388.35,pt,금융위원회 지수시세정보(공공데이터포털),2026-09-30
2023-03-20,밸류에이션,지수 종가,KOSPI,2379.2,pt,금융위원회 지수시세정보(공공데이터포털),2026-09-30
2023-03-17,밸류에이션,지수 종가,KOSPI,2395.69,pt,금융위원회 지수시세정보(공공데이터포털),2026-09-30
2023-03-16,밸류에이션,지수 종가,KOSPI,2377.91,pt,금융위원회 지수시세정보(공공데이터포털),2026-09-30
2023-03-15,밸류에이션,지수 종가,KOSPI,2379.72,pt,금융위원회 지수시세정보(공공데이터포털),2026-09-30
2023-03-14,밸류에이션,지수 종가,KOSPI,2348.97,pt,금융위원회 지수시세정보(공공데이터포털),2026-09-30
2023-03-13,밸류에이션,지수 종가,KOSPI,2410.6,pt,금융위원회 지수시세정보(공공데이터포털),2026-09-30
2023-03-10,밸류에이션,지수 종가,KOSPI,2394.59,pt,금융위원회 지수시세정보(공공데이터포털),2026-09-30
2023-03-09,밸류에이션,지수 종가,KOSPI,2419.09,pt,금융위원회 지수시세정보(공공데이터포털),2026-09-30
2023-03-08,밸류에이션,지수 종가,KOSPI,2431.91,pt,금융위원회 지수시세정보(공공데이터포털),2026-09-30
2023-03-07,밸류에이션,지수 종가,KOSPI,2463.35,pt,금융위원회 지수시세정보(공공데이터포털),2026-09-30
2023-03-06,밸류에이션,지수 종가,KOSPI,2462.62,pt,금융위원회 지수시세정보(공공데이터포털),2026-09-30
2023-03-03,밸류에이션,지수 종가,KOSPI,2432.07,pt,금융위원회 지수시세정보(공공데이터포털),2026-09-30
2023-03-02,밸류에이션,지수 종가,KOSPI,2427.85,pt,금융위원회 지수시세정보(공공데이터포털),2026-09-30
2023-02-28,밸류에이션,지수 종가,KOSPI,2412.85,pt,금융위원회 지수시세정보(공공데이터포털),2026-09-30
2023-02-27,밸류에이션,지수 종가,KOSPI,2402.64,pt,금융위원회 지수시세정보(공공데이터포털),2026-09-30
2023-02-24,밸류에이션,지수 종가,KOSPI,2423.61,pt,금융위원회 지수시세정보(공공데이터포털),2026-09-30
2023-02-23,밸류에이션,지수 종가,KOSPI,2439.09,pt,금융위원회 지수시세정보(공공데이터포털),2026-09-30
2023-02-22,밸류에이션,지수 종가,KOSPI,2417.68,pt,금융위원회 지수시세정보(공공데이터포털),2026-09-30
2023-02-21,밸류에이션,지수 종가,KOSPI,2458.96,pt,금융위원회 지수시세정보(공공데이터포털),2026-09-30
2023-02-20,밸류에이션,지수 종가,KOSPI,2455.12,pt,금융위원회 지수시세정보(공공데이터포털),2026-09-30
2023-02-17,밸류에이션,지수 종가,KOSPI,2451.21,pt,금융위원회 지수시세정보(공공데이터포털),2026-09-30
2023-02-16,밸류에이션,지수 종가,KOSPI,2475.48,pt,금융위원회 지수시세정보(공공데이터포털),2026-09-30
2023-02-15,밸류에이션,지수 종가,KOSPI,2427.9,pt,금융위원회 지수시세정보(공공데이터포털),2026-09-30
2023-02-14,밸류에이션,지수 종가,KOSPI,2465.64,pt,금융위원회 지수시세정보(공공데이터포털),2026-09-30
2023-02-13,밸류에이션,지수 종가,KOSPI,2452.7,pt,금융위원회 지수시세정보(공공데이터포털),2026-09-30
2023-02-10,밸류에이션,지수 종가,KOSPI,2469.73,pt,금융위원회 지수시세정보(공공데이터포털),2026-09-30
2023-02-09,밸류에이션,지수 종가,KOSPI,2481.52,pt,금융위원회 지수시세정보(공공데이터포털),2026-09-30
2023-02-08,밸류에이션,지수 종가,KOSPI,2483.64,pt,금융위원회 지수시세정보(공공데이터포털),2026-09-30
2023-02-07,밸류에이션,지수 종가,KOSPI,2451.71,pt,금융위원회 지수시세정보(공공데이터포털),2026-09-30
2023-02-06,밸류에이션,지수 종가,KOSPI,2438.19,pt,금융위원회 지수시세정보(공공데이터포털),2026-09-30
2023-02-03,밸류에이션,지수 종가,KOSPI,2480.4,pt,금융위원회 지수시세정보(공공데이터포털),2026-09-30
2023-02-02,밸류에이션,지수 종가,KOSPI,2468.88,pt,금융위원회 지수시세정보(공공데이터포털),2026-09-30
2023-02-01,밸류에이션,지수 종가,KOSPI,2449.8,pt,금융위원회 지수시세정보(공공데이터포털),2026-09-30
2023-01-31,밸류에이션,지수 종가,KOSPI,2425.08,pt,금융위원회 지수시세정보(공공데이터포털),2026-09-30
2023-01-30,밸류에이션,지수 종가,KOSPI,2450.47,pt,금융위원회 지수시세정보(공공데이터포털),2026-09-30
2023-01-27,밸류에이션,지수 종가,KOSPI,2484.02,pt,금융위원회 지수시세정보(공공데이터포털),2026-09-30
2023-01-26,밸류에이션,지수 종가,KOSPI,2468.65,pt,금융위원회 지수시세정보(공공데이터포털),2026-09-30
2023-01-25,밸류에이션,지수 종가,KOSPI,2428.57,pt,금융위원회 지수시세정보(공공데이터포털),2026-09-30
2023-01-20,밸류에이션,지수 종가,KOSPI,2395.26,pt,금융위원회 지수시세정보(공공데이터포털),2026-09-30
2023-01-19,밸류에이션,지수 종가,KOSPI,2380.34,pt,금융위원회 지수시세정보(공공데이터포털),2026-09-30
2023-01-18,밸류에이션,지수 종가,KOSPI,2368.32,pt,금융위원회 지수시세정보(공공데이터포털),2026-09-30
2023-01-17,밸류에이션,지수 종가,KOSPI,2379.39,pt,금융위원회 지수시세정보(공공데이터포털),2026-09-30
2023-01-16,밸류에이션,지수 종가,KOSPI,2399.86,pt,금융위원회 지수시세정보(공공데이터포털),2026-09-30
2023-01-13,밸류에이션,지수 종가,KOSPI,2386.09,pt,금융위원회 지수시세정보(공공데이터포털),2026-09-30
2023-01-12,밸류에이션,지수 종가,KOSPI,2365.1,pt,금융위원회 지수시세정보(공공데이터포털),2026-09-30
2023-01-11,밸류에이션,지수 종가,KOSPI,2359.53,pt,금융위원회 지수시세정보(공공데이터포털),2026-09-30
2023-01-10,밸류에이션,지수 종가,KOSPI,2351.31,pt,금융위원회 지수시세정보(공공데이터포털),2026-09-30
2023-01-09,밸류에이션,지수 종가,KOSPI,2350.19,pt,금융위원회 지수시세정보(공공데이터포털),2026-09-30
2023-01-06,밸류에이션,지수 종가,KOSPI,2289.97,pt,금융위원회 지수시세정보(공공데이터포털),2026-09-30
2023-01-05,밸류에이션,지수 종가,KOSPI,2264.65,pt,금융위원회 지수시세정보(공공데이터포털),2026-09-30
2023-01-04,밸류에이션,지수 종가,KOSPI,2255.98,pt,금융위원회 지수시세정보(공공데이터포털),2026-09-30
2023-01-03,밸류에이션,지수 종가,KOSPI,2218.68,pt,금융위원회 지수시세정보(공공데이터포털),2026-09-30
2023-01-02,밸류에이션,지수 종가,KOSPI,2225.67,pt,금융위원회 지수시세정보(공공데이터포털),2026-09-30
2022-12-29,밸류에이션,지수 종가,KOSPI,2236.4,pt,금융위원회 지수시세정보(공공데이터포털),2026-09-30
2022-12-28,밸류에이션,지수 종가,KOSPI,2280.45,pt,금융위원회 지수시세정보(공공데이터포털),2026-09-30
2022-12-27,밸류에이션,지수 종가,KOSPI,2332.79,pt,금융위원회 지수시세정보(공공데이터포털),2026-09-30
2022-12-26,밸류에이션,지수 종가,KOSPI,2317.14,pt,금융위원회 지수시세정보(공공데이터포털),2026-09-30
2022-12-23,밸류에이션,지수 종가,KOSPI,2313.69,pt,금융위원회 지수시세정보(공공데이터포털),2026-09-30
2022-12-22,밸류에이션,지수 종가,KOSPI,2356.73,pt,금융위원회 지수시세정보(공공데이터포털),2026-09-30
2022-12-21,밸류에이션,지수 종가,KOSPI,2328.95,pt,금융위원회 지수시세정보(공공데이터포털),2026-09-30
2022-12-20,밸류에이션,지수 종가,KOSPI,2333.29,pt,금융위원회 지수시세정보(공공데이터포털),2026-09-30
2022-12-19,밸류에이션,지수 종가,KOSPI,2352.17,pt,금융위원회 지수시세정보(공공데이터포털),2026-09-30
2022-12-16,밸류에이션,지수 종가,KOSPI,2360.02,pt,금융위원회 지수시세정보(공공데이터포털),2026-09-30
2022-12-15,밸류에이션,지수 종가,KOSPI,2360.97,pt,금융위원회 지수시세정보(공공데이터포털),2026-09-30
2022-12-14,밸류에이션,지수 종가,KOSPI,2399.25,pt,금융위원회 지수시세정보(공공데이터포털),2026-09-30
2022-12-13,밸류에이션,지수 종가,KOSPI,2372.4,pt,금융위원회 지수시세정보(공공데이터포털),2026-09-30
2022-12-12,밸류에이션,지수 종가,KOSPI,2373.02,pt,금융위원회 지수시세정보(공공데이터포털),2026-09-30
2022-12-09,밸류에이션,지수 종가,KOSPI,2389.04,pt,금융위원회 지수시세정보(공공데이터포털),2026-09-30
2022-12-08,밸류에이션,지수 종가,KOSPI,2371.08,pt,금융위원회 지수시세정보(공공데이터포털),2026-09-30
2022-12-07,밸류에이션,지수 종가,KOSPI,2382.81,pt,금융위원회 지수시세정보(공공데이터포털),2026-09-30
2022-12-06,밸류에이션,지수 종가,KOSPI,2393.16,pt,금융위원회 지수시세정보(공공데이터포털),2026-09-30
2022-12-05,밸류에이션,지수 종가,KOSPI,2419.32,pt,금융위원회 지수시세정보(공공데이터포털),2026-09-30
2022-12-02,밸류에이션,지수 종가,KOSPI,2434.33,pt,금융위원회 지수시세정보(공공데이터포털),2026-09-30
2022-12-01,밸류에이션,지수 종가,KOSPI,2479.84,pt,금융위원회 지수시세정보(공공데이터포털),2026-09-30
2022-11-30,밸류에이션,지수 종가,KOSPI,2472.53,pt,금융위원회 지수시세정보(공공데이터포털),2026-09-30
2022-11-29,밸류에이션,지수 종가,KOSPI,2433.39,pt,금융위원회 지수시세정보(공공데이터포털),2026-09-30
2022-11-28,밸류에이션,지수 종가,KOSPI,2408.27,pt,금융위원회 지수시세정보(공공데이터포털),2026-09-30
2022-11-25,밸류에이션,지수 종가,KOSPI,2437.86,pt,금융위원회 지수시세정보(공공데이터포털),2026-09-30
2022-11-24,밸류에이션,지수 종가,KOSPI,2441.33,pt,금융위원회 지수시세정보(공공데이터포털),2026-09-30
2022-11-23,밸류에이션,지수 종가,KOSPI,2418.01,pt,금융위원회 지수시세정보(공공데이터포털),2026-09-30
2022-11-22,밸류에이션,지수 종가,KOSPI,2405.27,pt,금융위원회 지수시세정보(공공데이터포털),2026-09-30
2022-11-21,밸류에이션,지수 종가,KOSPI,2419.5,pt,금융위원회 지수시세정보(공공데이터포털),2026-09-30
2022-11-18,밸류에이션,지수 종가,KOSPI,2444.48,pt,금융위원회 지수시세정보(공공데이터포털),2026-09-30
2022-11-17,밸류에이션,지수 종가,KOSPI,2442.9,pt,금융위원회 지수시세정보(공공데이터포털),2026-09-30
2022-11-16,밸류에이션,지수 종가,KOSPI,2477.45,pt,금융위원회 지수시세정보(공공데이터포털),2026-09-30
2022-11-15,밸류에이션,지수 종가,KOSPI,2480.33,pt,금융위원회 지수시세정보(공공데이터포털),2026-09-30
2022-11-14,밸류에이션,지수 종가,KOSPI,2474.65,pt,금융위원회 지수시세정보(공공데이터포털),2026-09-30
2022-11-11,밸류에이션,지수 종가,KOSPI,2483.16,pt,금융위원회 지수시세정보(공공데이터포털),2026-09-30
2022-11-10,밸류에이션,지수 종가,KOSPI,2402.23,pt,금융위원회 지수시세정보(공공데이터포털),2026-09-30
2022-11-09,밸류에이션,지수 종가,KOSPI,2424.41,pt,금융위원회 지수시세정보(공공데이터포털),2026-09-30
2022-11-08,밸류에이션,지수 종가,KOSPI,2399.04,pt,금융위원회 지수시세정보(공공데이터포털),2026-09-30
2022-11-07,밸류에이션,지수 종가,KOSPI,2371.79,pt,금융위원회 지수시세정보(공공데이터포털),2026-09-30
2022-11-04,밸류에이션,지수 종가,KOSPI,2348.43,pt,금융위원회 지수시세정보(공공데이터포털),2026-09-30
2022-11-03,밸류에이션,지수 종가,KOSPI,2329.17,pt,금융위원회 지수시세정보(공공데이터포털),2026-09-30
2022-11-02,밸류에이션,지수 종가,KOSPI,2336.87,pt,금융위원회 지수시세정보(공공데이터포털),2026-09-30
2022-11-01,밸류에이션,지수 종가,KOSPI,2335.22,pt,금융위원회 지수시세정보(공공데이터포털),2026-09-30
2022-10-31,밸류에이션,지수 종가,KOSPI,2293.61,pt,금융위원회 지수시세정보(공공데이터포털),2026-09-30
2022-10-28,밸류에이션,지수 종가,KOSPI,2268.4,pt,금융위원회 지수시세정보(공공데이터포털),2026-09-30
2022-10-27,밸류에이션,지수 종가,KOSPI,2288.78,pt,금융위원회 지수시세정보(공공데이터포털),2026-09-30
2022-10-26,밸류에이션,지수 종가,KOSPI,2249.56,pt,금융위원회 지수시세정보(공공데이터포털),2026-09-30
2022-10-25,밸류에이션,지수 종가,KOSPI,2235.07,pt,금융위원회 지수시세정보(공공데이터포털),2026-09-30
2022-10-24,밸류에이션,지수 종가,KOSPI,2236.16,pt,금융위원회 지수시세정보(공공데이터포털),2026-09-30
2022-10-21,밸류에이션,지수 종가,KOSPI,2213.12,pt,금융위원회 지수시세정보(공공데이터포털),2026-09-30
2022-10-20,밸류에이션,지수 종가,KOSPI,2218.09,pt,금융위원회 지수시세정보(공공데이터포털),2026-09-30
2022-10-19,밸류에이션,지수 종가,KOSPI,2237.44,pt,금융위원회 지수시세정보(공공데이터포털),2026-09-30
2022-10-18,밸류에이션,지수 종가,KOSPI,2249.95,pt,금융위원회 지수시세정보(공공데이터포털),2026-09-30
2022-10-17,밸류에이션,지수 종가,KOSPI,2219.71,pt,금융위원회 지수시세정보(공공데이터포털),2026-09-30
2022-10-14,밸류에이션,지수 종가,KOSPI,2212.55,pt,금융위원회 지수시세정보(공공데이터포털),2026-09-30
2022-10-13,밸류에이션,지수 종가,KOSPI,2162.87,pt,금융위원회 지수시세정보(공공데이터포털),2026-09-30
2022-10-12,밸류에이션,지수 종가,KOSPI,2202.47,pt,금융위원회 지수시세정보(공공데이터포털),2026-09-30
2022-10-11,밸류에이션,지수 종가,KOSPI,2192.07,pt,금융위원회 지수시세정보(공공데이터포털),2026-09-30
2022-10-07,밸류에이션,지수 종가,KOSPI,2232.84,pt,금융위원회 지수시세정보(공공데이터포털),2026-09-30
2022-10-06,밸류에이션,지수 종가,KOSPI,2237.86,pt,금융위원회 지수시세정보(공공데이터포털),2026-09-30
2022-10-05,밸류에이션,지수 종가,KOSPI,2215.22,pt,금융위원회 지수시세정보(공공데이터포털),2026-09-30
2022-10-04,밸류에이션,지수 종가,KOSPI,2209.38,pt,금융위원회 지수시세정보(공공데이터포털),2026-09-30
2022-09-30,밸류에이션,지수 종가,KOSPI,2155.49,pt,금융위원회 지수시세정보(공공데이터포털),2026-09-30
2022-09-29,밸류에이션,지수 종가,KOSPI,2170.93,pt,금융위원회 지수시세정보(공공데이터포털),2026-09-30
2022-09-28,밸류에이션,지수 종가,KOSPI,2169.29,pt,금융위원회 지수시세정보(공공데이터포털),2026-09-30
2022-09-27,밸류에이션,지수 종가,KOSPI,2223.86,pt,금융위원회 지수시세정보(공공데이터포털),2026-09-30
2022-09-26,밸류에이션,지수 종가,KOSPI,2220.94,pt,금융위원회 지수시세정보(공공데이터포털),2026-09-30
2022-09-23,밸류에이션,지수 종가,KOSPI,2290,pt,금융위원회 지수시세정보(공공데이터포털),2026-09-30
2022-09-22,밸류에이션,지수 종가,KOSPI,2332.31,pt,금융위원회 지수시세정보(공공데이터포털),2026-09-30
2022-09-21,밸류에이션,지수 종가,KOSPI,2347.21,pt,금융위원회 지수시세정보(공공데이터포털),2026-09-30
2022-09-20,밸류에이션,지수 종가,KOSPI,2367.85,pt,금융위원회 지수시세정보(공공데이터포털),2026-09-30
2022-09-19,밸류에이션,지수 종가,KOSPI,2355.66,pt,금융위원회 지수시세정보(공공데이터포털),2026-09-30
2022-09-16,밸류에이션,지수 종가,KOSPI,2382.78,pt,금융위원회 지수시세정보(공공데이터포털),2026-09-30
2022-09-15,밸류에이션,지수 종가,KOSPI,2401.83,pt,금융위원회 지수시세정보(공공데이터포털),2026-09-30
2022-09-14,밸류에이션,지수 종가,KOSPI,2411.42,pt,금융위원회 지수시세정보(공공데이터포털),2026-09-30
2022-09-13,밸류에이션,지수 종가,KOSPI,2449.54,pt,금융위원회 지수시세정보(공공데이터포털),2026-09-30
2022-09-08,밸류에이션,지수 종가,KOSPI,2384.28,pt,금융위원회 지수시세정보(공공데이터포털),2026-09-30
2022-09-07,밸류에이션,지수 종가,KOSPI,2376.46,pt,금융위원회 지수시세정보(공공데이터포털),2026-09-30
2022-09-06,밸류에이션,지수 종가,KOSPI,2410.02,pt,금융위원회 지수시세정보(공공데이터포털),2026-09-30
2022-09-05,밸류에이션,지수 종가,KOSPI,2403.68,pt,금융위원회 지수시세정보(공공데이터포털),2026-09-30
2022-09-02,밸류에이션,지수 종가,KOSPI,2409.41,pt,금융위원회 지수시세정보(공공데이터포털),2026-09-30
2022-09-01,밸류에이션,지수 종가,KOSPI,2415.61,pt,금융위원회 지수시세정보(공공데이터포털),2026-09-30
2022-08-31,밸류에이션,지수 종가,KOSPI,2472.05,pt,금융위원회 지수시세정보(공공데이터포털),2026-09-30
2022-08-30,밸류에이션,지수 종가,KOSPI,2450.93,pt,금융위원회 지수시세정보(공공데이터포털),2026-09-30
2022-08-29,밸류에이션,지수 종가,KOSPI,2426.89,pt,금융위원회 지수시세정보(공공데이터포털),2026-09-30
2022-08-26,밸류에이션,지수 종가,KOSPI,2481.03,pt,금융위원회 지수시세정보(공공데이터포털),2026-09-30
2022-08-25,밸류에이션,지수 종가,KOSPI,2477.26,pt,금융위원회 지수시세정보(공공데이터포털),2026-09-30
2022-08-24,밸류에이션,지수 종가,KOSPI,2447.45,pt,금융위원회 지수시세정보(공공데이터포털),2026-09-30
2022-08-23,밸류에이션,지수 종가,KOSPI,2435.34,pt,금융위원회 지수시세정보(공공데이터포털),2026-09-30
2022-08-22,밸류에이션,지수 종가,KOSPI,2462.5,pt,금융위원회 지수시세정보(공공데이터포털),2026-09-30
2022-08-19,밸류에이션,지수 종가,KOSPI,2492.69,pt,금융위원회 지수시세정보(공공데이터포털),2026-09-30
2022-08-18,밸류에이션,지수 종가,KOSPI,2508.05,pt,금융위원회 지수시세정보(공공데이터포털),2026-09-30
2022-08-17,밸류에이션,지수 종가,KOSPI,2516.47,pt,금융위원회 지수시세정보(공공데이터포털),2026-09-30
2022-08-16,밸류에이션,지수 종가,KOSPI,2533.52,pt,금융위원회 지수시세정보(공공데이터포털),2026-09-30
2022-08-12,밸류에이션,지수 종가,KOSPI,2527.94,pt,금융위원회 지수시세정보(공공데이터포털),2026-09-30
2022-08-11,밸류에이션,지수 종가,KOSPI,2523.78,pt,금융위원회 지수시세정보(공공데이터포털),2026-09-30
2022-08-10,밸류에이션,지수 종가,KOSPI,2480.88,pt,금융위원회 지수시세정보(공공데이터포털),2026-09-30
2022-08-09,밸류에이션,지수 종가,KOSPI,2503.46,pt,금융위원회 지수시세정보(공공데이터포털),2026-09-30
2022-08-08,밸류에이션,지수 종가,KOSPI,2493.1,pt,금융위원회 지수시세정보(공공데이터포털),2026-09-30
2022-08-05,밸류에이션,지수 종가,KOSPI,2490.8,pt,금융위원회 지수시세정보(공공데이터포털),2026-09-30
2022-08-04,밸류에이션,지수 종가,KOSPI,2473.11,pt,금융위원회 지수시세정보(공공데이터포털),2026-09-30
2022-08-03,밸류에이션,지수 종가,KOSPI,2461.45,pt,금융위원회 지수시세정보(공공데이터포털),2026-09-30
2022-08-02,밸류에이션,지수 종가,KOSPI,2439.62,pt,금융위원회 지수시세정보(공공데이터포털),2026-09-30
2022-08-01,밸류에이션,지수 종가,KOSPI,2452.25,pt,금융위원회 지수시세정보(공공데이터포털),2026-09-30
2022-07-29,밸류에이션,지수 종가,KOSPI,2451.5,pt,금융위원회 지수시세정보(공공데이터포털),2026-09-30
2022-07-28,밸류에이션,지수 종가,KOSPI,2435.27,pt,금융위원회 지수시세정보(공공데이터포털),2026-09-30
2022-07-27,밸류에이션,지수 종가,KOSPI,2415.53,pt,금융위원회 지수시세정보(공공데이터포털),2026-09-30
2022-07-26,밸류에이션,지수 종가,KOSPI,2412.96,pt,금융위원회 지수시세정보(공공데이터포털),2026-09-30
2022-07-25,밸류에이션,지수 종가,KOSPI,2403.69,pt,금융위원회 지수시세정보(공공데이터포털),2026-09-30
2022-07-22,밸류에이션,지수 종가,KOSPI,2393.14,pt,금융위원회 지수시세정보(공공데이터포털),2026-09-30
2022-07-21,밸류에이션,지수 종가,KOSPI,2409.16,pt,금융위원회 지수시세정보(공공데이터포털),2026-09-30
2022-07-20,밸류에이션,지수 종가,KOSPI,2386.85,pt,금융위원회 지수시세정보(공공데이터포털),2026-09-30
2022-07-19,밸류에이션,지수 종가,KOSPI,2370.97,pt,금융위원회 지수시세정보(공공데이터포털),2026-09-30
2022-07-18,밸류에이션,지수 종가,KOSPI,2375.25,pt,금융위원회 지수시세정보(공공데이터포털),2026-09-30
2022-07-15,밸류에이션,지수 종가,KOSPI,2330.98,pt,금융위원회 지수시세정보(공공데이터포털),2026-09-30
2022-07-14,밸류에이션,지수 종가,KOSPI,2322.32,pt,금융위원회 지수시세정보(공공데이터포털),2026-09-30
2022-07-13,밸류에이션,지수 종가,KOSPI,2328.61,pt,금융위원회 지수시세정보(공공데이터포털),2026-09-30
2022-07-12,밸류에이션,지수 종가,KOSPI,2317.76,pt,금융위원회 지수시세정보(공공데이터포털),2026-09-30
2022-07-11,밸류에이션,지수 종가,KOSPI,2340.27,pt,금융위원회 지수시세정보(공공데이터포털),2026-09-30
2022-07-08,밸류에이션,지수 종가,KOSPI,2350.61,pt,금융위원회 지수시세정보(공공데이터포털),2026-09-30
2022-07-07,밸류에이션,지수 종가,KOSPI,2334.27,pt,금융위원회 지수시세정보(공공데이터포털),2026-09-30
2022-07-06,밸류에이션,지수 종가,KOSPI,2292.01,pt,금융위원회 지수시세정보(공공데이터포털),2026-09-30
2022-07-05,밸류에이션,지수 종가,KOSPI,2341.78,pt,금융위원회 지수시세정보(공공데이터포털),2026-09-30
2022-07-04,밸류에이션,지수 종가,KOSPI,2300.34,pt,금융위원회 지수시세정보(공공데이터포털),2026-09-30
2022-07-01,밸류에이션,지수 종가,KOSPI,2305.42,pt,금융위원회 지수시세정보(공공데이터포털),2026-09-30
2022-06-30,밸류에이션,지수 종가,KOSPI,2332.64,pt,금융위원회 지수시세정보(공공데이터포털),2026-09-30
2022-06-29,밸류에이션,지수 종가,KOSPI,2377.99,pt,금융위원회 지수시세정보(공공데이터포털),2026-09-30
2022-06-28,밸류에이션,지수 종가,KOSPI,2422.09,pt,금융위원회 지수시세정보(공공데이터포털),2026-09-30
2022-06-27,밸류에이션,지수 종가,KOSPI,2401.92,pt,금융위원회 지수시세정보(공공데이터포털),2026-09-30
2022-06-24,밸류에이션,지수 종가,KOSPI,2366.6,pt,금융위원회 지수시세정보(공공데이터포털),2026-09-30
2022-06-23,밸류에이션,지수 종가,KOSPI,2314.32,pt,금융위원회 지수시세정보(공공데이터포털),2026-09-30
2022-06-22,밸류에이션,지수 종가,KOSPI,2342.81,pt,금융위원회 지수시세정보(공공데이터포털),2026-09-30
2022-06-21,밸류에이션,지수 종가,KOSPI,2408.93,pt,금융위원회 지수시세정보(공공데이터포털),2026-09-30
2022-06-20,밸류에이션,지수 종가,KOSPI,2391.03,pt,금융위원회 지수시세정보(공공데이터포털),2026-09-30
2022-06-17,밸류에이션,지수 종가,KOSPI,2440.93,pt,금융위원회 지수시세정보(공공데이터포털),2026-09-30
2022-06-16,밸류에이션,지수 종가,KOSPI,2451.41,pt,금융위원회 지수시세정보(공공데이터포털),2026-09-30
2022-06-15,밸류에이션,지수 종가,KOSPI,2447.38,pt,금융위원회 지수시세정보(공공데이터포털),2026-09-30
2022-06-14,밸류에이션,지수 종가,KOSPI,2492.97,pt,금융위원회 지수시세정보(공공데이터포털),2026-09-30
2022-06-13,밸류에이션,지수 종가,KOSPI,2504.51,pt,금융위원회 지수시세정보(공공데이터포털),2026-09-30
2022-06-10,밸류에이션,지수 종가,KOSPI,2595.87,pt,금융위원회 지수시세정보(공공데이터포털),2026-09-30
2022-06-09,밸류에이션,지수 종가,KOSPI,2625.44,pt,금융위원회 지수시세정보(공공데이터포털),2026-09-30
2022-06-08,밸류에이션,지수 종가,KOSPI,2626.15,pt,금융위원회 지수시세정보(공공데이터포털),2026-09-30
2022-06-07,밸류에이션,지수 종가,KOSPI,2626.34,pt,금융위원회 지수시세정보(공공데이터포털),2026-09-30
2022-06-03,밸류에이션,지수 종가,KOSPI,2670.65,pt,금융위원회 지수시세정보(공공데이터포털),2026-09-30
2022-06-02,밸류에이션,지수 종가,KOSPI,2658.99,pt,금융위원회 지수시세정보(공공데이터포털),2026-09-30
2022-05-31,밸류에이션,지수 종가,KOSPI,2685.9,pt,금융위원회 지수시세정보(공공데이터포털),2026-09-30
2022-05-30,밸류에이션,지수 종가,KOSPI,2669.66,pt,금융위원회 지수시세정보(공공데이터포털),2026-09-30
2022-05-27,밸류에이션,지수 종가,KOSPI,2638.05,pt,금융위원회 지수시세정보(공공데이터포털),2026-09-30
2022-05-26,밸류에이션,지수 종가,KOSPI,2612.45,pt,금융위원회 지수시세정보(공공데이터포털),2026-09-30
2022-05-25,밸류에이션,지수 종가,KOSPI,2617.22,pt,금융위원회 지수시세정보(공공데이터포털),2026-09-30
2022-05-24,밸류에이션,지수 종가,KOSPI,2605.87,pt,금융위원회 지수시세정보(공공데이터포털),2026-09-30
2022-05-23,밸류에이션,지수 종가,KOSPI,2647.38,pt,금융위원회 지수시세정보(공공데이터포털),2026-09-30
2022-05-20,밸류에이션,지수 종가,KOSPI,2639.29,pt,금융위원회 지수시세정보(공공데이터포털),2026-09-30
2022-05-19,밸류에이션,지수 종가,KOSPI,2592.34,pt,금융위원회 지수시세정보(공공데이터포털),2026-09-30
2022-05-18,밸류에이션,지수 종가,KOSPI,2625.98,pt,금융위원회 지수시세정보(공공데이터포털),2026-09-30
2022-05-17,밸류에이션,지수 종가,KOSPI,2620.44,pt,금융위원회 지수시세정보(공공데이터포털),2026-09-30
2022-05-16,밸류에이션,지수 종가,KOSPI,2596.58,pt,금융위원회 지수시세정보(공공데이터포털),2026-09-30
2022-05-13,밸류에이션,지수 종가,KOSPI,2604.24,pt,금융위원회 지수시세정보(공공데이터포털),2026-09-30
2022-05-12,밸류에이션,지수 종가,KOSPI,2550.08,pt,금융위원회 지수시세정보(공공데이터포털),2026-09-30
2022-05-11,밸류에이션,지수 종가,KOSPI,2592.27,pt,금융위원회 지수시세정보(공공데이터포털),2026-09-30
2022-05-10,밸류에이션,지수 종가,KOSPI,2596.56,pt,금융위원회 지수시세정보(공공데이터포털),2026-09-30
2022-05-09,밸류에이션,지수 종가,KOSPI,2610.81,pt,금융위원회 지수시세정보(공공데이터포털),2026-09-30
2022-05-06,밸류에이션,지수 종가,KOSPI,2644.51,pt,금융위원회 지수시세정보(공공데이터포털),2026-09-30
2022-05-04,밸류에이션,지수 종가,KOSPI,2677.57,pt,금융위원회 지수시세정보(공공데이터포털),2026-09-30
2022-05-03,밸류에이션,지수 종가,KOSPI,2680.46,pt,금융위원회 지수시세정보(공공데이터포털),2026-09-30
2022-05-02,밸류에이션,지수 종가,KOSPI,2687.45,pt,금융위원회 지수시세정보(공공데이터포털),2026-09-30
2022-04-29,밸류에이션,지수 종가,KOSPI,2695.05,pt,금융위원회 지수시세정보(공공데이터포털),2026-09-30
2022-04-28,밸류에이션,지수 종가,KOSPI,2667.49,pt,금융위원회 지수시세정보(공공데이터포털),2026-09-30
2022-04-27,밸류에이션,지수 종가,KOSPI,2639.06,pt,금융위원회 지수시세정보(공공데이터포털),2026-09-30
2022-04-26,밸류에이션,지수 종가,KOSPI,2668.31,pt,금융위원회 지수시세정보(공공데이터포털),2026-09-30
2022-04-25,밸류에이션,지수 종가,KOSPI,2657.13,pt,금융위원회 지수시세정보(공공데이터포털),2026-09-30
2022-04-22,밸류에이션,지수 종가,KOSPI,2704.71,pt,금융위원회 지수시세정보(공공데이터포털),2026-09-30
2022-04-21,밸류에이션,지수 종가,KOSPI,2728.21,pt,금융위원회 지수시세정보(공공데이터포털),2026-09-30
2022-04-20,밸류에이션,지수 종가,KOSPI,2718.69,pt,금융위원회 지수시세정보(공공데이터포털),2026-09-30
2022-04-19,밸류에이션,지수 종가,KOSPI,2718.89,pt,금융위원회 지수시세정보(공공데이터포털),2026-09-30
2022-04-18,밸류에이션,지수 종가,KOSPI,2693.21,pt,금융위원회 지수시세정보(공공데이터포털),2026-09-30
2022-04-15,밸류에이션,지수 종가,KOSPI,2696.06,pt,금융위원회 지수시세정보(공공데이터포털),2026-09-30
2022-04-14,밸류에이션,지수 종가,KOSPI,2716.71,pt,금융위원회 지수시세정보(공공데이터포털),2026-09-30
2022-04-13,밸류에이션,지수 종가,KOSPI,2716.49,pt,금융위원회 지수시세정보(공공데이터포털),2026-09-30
2022-04-12,밸류에이션,지수 종가,KOSPI,2666.76,pt,금융위원회 지수시세정보(공공데이터포털),2026-09-30
2022-04-11,밸류에이션,지수 종가,KOSPI,2693.1,pt,금융위원회 지수시세정보(공공데이터포털),2026-09-30
2022-04-08,밸류에이션,지수 종가,KOSPI,2700.39,pt,금융위원회 지수시세정보(공공데이터포털),2026-09-30
2022-04-07,밸류에이션,지수 종가,KOSPI,2695.86,pt,금융위원회 지수시세정보(공공데이터포털),2026-09-30
2022-04-06,밸류에이션,지수 종가,KOSPI,2735.03,pt,금융위원회 지수시세정보(공공데이터포털),2026-09-30
2022-04-05,밸류에이션,지수 종가,KOSPI,2759.2,pt,금융위원회 지수시세정보(공공데이터포털),2026-09-30
2022-04-04,밸류에이션,지수 종가,KOSPI,2757.9,pt,금융위원회 지수시세정보(공공데이터포털),2026-09-30
2022-04-01,밸류에이션,지수 종가,KOSPI,2739.85,pt,금융위원회 지수시세정보(공공데이터포털),2026-09-30
2022-03-31,밸류에이션,지수 종가,KOSPI,2757.65,pt,금융위원회 지수시세정보(공공데이터포털),2026-09-30
2022-03-30,밸류에이션,지수 종가,KOSPI,2746.74,pt,금융위원회 지수시세정보(공공데이터포털),2026-09-30
2022-03-29,밸류에이션,지수 종가,KOSPI,2741.07,pt,금융위원회 지수시세정보(공공데이터포털),2026-09-30
2022-03-28,밸류에이션,지수 종가,KOSPI,2729.56,pt,금융위원회 지수시세정보(공공데이터포털),2026-09-30
2022-03-25,밸류에이션,지수 종가,KOSPI,2729.98,pt,금융위원회 지수시세정보(공공데이터포털),2026-09-30
2022-03-24,밸류에이션,지수 종가,KOSPI,2729.66,pt,금융위원회 지수시세정보(공공데이터포털),2026-09-30
2022-03-23,밸류에이션,지수 종가,KOSPI,2735.05,pt,금융위원회 지수시세정보(공공데이터포털),2026-09-30
2022-03-22,밸류에이션,지수 종가,KOSPI,2710,pt,금융위원회 지수시세정보(공공데이터포털),2026-09-30
2022-03-21,밸류에이션,지수 종가,KOSPI,2686.05,pt,금융위원회 지수시세정보(공공데이터포털),2026-09-30
2022-03-18,밸류에이션,지수 종가,KOSPI,2707.02,pt,금융위원회 지수시세정보(공공데이터포털),2026-09-30
2022-03-17,밸류에이션,지수 종가,KOSPI,2694.51,pt,금융위원회 지수시세정보(공공데이터포털),2026-09-30
2022-03-16,밸류에이션,지수 종가,KOSPI,2659.23,pt,금융위원회 지수시세정보(공공데이터포털),2026-09-30
2022-03-15,밸류에이션,지수 종가,KOSPI,2621.53,pt,금융위원회 지수시세정보(공공데이터포털),2026-09-30
2022-03-14,밸류에이션,지수 종가,KOSPI,2645.65,pt,금융위원회 지수시세정보(공공데이터포털),2026-09-30
2022-03-11,밸류에이션,지수 종가,KOSPI,2661.28,pt,금융위원회 지수시세정보(공공데이터포털),2026-09-30
2022-03-10,밸류에이션,지수 종가,KOSPI,2680.32,pt,금융위원회 지수시세정보(공공데이터포털),2026-09-30
2022-03-08,밸류에이션,지수 종가,KOSPI,2622.4,pt,금융위원회 지수시세정보(공공데이터포털),2026-09-30
2022-03-07,밸류에이션,지수 종가,KOSPI,2651.31,pt,금융위원회 지수시세정보(공공데이터포털),2026-09-30
2022-03-04,밸류에이션,지수 종가,KOSPI,2713.43,pt,금융위원회 지수시세정보(공공데이터포털),2026-09-30
2022-03-03,밸류에이션,지수 종가,KOSPI,2747.08,pt,금융위원회 지수시세정보(공공데이터포털),2026-09-30
2022-03-02,밸류에이션,지수 종가,KOSPI,2703.52,pt,금융위원회 지수시세정보(공공데이터포털),2026-09-30
2022-02-28,밸류에이션,지수 종가,KOSPI,2699.18,pt,금융위원회 지수시세정보(공공데이터포털),2026-09-30
2022-02-25,밸류에이션,지수 종가,KOSPI,2676.76,pt,금융위원회 지수시세정보(공공데이터포털),2026-09-30
2022-02-24,밸류에이션,지수 종가,KOSPI,2648.8,pt,금융위원회 지수시세정보(공공데이터포털),2026-09-30
2022-02-23,밸류에이션,지수 종가,KOSPI,2719.53,pt,금융위원회 지수시세정보(공공데이터포털),2026-09-30
2022-02-22,밸류에이션,지수 종가,KOSPI,2706.79,pt,금융위원회 지수시세정보(공공데이터포털),2026-09-30
2022-02-21,밸류에이션,지수 종가,KOSPI,2743.8,pt,금융위원회 지수시세정보(공공데이터포털),2026-09-30
2022-02-18,밸류에이션,지수 종가,KOSPI,2744.52,pt,금융위원회 지수시세정보(공공데이터포털),2026-09-30
2022-02-17,밸류에이션,지수 종가,KOSPI,2744.09,pt,금융위원회 지수시세정보(공공데이터포털),2026-09-30
2022-02-16,밸류에이션,지수 종가,KOSPI,2729.68,pt,금융위원회 지수시세정보(공공데이터포털),2026-09-30
2022-02-15,밸류에이션,지수 종가,KOSPI,2676.54,pt,금융위원회 지수시세정보(공공데이터포털),2026-09-30
2022-02-14,밸류에이션,지수 종가,KOSPI,2704.48,pt,금융위원회 지수시세정보(공공데이터포털),2026-09-30
2022-02-11,밸류에이션,지수 종가,KOSPI,2747.71,pt,금융위원회 지수시세정보(공공데이터포털),2026-09-30
2022-02-10,밸류에이션,지수 종가,KOSPI,2771.93,pt,금융위원회 지수시세정보(공공데이터포털),2026-09-30
2022-02-09,밸류에이션,지수 종가,KOSPI,2768.85,pt,금융위원회 지수시세정보(공공데이터포털),2026-09-30
2022-02-08,밸류에이션,지수 종가,KOSPI,2746.47,pt,금융위원회 지수시세정보(공공데이터포털),2026-09-30
2022-02-07,밸류에이션,지수 종가,KOSPI,2745.06,pt,금융위원회 지수시세정보(공공데이터포털),2026-09-30
2022-02-04,밸류에이션,지수 종가,KOSPI,2750.26,pt,금융위원회 지수시세정보(공공데이터포털),2026-09-30
2022-02-03,밸류에이션,지수 종가,KOSPI,2707.82,pt,금융위원회 지수시세정보(공공데이터포털),2026-09-30
2022-01-28,밸류에이션,지수 종가,KOSPI,2663.34,pt,금융위원회 지수시세정보(공공데이터포털),2026-09-30
2022-01-27,밸류에이션,지수 종가,KOSPI,2614.49,pt,금융위원회 지수시세정보(공공데이터포털),2026-09-30
2022-01-26,밸류에이션,지수 종가,KOSPI,2709.24,pt,금융위원회 지수시세정보(공공데이터포털),2026-09-30
2022-01-25,밸류에이션,지수 종가,KOSPI,2720.39,pt,금융위원회 지수시세정보(공공데이터포털),2026-09-30
2022-01-24,밸류에이션,지수 종가,KOSPI,2792,pt,금융위원회 지수시세정보(공공데이터포털),2026-09-30
2022-01-21,밸류에이션,지수 종가,KOSPI,2834.29,pt,금융위원회 지수시세정보(공공데이터포털),2026-09-30
2022-01-20,밸류에이션,지수 종가,KOSPI,2862.68,pt,금융위원회 지수시세정보(공공데이터포털),2026-09-30
2022-01-19,밸류에이션,지수 종가,KOSPI,2842.28,pt,금융위원회 지수시세정보(공공데이터포털),2026-09-30
2022-01-18,밸류에이션,지수 종가,KOSPI,2864.24,pt,금융위원회 지수시세정보(공공데이터포털),2026-09-30
2022-01-17,밸류에이션,지수 종가,KOSPI,2890.1,pt,금융위원회 지수시세정보(공공데이터포털),2026-09-30
2022-01-14,밸류에이션,지수 종가,KOSPI,2921.92,pt,금융위원회 지수시세정보(공공데이터포털),2026-09-30
2022-01-13,밸류에이션,지수 종가,KOSPI,2962.09,pt,금융위원회 지수시세정보(공공데이터포털),2026-09-30
2022-01-12,밸류에이션,지수 종가,KOSPI,2972.48,pt,금융위원회 지수시세정보(공공데이터포털),2026-09-30
2022-01-11,밸류에이션,지수 종가,KOSPI,2927.38,pt,금융위원회 지수시세정보(공공데이터포털),2026-09-30
2022-01-10,밸류에이션,지수 종가,KOSPI,2926.72,pt,금융위원회 지수시세정보(공공데이터포털),2026-09-30
2022-01-07,밸류에이션,지수 종가,KOSPI,2954.89,pt,금융위원회 지수시세정보(공공데이터포털),2026-09-30
2022-01-06,밸류에이션,지수 종가,KOSPI,2920.53,pt,금융위원회 지수시세정보(공공데이터포털),2026-09-30
2022-01-05,밸류에이션,지수 종가,KOSPI,2953.97,pt,금융위원회 지수시세정보(공공데이터포털),2026-09-30
2022-01-04,밸류에이션,지수 종가,KOSPI,2989.24,pt,금융위원회 지수시세정보(공공데이터포털),2026-09-30
2022-01-03,밸류에이션,지수 종가,KOSPI,2988.77,pt,금융위원회 지수시세정보(공공데이터포털),2026-09-30
2021-12-30,밸류에이션,지수 종가,KOSPI,2977.65,pt,금융위원회 지수시세정보(공공데이터포털),2026-09-30
2021-12-29,밸류에이션,지수 종가,KOSPI,2993.29,pt,금융위원회 지수시세정보(공공데이터포털),2026-09-30
2021-12-28,밸류에이션,지수 종가,KOSPI,3020.24,pt,금융위원회 지수시세정보(공공데이터포털),2026-09-30
2021-12-27,밸류에이션,지수 종가,KOSPI,2999.55,pt,금융위원회 지수시세정보(공공데이터포털),2026-09-30
2021-12-24,밸류에이션,지수 종가,KOSPI,3012.43,pt,금융위원회 지수시세정보(공공데이터포털),2026-09-30
2021-12-23,밸류에이션,지수 종가,KOSPI,2998.17,pt,금융위원회 지수시세정보(공공데이터포털),2026-09-30
2021-12-22,밸류에이션,지수 종가,KOSPI,2984.48,pt,금융위원회 지수시세정보(공공데이터포털),2026-09-30
2021-12-21,밸류에이션,지수 종가,KOSPI,2975.03,pt,금융위원회 지수시세정보(공공데이터포털),2026-09-30
2021-12-20,밸류에이션,지수 종가,KOSPI,2963,pt,금융위원회 지수시세정보(공공데이터포털),2026-09-30
2021-12-17,밸류에이션,지수 종가,KOSPI,3017.73,pt,금융위원회 지수시세정보(공공데이터포털),2026-09-30
2021-12-16,밸류에이션,지수 종가,KOSPI,3006.41,pt,금융위원회 지수시세정보(공공데이터포털),2026-09-30
2021-12-15,밸류에이션,지수 종가,KOSPI,2989.39,pt,금융위원회 지수시세정보(공공데이터포털),2026-09-30
2021-12-14,밸류에이션,지수 종가,KOSPI,2987.95,pt,금융위원회 지수시세정보(공공데이터포털),2026-09-30
2021-12-13,밸류에이션,지수 종가,KOSPI,3001.66,pt,금융위원회 지수시세정보(공공데이터포털),2026-09-30
2021-12-10,밸류에이션,지수 종가,KOSPI,3010.23,pt,금융위원회 지수시세정보(공공데이터포털),2026-09-30
2021-12-09,밸류에이션,지수 종가,KOSPI,3029.57,pt,금융위원회 지수시세정보(공공데이터포털),2026-09-30
2021-12-08,밸류에이션,지수 종가,KOSPI,3001.8,pt,금융위원회 지수시세정보(공공데이터포털),2026-09-30
2021-12-07,밸류에이션,지수 종가,KOSPI,2991.72,pt,금융위원회 지수시세정보(공공데이터포털),2026-09-30
2021-12-06,밸류에이션,지수 종가,KOSPI,2973.25,pt,금융위원회 지수시세정보(공공데이터포털),2026-09-30
2021-12-03,밸류에이션,지수 종가,KOSPI,2968.33,pt,금융위원회 지수시세정보(공공데이터포털),2026-09-30
2021-12-02,밸류에이션,지수 종가,KOSPI,2945.27,pt,금융위원회 지수시세정보(공공데이터포털),2026-09-30
2021-12-01,밸류에이션,지수 종가,KOSPI,2899.72,pt,금융위원회 지수시세정보(공공데이터포털),2026-09-30
2021-11-30,밸류에이션,지수 종가,KOSPI,2839.01,pt,금융위원회 지수시세정보(공공데이터포털),2026-09-30
2021-11-29,밸류에이션,지수 종가,KOSPI,2909.32,pt,금융위원회 지수시세정보(공공데이터포털),2026-09-30
2021-11-26,밸류에이션,지수 종가,KOSPI,2936.44,pt,금융위원회 지수시세정보(공공데이터포털),2026-09-30
2021-11-25,밸류에이션,지수 종가,KOSPI,2980.27,pt,금융위원회 지수시세정보(공공데이터포털),2026-09-30
2021-11-24,밸류에이션,지수 종가,KOSPI,2994.29,pt,금융위원회 지수시세정보(공공데이터포털),2026-09-30
2021-11-23,밸류에이션,지수 종가,KOSPI,2997.33,pt,금융위원회 지수시세정보(공공데이터포털),2026-09-30
2021-11-22,밸류에이션,지수 종가,KOSPI,3013.25,pt,금융위원회 지수시세정보(공공데이터포털),2026-09-30
2021-11-19,밸류에이션,지수 종가,KOSPI,2971.02,pt,금융위원회 지수시세정보(공공데이터포털),2026-09-30
2021-11-18,밸류에이션,지수 종가,KOSPI,2947.38,pt,금융위원회 지수시세정보(공공데이터포털),2026-09-30
2021-11-17,밸류에이션,지수 종가,KOSPI,2962.42,pt,금융위원회 지수시세정보(공공데이터포털),2026-09-30
2021-11-16,밸류에이션,지수 종가,KOSPI,2997.21,pt,금융위원회 지수시세정보(공공데이터포털),2026-09-30
2021-11-15,밸류에이션,지수 종가,KOSPI,2999.52,pt,금융위원회 지수시세정보(공공데이터포털),2026-09-30
2021-11-12,밸류에이션,지수 종가,KOSPI,2968.8,pt,금융위원회 지수시세정보(공공데이터포털),2026-09-30
2021-11-11,밸류에이션,지수 종가,KOSPI,2924.92,pt,금융위원회 지수시세정보(공공데이터포털),2026-09-30
2021-11-10,밸류에이션,지수 종가,KOSPI,2930.17,pt,금융위원회 지수시세정보(공공데이터포털),2026-09-30
2021-11-09,밸류에이션,지수 종가,KOSPI,2962.46,pt,금융위원회 지수시세정보(공공데이터포털),2026-09-30
2021-11-08,밸류에이션,지수 종가,KOSPI,2960.2,pt,금융위원회 지수시세정보(공공데이터포털),2026-09-30
2021-11-05,밸류에이션,지수 종가,KOSPI,2969.27,pt,금융위원회 지수시세정보(공공데이터포털),2026-09-30
2021-11-04,밸류에이션,지수 종가,KOSPI,2983.22,pt,금융위원회 지수시세정보(공공데이터포털),2026-09-30
2021-11-03,밸류에이션,지수 종가,KOSPI,2975.71,pt,금융위원회 지수시세정보(공공데이터포털),2026-09-30
2021-11-02,밸류에이션,지수 종가,KOSPI,3013.49,pt,금융위원회 지수시세정보(공공데이터포털),2026-09-30
2021-11-01,밸류에이션,지수 종가,KOSPI,2978.94,pt,금융위원회 지수시세정보(공공데이터포털),2026-09-30
2021-10-29,밸류에이션,지수 종가,KOSPI,2970.68,pt,금융위원회 지수시세정보(공공데이터포털),2026-09-30
2021-10-28,밸류에이션,지수 종가,KOSPI,3009.55,pt,금융위원회 지수시세정보(공공데이터포털),2026-09-30
2021-10-27,밸류에이션,지수 종가,KOSPI,3025.49,pt,금융위원회 지수시세정보(공공데이터포털),2026-09-30
2021-10-26,밸류에이션,지수 종가,KOSPI,3049.08,pt,금융위원회 지수시세정보(공공데이터포털),2026-09-30
2021-10-25,밸류에이션,지수 종가,KOSPI,3020.54,pt,금융위원회 지수시세정보(공공데이터포털),2026-09-30
2021-10-22,밸류에이션,지수 종가,KOSPI,3006.16,pt,금융위원회 지수시세정보(공공데이터포털),2026-09-30
2021-10-21,밸류에이션,지수 종가,KOSPI,3007.33,pt,금융위원회 지수시세정보(공공데이터포털),2026-09-30
2021-10-20,밸류에이션,지수 종가,KOSPI,3013.13,pt,금융위원회 지수시세정보(공공데이터포털),2026-09-30
2021-10-19,밸류에이션,지수 종가,KOSPI,3029.04,pt,금융위원회 지수시세정보(공공데이터포털),2026-09-30
2021-10-18,밸류에이션,지수 종가,KOSPI,3006.68,pt,금융위원회 지수시세정보(공공데이터포털),2026-09-30
2021-10-15,밸류에이션,지수 종가,KOSPI,3015.06,pt,금융위원회 지수시세정보(공공데이터포털),2026-09-30
2021-10-14,밸류에이션,지수 종가,KOSPI,2988.64,pt,금융위원회 지수시세정보(공공데이터포털),2026-09-30
2021-10-13,밸류에이션,지수 종가,KOSPI,2944.41,pt,금융위원회 지수시세정보(공공데이터포털),2026-09-30
2021-10-12,밸류에이션,지수 종가,KOSPI,2916.38,pt,금융위원회 지수시세정보(공공데이터포털),2026-09-30
2021-10-08,밸류에이션,지수 종가,KOSPI,2956.3,pt,금융위원회 지수시세정보(공공데이터포털),2026-09-30
2021-10-07,밸류에이션,지수 종가,KOSPI,2959.46,pt,금융위원회 지수시세정보(공공데이터포털),2026-09-30
2021-10-06,밸류에이션,지수 종가,KOSPI,2908.31,pt,금융위원회 지수시세정보(공공데이터포털),2026-09-30
2021-10-05,밸류에이션,지수 종가,KOSPI,2962.17,pt,금융위원회 지수시세정보(공공데이터포털),2026-09-30
2021-10-01,밸류에이션,지수 종가,KOSPI,3019.18,pt,금융위원회 지수시세정보(공공데이터포털),2026-09-30
2021-09-30,밸류에이션,지수 종가,KOSPI,3068.82,pt,금융위원회 지수시세정보(공공데이터포털),2026-09-30
2021-09-29,밸류에이션,지수 종가,KOSPI,3060.27,pt,금융위원회 지수시세정보(공공데이터포털),2026-09-30
2021-09-28,밸류에이션,지수 종가,KOSPI,3097.92,pt,금융위원회 지수시세정보(공공데이터포털),2026-09-30
2021-09-27,밸류에이션,지수 종가,KOSPI,3133.64,pt,금융위원회 지수시세정보(공공데이터포털),2026-09-30
2021-09-24,밸류에이션,지수 종가,KOSPI,3125.24,pt,금융위원회 지수시세정보(공공데이터포털),2026-09-30
2021-09-23,밸류에이션,지수 종가,KOSPI,3127.58,pt,금융위원회 지수시세정보(공공데이터포털),2026-09-30
2021-09-17,밸류에이션,지수 종가,KOSPI,3140.51,pt,금융위원회 지수시세정보(공공데이터포털),2026-09-30
2021-09-16,밸류에이션,지수 종가,KOSPI,3130.09,pt,금융위원회 지수시세정보(공공데이터포털),2026-09-30
2021-09-15,밸류에이션,지수 종가,KOSPI,3153.4,pt,금융위원회 지수시세정보(공공데이터포털),2026-09-30
2021-09-14,밸류에이션,지수 종가,KOSPI,3148.83,pt,금융위원회 지수시세정보(공공데이터포털),2026-09-30
2021-09-13,밸류에이션,지수 종가,KOSPI,3127.86,pt,금융위원회 지수시세정보(공공데이터포털),2026-09-30
2021-09-10,밸류에이션,지수 종가,KOSPI,3125.76,pt,금융위원회 지수시세정보(공공데이터포털),2026-09-30
2021-09-09,밸류에이션,지수 종가,KOSPI,3114.7,pt,금융위원회 지수시세정보(공공데이터포털),2026-09-30
2021-09-08,밸류에이션,지수 종가,KOSPI,3162.99,pt,금융위원회 지수시세정보(공공데이터포털),2026-09-30
2021-09-07,밸류에이션,지수 종가,KOSPI,3187.42,pt,금융위원회 지수시세정보(공공데이터포털),2026-09-30
2021-09-06,밸류에이션,지수 종가,KOSPI,3203.33,pt,금융위원회 지수시세정보(공공데이터포털),2026-09-30
2021-09-03,밸류에이션,지수 종가,KOSPI,3201.06,pt,금융위원회 지수시세정보(공공데이터포털),2026-09-30
2021-09-02,밸류에이션,지수 종가,KOSPI,3175.85,pt,금융위원회 지수시세정보(공공데이터포털),2026-09-30
2021-09-01,밸류에이션,지수 종가,KOSPI,3207.02,pt,금융위원회 지수시세정보(공공데이터포털),2026-09-30
2021-08-31,밸류에이션,지수 종가,KOSPI,3199.27,pt,금융위원회 지수시세정보(공공데이터포털),2026-09-30
2021-08-30,밸류에이션,지수 종가,KOSPI,3144.19,pt,금융위원회 지수시세정보(공공데이터포털),2026-09-30
2021-08-27,밸류에이션,지수 종가,KOSPI,3133.9,pt,금융위원회 지수시세정보(공공데이터포털),2026-09-30
2021-08-26,밸류에이션,지수 종가,KOSPI,3128.53,pt,금융위원회 지수시세정보(공공데이터포털),2026-09-30
2021-08-25,밸류에이션,지수 종가,KOSPI,3146.81,pt,금융위원회 지수시세정보(공공데이터포털),2026-09-30
2021-08-24,밸류에이션,지수 종가,KOSPI,3138.3,pt,금융위원회 지수시세정보(공공데이터포털),2026-09-30
2021-08-23,밸류에이션,지수 종가,KOSPI,3090.21,pt,금융위원회 지수시세정보(공공데이터포털),2026-09-30
2021-08-20,밸류에이션,지수 종가,KOSPI,3060.51,pt,금융위원회 지수시세정보(공공데이터포털),2026-09-30
2021-08-19,밸류에이션,지수 종가,KOSPI,3097.83,pt,금융위원회 지수시세정보(공공데이터포털),2026-09-30
2021-08-18,밸류에이션,지수 종가,KOSPI,3158.93,pt,금융위원회 지수시세정보(공공데이터포털),2026-09-30
2021-08-17,밸류에이션,지수 종가,KOSPI,3143.09,pt,금융위원회 지수시세정보(공공데이터포털),2026-09-30
2021-08-13,밸류에이션,지수 종가,KOSPI,3171.29,pt,금융위원회 지수시세정보(공공데이터포털),2026-09-30
2021-08-12,밸류에이션,지수 종가,KOSPI,3208.38,pt,금융위원회 지수시세정보(공공데이터포털),2026-09-30
2021-08-11,밸류에이션,지수 종가,KOSPI,3220.62,pt,금융위원회 지수시세정보(공공데이터포털),2026-09-30
2021-08-10,밸류에이션,지수 종가,KOSPI,3243.19,pt,금융위원회 지수시세정보(공공데이터포털),2026-09-30
2021-08-09,밸류에이션,지수 종가,KOSPI,3260.42,pt,금융위원회 지수시세정보(공공데이터포털),2026-09-30
2021-08-06,밸류에이션,지수 종가,KOSPI,3270.36,pt,금융위원회 지수시세정보(공공데이터포털),2026-09-30
2021-08-05,밸류에이션,지수 종가,KOSPI,3276.13,pt,금융위원회 지수시세정보(공공데이터포털),2026-09-30
2021-08-04,밸류에이션,지수 종가,KOSPI,3280.38,pt,금융위원회 지수시세정보(공공데이터포털),2026-09-30
2021-08-03,밸류에이션,지수 종가,KOSPI,3237.14,pt,금융위원회 지수시세정보(공공데이터포털),2026-09-30
2021-08-02,밸류에이션,지수 종가,KOSPI,3223.04,pt,금융위원회 지수시세정보(공공데이터포털),2026-09-30
2021-07-30,밸류에이션,지수 종가,KOSPI,3202.32,pt,금융위원회 지수시세정보(공공데이터포털),2026-09-30
2021-07-29,밸류에이션,지수 종가,KOSPI,3242.65,pt,금융위원회 지수시세정보(공공데이터포털),2026-09-30
2021-07-28,밸류에이션,지수 종가,KOSPI,3236.86,pt,금융위원회 지수시세정보(공공데이터포털),2026-09-30
2021-07-27,밸류에이션,지수 종가,KOSPI,3232.53,pt,금융위원회 지수시세정보(공공데이터포털),2026-09-30
2021-07-26,밸류에이션,지수 종가,KOSPI,3224.95,pt,금융위원회 지수시세정보(공공데이터포털),2026-09-30
2021-07-23,밸류에이션,지수 종가,KOSPI,3254.42,pt,금융위원회 지수시세정보(공공데이터포털),2026-09-30
2021-07-22,밸류에이션,지수 종가,KOSPI,3250.21,pt,금융위원회 지수시세정보(공공데이터포털),2026-09-30
2021-07-21,밸류에이션,지수 종가,KOSPI,3215.91,pt,금융위원회 지수시세정보(공공데이터포털),2026-09-30
2021-07-20,밸류에이션,지수 종가,KOSPI,3232.7,pt,금융위원회 지수시세정보(공공데이터포털),2026-09-30
2021-07-19,밸류에이션,지수 종가,KOSPI,3244.04,pt,금융위원회 지수시세정보(공공데이터포털),2026-09-30
2021-07-16,밸류에이션,지수 종가,KOSPI,3276.91,pt,금융위원회 지수시세정보(공공데이터포털),2026-09-30
2021-07-15,밸류에이션,지수 종가,KOSPI,3286.22,pt,금융위원회 지수시세정보(공공데이터포털),2026-09-30
2021-07-14,밸류에이션,지수 종가,KOSPI,3264.81,pt,금융위원회 지수시세정보(공공데이터포털),2026-09-30
2021-07-13,밸류에이션,지수 종가,KOSPI,3271.38,pt,금융위원회 지수시세정보(공공데이터포털),2026-09-30
2021-07-12,밸류에이션,지수 종가,KOSPI,3246.47,pt,금융위원회 지수시세정보(공공데이터포털),2026-09-30
2021-07-09,밸류에이션,지수 종가,KOSPI,3217.95,pt,금융위원회 지수시세정보(공공데이터포털),2026-09-30
2021-07-08,밸류에이션,지수 종가,KOSPI,3252.68,pt,금융위원회 지수시세정보(공공데이터포털),2026-09-30
2021-07-07,밸류에이션,지수 종가,KOSPI,3285.34,pt,금융위원회 지수시세정보(공공데이터포털),2026-09-30
2021-07-06,밸류에이션,지수 종가,KOSPI,3305.21,pt,금융위원회 지수시세정보(공공데이터포털),2026-09-30
2021-07-05,밸류에이션,지수 종가,KOSPI,3293.21,pt,금융위원회 지수시세정보(공공데이터포털),2026-09-30
2021-07-02,밸류에이션,지수 종가,KOSPI,3281.78,pt,금융위원회 지수시세정보(공공데이터포털),2026-09-30
2021-07-01,밸류에이션,지수 종가,KOSPI,3282.06,pt,금융위원회 지수시세정보(공공데이터포털),2026-09-30
2021-06-30,밸류에이션,지수 종가,KOSPI,3296.68,pt,금융위원회 지수시세정보(공공데이터포털),2026-09-30
2021-06-29,밸류에이션,지수 종가,KOSPI,3286.68,pt,금융위원회 지수시세정보(공공데이터포털),2026-09-30
2021-06-28,밸류에이션,지수 종가,KOSPI,3301.89,pt,금융위원회 지수시세정보(공공데이터포털),2026-09-30
2021-06-25,밸류에이션,지수 종가,KOSPI,3302.84,pt,금융위원회 지수시세정보(공공데이터포털),2026-09-30
2021-06-24,밸류에이션,지수 종가,KOSPI,3286.1,pt,금융위원회 지수시세정보(공공데이터포털),2026-09-30
2021-06-23,밸류에이션,지수 종가,KOSPI,3276.19,pt,금융위원회 지수시세정보(공공데이터포털),2026-09-30
2021-06-22,밸류에이션,지수 종가,KOSPI,3263.88,pt,금융위원회 지수시세정보(공공데이터포털),2026-09-30
2021-06-21,밸류에이션,지수 종가,KOSPI,3240.79,pt,금융위원회 지수시세정보(공공데이터포털),2026-09-30
2021-06-18,밸류에이션,지수 종가,KOSPI,3267.93,pt,금융위원회 지수시세정보(공공데이터포털),2026-09-30
2021-06-17,밸류에이션,지수 종가,KOSPI,3264.96,pt,금융위원회 지수시세정보(공공데이터포털),2026-09-30
2021-06-16,밸류에이션,지수 종가,KOSPI,3278.68,pt,금융위원회 지수시세정보(공공데이터포털),2026-09-30
2021-06-15,밸류에이션,지수 종가,KOSPI,3258.63,pt,금융위원회 지수시세정보(공공데이터포털),2026-09-30
2021-06-14,밸류에이션,지수 종가,KOSPI,3252.13,pt,금융위원회 지수시세정보(공공데이터포털),2026-09-30
2021-06-11,밸류에이션,지수 종가,KOSPI,3249.32,pt,금융위원회 지수시세정보(공공데이터포털),2026-09-30
2021-06-10,밸류에이션,지수 종가,KOSPI,3224.64,pt,금융위원회 지수시세정보(공공데이터포털),2026-09-30
2021-06-09,밸류에이션,지수 종가,KOSPI,3216.18,pt,금융위원회 지수시세정보(공공데이터포털),2026-09-30
2021-06-08,밸류에이션,지수 종가,KOSPI,3247.83,pt,금융위원회 지수시세정보(공공데이터포털),2026-09-30
2021-06-07,밸류에이션,지수 종가,KOSPI,3252.12,pt,금융위원회 지수시세정보(공공데이터포털),2026-09-30
2021-06-04,밸류에이션,지수 종가,KOSPI,3240.08,pt,금융위원회 지수시세정보(공공데이터포털),2026-09-30
2021-06-03,밸류에이션,지수 종가,KOSPI,3247.43,pt,금융위원회 지수시세정보(공공데이터포털),2026-09-30
2021-06-02,밸류에이션,지수 종가,KOSPI,3224.23,pt,금융위원회 지수시세정보(공공데이터포털),2026-09-30
2021-06-01,밸류에이션,지수 종가,KOSPI,3221.87,pt,금융위원회 지수시세정보(공공데이터포털),2026-09-30
2021-05-31,밸류에이션,지수 종가,KOSPI,3203.92,pt,금융위원회 지수시세정보(공공데이터포털),2026-09-30
2021-05-28,밸류에이션,지수 종가,KOSPI,3188.73,pt,금융위원회 지수시세정보(공공데이터포털),2026-09-30
2021-05-27,밸류에이션,지수 종가,KOSPI,3165.51,pt,금융위원회 지수시세정보(공공데이터포털),2026-09-30
2021-05-26,밸류에이션,지수 종가,KOSPI,3168.43,pt,금융위원회 지수시세정보(공공데이터포털),2026-09-30
2021-05-25,밸류에이션,지수 종가,KOSPI,3171.32,pt,금융위원회 지수시세정보(공공데이터포털),2026-09-30
2021-05-24,밸류에이션,지수 종가,KOSPI,3144.3,pt,금융위원회 지수시세정보(공공데이터포털),2026-09-30
2021-05-21,밸류에이션,지수 종가,KOSPI,3156.42,pt,금융위원회 지수시세정보(공공데이터포털),2026-09-30
2021-05-20,밸류에이션,지수 종가,KOSPI,3162.28,pt,금융위원회 지수시세정보(공공데이터포털),2026-09-30
2021-05-18,밸류에이션,지수 종가,KOSPI,3173.05,pt,금융위원회 지수시세정보(공공데이터포털),2026-09-30
2021-05-17,밸류에이션,지수 종가,KOSPI,3134.52,pt,금융위원회 지수시세정보(공공데이터포털),2026-09-30
2021-05-14,밸류에이션,지수 종가,KOSPI,3153.32,pt,금융위원회 지수시세정보(공공데이터포털),2026-09-30
2021-05-13,밸류에이션,지수 종가,KOSPI,3122.11,pt,금융위원회 지수시세정보(공공데이터포털),2026-09-30
2021-05-12,밸류에이션,지수 종가,KOSPI,3161.66,pt,금융위원회 지수시세정보(공공데이터포털),2026-09-30
2021-05-11,밸류에이션,지수 종가,KOSPI,3209.43,pt,금융위원회 지수시세정보(공공데이터포털),2026-09-30
2021-05-10,밸류에이션,지수 종가,KOSPI,3249.3,pt,금융위원회 지수시세정보(공공데이터포털),2026-09-30
2021-05-07,밸류에이션,지수 종가,KOSPI,3197.2,pt,금융위원회 지수시세정보(공공데이터포털),2026-09-30
2021-05-06,밸류에이션,지수 종가,KOSPI,3178.74,pt,금융위원회 지수시세정보(공공데이터포털),2026-09-30
2021-05-04,밸류에이션,지수 종가,KOSPI,3147.37,pt,금융위원회 지수시세정보(공공데이터포털),2026-09-30
2021-05-03,밸류에이션,지수 종가,KOSPI,3127.2,pt,금융위원회 지수시세정보(공공데이터포털),2026-09-30
2021-04-30,밸류에이션,지수 종가,KOSPI,3147.86,pt,금융위원회 지수시세정보(공공데이터포털),2026-09-30
2021-04-29,밸류에이션,지수 종가,KOSPI,3174.07,pt,금융위원회 지수시세정보(공공데이터포털),2026-09-30
2021-04-28,밸류에이션,지수 종가,KOSPI,3181.47,pt,금융위원회 지수시세정보(공공데이터포털),2026-09-30
2021-04-27,밸류에이션,지수 종가,KOSPI,3215.42,pt,금융위원회 지수시세정보(공공데이터포털),2026-09-30
2021-04-26,밸류에이션,지수 종가,KOSPI,3217.53,pt,금융위원회 지수시세정보(공공데이터포털),2026-09-30
2021-04-23,밸류에이션,지수 종가,KOSPI,3186.1,pt,금융위원회 지수시세정보(공공데이터포털),2026-09-30
2021-04-22,밸류에이션,지수 종가,KOSPI,3177.52,pt,금융위원회 지수시세정보(공공데이터포털),2026-09-30
2021-04-21,밸류에이션,지수 종가,KOSPI,3171.66,pt,금융위원회 지수시세정보(공공데이터포털),2026-09-30
2021-04-20,밸류에이션,지수 종가,KOSPI,3220.7,pt,금융위원회 지수시세정보(공공데이터포털),2026-09-30
2021-04-19,밸류에이션,지수 종가,KOSPI,3198.84,pt,금융위원회 지수시세정보(공공데이터포털),2026-09-30
2021-04-16,밸류에이션,지수 종가,KOSPI,3198.62,pt,금융위원회 지수시세정보(공공데이터포털),2026-09-30
2021-04-15,밸류에이션,지수 종가,KOSPI,3194.33,pt,금융위원회 지수시세정보(공공데이터포털),2026-09-30
2021-04-14,밸류에이션,지수 종가,KOSPI,3182.38,pt,금융위원회 지수시세정보(공공데이터포털),2026-09-30
2021-04-13,밸류에이션,지수 종가,KOSPI,3169.08,pt,금융위원회 지수시세정보(공공데이터포털),2026-09-30
2021-04-12,밸류에이션,지수 종가,KOSPI,3135.59,pt,금융위원회 지수시세정보(공공데이터포털),2026-09-30
2021-04-09,밸류에이션,지수 종가,KOSPI,3131.88,pt,금융위원회 지수시세정보(공공데이터포털),2026-09-30
2021-04-08,밸류에이션,지수 종가,KOSPI,3143.26,pt,금융위원회 지수시세정보(공공데이터포털),2026-09-30
2021-04-07,밸류에이션,지수 종가,KOSPI,3137.41,pt,금융위원회 지수시세정보(공공데이터포털),2026-09-30
2021-04-06,밸류에이션,지수 종가,KOSPI,3127.08,pt,금융위원회 지수시세정보(공공데이터포털),2026-09-30
2021-04-05,밸류에이션,지수 종가,KOSPI,3120.83,pt,금융위원회 지수시세정보(공공데이터포털),2026-09-30
2021-04-02,밸류에이션,지수 종가,KOSPI,3112.8,pt,금융위원회 지수시세정보(공공데이터포털),2026-09-30
2021-04-01,밸류에이션,지수 종가,KOSPI,3087.4,pt,금융위원회 지수시세정보(공공데이터포털),2026-09-30
2021-03-31,밸류에이션,지수 종가,KOSPI,3061.42,pt,금융위원회 지수시세정보(공공데이터포털),2026-09-30
2021-03-30,밸류에이션,지수 종가,KOSPI,3070,pt,금융위원회 지수시세정보(공공데이터포털),2026-09-30
2021-03-29,밸류에이션,지수 종가,KOSPI,3036.04,pt,금융위원회 지수시세정보(공공데이터포털),2026-09-30
2021-03-26,밸류에이션,지수 종가,KOSPI,3041.01,pt,금융위원회 지수시세정보(공공데이터포털),2026-09-30
2021-03-25,밸류에이션,지수 종가,KOSPI,3008.33,pt,금융위원회 지수시세정보(공공데이터포털),2026-09-30
2021-03-24,밸류에이션,지수 종가,KOSPI,2996.35,pt,금융위원회 지수시세정보(공공데이터포털),2026-09-30
2021-03-23,밸류에이션,지수 종가,KOSPI,3004.74,pt,금융위원회 지수시세정보(공공데이터포털),2026-09-30
2021-03-22,밸류에이션,지수 종가,KOSPI,3035.46,pt,금융위원회 지수시세정보(공공데이터포털),2026-09-30
2021-03-19,밸류에이션,지수 종가,KOSPI,3039.53,pt,금융위원회 지수시세정보(공공데이터포털),2026-09-30
2021-03-18,밸류에이션,지수 종가,KOSPI,3066.01,pt,금융위원회 지수시세정보(공공데이터포털),2026-09-30
2021-03-17,밸류에이션,지수 종가,KOSPI,3047.5,pt,금융위원회 지수시세정보(공공데이터포털),2026-09-30
2021-03-16,밸류에이션,지수 종가,KOSPI,3067.17,pt,금융위원회 지수시세정보(공공데이터포털),2026-09-30
2021-03-15,밸류에이션,지수 종가,KOSPI,3045.71,pt,금융위원회 지수시세정보(공공데이터포털),2026-09-30
2021-03-12,밸류에이션,지수 종가,KOSPI,3054.39,pt,금융위원회 지수시세정보(공공데이터포털),2026-09-30
2021-03-11,밸류에이션,지수 종가,KOSPI,3013.7,pt,금융위원회 지수시세정보(공공데이터포털),2026-09-30
2021-03-10,밸류에이션,지수 종가,KOSPI,2958.12,pt,금융위원회 지수시세정보(공공데이터포털),2026-09-30
2021-03-09,밸류에이션,지수 종가,KOSPI,2976.12,pt,금융위원회 지수시세정보(공공데이터포털),2026-09-30
2021-03-08,밸류에이션,지수 종가,KOSPI,2996.11,pt,금융위원회 지수시세정보(공공데이터포털),2026-09-30
2021-03-05,밸류에이션,지수 종가,KOSPI,3026.26,pt,금융위원회 지수시세정보(공공데이터포털),2026-09-30
2021-03-04,밸류에이션,지수 종가,KOSPI,3043.49,pt,금융위원회 지수시세정보(공공데이터포털),2026-09-30
2021-03-03,밸류에이션,지수 종가,KOSPI,3082.99,pt,금융위원회 지수시세정보(공공데이터포털),2026-09-30
2021-03-02,밸류에이션,지수 종가,KOSPI,3043.87,pt,금융위원회 지수시세정보(공공데이터포털),2026-09-30
2021-02-26,밸류에이션,지수 종가,KOSPI,3012.95,pt,금융위원회 지수시세정보(공공데이터포털),2026-09-30
2021-02-25,밸류에이션,지수 종가,KOSPI,3099.69,pt,금융위원회 지수시세정보(공공데이터포털),2026-09-30
2021-02-24,밸류에이션,지수 종가,KOSPI,2994.98,pt,금융위원회 지수시세정보(공공데이터포털),2026-09-30
2021-02-23,밸류에이션,지수 종가,KOSPI,3070.09,pt,금융위원회 지수시세정보(공공데이터포털),2026-09-30
2021-02-22,밸류에이션,지수 종가,KOSPI,3079.75,pt,금융위원회 지수시세정보(공공데이터포털),2026-09-30
2021-02-19,밸류에이션,지수 종가,KOSPI,3107.62,pt,금융위원회 지수시세정보(공공데이터포털),2026-09-30
2021-02-18,밸류에이션,지수 종가,KOSPI,3086.66,pt,금융위원회 지수시세정보(공공데이터포털),2026-09-30
2021-02-17,밸류에이션,지수 종가,KOSPI,3133.73,pt,금융위원회 지수시세정보(공공데이터포털),2026-09-30
2021-02-16,밸류에이션,지수 종가,KOSPI,3163.25,pt,금융위원회 지수시세정보(공공데이터포털),2026-09-30
2021-02-15,밸류에이션,지수 종가,KOSPI,3147,pt,금융위원회 지수시세정보(공공데이터포털),2026-09-30
2021-02-10,밸류에이션,지수 종가,KOSPI,3100.58,pt,금융위원회 지수시세정보(공공데이터포털),2026-09-30
2021-02-09,밸류에이션,지수 종가,KOSPI,3084.67,pt,금융위원회 지수시세정보(공공데이터포털),2026-09-30
2021-02-08,밸류에이션,지수 종가,KOSPI,3091.24,pt,금융위원회 지수시세정보(공공데이터포털),2026-09-30
2021-02-05,밸류에이션,지수 종가,KOSPI,3120.63,pt,금융위원회 지수시세정보(공공데이터포털),2026-09-30
2021-02-04,밸류에이션,지수 종가,KOSPI,3087.55,pt,금융위원회 지수시세정보(공공데이터포털),2026-09-30
2021-02-03,밸류에이션,지수 종가,KOSPI,3129.68,pt,금융위원회 지수시세정보(공공데이터포털),2026-09-30
2021-02-02,밸류에이션,지수 종가,KOSPI,3096.81,pt,금융위원회 지수시세정보(공공데이터포털),2026-09-30
2021-02-01,밸류에이션,지수 종가,KOSPI,3056.53,pt,금융위원회 지수시세정보(공공데이터포털),2026-09-30
2021-01-29,밸류에이션,지수 종가,KOSPI,2976.21,pt,금융위원회 지수시세정보(공공데이터포털),2026-09-30
2021-01-28,밸류에이션,지수 종가,KOSPI,3069.05,pt,금융위원회 지수시세정보(공공데이터포털),2026-09-30
2021-01-27,밸류에이션,지수 종가,KOSPI,3122.56,pt,금융위원회 지수시세정보(공공데이터포털),2026-09-30
2021-01-26,밸류에이션,지수 종가,KOSPI,3140.31,pt,금융위원회 지수시세정보(공공데이터포털),2026-09-30
2021-01-25,밸류에이션,지수 종가,KOSPI,3208.99,pt,금융위원회 지수시세정보(공공데이터포털),2026-09-30
2021-01-22,밸류에이션,지수 종가,KOSPI,3140.63,pt,금융위원회 지수시세정보(공공데이터포털),2026-09-30
2021-01-21,밸류에이션,지수 종가,KOSPI,3160.84,pt,금융위원회 지수시세정보(공공데이터포털),2026-09-30
2021-01-20,밸류에이션,지수 종가,KOSPI,3114.55,pt,금융위원회 지수시세정보(공공데이터포털),2026-09-30
2021-01-19,밸류에이션,지수 종가,KOSPI,3092.66,pt,금융위원회 지수시세정보(공공데이터포털),2026-09-30
2021-01-18,밸류에이션,지수 종가,KOSPI,3013.93,pt,금융위원회 지수시세정보(공공데이터포털),2026-09-30
2021-01-15,밸류에이션,지수 종가,KOSPI,3085.9,pt,금융위원회 지수시세정보(공공데이터포털),2026-09-30
2021-01-14,밸류에이션,지수 종가,KOSPI,3149.93,pt,금융위원회 지수시세정보(공공데이터포털),2026-09-30
2021-01-13,밸류에이션,지수 종가,KOSPI,3148.29,pt,금융위원회 지수시세정보(공공데이터포털),2026-09-30
2021-01-12,밸류에이션,지수 종가,KOSPI,3125.95,pt,금융위원회 지수시세정보(공공데이터포털),2026-09-30
2021-01-11,밸류에이션,지수 종가,KOSPI,3148.45,pt,금융위원회 지수시세정보(공공데이터포털),2026-09-30
2021-01-08,밸류에이션,지수 종가,KOSPI,3152.18,pt,금융위원회 지수시세정보(공공데이터포털),2026-09-30
2021-01-07,밸류에이션,지수 종가,KOSPI,3031.68,pt,금융위원회 지수시세정보(공공데이터포털),2026-09-30
2021-01-06,밸류에이션,지수 종가,KOSPI,2968.21,pt,금융위원회 지수시세정보(공공데이터포털),2026-09-30
2021-01-05,밸류에이션,지수 종가,KOSPI,2990.57,pt,금융위원회 지수시세정보(공공데이터포털),2026-09-30
2021-01-04,밸류에이션,지수 종가,KOSPI,2944.45,pt,금융위원회 지수시세정보(공공데이터포털),2026-09-30
2026-09-29,밸류에이션,지수 종가,KOSDAQ,849.8,pt,금융위원회 지수시세정보(공공데이터포털),2026-09-30
2026-09-28,밸류에이션,지수 종가,KOSDAQ,846.58,pt,금융위원회 지수시세정보(공공데이터포털),2026-09-30
2026-09-23,밸류에이션,지수 종가,KOSDAQ,844.48,pt,금융위원회 지수시세정보(공공데이터포털),2026-09-30
2026-09-22,밸류에이션,지수 종가,KOSDAQ,834.38,pt,금융위원회 지수시세정보(공공데이터포털),2026-09-30
2026-09-21,밸류에이션,지수 종가,KOSDAQ,836.27,pt,금융위원회 지수시세정보(공공데이터포털),2026-09-30
2026-09-18,밸류에이션,지수 종가,KOSDAQ,827.12,pt,금융위원회 지수시세정보(공공데이터포털),2026-09-30
2026-09-17,밸류에이션,지수 종가,KOSDAQ,822.18,pt,금융위원회 지수시세정보(공공데이터포털),2026-09-30
2026-09-16,밸류에이션,지수 종가,KOSDAQ,815.98,pt,금융위원회 지수시세정보(공공데이터포털),2026-09-30
2026-09-15,밸류에이션,지수 종가,KOSDAQ,812.41,pt,금융위원회 지수시세정보(공공데이터포털),2026-09-30
2026-09-14,밸류에이션,지수 종가,KOSDAQ,806.79,pt,금융위원회 지수시세정보(공공데이터포털),2026-09-30
2026-09-11,밸류에이션,지수 종가,KOSDAQ,820.64,pt,금융위원회 지수시세정보(공공데이터포털),2026-09-30
2026-09-10,밸류에이션,지수 종가,KOSDAQ,836.92,pt,금융위원회 지수시세정보(공공데이터포털),2026-09-30
2026-09-09,밸류에이션,지수 종가,KOSDAQ,830.37,pt,금융위원회 지수시세정보(공공데이터포털),2026-09-30
2026-09-08,밸류에이션,지수 종가,KOSDAQ,811.88,pt,금융위원회 지수시세정보(공공데이터포털),2026-09-30
2026-09-07,밸류에이션,지수 종가,KOSDAQ,822.19,pt,금융위원회 지수시세정보(공공데이터포털),2026-09-30
2026-09-04,밸류에이션,지수 종가,KOSDAQ,813.5,pt,금융위원회 지수시세정보(공공데이터포털),2026-09-30
2026-09-03,밸류에이션,지수 종가,KOSDAQ,790.21,pt,금융위원회 지수시세정보(공공데이터포털),2026-09-30
2026-09-02,밸류에이션,지수 종가,KOSDAQ,803.98,pt,금융위원회 지수시세정보(공공데이터포털),2026-09-30
2026-09-01,밸류에이션,지수 종가,KOSDAQ,821.25,pt,금융위원회 지수시세정보(공공데이터포털),2026-09-30
2026-08-31,밸류에이션,지수 종가,KOSDAQ,834.29,pt,금융위원회 지수시세정보(공공데이터포털),2026-09-30
2026-08-28,밸류에이션,지수 종가,KOSDAQ,838.41,pt,금융위원회 지수시세정보(공공데이터포털),2026-09-30
2026-08-27,밸류에이션,지수 종가,KOSDAQ,837.65,pt,금융위원회 지수시세정보(공공데이터포털),2026-09-30
2026-08-26,밸류에이션,지수 종가,KOSDAQ,826.87,pt,금융위원회 지수시세정보(공공데이터포털),2026-09-30
2026-08-25,밸류에이션,지수 종가,KOSDAQ,827.15,pt,금융위원회 지수시세정보(공공데이터포털),2026-09-30
2026-08-24,밸류에이션,지수 종가,KOSDAQ,813.33,pt,금융위원회 지수시세정보(공공데이터포털),2026-09-30
2026-08-21,밸류에이션,지수 종가,KOSDAQ,801.94,pt,금융위원회 지수시세정보(공공데이터포털),2026-09-30
2026-08-20,밸류에이션,지수 종가,KOSDAQ,840.89,pt,금융위원회 지수시세정보(공공데이터포털),2026-09-30
2026-08-19,밸류에이션,지수 종가,KOSDAQ,824.46,pt,금융위원회 지수시세정보(공공데이터포털),2026-09-30
2026-08-18,밸류에이션,지수 종가,KOSDAQ,834.2,pt,금융위원회 지수시세정보(공공데이터포털),2026-09-30
2026-08-14,밸류에이션,지수 종가,KOSDAQ,864.65,pt,금융위원회 지수시세정보(공공데이터포털),2026-09-30
2026-08-13,밸류에이션,지수 종가,KOSDAQ,861.37,pt,금융위원회 지수시세정보(공공데이터포털),2026-09-30
2026-08-12,밸류에이션,지수 종가,KOSDAQ,858.91,pt,금융위원회 지수시세정보(공공데이터포털),2026-09-30
2026-08-11,밸류에이션,지수 종가,KOSDAQ,857.84,pt,금융위원회 지수시세정보(공공데이터포털),2026-09-30
2026-08-10,밸류에이션,지수 종가,KOSDAQ,854.47,pt,금융위원회 지수시세정보(공공데이터포털),2026-09-30
2026-08-07,밸류에이션,지수 종가,KOSDAQ,798.81,pt,금융위원회 지수시세정보(공공데이터포털),2026-09-30
2026-08-06,밸류에이션,지수 종가,KOSDAQ,801.67,pt,금융위원회 지수시세정보(공공데이터포털),2026-09-30
2026-08-05,밸류에이션,지수 종가,KOSDAQ,799.59,pt,금융위원회 지수시세정보(공공데이터포털),2026-09-30
2026-08-04,밸류에이션,지수 종가,KOSDAQ,780.72,pt,금융위원회 지수시세정보(공공데이터포털),2026-09-30
2026-08-03,밸류에이션,지수 종가,KOSDAQ,737.35,pt,금융위원회 지수시세정보(공공데이터포털),2026-09-30
2026-07-31,밸류에이션,지수 종가,KOSDAQ,719.76,pt,금융위원회 지수시세정보(공공데이터포털),2026-09-30
2026-07-30,밸류에이션,지수 종가,KOSDAQ,644.78,pt,금융위원회 지수시세정보(공공데이터포털),2026-09-30
2026-07-29,밸류에이션,지수 종가,KOSDAQ,662.68,pt,금융위원회 지수시세정보(공공데이터포털),2026-09-30
2026-07-28,밸류에이션,지수 종가,KOSDAQ,705.85,pt,금융위원회 지수시세정보(공공데이터포털),2026-09-30
2026-07-27,밸류에이션,지수 종가,KOSDAQ,764.86,pt,금융위원회 지수시세정보(공공데이터포털),2026-09-30
2026-07-24,밸류에이션,지수 종가,KOSDAQ,748.22,pt,금융위원회 지수시세정보(공공데이터포털),2026-09-30
2026-07-23,밸류에이션,지수 종가,KOSDAQ,790.28,pt,금융위원회 지수시세정보(공공데이터포털),2026-09-30
2026-07-22,밸류에이션,지수 종가,KOSDAQ,751.09,pt,금융위원회 지수시세정보(공공데이터포털),2026-09-30
2026-07-21,밸류에이션,지수 종가,KOSDAQ,753.34,pt,금융위원회 지수시세정보(공공데이터포털),2026-09-30
2026-07-20,밸류에이션,지수 종가,KOSDAQ,749.64,pt,금융위원회 지수시세정보(공공데이터포털),2026-09-30
2026-07-16,밸류에이션,지수 종가,KOSDAQ,791.84,pt,금융위원회 지수시세정보(공공데이터포털),2026-09-30
2026-07-15,밸류에이션,지수 종가,KOSDAQ,829.43,pt,금융위원회 지수시세정보(공공데이터포털),2026-09-30
2026-07-14,밸류에이션,지수 종가,KOSDAQ,783.98,pt,금융위원회 지수시세정보(공공데이터포털),2026-09-30
2026-07-13,밸류에이션,지수 종가,KOSDAQ,799.36,pt,금융위원회 지수시세정보(공공데이터포털),2026-09-30
2026-07-10,밸류에이션,지수 종가,KOSDAQ,837.43,pt,금융위원회 지수시세정보(공공데이터포털),2026-09-30
2026-07-09,밸류에이션,지수 종가,KOSDAQ,794,pt,금융위원회 지수시세정보(공공데이터포털),2026-09-30
2026-07-08,밸류에이션,지수 종가,KOSDAQ,785,pt,금융위원회 지수시세정보(공공데이터포털),2026-09-30
2026-07-07,밸류에이션,지수 종가,KOSDAQ,831.23,pt,금융위원회 지수시세정보(공공데이터포털),2026-09-30
2026-07-06,밸류에이션,지수 종가,KOSDAQ,847.07,pt,금융위원회 지수시세정보(공공데이터포털),2026-09-30
2026-07-03,밸류에이션,지수 종가,KOSDAQ,868.41,pt,금융위원회 지수시세정보(공공데이터포털),2026-09-30
2026-07-02,밸류에이션,지수 종가,KOSDAQ,866.72,pt,금융위원회 지수시세정보(공공데이터포털),2026-09-30
2026-07-01,밸류에이션,지수 종가,KOSDAQ,929.35,pt,금융위원회 지수시세정보(공공데이터포털),2026-09-30
2026-06-30,밸류에이션,지수 종가,KOSDAQ,916.18,pt,금융위원회 지수시세정보(공공데이터포털),2026-09-30
2026-06-29,밸류에이션,지수 종가,KOSDAQ,920.57,pt,금융위원회 지수시세정보(공공데이터포털),2026-09-30
2026-06-26,밸류에이션,지수 종가,KOSDAQ,851.37,pt,금융위원회 지수시세정보(공공데이터포털),2026-09-30
2026-06-25,밸류에이션,지수 종가,KOSDAQ,887.81,pt,금융위원회 지수시세정보(공공데이터포털),2026-09-30
2026-06-24,밸류에이션,지수 종가,KOSDAQ,909.31,pt,금융위원회 지수시세정보(공공데이터포털),2026-09-30
2026-06-23,밸류에이션,지수 종가,KOSDAQ,891.52,pt,금융위원회 지수시세정보(공공데이터포털),2026-09-30
2026-06-22,밸류에이션,지수 종가,KOSDAQ,968.4,pt,금융위원회 지수시세정보(공공데이터포털),2026-09-30
2026-06-19,밸류에이션,지수 종가,KOSDAQ,966.59,pt,금융위원회 지수시세정보(공공데이터포털),2026-09-30
2026-06-18,밸류에이션,지수 종가,KOSDAQ,1000.93,pt,금융위원회 지수시세정보(공공데이터포털),2026-09-30
2026-06-17,밸류에이션,지수 종가,KOSDAQ,1031.96,pt,금융위원회 지수시세정보(공공데이터포털),2026-09-30
2026-06-16,밸류에이션,지수 종가,KOSDAQ,1018.68,pt,금융위원회 지수시세정보(공공데이터포털),2026-09-30
2026-06-15,밸류에이션,지수 종가,KOSDAQ,1034.03,pt,금융위원회 지수시세정보(공공데이터포털),2026-09-30
2026-06-12,밸류에이션,지수 종가,KOSDAQ,1029.05,pt,금융위원회 지수시세정보(공공데이터포털),2026-09-30
2026-06-11,밸류에이션,지수 종가,KOSDAQ,996.93,pt,금융위원회 지수시세정보(공공데이터포털),2026-09-30
2026-06-10,밸류에이션,지수 종가,KOSDAQ,951.63,pt,금융위원회 지수시세정보(공공데이터포털),2026-09-30
2026-06-09,밸류에이션,지수 종가,KOSDAQ,967.81,pt,금융위원회 지수시세정보(공공데이터포털),2026-09-30
2026-06-08,밸류에이션,지수 종가,KOSDAQ,911.39,pt,금융위원회 지수시세정보(공공데이터포털),2026-09-30
2026-06-05,밸류에이션,지수 종가,KOSDAQ,1002.44,pt,금융위원회 지수시세정보(공공데이터포털),2026-09-30
2026-06-04,밸류에이션,지수 종가,KOSDAQ,1049.73,pt,금융위원회 지수시세정보(공공데이터포털),2026-09-30
2026-06-02,밸류에이션,지수 종가,KOSDAQ,1026.03,pt,금융위원회 지수시세정보(공공데이터포털),2026-09-30
2026-06-01,밸류에이션,지수 종가,KOSDAQ,1050.03,pt,금융위원회 지수시세정보(공공데이터포털),2026-09-30
2026-05-29,밸류에이션,지수 종가,KOSDAQ,1074.8,pt,금융위원회 지수시세정보(공공데이터포털),2026-09-30
2026-05-28,밸류에이션,지수 종가,KOSDAQ,1104.36,pt,금융위원회 지수시세정보(공공데이터포털),2026-09-30
2026-05-27,밸류에이션,지수 종가,KOSDAQ,1133.13,pt,금융위원회 지수시세정보(공공데이터포털),2026-09-30
2026-05-26,밸류에이션,지수 종가,KOSDAQ,1172.52,pt,금융위원회 지수시세정보(공공데이터포털),2026-09-30
2026-05-22,밸류에이션,지수 종가,KOSDAQ,1161.13,pt,금융위원회 지수시세정보(공공데이터포털),2026-09-30
2026-05-21,밸류에이션,지수 종가,KOSDAQ,1105.97,pt,금융위원회 지수시세정보(공공데이터포털),2026-09-30
2026-05-20,밸류에이션,지수 종가,KOSDAQ,1056.07,pt,금융위원회 지수시세정보(공공데이터포털),2026-09-30
2026-05-19,밸류에이션,지수 종가,KOSDAQ,1084.36,pt,금융위원회 지수시세정보(공공데이터포털),2026-09-30
2026-05-18,밸류에이션,지수 종가,KOSDAQ,1111.09,pt,금융위원회 지수시세정보(공공데이터포털),2026-09-30
2026-05-15,밸류에이션,지수 종가,KOSDAQ,1129.82,pt,금융위원회 지수시세정보(공공데이터포털),2026-09-30
2026-05-14,밸류에이션,지수 종가,KOSDAQ,1191.09,pt,금융위원회 지수시세정보(공공데이터포털),2026-09-30
2026-05-13,밸류에이션,지수 종가,KOSDAQ,1176.93,pt,금융위원회 지수시세정보(공공데이터포털),2026-09-30
2026-05-12,밸류에이션,지수 종가,KOSDAQ,1179.29,pt,금융위원회 지수시세정보(공공데이터포털),2026-09-30
2026-05-11,밸류에이션,지수 종가,KOSDAQ,1207.34,pt,금융위원회 지수시세정보(공공데이터포털),2026-09-30
2026-05-08,밸류에이션,지수 종가,KOSDAQ,1207.72,pt,금융위원회 지수시세정보(공공데이터포털),2026-09-30
2026-05-07,밸류에이션,지수 종가,KOSDAQ,1199.18,pt,금융위원회 지수시세정보(공공데이터포털),2026-09-30
2026-05-06,밸류에이션,지수 종가,KOSDAQ,1210.17,pt,금융위원회 지수시세정보(공공데이터포털),2026-09-30
2026-05-04,밸류에이션,지수 종가,KOSDAQ,1213.74,pt,금융위원회 지수시세정보(공공데이터포털),2026-09-30
2026-04-30,밸류에이션,지수 종가,KOSDAQ,1192.35,pt,금융위원회 지수시세정보(공공데이터포털),2026-09-30
2026-04-29,밸류에이션,지수 종가,KOSDAQ,1220.26,pt,금융위원회 지수시세정보(공공데이터포털),2026-09-30
2026-04-28,밸류에이션,지수 종가,KOSDAQ,1215.58,pt,금융위원회 지수시세정보(공공데이터포털),2026-09-30
2026-04-27,밸류에이션,지수 종가,KOSDAQ,1226.18,pt,금융위원회 지수시세정보(공공데이터포털),2026-09-30
2026-04-24,밸류에이션,지수 종가,KOSDAQ,1203.84,pt,금융위원회 지수시세정보(공공데이터포털),2026-09-30
2026-04-23,밸류에이션,지수 종가,KOSDAQ,1174.31,pt,금융위원회 지수시세정보(공공데이터포털),2026-09-30
2026-04-22,밸류에이션,지수 종가,KOSDAQ,1181.12,pt,금융위원회 지수시세정보(공공데이터포털),2026-09-30
2026-04-21,밸류에이션,지수 종가,KOSDAQ,1179.03,pt,금융위원회 지수시세정보(공공데이터포털),2026-09-30
2026-04-20,밸류에이션,지수 종가,KOSDAQ,1174.85,pt,금융위원회 지수시세정보(공공데이터포털),2026-09-30
2026-04-17,밸류에이션,지수 종가,KOSDAQ,1170.04,pt,금융위원회 지수시세정보(공공데이터포털),2026-09-30
2026-04-16,밸류에이션,지수 종가,KOSDAQ,1162.97,pt,금융위원회 지수시세정보(공공데이터포털),2026-09-30
2026-04-15,밸류에이션,지수 종가,KOSDAQ,1152.43,pt,금융위원회 지수시세정보(공공데이터포털),2026-09-30
2026-04-14,밸류에이션,지수 종가,KOSDAQ,1121.88,pt,금융위원회 지수시세정보(공공데이터포털),2026-09-30
2026-04-13,밸류에이션,지수 종가,KOSDAQ,1099.84,pt,금융위원회 지수시세정보(공공데이터포털),2026-09-30
2026-04-10,밸류에이션,지수 종가,KOSDAQ,1093.63,pt,금융위원회 지수시세정보(공공데이터포털),2026-09-30
2026-04-09,밸류에이션,지수 종가,KOSDAQ,1076,pt,금융위원회 지수시세정보(공공데이터포털),2026-09-30
2026-04-08,밸류에이션,지수 종가,KOSDAQ,1089.85,pt,금융위원회 지수시세정보(공공데이터포털),2026-09-30
2026-04-07,밸류에이션,지수 종가,KOSDAQ,1036.73,pt,금융위원회 지수시세정보(공공데이터포털),2026-09-30
2026-04-06,밸류에이션,지수 종가,KOSDAQ,1047.37,pt,금융위원회 지수시세정보(공공데이터포털),2026-09-30
2026-04-03,밸류에이션,지수 종가,KOSDAQ,1063.75,pt,금융위원회 지수시세정보(공공데이터포털),2026-09-30
2026-04-02,밸류에이션,지수 종가,KOSDAQ,1056.34,pt,금융위원회 지수시세정보(공공데이터포털),2026-09-30
2026-04-01,밸류에이션,지수 종가,KOSDAQ,1116.18,pt,금융위원회 지수시세정보(공공데이터포털),2026-09-30
2026-03-31,밸류에이션,지수 종가,KOSDAQ,1052.39,pt,금융위원회 지수시세정보(공공데이터포털),2026-09-30
2026-03-30,밸류에이션,지수 종가,KOSDAQ,1107.05,pt,금융위원회 지수시세정보(공공데이터포털),2026-09-30
2026-03-27,밸류에이션,지수 종가,KOSDAQ,1141.51,pt,금융위원회 지수시세정보(공공데이터포털),2026-09-30
2026-03-26,밸류에이션,지수 종가,KOSDAQ,1136.64,pt,금융위원회 지수시세정보(공공데이터포털),2026-09-30
2026-03-25,밸류에이션,지수 종가,KOSDAQ,1159.55,pt,금융위원회 지수시세정보(공공데이터포털),2026-09-30
2026-03-24,밸류에이션,지수 종가,KOSDAQ,1121.44,pt,금융위원회 지수시세정보(공공데이터포털),2026-09-30
2026-03-23,밸류에이션,지수 종가,KOSDAQ,1096.89,pt,금융위원회 지수시세정보(공공데이터포털),2026-09-30
2026-03-20,밸류에이션,지수 종가,KOSDAQ,1161.52,pt,금융위원회 지수시세정보(공공데이터포털),2026-09-30
2026-03-19,밸류에이션,지수 종가,KOSDAQ,1143.48,pt,금융위원회 지수시세정보(공공데이터포털),2026-09-30
2026-03-18,밸류에이션,지수 종가,KOSDAQ,1164.38,pt,금융위원회 지수시세정보(공공데이터포털),2026-09-30
2026-03-17,밸류에이션,지수 종가,KOSDAQ,1136.94,pt,금융위원회 지수시세정보(공공데이터포털),2026-09-30
2026-03-16,밸류에이션,지수 종가,KOSDAQ,1138.29,pt,금융위원회 지수시세정보(공공데이터포털),2026-09-30
2026-03-13,밸류에이션,지수 종가,KOSDAQ,1152.96,pt,금융위원회 지수시세정보(공공데이터포털),2026-09-30
2026-03-12,밸류에이션,지수 종가,KOSDAQ,1148.4,pt,금융위원회 지수시세정보(공공데이터포털),2026-09-30
2026-03-11,밸류에이션,지수 종가,KOSDAQ,1136.83,pt,금융위원회 지수시세정보(공공데이터포털),2026-09-30
2026-03-10,밸류에이션,지수 종가,KOSDAQ,1137.68,pt,금융위원회 지수시세정보(공공데이터포털),2026-09-30
2026-03-09,밸류에이션,지수 종가,KOSDAQ,1102.28,pt,금융위원회 지수시세정보(공공데이터포털),2026-09-30
2026-03-06,밸류에이션,지수 종가,KOSDAQ,1154.67,pt,금융위원회 지수시세정보(공공데이터포털),2026-09-30
2026-03-05,밸류에이션,지수 종가,KOSDAQ,1116.41,pt,금융위원회 지수시세정보(공공데이터포털),2026-09-30
2026-03-04,밸류에이션,지수 종가,KOSDAQ,978.44,pt,금융위원회 지수시세정보(공공데이터포털),2026-09-30
2026-03-03,밸류에이션,지수 종가,KOSDAQ,1137.7,pt,금융위원회 지수시세정보(공공데이터포털),2026-09-30
2026-02-27,밸류에이션,지수 종가,KOSDAQ,1192.78,pt,금융위원회 지수시세정보(공공데이터포털),2026-09-30
2026-02-26,밸류에이션,지수 종가,KOSDAQ,1188.15,pt,금융위원회 지수시세정보(공공데이터포털),2026-09-30
2026-02-25,밸류에이션,지수 종가,KOSDAQ,1165.25,pt,금융위원회 지수시세정보(공공데이터포털),2026-09-30
2026-02-24,밸류에이션,지수 종가,KOSDAQ,1165,pt,금융위원회 지수시세정보(공공데이터포털),2026-09-30
2026-02-23,밸류에이션,지수 종가,KOSDAQ,1151.99,pt,금융위원회 지수시세정보(공공데이터포털),2026-09-30
2026-02-20,밸류에이션,지수 종가,KOSDAQ,1154,pt,금융위원회 지수시세정보(공공데이터포털),2026-09-30
2026-02-19,밸류에이션,지수 종가,KOSDAQ,1160.71,pt,금융위원회 지수시세정보(공공데이터포털),2026-09-30
2026-02-13,밸류에이션,지수 종가,KOSDAQ,1106.08,pt,금융위원회 지수시세정보(공공데이터포털),2026-09-30
2026-02-12,밸류에이션,지수 종가,KOSDAQ,1125.99,pt,금융위원회 지수시세정보(공공데이터포털),2026-09-30
2026-02-11,밸류에이션,지수 종가,KOSDAQ,1114.87,pt,금융위원회 지수시세정보(공공데이터포털),2026-09-30
2026-02-10,밸류에이션,지수 종가,KOSDAQ,1115.2,pt,금융위원회 지수시세정보(공공데이터포털),2026-09-30
2026-02-09,밸류에이션,지수 종가,KOSDAQ,1127.55,pt,금융위원회 지수시세정보(공공데이터포털),2026-09-30
2026-02-06,밸류에이션,지수 종가,KOSDAQ,1080.77,pt,금융위원회 지수시세정보(공공데이터포털),2026-09-30
2026-02-05,밸류에이션,지수 종가,KOSDAQ,1108.41,pt,금융위원회 지수시세정보(공공데이터포털),2026-09-30
2026-02-04,밸류에이션,지수 종가,KOSDAQ,1149.43,pt,금융위원회 지수시세정보(공공데이터포털),2026-09-30
2026-02-03,밸류에이션,지수 종가,KOSDAQ,1144.33,pt,금융위원회 지수시세정보(공공데이터포털),2026-09-30
2026-02-02,밸류에이션,지수 종가,KOSDAQ,1098.36,pt,금융위원회 지수시세정보(공공데이터포털),2026-09-30
2026-01-30,밸류에이션,지수 종가,KOSDAQ,1149.44,pt,금융위원회 지수시세정보(공공데이터포털),2026-09-30
2026-01-29,밸류에이션,지수 종가,KOSDAQ,1164.41,pt,금융위원회 지수시세정보(공공데이터포털),2026-09-30
2026-01-28,밸류에이션,지수 종가,KOSDAQ,1133.52,pt,금융위원회 지수시세정보(공공데이터포털),2026-09-30
2026-01-27,밸류에이션,지수 종가,KOSDAQ,1082.59,pt,금융위원회 지수시세정보(공공데이터포털),2026-09-30
2026-01-26,밸류에이션,지수 종가,KOSDAQ,1064.41,pt,금융위원회 지수시세정보(공공데이터포털),2026-09-30
2026-01-23,밸류에이션,지수 종가,KOSDAQ,993.93,pt,금융위원회 지수시세정보(공공데이터포털),2026-09-30
2026-01-22,밸류에이션,지수 종가,KOSDAQ,970.35,pt,금융위원회 지수시세정보(공공데이터포털),2026-09-30
2026-01-21,밸류에이션,지수 종가,KOSDAQ,951.29,pt,금융위원회 지수시세정보(공공데이터포털),2026-09-30
2026-01-20,밸류에이션,지수 종가,KOSDAQ,976.37,pt,금융위원회 지수시세정보(공공데이터포털),2026-09-30
2026-01-19,밸류에이션,지수 종가,KOSDAQ,968.36,pt,금융위원회 지수시세정보(공공데이터포털),2026-09-30
2026-01-16,밸류에이션,지수 종가,KOSDAQ,954.59,pt,금융위원회 지수시세정보(공공데이터포털),2026-09-30
2026-01-15,밸류에이션,지수 종가,KOSDAQ,951.16,pt,금융위원회 지수시세정보(공공데이터포털),2026-09-30
2026-01-14,밸류에이션,지수 종가,KOSDAQ,942.18,pt,금융위원회 지수시세정보(공공데이터포털),2026-09-30
2026-01-13,밸류에이션,지수 종가,KOSDAQ,948.98,pt,금융위원회 지수시세정보(공공데이터포털),2026-09-30
2026-01-12,밸류에이션,지수 종가,KOSDAQ,949.81,pt,금융위원회 지수시세정보(공공데이터포털),2026-09-30
2026-01-09,밸류에이션,지수 종가,KOSDAQ,947.92,pt,금융위원회 지수시세정보(공공데이터포털),2026-09-30
2026-01-08,밸류에이션,지수 종가,KOSDAQ,944.06,pt,금융위원회 지수시세정보(공공데이터포털),2026-09-30
2026-01-07,밸류에이션,지수 종가,KOSDAQ,947.39,pt,금융위원회 지수시세정보(공공데이터포털),2026-09-30
2026-01-06,밸류에이션,지수 종가,KOSDAQ,955.97,pt,금융위원회 지수시세정보(공공데이터포털),2026-09-30
2026-01-05,밸류에이션,지수 종가,KOSDAQ,957.5,pt,금융위원회 지수시세정보(공공데이터포털),2026-09-30
2026-01-02,밸류에이션,지수 종가,KOSDAQ,945.57,pt,금융위원회 지수시세정보(공공데이터포털),2026-09-30
2025-12-30,밸류에이션,지수 종가,KOSDAQ,925.47,pt,금융위원회 지수시세정보(공공데이터포털),2026-09-30
2025-12-29,밸류에이션,지수 종가,KOSDAQ,932.59,pt,금융위원회 지수시세정보(공공데이터포털),2026-09-30
2025-12-26,밸류에이션,지수 종가,KOSDAQ,919.67,pt,금융위원회 지수시세정보(공공데이터포털),2026-09-30
2025-12-24,밸류에이션,지수 종가,KOSDAQ,915.2,pt,금융위원회 지수시세정보(공공데이터포털),2026-09-30
2025-12-23,밸류에이션,지수 종가,KOSDAQ,919.56,pt,금융위원회 지수시세정보(공공데이터포털),2026-09-30
2025-12-22,밸류에이션,지수 종가,KOSDAQ,929.14,pt,금융위원회 지수시세정보(공공데이터포털),2026-09-30
2025-12-19,밸류에이션,지수 종가,KOSDAQ,915.27,pt,금융위원회 지수시세정보(공공데이터포털),2026-09-30
2025-12-18,밸류에이션,지수 종가,KOSDAQ,901.33,pt,금융위원회 지수시세정보(공공데이터포털),2026-09-30
2025-12-17,밸류에이션,지수 종가,KOSDAQ,911.07,pt,금융위원회 지수시세정보(공공데이터포털),2026-09-30
2025-12-16,밸류에이션,지수 종가,KOSDAQ,916.11,pt,금융위원회 지수시세정보(공공데이터포털),2026-09-30
2025-12-15,밸류에이션,지수 종가,KOSDAQ,938.83,pt,금융위원회 지수시세정보(공공데이터포털),2026-09-30
2025-12-12,밸류에이션,지수 종가,KOSDAQ,937.34,pt,금융위원회 지수시세정보(공공데이터포털),2026-09-30
2025-12-11,밸류에이션,지수 종가,KOSDAQ,934.64,pt,금융위원회 지수시세정보(공공데이터포털),2026-09-30
2025-12-10,밸류에이션,지수 종가,KOSDAQ,935,pt,금융위원회 지수시세정보(공공데이터포털),2026-09-30
2025-12-09,밸류에이션,지수 종가,KOSDAQ,931.35,pt,금융위원회 지수시세정보(공공데이터포털),2026-09-30
2025-12-08,밸류에이션,지수 종가,KOSDAQ,927.79,pt,금융위원회 지수시세정보(공공데이터포털),2026-09-30
2025-12-05,밸류에이션,지수 종가,KOSDAQ,924.74,pt,금융위원회 지수시세정보(공공데이터포털),2026-09-30
2025-12-04,밸류에이션,지수 종가,KOSDAQ,929.83,pt,금융위원회 지수시세정보(공공데이터포털),2026-09-30
2025-12-03,밸류에이션,지수 종가,KOSDAQ,932.01,pt,금융위원회 지수시세정보(공공데이터포털),2026-09-30
2025-12-02,밸류에이션,지수 종가,KOSDAQ,928.42,pt,금융위원회 지수시세정보(공공데이터포털),2026-09-30
2025-12-01,밸류에이션,지수 종가,KOSDAQ,922.38,pt,금융위원회 지수시세정보(공공데이터포털),2026-09-30
2025-11-28,밸류에이션,지수 종가,KOSDAQ,912.67,pt,금융위원회 지수시세정보(공공데이터포털),2026-09-30
2025-11-27,밸류에이션,지수 종가,KOSDAQ,880.06,pt,금융위원회 지수시세정보(공공데이터포털),2026-09-30
2025-11-26,밸류에이션,지수 종가,KOSDAQ,877.32,pt,금융위원회 지수시세정보(공공데이터포털),2026-09-30
2025-11-25,밸류에이션,지수 종가,KOSDAQ,856.03,pt,금융위원회 지수시세정보(공공데이터포털),2026-09-30
2025-11-24,밸류에이션,지수 종가,KOSDAQ,856.44,pt,금융위원회 지수시세정보(공공데이터포털),2026-09-30
2025-11-21,밸류에이션,지수 종가,KOSDAQ,863.95,pt,금융위원회 지수시세정보(공공데이터포털),2026-09-30
2025-11-20,밸류에이션,지수 종가,KOSDAQ,891.94,pt,금융위원회 지수시세정보(공공데이터포털),2026-09-30
2025-11-19,밸류에이션,지수 종가,KOSDAQ,871.32,pt,금융위원회 지수시세정보(공공데이터포털),2026-09-30
2025-11-18,밸류에이션,지수 종가,KOSDAQ,878.7,pt,금융위원회 지수시세정보(공공데이터포털),2026-09-30
2025-11-17,밸류에이션,지수 종가,KOSDAQ,902.67,pt,금융위원회 지수시세정보(공공데이터포털),2026-09-30
2025-11-14,밸류에이션,지수 종가,KOSDAQ,897.9,pt,금융위원회 지수시세정보(공공데이터포털),2026-09-30
2025-11-13,밸류에이션,지수 종가,KOSDAQ,918.37,pt,금융위원회 지수시세정보(공공데이터포털),2026-09-30
2025-11-12,밸류에이션,지수 종가,KOSDAQ,906.51,pt,금융위원회 지수시세정보(공공데이터포털),2026-09-30
2025-11-11,밸류에이션,지수 종가,KOSDAQ,884.27,pt,금융위원회 지수시세정보(공공데이터포털),2026-09-30
2025-11-10,밸류에이션,지수 종가,KOSDAQ,888.35,pt,금융위원회 지수시세정보(공공데이터포털),2026-09-30
2025-11-07,밸류에이션,지수 종가,KOSDAQ,876.81,pt,금융위원회 지수시세정보(공공데이터포털),2026-09-30
2025-11-06,밸류에이션,지수 종가,KOSDAQ,898.17,pt,금융위원회 지수시세정보(공공데이터포털),2026-09-30
2025-11-05,밸류에이션,지수 종가,KOSDAQ,901.89,pt,금융위원회 지수시세정보(공공데이터포털),2026-09-30
2025-11-04,밸류에이션,지수 종가,KOSDAQ,926.57,pt,금융위원회 지수시세정보(공공데이터포털),2026-09-30
2025-11-03,밸류에이션,지수 종가,KOSDAQ,914.55,pt,금융위원회 지수시세정보(공공데이터포털),2026-09-30
2025-10-31,밸류에이션,지수 종가,KOSDAQ,900.42,pt,금융위원회 지수시세정보(공공데이터포털),2026-09-30
2025-10-30,밸류에이션,지수 종가,KOSDAQ,890.86,pt,금융위원회 지수시세정보(공공데이터포털),2026-09-30
2025-10-29,밸류에이션,지수 종가,KOSDAQ,901.59,pt,금융위원회 지수시세정보(공공데이터포털),2026-09-30
2025-10-28,밸류에이션,지수 종가,KOSDAQ,903.3,pt,금융위원회 지수시세정보(공공데이터포털),2026-09-30
2025-10-27,밸류에이션,지수 종가,KOSDAQ,902.7,pt,금융위원회 지수시세정보(공공데이터포털),2026-09-30
2025-10-24,밸류에이션,지수 종가,KOSDAQ,883.08,pt,금융위원회 지수시세정보(공공데이터포털),2026-09-30
2025-10-23,밸류에이션,지수 종가,KOSDAQ,872.03,pt,금융위원회 지수시세정보(공공데이터포털),2026-09-30
2025-10-22,밸류에이션,지수 종가,KOSDAQ,879.15,pt,금융위원회 지수시세정보(공공데이터포털),2026-09-30
2025-10-21,밸류에이션,지수 종가,KOSDAQ,872.5,pt,금융위원회 지수시세정보(공공데이터포털),2026-09-30
2025-10-20,밸류에이션,지수 종가,KOSDAQ,875.77,pt,금융위원회 지수시세정보(공공데이터포털),2026-09-30
2025-10-17,밸류에이션,지수 종가,KOSDAQ,859.54,pt,금융위원회 지수시세정보(공공데이터포털),2026-09-30
2025-10-16,밸류에이션,지수 종가,KOSDAQ,865.41,pt,금융위원회 지수시세정보(공공데이터포털),2026-09-30
2025-10-15,밸류에이션,지수 종가,KOSDAQ,864.72,pt,금융위원회 지수시세정보(공공데이터포털),2026-09-30
2025-10-14,밸류에이션,지수 종가,KOSDAQ,847.96,pt,금융위원회 지수시세정보(공공데이터포털),2026-09-30
2025-10-13,밸류에이션,지수 종가,KOSDAQ,860.49,pt,금융위원회 지수시세정보(공공데이터포털),2026-09-30
2025-10-10,밸류에이션,지수 종가,KOSDAQ,859.49,pt,금융위원회 지수시세정보(공공데이터포털),2026-09-30
2025-10-02,밸류에이션,지수 종가,KOSDAQ,854.25,pt,금융위원회 지수시세정보(공공데이터포털),2026-09-30
2025-10-01,밸류에이션,지수 종가,KOSDAQ,845.34,pt,금융위원회 지수시세정보(공공데이터포털),2026-09-30
2025-09-30,밸류에이션,지수 종가,KOSDAQ,841.99,pt,금융위원회 지수시세정보(공공데이터포털),2026-09-30
2025-09-29,밸류에이션,지수 종가,KOSDAQ,846.71,pt,금융위원회 지수시세정보(공공데이터포털),2026-09-30
2025-09-26,밸류에이션,지수 종가,KOSDAQ,835.19,pt,금융위원회 지수시세정보(공공데이터포털),2026-09-30
2025-09-25,밸류에이션,지수 종가,KOSDAQ,852.48,pt,금융위원회 지수시세정보(공공데이터포털),2026-09-30
2025-09-24,밸류에이션,지수 종가,KOSDAQ,860.94,pt,금융위원회 지수시세정보(공공데이터포털),2026-09-30
2025-09-23,밸류에이션,지수 종가,KOSDAQ,872.21,pt,금융위원회 지수시세정보(공공데이터포털),2026-09-30
2025-09-22,밸류에이션,지수 종가,KOSDAQ,874.36,pt,금융위원회 지수시세정보(공공데이터포털),2026-09-30
2025-09-19,밸류에이션,지수 종가,KOSDAQ,863.11,pt,금융위원회 지수시세정보(공공데이터포털),2026-09-30
2025-09-18,밸류에이션,지수 종가,KOSDAQ,857.11,pt,금융위원회 지수시세정보(공공데이터포털),2026-09-30
2025-09-17,밸류에이션,지수 종가,KOSDAQ,845.53,pt,금융위원회 지수시세정보(공공데이터포털),2026-09-30
2025-09-16,밸류에이션,지수 종가,KOSDAQ,851.84,pt,금융위원회 지수시세정보(공공데이터포털),2026-09-30
2025-09-15,밸류에이션,지수 종가,KOSDAQ,852.69,pt,금융위원회 지수시세정보(공공데이터포털),2026-09-30
2025-09-12,밸류에이션,지수 종가,KOSDAQ,847.08,pt,금융위원회 지수시세정보(공공데이터포털),2026-09-30
2025-09-11,밸류에이션,지수 종가,KOSDAQ,834.76,pt,금융위원회 지수시세정보(공공데이터포털),2026-09-30
2025-09-10,밸류에이션,지수 종가,KOSDAQ,833,pt,금융위원회 지수시세정보(공공데이터포털),2026-09-30
2025-09-09,밸류에이션,지수 종가,KOSDAQ,824.82,pt,금융위원회 지수시세정보(공공데이터포털),2026-09-30
2025-09-08,밸류에이션,지수 종가,KOSDAQ,818.6,pt,금융위원회 지수시세정보(공공데이터포털),2026-09-30
2025-09-05,밸류에이션,지수 종가,KOSDAQ,811.4,pt,금융위원회 지수시세정보(공공데이터포털),2026-09-30
2025-09-04,밸류에이션,지수 종가,KOSDAQ,805.42,pt,금융위원회 지수시세정보(공공데이터포털),2026-09-30
2025-09-03,밸류에이션,지수 종가,KOSDAQ,796.81,pt,금융위원회 지수시세정보(공공데이터포털),2026-09-30
2025-09-02,밸류에이션,지수 종가,KOSDAQ,794,pt,금융위원회 지수시세정보(공공데이터포털),2026-09-30
2025-09-01,밸류에이션,지수 종가,KOSDAQ,785,pt,금융위원회 지수시세정보(공공데이터포털),2026-09-30
2025-08-29,밸류에이션,지수 종가,KOSDAQ,796.91,pt,금융위원회 지수시세정보(공공데이터포털),2026-09-30
2025-08-28,밸류에이션,지수 종가,KOSDAQ,798.43,pt,금융위원회 지수시세정보(공공데이터포털),2026-09-30
2025-08-27,밸류에이션,지수 종가,KOSDAQ,801.72,pt,금융위원회 지수시세정보(공공데이터포털),2026-09-30
2025-08-26,밸류에이션,지수 종가,KOSDAQ,801.66,pt,금융위원회 지수시세정보(공공데이터포털),2026-09-30
2025-08-25,밸류에이션,지수 종가,KOSDAQ,798.02,pt,금융위원회 지수시세정보(공공데이터포털),2026-09-30
2025-08-22,밸류에이션,지수 종가,KOSDAQ,782.51,pt,금융위원회 지수시세정보(공공데이터포털),2026-09-30
2025-08-21,밸류에이션,지수 종가,KOSDAQ,777.24,pt,금융위원회 지수시세정보(공공데이터포털),2026-09-30
2025-08-20,밸류에이션,지수 종가,KOSDAQ,777.61,pt,금융위원회 지수시세정보(공공데이터포털),2026-09-30
2025-08-19,밸류에이션,지수 종가,KOSDAQ,787.96,pt,금융위원회 지수시세정보(공공데이터포털),2026-09-30
2025-08-18,밸류에이션,지수 종가,KOSDAQ,798.05,pt,금융위원회 지수시세정보(공공데이터포털),2026-09-30
2025-08-14,밸류에이션,지수 종가,KOSDAQ,815.26,pt,금융위원회 지수시세정보(공공데이터포털),2026-09-30
2025-08-13,밸류에이션,지수 종가,KOSDAQ,814.1,pt,금융위원회 지수시세정보(공공데이터포털),2026-09-30
2025-08-12,밸류에이션,지수 종가,KOSDAQ,807.19,pt,금융위원회 지수시세정보(공공데이터포털),2026-09-30
2025-08-11,밸류에이션,지수 종가,KOSDAQ,811.85,pt,금융위원회 지수시세정보(공공데이터포털),2026-09-30
2025-08-08,밸류에이션,지수 종가,KOSDAQ,809.27,pt,금융위원회 지수시세정보(공공데이터포털),2026-09-30
2025-08-07,밸류에이션,지수 종가,KOSDAQ,805.81,pt,금융위원회 지수시세정보(공공데이터포털),2026-09-30
2025-08-06,밸류에이션,지수 종가,KOSDAQ,803.49,pt,금융위원회 지수시세정보(공공데이터포털),2026-09-30
2025-08-05,밸류에이션,지수 종가,KOSDAQ,798.6,pt,금융위원회 지수시세정보(공공데이터포털),2026-09-30
2025-08-04,밸류에이션,지수 종가,KOSDAQ,784.06,pt,금융위원회 지수시세정보(공공데이터포털),2026-09-30
2025-08-01,밸류에이션,지수 종가,KOSDAQ,772.79,pt,금융위원회 지수시세정보(공공데이터포털),2026-09-30
2025-07-31,밸류에이션,지수 종가,KOSDAQ,805.24,pt,금융위원회 지수시세정보(공공데이터포털),2026-09-30
2025-07-30,밸류에이션,지수 종가,KOSDAQ,803.67,pt,금융위원회 지수시세정보(공공데이터포털),2026-09-30
2025-07-29,밸류에이션,지수 종가,KOSDAQ,804.45,pt,금융위원회 지수시세정보(공공데이터포털),2026-09-30
2025-07-28,밸류에이션,지수 종가,KOSDAQ,804.4,pt,금융위원회 지수시세정보(공공데이터포털),2026-09-30
2025-07-25,밸류에이션,지수 종가,KOSDAQ,806.95,pt,금융위원회 지수시세정보(공공데이터포털),2026-09-30
2025-07-24,밸류에이션,지수 종가,KOSDAQ,809.89,pt,금융위원회 지수시세정보(공공데이터포털),2026-09-30
2025-07-23,밸류에이션,지수 종가,KOSDAQ,813.56,pt,금융위원회 지수시세정보(공공데이터포털),2026-09-30
2025-07-22,밸류에이션,지수 종가,KOSDAQ,812.97,pt,금융위원회 지수시세정보(공공데이터포털),2026-09-30
2025-07-21,밸류에이션,지수 종가,KOSDAQ,821.69,pt,금융위원회 지수시세정보(공공데이터포털),2026-09-30
2025-07-18,밸류에이션,지수 종가,KOSDAQ,820.67,pt,금융위원회 지수시세정보(공공데이터포털),2026-09-30
2025-07-17,밸류에이션,지수 종가,KOSDAQ,818.27,pt,금융위원회 지수시세정보(공공데이터포털),2026-09-30
2025-07-16,밸류에이션,지수 종가,KOSDAQ,812.23,pt,금융위원회 지수시세정보(공공데이터포털),2026-09-30
2025-07-15,밸류에이션,지수 종가,KOSDAQ,812.88,pt,금융위원회 지수시세정보(공공데이터포털),2026-09-30
2025-07-14,밸류에이션,지수 종가,KOSDAQ,799.37,pt,금융위원회 지수시세정보(공공데이터포털),2026-09-30
2025-07-11,밸류에이션,지수 종가,KOSDAQ,800.47,pt,금융위원회 지수시세정보(공공데이터포털),2026-09-30
2025-07-10,밸류에이션,지수 종가,KOSDAQ,797.7,pt,금융위원회 지수시세정보(공공데이터포털),2026-09-30
2025-07-09,밸류에이션,지수 종가,KOSDAQ,790.36,pt,금융위원회 지수시세정보(공공데이터포털),2026-09-30
2025-07-08,밸류에이션,지수 종가,KOSDAQ,784.24,pt,금융위원회 지수시세정보(공공데이터포털),2026-09-30
2025-07-07,밸류에이션,지수 종가,KOSDAQ,778.46,pt,금융위원회 지수시세정보(공공데이터포털),2026-09-30
2025-07-04,밸류에이션,지수 종가,KOSDAQ,775.8,pt,금융위원회 지수시세정보(공공데이터포털),2026-09-30
2025-07-03,밸류에이션,지수 종가,KOSDAQ,793.33,pt,금융위원회 지수시세정보(공공데이터포털),2026-09-30
2025-07-02,밸류에이션,지수 종가,KOSDAQ,782.17,pt,금융위원회 지수시세정보(공공데이터포털),2026-09-30
2025-07-01,밸류에이션,지수 종가,KOSDAQ,783.67,pt,금융위원회 지수시세정보(공공데이터포털),2026-09-30
2025-06-30,밸류에이션,지수 종가,KOSDAQ,781.5,pt,금융위원회 지수시세정보(공공데이터포털),2026-09-30
2025-06-27,밸류에이션,지수 종가,KOSDAQ,781.56,pt,금융위원회 지수시세정보(공공데이터포털),2026-09-30
2025-06-26,밸류에이션,지수 종가,KOSDAQ,787.95,pt,금융위원회 지수시세정보(공공데이터포털),2026-09-30
2025-06-25,밸류에이션,지수 종가,KOSDAQ,798.21,pt,금융위원회 지수시세정보(공공데이터포털),2026-09-30
2025-06-24,밸류에이션,지수 종가,KOSDAQ,800.93,pt,금융위원회 지수시세정보(공공데이터포털),2026-09-30
2025-06-23,밸류에이션,지수 종가,KOSDAQ,784.79,pt,금융위원회 지수시세정보(공공데이터포털),2026-09-30
2025-06-20,밸류에이션,지수 종가,KOSDAQ,791.53,pt,금융위원회 지수시세정보(공공데이터포털),2026-09-30
2025-06-19,밸류에이션,지수 종가,KOSDAQ,782.51,pt,금융위원회 지수시세정보(공공데이터포털),2026-09-30
2025-06-18,밸류에이션,지수 종가,KOSDAQ,779.73,pt,금융위원회 지수시세정보(공공데이터포털),2026-09-30
2025-06-17,밸류에이션,지수 종가,KOSDAQ,775.65,pt,금융위원회 지수시세정보(공공데이터포털),2026-09-30
2025-06-16,밸류에이션,지수 종가,KOSDAQ,777.26,pt,금융위원회 지수시세정보(공공데이터포털),2026-09-30
2025-06-13,밸류에이션,지수 종가,KOSDAQ,768.86,pt,금융위원회 지수시세정보(공공데이터포털),2026-09-30
2025-06-12,밸류에이션,지수 종가,KOSDAQ,789.45,pt,금융위원회 지수시세정보(공공데이터포털),2026-09-30
2025-06-11,밸류에이션,지수 종가,KOSDAQ,786.29,pt,금융위원회 지수시세정보(공공데이터포털),2026-09-30
2025-06-10,밸류에이션,지수 종가,KOSDAQ,771.2,pt,금융위원회 지수시세정보(공공데이터포털),2026-09-30
2025-06-09,밸류에이션,지수 종가,KOSDAQ,764.21,pt,금융위원회 지수시세정보(공공데이터포털),2026-09-30
2025-06-05,밸류에이션,지수 종가,KOSDAQ,756.23,pt,금융위원회 지수시세정보(공공데이터포털),2026-09-30
2025-06-04,밸류에이션,지수 종가,KOSDAQ,750.21,pt,금융위원회 지수시세정보(공공데이터포털),2026-09-30
2025-06-02,밸류에이션,지수 종가,KOSDAQ,740.29,pt,금융위원회 지수시세정보(공공데이터포털),2026-09-30
2025-05-30,밸류에이션,지수 종가,KOSDAQ,734.35,pt,금융위원회 지수시세정보(공공데이터포털),2026-09-30
2025-05-29,밸류에이션,지수 종가,KOSDAQ,736.29,pt,금융위원회 지수시세정보(공공데이터포털),2026-09-30
2025-05-28,밸류에이션,지수 종가,KOSDAQ,728.79,pt,금융위원회 지수시세정보(공공데이터포털),2026-09-30
2025-05-27,밸류에이션,지수 종가,KOSDAQ,727.11,pt,금융위원회 지수시세정보(공공데이터포털),2026-09-30
2025-05-26,밸류에이션,지수 종가,KOSDAQ,725.27,pt,금융위원회 지수시세정보(공공데이터포털),2026-09-30
2025-05-23,밸류에이션,지수 종가,KOSDAQ,715.98,pt,금융위원회 지수시세정보(공공데이터포털),2026-09-30
2025-05-22,밸류에이션,지수 종가,KOSDAQ,717.67,pt,금융위원회 지수시세정보(공공데이터포털),2026-09-30
2025-05-21,밸류에이션,지수 종가,KOSDAQ,723.62,pt,금융위원회 지수시세정보(공공데이터포털),2026-09-30
2025-05-20,밸류에이션,지수 종가,KOSDAQ,715.55,pt,금융위원회 지수시세정보(공공데이터포털),2026-09-30
2025-05-19,밸류에이션,지수 종가,KOSDAQ,713.75,pt,금융위원회 지수시세정보(공공데이터포털),2026-09-30
2025-05-16,밸류에이션,지수 종가,KOSDAQ,725.07,pt,금융위원회 지수시세정보(공공데이터포털),2026-09-30
2025-05-15,밸류에이션,지수 종가,KOSDAQ,733.23,pt,금융위원회 지수시세정보(공공데이터포털),2026-09-30
2025-05-14,밸류에이션,지수 종가,KOSDAQ,739.05,pt,금융위원회 지수시세정보(공공데이터포털),2026-09-30
2025-05-13,밸류에이션,지수 종가,KOSDAQ,731.88,pt,금융위원회 지수시세정보(공공데이터포털),2026-09-30
2025-05-12,밸류에이션,지수 종가,KOSDAQ,725.4,pt,금융위원회 지수시세정보(공공데이터포털),2026-09-30
2025-05-09,밸류에이션,지수 종가,KOSDAQ,722.52,pt,금융위원회 지수시세정보(공공데이터포털),2026-09-30
2025-05-08,밸류에이션,지수 종가,KOSDAQ,729.59,pt,금융위원회 지수시세정보(공공데이터포털),2026-09-30
2025-05-07,밸류에이션,지수 종가,KOSDAQ,722.81,pt,금융위원회 지수시세정보(공공데이터포털),2026-09-30
2025-05-02,밸류에이션,지수 종가,KOSDAQ,721.86,pt,금융위원회 지수시세정보(공공데이터포털),2026-09-30
2025-04-30,밸류에이션,지수 종가,KOSDAQ,717.24,pt,금융위원회 지수시세정보(공공데이터포털),2026-09-30
2025-04-29,밸류에이션,지수 종가,KOSDAQ,726.46,pt,금융위원회 지수시세정보(공공데이터포털),2026-09-30
2025-04-28,밸류에이션,지수 종가,KOSDAQ,719.41,pt,금융위원회 지수시세정보(공공데이터포털),2026-09-30
2025-04-25,밸류에이션,지수 종가,KOSDAQ,729.69,pt,금융위원회 지수시세정보(공공데이터포털),2026-09-30
2025-04-24,밸류에이션,지수 종가,KOSDAQ,726.08,pt,금융위원회 지수시세정보(공공데이터포털),2026-09-30
2025-04-23,밸류에이션,지수 종가,KOSDAQ,726.08,pt,금융위원회 지수시세정보(공공데이터포털),2026-09-30
2025-04-22,밸류에이션,지수 종가,KOSDAQ,716.12,pt,금융위원회 지수시세정보(공공데이터포털),2026-09-30
2025-04-21,밸류에이션,지수 종가,KOSDAQ,715.45,pt,금융위원회 지수시세정보(공공데이터포털),2026-09-30
2025-04-18,밸류에이션,지수 종가,KOSDAQ,717.77,pt,금융위원회 지수시세정보(공공데이터포털),2026-09-30
2025-04-17,밸류에이션,지수 종가,KOSDAQ,711.75,pt,금융위원회 지수시세정보(공공데이터포털),2026-09-30
2025-04-16,밸류에이션,지수 종가,KOSDAQ,699.11,pt,금융위원회 지수시세정보(공공데이터포털),2026-09-30
2025-04-15,밸류에이션,지수 종가,KOSDAQ,711.92,pt,금융위원회 지수시세정보(공공데이터포털),2026-09-30
2025-04-14,밸류에이션,지수 종가,KOSDAQ,708.98,pt,금융위원회 지수시세정보(공공데이터포털),2026-09-30
2025-04-11,밸류에이션,지수 종가,KOSDAQ,695.59,pt,금융위원회 지수시세정보(공공데이터포털),2026-09-30
2025-04-10,밸류에이션,지수 종가,KOSDAQ,681.79,pt,금융위원회 지수시세정보(공공데이터포털),2026-09-30
2025-04-09,밸류에이션,지수 종가,KOSDAQ,643.39,pt,금융위원회 지수시세정보(공공데이터포털),2026-09-30
2025-04-08,밸류에이션,지수 종가,KOSDAQ,658.45,pt,금융위원회 지수시세정보(공공데이터포털),2026-09-30
2025-04-07,밸류에이션,지수 종가,KOSDAQ,651.3,pt,금융위원회 지수시세정보(공공데이터포털),2026-09-30
2025-04-04,밸류에이션,지수 종가,KOSDAQ,687.39,pt,금융위원회 지수시세정보(공공데이터포털),2026-09-30
2025-04-03,밸류에이션,지수 종가,KOSDAQ,683.49,pt,금융위원회 지수시세정보(공공데이터포털),2026-09-30
2025-04-02,밸류에이션,지수 종가,KOSDAQ,684.85,pt,금융위원회 지수시세정보(공공데이터포털),2026-09-30
2025-04-01,밸류에이션,지수 종가,KOSDAQ,691.45,pt,금융위원회 지수시세정보(공공데이터포털),2026-09-30
2025-03-31,밸류에이션,지수 종가,KOSDAQ,672.85,pt,금융위원회 지수시세정보(공공데이터포털),2026-09-30
2025-03-28,밸류에이션,지수 종가,KOSDAQ,693.76,pt,금융위원회 지수시세정보(공공데이터포털),2026-09-30
2025-03-27,밸류에이션,지수 종가,KOSDAQ,707.49,pt,금융위원회 지수시세정보(공공데이터포털),2026-09-30
2025-03-26,밸류에이션,지수 종가,KOSDAQ,716.48,pt,금융위원회 지수시세정보(공공데이터포털),2026-09-30
2025-03-25,밸류에이션,지수 종가,KOSDAQ,711.26,pt,금융위원회 지수시세정보(공공데이터포털),2026-09-30
2025-03-24,밸류에이션,지수 종가,KOSDAQ,720.22,pt,금융위원회 지수시세정보(공공데이터포털),2026-09-30
2025-03-21,밸류에이션,지수 종가,KOSDAQ,719.41,pt,금융위원회 지수시세정보(공공데이터포털),2026-09-30
2025-03-20,밸류에이션,지수 종가,KOSDAQ,725.15,pt,금융위원회 지수시세정보(공공데이터포털),2026-09-30
2025-03-19,밸류에이션,지수 종가,KOSDAQ,738.35,pt,금융위원회 지수시세정보(공공데이터포털),2026-09-30
2025-03-18,밸류에이션,지수 종가,KOSDAQ,745.54,pt,금융위원회 지수시세정보(공공데이터포털),2026-09-30
2025-03-17,밸류에이션,지수 종가,KOSDAQ,743.51,pt,금융위원회 지수시세정보(공공데이터포털),2026-09-30
2025-03-14,밸류에이션,지수 종가,KOSDAQ,734.26,pt,금융위원회 지수시세정보(공공데이터포털),2026-09-30
2025-03-13,밸류에이션,지수 종가,KOSDAQ,722.8,pt,금융위원회 지수시세정보(공공데이터포털),2026-09-30
2025-03-12,밸류에이션,지수 종가,KOSDAQ,729.49,pt,금융위원회 지수시세정보(공공데이터포털),2026-09-30
2025-03-11,밸류에이션,지수 종가,KOSDAQ,721.5,pt,금융위원회 지수시세정보(공공데이터포털),2026-09-30
2025-03-10,밸류에이션,지수 종가,KOSDAQ,725.82,pt,금융위원회 지수시세정보(공공데이터포털),2026-09-30
2025-03-07,밸류에이션,지수 종가,KOSDAQ,727.7,pt,금융위원회 지수시세정보(공공데이터포털),2026-09-30
2025-03-06,밸류에이션,지수 종가,KOSDAQ,734.92,pt,금융위원회 지수시세정보(공공데이터포털),2026-09-30
2025-03-05,밸류에이션,지수 종가,KOSDAQ,746.95,pt,금융위원회 지수시세정보(공공데이터포털),2026-09-30
2025-03-04,밸류에이션,지수 종가,KOSDAQ,737.9,pt,금융위원회 지수시세정보(공공데이터포털),2026-09-30
2025-02-28,밸류에이션,지수 종가,KOSDAQ,743.96,pt,금융위원회 지수시세정보(공공데이터포털),2026-09-30
2025-02-27,밸류에이션,지수 종가,KOSDAQ,770.85,pt,금융위원회 지수시세정보(공공데이터포털),2026-09-30
2025-02-26,밸류에이션,지수 종가,KOSDAQ,771.41,pt,금융위원회 지수시세정보(공공데이터포털),2026-09-30
2025-02-25,밸류에이션,지수 종가,KOSDAQ,769.43,pt,금융위원회 지수시세정보(공공데이터포털),2026-09-30
2025-02-24,밸류에이션,지수 종가,KOSDAQ,773.33,pt,금융위원회 지수시세정보(공공데이터포털),2026-09-30
2025-02-21,밸류에이션,지수 종가,KOSDAQ,774.65,pt,금융위원회 지수시세정보(공공데이터포털),2026-09-30
2025-02-20,밸류에이션,지수 종가,KOSDAQ,768.27,pt,금융위원회 지수시세정보(공공데이터포털),2026-09-30
2025-02-19,밸류에이션,지수 종가,KOSDAQ,778.27,pt,금융위원회 지수시세정보(공공데이터포털),2026-09-30
2025-02-18,밸류에이션,지수 종가,KOSDAQ,773.65,pt,금융위원회 지수시세정보(공공데이터포털),2026-09-30
2025-02-17,밸류에이션,지수 종가,KOSDAQ,768.48,pt,금융위원회 지수시세정보(공공데이터포털),2026-09-30
2025-02-14,밸류에이션,지수 종가,KOSDAQ,756.32,pt,금융위원회 지수시세정보(공공데이터포털),2026-09-30
2025-02-13,밸류에이션,지수 종가,KOSDAQ,749.28,pt,금융위원회 지수시세정보(공공데이터포털),2026-09-30
2025-02-12,밸류에이션,지수 종가,KOSDAQ,745.18,pt,금융위원회 지수시세정보(공공데이터포털),2026-09-30
2025-02-11,밸류에이션,지수 종가,KOSDAQ,749.59,pt,금융위원회 지수시세정보(공공데이터포털),2026-09-30
2025-02-10,밸류에이션,지수 종가,KOSDAQ,749.67,pt,금융위원회 지수시세정보(공공데이터포털),2026-09-30
2025-02-07,밸류에이션,지수 종가,KOSDAQ,742.9,pt,금융위원회 지수시세정보(공공데이터포털),2026-09-30
2025-02-06,밸류에이션,지수 종가,KOSDAQ,740.32,pt,금융위원회 지수시세정보(공공데이터포털),2026-09-30
2025-02-05,밸류에이션,지수 종가,KOSDAQ,730.98,pt,금융위원회 지수시세정보(공공데이터포털),2026-09-30
2025-02-04,밸류에이션,지수 종가,KOSDAQ,719.92,pt,금융위원회 지수시세정보(공공데이터포털),2026-09-30
2025-02-03,밸류에이션,지수 종가,KOSDAQ,703.8,pt,금융위원회 지수시세정보(공공데이터포털),2026-09-30
2025-01-31,밸류에이션,지수 종가,KOSDAQ,728.29,pt,금융위원회 지수시세정보(공공데이터포털),2026-09-30
2025-01-24,밸류에이션,지수 종가,KOSDAQ,728.74,pt,금융위원회 지수시세정보(공공데이터포털),2026-09-30
2025-01-23,밸류에이션,지수 종가,KOSDAQ,724.01,pt,금융위원회 지수시세정보(공공데이터포털),2026-09-30
2025-01-22,밸류에이션,지수 종가,KOSDAQ,732.31,pt,금융위원회 지수시세정보(공공데이터포털),2026-09-30
2025-01-21,밸류에이션,지수 종가,KOSDAQ,726.07,pt,금융위원회 지수시세정보(공공데이터포털),2026-09-30
2025-01-20,밸류에이션,지수 종가,KOSDAQ,727.66,pt,금융위원회 지수시세정보(공공데이터포털),2026-09-30
2025-01-17,밸류에이션,지수 종가,KOSDAQ,724.69,pt,금융위원회 지수시세정보(공공데이터포털),2026-09-30
2025-01-16,밸류에이션,지수 종가,KOSDAQ,724.24,pt,금융위원회 지수시세정보(공공데이터포털),2026-09-30
2025-01-15,밸류에이션,지수 종가,KOSDAQ,711.61,pt,금융위원회 지수시세정보(공공데이터포털),2026-09-30
2025-01-14,밸류에이션,지수 종가,KOSDAQ,718.04,pt,금융위원회 지수시세정보(공공데이터포털),2026-09-30
2025-01-13,밸류에이션,지수 종가,KOSDAQ,708.21,pt,금융위원회 지수시세정보(공공데이터포털),2026-09-30
2025-01-10,밸류에이션,지수 종가,KOSDAQ,717.89,pt,금융위원회 지수시세정보(공공데이터포털),2026-09-30
2025-01-09,밸류에이션,지수 종가,KOSDAQ,723.52,pt,금융위원회 지수시세정보(공공데이터포털),2026-09-30
2025-01-08,밸류에이션,지수 종가,KOSDAQ,719.63,pt,금융위원회 지수시세정보(공공데이터포털),2026-09-30
2025-01-07,밸류에이션,지수 종가,KOSDAQ,718.29,pt,금융위원회 지수시세정보(공공데이터포털),2026-09-30
2025-01-06,밸류에이션,지수 종가,KOSDAQ,717.96,pt,금융위원회 지수시세정보(공공데이터포털),2026-09-30
2025-01-03,밸류에이션,지수 종가,KOSDAQ,705.76,pt,금융위원회 지수시세정보(공공데이터포털),2026-09-30
2025-01-02,밸류에이션,지수 종가,KOSDAQ,686.63,pt,금융위원회 지수시세정보(공공데이터포털),2026-09-30
2024-12-30,밸류에이션,지수 종가,KOSDAQ,678.19,pt,금융위원회 지수시세정보(공공데이터포털),2026-09-30
2024-12-27,밸류에이션,지수 종가,KOSDAQ,665.97,pt,금융위원회 지수시세정보(공공데이터포털),2026-09-30
2024-12-26,밸류에이션,지수 종가,KOSDAQ,675.64,pt,금융위원회 지수시세정보(공공데이터포털),2026-09-30
2024-12-24,밸류에이션,지수 종가,KOSDAQ,680.11,pt,금융위원회 지수시세정보(공공데이터포털),2026-09-30
2024-12-23,밸류에이션,지수 종가,KOSDAQ,679.24,pt,금융위원회 지수시세정보(공공데이터포털),2026-09-30
2024-12-20,밸류에이션,지수 종가,KOSDAQ,668.31,pt,금융위원회 지수시세정보(공공데이터포털),2026-09-30
2024-12-19,밸류에이션,지수 종가,KOSDAQ,684.36,pt,금융위원회 지수시세정보(공공데이터포털),2026-09-30
2024-12-18,밸류에이션,지수 종가,KOSDAQ,697.57,pt,금융위원회 지수시세정보(공공데이터포털),2026-09-30
2024-12-17,밸류에이션,지수 종가,KOSDAQ,694.47,pt,금융위원회 지수시세정보(공공데이터포털),2026-09-30
2024-12-16,밸류에이션,지수 종가,KOSDAQ,698.53,pt,금융위원회 지수시세정보(공공데이터포털),2026-09-30
2024-12-13,밸류에이션,지수 종가,KOSDAQ,693.73,pt,금융위원회 지수시세정보(공공데이터포털),2026-09-30
2024-12-12,밸류에이션,지수 종가,KOSDAQ,683.35,pt,금융위원회 지수시세정보(공공데이터포털),2026-09-30
2024-12-11,밸류에이션,지수 종가,KOSDAQ,675.92,pt,금융위원회 지수시세정보(공공데이터포털),2026-09-30
2024-12-10,밸류에이션,지수 종가,KOSDAQ,661.59,pt,금융위원회 지수시세정보(공공데이터포털),2026-09-30
2024-12-09,밸류에이션,지수 종가,KOSDAQ,627.01,pt,금융위원회 지수시세정보(공공데이터포털),2026-09-30
2024-12-06,밸류에이션,지수 종가,KOSDAQ,661.33,pt,금융위원회 지수시세정보(공공데이터포털),2026-09-30
2024-12-05,밸류에이션,지수 종가,KOSDAQ,670.94,pt,금융위원회 지수시세정보(공공데이터포털),2026-09-30
2024-12-04,밸류에이션,지수 종가,KOSDAQ,677.15,pt,금융위원회 지수시세정보(공공데이터포털),2026-09-30
2024-12-03,밸류에이션,지수 종가,KOSDAQ,690.8,pt,금융위원회 지수시세정보(공공데이터포털),2026-09-30
2024-12-02,밸류에이션,지수 종가,KOSDAQ,675.84,pt,금융위원회 지수시세정보(공공데이터포털),2026-09-30
2024-11-29,밸류에이션,지수 종가,KOSDAQ,678.19,pt,금융위원회 지수시세정보(공공데이터포털),2026-09-30
2024-11-28,밸류에이션,지수 종가,KOSDAQ,694.39,pt,금융위원회 지수시세정보(공공데이터포털),2026-09-30
2024-11-27,밸류에이션,지수 종가,KOSDAQ,692,pt,금융위원회 지수시세정보(공공데이터포털),2026-09-30
2024-11-26,밸류에이션,지수 종가,KOSDAQ,693.15,pt,금융위원회 지수시세정보(공공데이터포털),2026-09-30
2024-11-25,밸류에이션,지수 종가,KOSDAQ,696.83,pt,금융위원회 지수시세정보(공공데이터포털),2026-09-30
2024-11-22,밸류에이션,지수 종가,KOSDAQ,677.01,pt,금융위원회 지수시세정보(공공데이터포털),2026-09-30
2024-11-21,밸류에이션,지수 종가,KOSDAQ,680.67,pt,금융위원회 지수시세정보(공공데이터포털),2026-09-30
2024-11-20,밸류에이션,지수 종가,KOSDAQ,682.91,pt,금융위원회 지수시세정보(공공데이터포털),2026-09-30
2024-11-19,밸류에이션,지수 종가,KOSDAQ,686.12,pt,금융위원회 지수시세정보(공공데이터포털),2026-09-30
2024-11-18,밸류에이션,지수 종가,KOSDAQ,689.55,pt,금융위원회 지수시세정보(공공데이터포털),2026-09-30
2024-11-15,밸류에이션,지수 종가,KOSDAQ,685.42,pt,금융위원회 지수시세정보(공공데이터포털),2026-09-30
2024-11-14,밸류에이션,지수 종가,KOSDAQ,681.56,pt,금융위원회 지수시세정보(공공데이터포털),2026-09-30
2024-11-13,밸류에이션,지수 종가,KOSDAQ,689.65,pt,금융위원회 지수시세정보(공공데이터포털),2026-09-30
2024-11-12,밸류에이션,지수 종가,KOSDAQ,710.52,pt,금융위원회 지수시세정보(공공데이터포털),2026-09-30
2024-11-11,밸류에이션,지수 종가,KOSDAQ,728.84,pt,금융위원회 지수시세정보(공공데이터포털),2026-09-30
2024-11-08,밸류에이션,지수 종가,KOSDAQ,743.38,pt,금융위원회 지수시세정보(공공데이터포털),2026-09-30
2024-11-07,밸류에이션,지수 종가,KOSDAQ,733.52,pt,금융위원회 지수시세정보(공공데이터포털),2026-09-30
2024-11-06,밸류에이션,지수 종가,KOSDAQ,743.31,pt,금융위원회 지수시세정보(공공데이터포털),2026-09-30
2024-11-05,밸류에이션,지수 종가,KOSDAQ,751.81,pt,금융위원회 지수시세정보(공공데이터포털),2026-09-30
2024-11-04,밸류에이션,지수 종가,KOSDAQ,754.08,pt,금융위원회 지수시세정보(공공데이터포털),2026-09-30
2024-11-01,밸류에이션,지수 종가,KOSDAQ,729.05,pt,금융위원회 지수시세정보(공공데이터포털),2026-09-30
2024-10-31,밸류에이션,지수 종가,KOSDAQ,743.06,pt,금융위원회 지수시세정보(공공데이터포털),2026-09-30
2024-10-30,밸류에이션,지수 종가,KOSDAQ,738.19,pt,금융위원회 지수시세정보(공공데이터포털),2026-09-30
2024-10-29,밸류에이션,지수 종가,KOSDAQ,744.18,pt,금융위원회 지수시세정보(공공데이터포털),2026-09-30
2024-10-28,밸류에이션,지수 종가,KOSDAQ,740.48,pt,금융위원회 지수시세정보(공공데이터포털),2026-09-30
2024-10-25,밸류에이션,지수 종가,KOSDAQ,727.41,pt,금융위원회 지수시세정보(공공데이터포털),2026-09-30
2024-10-24,밸류에이션,지수 종가,KOSDAQ,734.59,pt,금융위원회 지수시세정보(공공데이터포털),2026-09-30
2024-10-23,밸류에이션,지수 종가,KOSDAQ,745.19,pt,금융위원회 지수시세정보(공공데이터포털),2026-09-30
2024-10-22,밸류에이션,지수 종가,KOSDAQ,738.34,pt,금융위원회 지수시세정보(공공데이터포털),2026-09-30
2024-10-21,밸류에이션,지수 종가,KOSDAQ,759.95,pt,금융위원회 지수시세정보(공공데이터포털),2026-09-30
2024-10-18,밸류에이션,지수 종가,KOSDAQ,753.22,pt,금융위원회 지수시세정보(공공데이터포털),2026-09-30
2024-10-17,밸류에이션,지수 종가,KOSDAQ,765.06,pt,금융위원회 지수시세정보(공공데이터포털),2026-09-30
2024-10-16,밸류에이션,지수 종가,KOSDAQ,765.79,pt,금융위원회 지수시세정보(공공데이터포털),2026-09-30
2024-10-15,밸류에이션,지수 종가,KOSDAQ,773.81,pt,금융위원회 지수시세정보(공공데이터포털),2026-09-30
2024-10-14,밸류에이션,지수 종가,KOSDAQ,770.26,pt,금융위원회 지수시세정보(공공데이터포털),2026-09-30
2024-10-11,밸류에이션,지수 종가,KOSDAQ,770.98,pt,금융위원회 지수시세정보(공공데이터포털),2026-09-30
2024-10-10,밸류에이션,지수 종가,KOSDAQ,775.48,pt,금융위원회 지수시세정보(공공데이터포털),2026-09-30
2024-10-08,밸류에이션,지수 종가,KOSDAQ,778.24,pt,금융위원회 지수시세정보(공공데이터포털),2026-09-30
2024-10-07,밸류에이션,지수 종가,KOSDAQ,781.01,pt,금융위원회 지수시세정보(공공데이터포털),2026-09-30
2024-10-04,밸류에이션,지수 종가,KOSDAQ,768.98,pt,금융위원회 지수시세정보(공공데이터포털),2026-09-30
2024-10-02,밸류에이션,지수 종가,KOSDAQ,762.13,pt,금융위원회 지수시세정보(공공데이터포털),2026-09-30
2024-09-30,밸류에이션,지수 종가,KOSDAQ,763.88,pt,금융위원회 지수시세정보(공공데이터포털),2026-09-30
2024-09-27,밸류에이션,지수 종가,KOSDAQ,774.49,pt,금융위원회 지수시세정보(공공데이터포털),2026-09-30
2024-09-26,밸류에이션,지수 종가,KOSDAQ,779.18,pt,금융위원회 지수시세정보(공공데이터포털),2026-09-30
2024-09-25,밸류에이션,지수 종가,KOSDAQ,759.3,pt,금융위원회 지수시세정보(공공데이터포털),2026-09-30
2024-09-24,밸류에이션,지수 종가,KOSDAQ,767.35,pt,금융위원회 지수시세정보(공공데이터포털),2026-09-30
2024-09-23,밸류에이션,지수 종가,KOSDAQ,755.12,pt,금융위원회 지수시세정보(공공데이터포털),2026-09-30
2024-09-20,밸류에이션,지수 종가,KOSDAQ,748.33,pt,금융위원회 지수시세정보(공공데이터포털),2026-09-30
2024-09-19,밸류에이션,지수 종가,KOSDAQ,739.51,pt,금융위원회 지수시세정보(공공데이터포털),2026-09-30
2024-09-13,밸류에이션,지수 종가,KOSDAQ,733.2,pt,금융위원회 지수시세정보(공공데이터포털),2026-09-30
2024-09-12,밸류에이션,지수 종가,KOSDAQ,731.03,pt,금융위원회 지수시세정보(공공데이터포털),2026-09-30
2024-09-11,밸류에이션,지수 종가,KOSDAQ,709.42,pt,금융위원회 지수시세정보(공공데이터포털),2026-09-30
2024-09-10,밸류에이션,지수 종가,KOSDAQ,706.2,pt,금융위원회 지수시세정보(공공데이터포털),2026-09-30
2024-09-09,밸류에이션,지수 종가,KOSDAQ,714.46,pt,금융위원회 지수시세정보(공공데이터포털),2026-09-30
2024-09-06,밸류에이션,지수 종가,KOSDAQ,706.59,pt,금융위원회 지수시세정보(공공데이터포털),2026-09-30
2024-09-05,밸류에이션,지수 종가,KOSDAQ,725.28,pt,금융위원회 지수시세정보(공공데이터포털),2026-09-30
2024-09-04,밸류에이션,지수 종가,KOSDAQ,731.75,pt,금융위원회 지수시세정보(공공데이터포털),2026-09-30
2024-09-03,밸류에이션,지수 종가,KOSDAQ,760.37,pt,금융위원회 지수시세정보(공공데이터포털),2026-09-30
2024-09-02,밸류에이션,지수 종가,KOSDAQ,769.21,pt,금융위원회 지수시세정보(공공데이터포털),2026-09-30
2024-08-30,밸류에이션,지수 종가,KOSDAQ,767.66,pt,금융위원회 지수시세정보(공공데이터포털),2026-09-30
2024-08-29,밸류에이션,지수 종가,KOSDAQ,756.04,pt,금융위원회 지수시세정보(공공데이터포털),2026-09-30
2024-08-28,밸류에이션,지수 종가,KOSDAQ,762.5,pt,금융위원회 지수시세정보(공공데이터포털),2026-09-30
2024-08-27,밸류에이션,지수 종가,KOSDAQ,764.95,pt,금융위원회 지수시세정보(공공데이터포털),2026-09-30
2024-08-26,밸류에이션,지수 종가,KOSDAQ,766.79,pt,금융위원회 지수시세정보(공공데이터포털),2026-09-30
2024-08-23,밸류에이션,지수 종가,KOSDAQ,773.26,pt,금융위원회 지수시세정보(공공데이터포털),2026-09-30
2024-08-22,밸류에이션,지수 종가,KOSDAQ,773.47,pt,금융위원회 지수시세정보(공공데이터포털),2026-09-30
2024-08-21,밸류에이션,지수 종가,KOSDAQ,779.87,pt,금융위원회 지수시세정보(공공데이터포털),2026-09-30
2024-08-20,밸류에이션,지수 종가,KOSDAQ,787.44,pt,금융위원회 지수시세정보(공공데이터포털),2026-09-30
2024-08-19,밸류에이션,지수 종가,KOSDAQ,777.47,pt,금융위원회 지수시세정보(공공데이터포털),2026-09-30
2024-08-16,밸류에이션,지수 종가,KOSDAQ,786.33,pt,금융위원회 지수시세정보(공공데이터포털),2026-09-30
2024-08-14,밸류에이션,지수 종가,KOSDAQ,776.83,pt,금융위원회 지수시세정보(공공데이터포털),2026-09-30
2024-08-13,밸류에이션,지수 종가,KOSDAQ,764.86,pt,금융위원회 지수시세정보(공공데이터포털),2026-09-30
2024-08-12,밸류에이션,지수 종가,KOSDAQ,772.72,pt,금융위원회 지수시세정보(공공데이터포털),2026-09-30
2024-08-09,밸류에이션,지수 종가,KOSDAQ,764.43,pt,금융위원회 지수시세정보(공공데이터포털),2026-09-30
2024-08-08,밸류에이션,지수 종가,KOSDAQ,745.28,pt,금융위원회 지수시세정보(공공데이터포털),2026-09-30
2024-08-07,밸류에이션,지수 종가,KOSDAQ,748.54,pt,금융위원회 지수시세정보(공공데이터포털),2026-09-30
2024-08-06,밸류에이션,지수 종가,KOSDAQ,732.87,pt,금융위원회 지수시세정보(공공데이터포털),2026-09-30
2024-08-05,밸류에이션,지수 종가,KOSDAQ,691.28,pt,금융위원회 지수시세정보(공공데이터포털),2026-09-30
2024-08-02,밸류에이션,지수 종가,KOSDAQ,779.33,pt,금융위원회 지수시세정보(공공데이터포털),2026-09-30
2024-08-01,밸류에이션,지수 종가,KOSDAQ,813.53,pt,금융위원회 지수시세정보(공공데이터포털),2026-09-30
2024-07-31,밸류에이션,지수 종가,KOSDAQ,803.15,pt,금융위원회 지수시세정보(공공데이터포털),2026-09-30
2024-07-30,밸류에이션,지수 종가,KOSDAQ,803.78,pt,금융위원회 지수시세정보(공공데이터포털),2026-09-30
2024-07-29,밸류에이션,지수 종가,KOSDAQ,807.99,pt,금융위원회 지수시세정보(공공데이터포털),2026-09-30
2024-07-26,밸류에이션,지수 종가,KOSDAQ,797.56,pt,금융위원회 지수시세정보(공공데이터포털),2026-09-30
2024-07-25,밸류에이션,지수 종가,KOSDAQ,797.29,pt,금융위원회 지수시세정보(공공데이터포털),2026-09-30
2024-07-24,밸류에이션,지수 종가,KOSDAQ,814.25,pt,금융위원회 지수시세정보(공공데이터포털),2026-09-30
2024-07-23,밸류에이션,지수 종가,KOSDAQ,812.12,pt,금융위원회 지수시세정보(공공데이터포털),2026-09-30
2024-07-22,밸류에이션,지수 종가,KOSDAQ,809.96,pt,금융위원회 지수시세정보(공공데이터포털),2026-09-30
2024-07-19,밸류에이션,지수 종가,KOSDAQ,828.72,pt,금융위원회 지수시세정보(공공데이터포털),2026-09-30
2024-07-18,밸류에이션,지수 종가,KOSDAQ,822.48,pt,금융위원회 지수시세정보(공공데이터포털),2026-09-30
2024-07-17,밸류에이션,지수 종가,KOSDAQ,829.41,pt,금융위원회 지수시세정보(공공데이터포털),2026-09-30
2024-07-16,밸류에이션,지수 종가,KOSDAQ,839.61,pt,금융위원회 지수시세정보(공공데이터포털),2026-09-30
2024-07-15,밸류에이션,지수 종가,KOSDAQ,852.88,pt,금융위원회 지수시세정보(공공데이터포털),2026-09-30
2024-07-12,밸류에이션,지수 종가,KOSDAQ,850.37,pt,금융위원회 지수시세정보(공공데이터포털),2026-09-30
2024-07-11,밸류에이션,지수 종가,KOSDAQ,852.42,pt,금융위원회 지수시세정보(공공데이터포털),2026-09-30
2024-07-10,밸류에이션,지수 종가,KOSDAQ,858.55,pt,금융위원회 지수시세정보(공공데이터포털),2026-09-30
2024-07-09,밸류에이션,지수 종가,KOSDAQ,860.42,pt,금융위원회 지수시세정보(공공데이터포털),2026-09-30
2024-07-08,밸류에이션,지수 종가,KOSDAQ,859.27,pt,금융위원회 지수시세정보(공공데이터포털),2026-09-30
2024-07-05,밸류에이션,지수 종가,KOSDAQ,847.49,pt,금융위원회 지수시세정보(공공데이터포털),2026-09-30
2024-07-04,밸류에이션,지수 종가,KOSDAQ,840.81,pt,금융위원회 지수시세정보(공공데이터포털),2026-09-30
2024-07-03,밸류에이션,지수 종가,KOSDAQ,836.1,pt,금융위원회 지수시세정보(공공데이터포털),2026-09-30
2024-07-02,밸류에이션,지수 종가,KOSDAQ,829.91,pt,금융위원회 지수시세정보(공공데이터포털),2026-09-30
2024-07-01,밸류에이션,지수 종가,KOSDAQ,847.15,pt,금융위원회 지수시세정보(공공데이터포털),2026-09-30
2024-06-28,밸류에이션,지수 종가,KOSDAQ,840.44,pt,금융위원회 지수시세정보(공공데이터포털),2026-09-30
2024-06-27,밸류에이션,지수 종가,KOSDAQ,838.65,pt,금융위원회 지수시세정보(공공데이터포털),2026-09-30
2024-06-26,밸류에이션,지수 종가,KOSDAQ,842.12,pt,금융위원회 지수시세정보(공공데이터포털),2026-09-30
2024-06-25,밸류에이션,지수 종가,KOSDAQ,841.99,pt,금융위원회 지수시세정보(공공데이터포털),2026-09-30
2024-06-24,밸류에이션,지수 종가,KOSDAQ,841.52,pt,금융위원회 지수시세정보(공공데이터포털),2026-09-30
2024-06-21,밸류에이션,지수 종가,KOSDAQ,852.67,pt,금융위원회 지수시세정보(공공데이터포털),2026-09-30
2024-06-20,밸류에이션,지수 종가,KOSDAQ,857.51,pt,금융위원회 지수시세정보(공공데이터포털),2026-09-30
2024-06-19,밸류에이션,지수 종가,KOSDAQ,861.17,pt,금융위원회 지수시세정보(공공데이터포털),2026-09-30
2024-06-18,밸류에이션,지수 종가,KOSDAQ,858.95,pt,금융위원회 지수시세정보(공공데이터포털),2026-09-30
2024-06-17,밸류에이션,지수 종가,KOSDAQ,858.96,pt,금융위원회 지수시세정보(공공데이터포털),2026-09-30
2024-06-14,밸류에이션,지수 종가,KOSDAQ,862.19,pt,금융위원회 지수시세정보(공공데이터포털),2026-09-30
2024-06-13,밸류에이션,지수 종가,KOSDAQ,871.33,pt,금융위원회 지수시세정보(공공데이터포털),2026-09-30
2024-06-12,밸류에이션,지수 종가,KOSDAQ,870.67,pt,금융위원회 지수시세정보(공공데이터포털),2026-09-30
2024-06-11,밸류에이션,지수 종가,KOSDAQ,868.36,pt,금융위원회 지수시세정보(공공데이터포털),2026-09-30
2024-06-10,밸류에이션,지수 종가,KOSDAQ,864.71,pt,금융위원회 지수시세정보(공공데이터포털),2026-09-30
2024-06-07,밸류에이션,지수 종가,KOSDAQ,866.18,pt,금융위원회 지수시세정보(공공데이터포털),2026-09-30
2024-06-05,밸류에이션,지수 종가,KOSDAQ,850.75,pt,금융위원회 지수시세정보(공공데이터포털),2026-09-30
2024-06-04,밸류에이션,지수 종가,KOSDAQ,845.84,pt,금융위원회 지수시세정보(공공데이터포털),2026-09-30
2024-06-03,밸류에이션,지수 종가,KOSDAQ,844.72,pt,금융위원회 지수시세정보(공공데이터포털),2026-09-30
2024-05-31,밸류에이션,지수 종가,KOSDAQ,839.98,pt,금융위원회 지수시세정보(공공데이터포털),2026-09-30
2024-05-30,밸류에이션,지수 종가,KOSDAQ,831.99,pt,금융위원회 지수시세정보(공공데이터포털),2026-09-30
2024-05-29,밸류에이션,지수 종가,KOSDAQ,838.45,pt,금융위원회 지수시세정보(공공데이터포털),2026-09-30
2024-05-28,밸류에이션,지수 종가,KOSDAQ,851.01,pt,금융위원회 지수시세정보(공공데이터포털),2026-09-30
2024-05-27,밸류에이션,지수 종가,KOSDAQ,847.99,pt,금융위원회 지수시세정보(공공데이터포털),2026-09-30
2024-05-24,밸류에이션,지수 종가,KOSDAQ,839.41,pt,금융위원회 지수시세정보(공공데이터포털),2026-09-30
2024-05-23,밸류에이션,지수 종가,KOSDAQ,846.58,pt,금융위원회 지수시세정보(공공데이터포털),2026-09-30
2024-05-22,밸류에이션,지수 종가,KOSDAQ,845.72,pt,금융위원회 지수시세정보(공공데이터포털),2026-09-30
2024-05-21,밸류에이션,지수 종가,KOSDAQ,846.51,pt,금융위원회 지수시세정보(공공데이터포털),2026-09-30
2024-05-20,밸류에이션,지수 종가,KOSDAQ,847.08,pt,금융위원회 지수시세정보(공공데이터포털),2026-09-30
2024-05-17,밸류에이션,지수 종가,KOSDAQ,855.06,pt,금융위원회 지수시세정보(공공데이터포털),2026-09-30
2024-05-16,밸류에이션,지수 종가,KOSDAQ,870.37,pt,금융위원회 지수시세정보(공공데이터포털),2026-09-30
2024-05-14,밸류에이션,지수 종가,KOSDAQ,862.15,pt,금융위원회 지수시세정보(공공데이터포털),2026-09-30
2024-05-13,밸류에이션,지수 종가,KOSDAQ,854.43,pt,금융위원회 지수시세정보(공공데이터포털),2026-09-30
2024-05-10,밸류에이션,지수 종가,KOSDAQ,864.16,pt,금융위원회 지수시세정보(공공데이터포털),2026-09-30
2024-05-09,밸류에이션,지수 종가,KOSDAQ,870.15,pt,금융위원회 지수시세정보(공공데이터포털),2026-09-30
2024-05-08,밸류에이션,지수 종가,KOSDAQ,872.42,pt,금융위원회 지수시세정보(공공데이터포털),2026-09-30
2024-05-07,밸류에이션,지수 종가,KOSDAQ,871.26,pt,금융위원회 지수시세정보(공공데이터포털),2026-09-30
2024-05-03,밸류에이션,지수 종가,KOSDAQ,865.59,pt,금융위원회 지수시세정보(공공데이터포털),2026-09-30
2024-05-02,밸류에이션,지수 종가,KOSDAQ,867.48,pt,금융위원회 지수시세정보(공공데이터포털),2026-09-30
2024-04-30,밸류에이션,지수 종가,KOSDAQ,868.93,pt,금융위원회 지수시세정보(공공데이터포털),2026-09-30
2024-04-29,밸류에이션,지수 종가,KOSDAQ,869.72,pt,금융위원회 지수시세정보(공공데이터포털),2026-09-30
2024-04-26,밸류에이션,지수 종가,KOSDAQ,856.82,pt,금융위원회 지수시세정보(공공데이터포털),2026-09-30
2024-04-25,밸류에이션,지수 종가,KOSDAQ,853.26,pt,금융위원회 지수시세정보(공공데이터포털),2026-09-30
2024-04-24,밸류에이션,지수 종가,KOSDAQ,862.23,pt,금융위원회 지수시세정보(공공데이터포털),2026-09-30
2024-04-23,밸류에이션,지수 종가,KOSDAQ,845.44,pt,금융위원회 지수시세정보(공공데이터포털),2026-09-30
2024-04-22,밸류에이션,지수 종가,KOSDAQ,845.82,pt,금융위원회 지수시세정보(공공데이터포털),2026-09-30
2024-04-19,밸류에이션,지수 종가,KOSDAQ,841.91,pt,금융위원회 지수시세정보(공공데이터포털),2026-09-30
2024-04-18,밸류에이션,지수 종가,KOSDAQ,855.65,pt,금융위원회 지수시세정보(공공데이터포털),2026-09-30
2024-04-17,밸류에이션,지수 종가,KOSDAQ,833.03,pt,금융위원회 지수시세정보(공공데이터포털),2026-09-30
2024-04-16,밸류에이션,지수 종가,KOSDAQ,832.81,pt,금융위원회 지수시세정보(공공데이터포털),2026-09-30
2024-04-15,밸류에이션,지수 종가,KOSDAQ,852.42,pt,금융위원회 지수시세정보(공공데이터포털),2026-09-30
2024-04-12,밸류에이션,지수 종가,KOSDAQ,860.47,pt,금융위원회 지수시세정보(공공데이터포털),2026-09-30
2024-04-11,밸류에이션,지수 종가,KOSDAQ,858.1,pt,금융위원회 지수시세정보(공공데이터포털),2026-09-30
2024-04-09,밸류에이션,지수 종가,KOSDAQ,859.33,pt,금융위원회 지수시세정보(공공데이터포털),2026-09-30
2024-04-08,밸류에이션,지수 종가,KOSDAQ,860.57,pt,금융위원회 지수시세정보(공공데이터포털),2026-09-30
2024-04-05,밸류에이션,지수 종가,KOSDAQ,872.29,pt,금융위원회 지수시세정보(공공데이터포털),2026-09-30
2024-04-04,밸류에이션,지수 종가,KOSDAQ,882.9,pt,금융위원회 지수시세정보(공공데이터포털),2026-09-30
2024-04-03,밸류에이션,지수 종가,KOSDAQ,879.96,pt,금융위원회 지수시세정보(공공데이터포털),2026-09-30
2024-04-02,밸류에이션,지수 종가,KOSDAQ,891.59,pt,금융위원회 지수시세정보(공공데이터포털),2026-09-30
2024-04-01,밸류에이션,지수 종가,KOSDAQ,912.45,pt,금융위원회 지수시세정보(공공데이터포털),2026-09-30
2024-03-29,밸류에이션,지수 종가,KOSDAQ,905.5,pt,금융위원회 지수시세정보(공공데이터포털),2026-09-30
2024-03-28,밸류에이션,지수 종가,KOSDAQ,910.05,pt,금융위원회 지수시세정보(공공데이터포털),2026-09-30
2024-03-27,밸류에이션,지수 종가,KOSDAQ,911.25,pt,금융위원회 지수시세정보(공공데이터포털),2026-09-30
2024-03-26,밸류에이션,지수 종가,KOSDAQ,916.09,pt,금융위원회 지수시세정보(공공데이터포털),2026-09-30
2024-03-25,밸류에이션,지수 종가,KOSDAQ,913.69,pt,금융위원회 지수시세정보(공공데이터포털),2026-09-30
2024-03-22,밸류에이션,지수 종가,KOSDAQ,903.98,pt,금융위원회 지수시세정보(공공데이터포털),2026-09-30
2024-03-21,밸류에이션,지수 종가,KOSDAQ,904.29,pt,금융위원회 지수시세정보(공공데이터포털),2026-09-30
2024-03-20,밸류에이션,지수 종가,KOSDAQ,891.45,pt,금융위원회 지수시세정보(공공데이터포털),2026-09-30
2024-03-19,밸류에이션,지수 종가,KOSDAQ,891.91,pt,금융위원회 지수시세정보(공공데이터포털),2026-09-30
2024-03-18,밸류에이션,지수 종가,KOSDAQ,894.48,pt,금융위원회 지수시세정보(공공데이터포털),2026-09-30
2024-03-15,밸류에이션,지수 종가,KOSDAQ,880.46,pt,금융위원회 지수시세정보(공공데이터포털),2026-09-30
2024-03-14,밸류에이션,지수 종가,KOSDAQ,887.52,pt,금융위원회 지수시세정보(공공데이터포털),2026-09-30
2024-03-13,밸류에이션,지수 종가,KOSDAQ,889.93,pt,금융위원회 지수시세정보(공공데이터포털),2026-09-30
2024-03-12,밸류에이션,지수 종가,KOSDAQ,889.71,pt,금융위원회 지수시세정보(공공데이터포털),2026-09-30
2024-03-11,밸류에이션,지수 종가,KOSDAQ,875.93,pt,금융위원회 지수시세정보(공공데이터포털),2026-09-30
2024-03-08,밸류에이션,지수 종가,KOSDAQ,873.18,pt,금융위원회 지수시세정보(공공데이터포털),2026-09-30
2024-03-07,밸류에이션,지수 종가,KOSDAQ,863.37,pt,금융위원회 지수시세정보(공공데이터포털),2026-09-30
2024-03-06,밸류에이션,지수 종가,KOSDAQ,870.67,pt,금융위원회 지수시세정보(공공데이터포털),2026-09-30
2024-03-05,밸류에이션,지수 종가,KOSDAQ,866.37,pt,금융위원회 지수시세정보(공공데이터포털),2026-09-30
2024-03-04,밸류에이션,지수 종가,KOSDAQ,872.97,pt,금융위원회 지수시세정보(공공데이터포털),2026-09-30
2024-02-29,밸류에이션,지수 종가,KOSDAQ,862.96,pt,금융위원회 지수시세정보(공공데이터포털),2026-09-30
2024-02-28,밸류에이션,지수 종가,KOSDAQ,863.39,pt,금융위원회 지수시세정보(공공데이터포털),2026-09-30
2024-02-27,밸류에이션,지수 종가,KOSDAQ,853.75,pt,금융위원회 지수시세정보(공공데이터포털),2026-09-30
2024-02-26,밸류에이션,지수 종가,KOSDAQ,867.4,pt,금융위원회 지수시세정보(공공데이터포털),2026-09-30
2024-02-23,밸류에이션,지수 종가,KOSDAQ,868.57,pt,금융위원회 지수시세정보(공공데이터포털),2026-09-30
2024-02-22,밸류에이션,지수 종가,KOSDAQ,870.11,pt,금융위원회 지수시세정보(공공데이터포털),2026-09-30
2024-02-21,밸류에이션,지수 종가,KOSDAQ,864.07,pt,금융위원회 지수시세정보(공공데이터포털),2026-09-30
2024-02-20,밸류에이션,지수 종가,KOSDAQ,866.17,pt,금융위원회 지수시세정보(공공데이터포털),2026-09-30
2024-02-19,밸류에이션,지수 종가,KOSDAQ,858.47,pt,금융위원회 지수시세정보(공공데이터포털),2026-09-30
2024-02-16,밸류에이션,지수 종가,KOSDAQ,857.6,pt,금융위원회 지수시세정보(공공데이터포털),2026-09-30
2024-02-15,밸류에이션,지수 종가,KOSDAQ,859.21,pt,금융위원회 지수시세정보(공공데이터포털),2026-09-30
2024-02-14,밸류에이션,지수 종가,KOSDAQ,853.3,pt,금융위원회 지수시세정보(공공데이터포털),2026-09-30
2024-02-13,밸류에이션,지수 종가,KOSDAQ,845.15,pt,금융위원회 지수시세정보(공공데이터포털),2026-09-30
2024-02-08,밸류에이션,지수 종가,KOSDAQ,826.58,pt,금융위원회 지수시세정보(공공데이터포털),2026-09-30
2024-02-07,밸류에이션,지수 종가,KOSDAQ,811.92,pt,금융위원회 지수시세정보(공공데이터포털),2026-09-30
2024-02-06,밸류에이션,지수 종가,KOSDAQ,807.03,pt,금융위원회 지수시세정보(공공데이터포털),2026-09-30
2024-02-05,밸류에이션,지수 종가,KOSDAQ,807.99,pt,금융위원회 지수시세정보(공공데이터포털),2026-09-30
2024-02-02,밸류에이션,지수 종가,KOSDAQ,814.77,pt,금융위원회 지수시세정보(공공데이터포털),2026-09-30
2024-02-01,밸류에이션,지수 종가,KOSDAQ,798.73,pt,금융위원회 지수시세정보(공공데이터포털),2026-09-30
2024-01-31,밸류에이션,지수 종가,KOSDAQ,799.24,pt,금융위원회 지수시세정보(공공데이터포털),2026-09-30
2024-01-30,밸류에이션,지수 종가,KOSDAQ,818.86,pt,금융위원회 지수시세정보(공공데이터포털),2026-09-30
2024-01-29,밸류에이션,지수 종가,KOSDAQ,819.14,pt,금융위원회 지수시세정보(공공데이터포털),2026-09-30
2024-01-26,밸류에이션,지수 종가,KOSDAQ,837.24,pt,금융위원회 지수시세정보(공공데이터포털),2026-09-30
2024-01-25,밸류에이션,지수 종가,KOSDAQ,823.74,pt,금융위원회 지수시세정보(공공데이터포털),2026-09-30
2024-01-24,밸류에이션,지수 종가,KOSDAQ,836.21,pt,금융위원회 지수시세정보(공공데이터포털),2026-09-30
2024-01-23,밸류에이션,지수 종가,KOSDAQ,840.11,pt,금융위원회 지수시세정보(공공데이터포털),2026-09-30
2024-01-22,밸류에이션,지수 종가,KOSDAQ,839.69,pt,금융위원회 지수시세정보(공공데이터포털),2026-09-30
2024-01-19,밸류에이션,지수 종가,KOSDAQ,842.67,pt,금융위원회 지수시세정보(공공데이터포털),2026-09-30
2024-01-18,밸류에이션,지수 종가,KOSDAQ,840.33,pt,금융위원회 지수시세정보(공공데이터포털),2026-09-30
2024-01-17,밸류에이션,지수 종가,KOSDAQ,833.05,pt,금융위원회 지수시세정보(공공데이터포털),2026-09-30
2024-01-16,밸류에이션,지수 종가,KOSDAQ,854.83,pt,금융위원회 지수시세정보(공공데이터포털),2026-09-30
2024-01-15,밸류에이션,지수 종가,KOSDAQ,859.71,pt,금융위원회 지수시세정보(공공데이터포털),2026-09-30
2024-01-12,밸류에이션,지수 종가,KOSDAQ,868.08,pt,금융위원회 지수시세정보(공공데이터포털),2026-09-30
2024-01-11,밸류에이션,지수 종가,KOSDAQ,882.53,pt,금융위원회 지수시세정보(공공데이터포털),2026-09-30
2024-01-10,밸류에이션,지수 종가,KOSDAQ,875.46,pt,금융위원회 지수시세정보(공공데이터포털),2026-09-30
2024-01-09,밸류에이션,지수 종가,KOSDAQ,884.64,pt,금융위원회 지수시세정보(공공데이터포털),2026-09-30
2024-01-08,밸류에이션,지수 종가,KOSDAQ,879.34,pt,금융위원회 지수시세정보(공공데이터포털),2026-09-30
2024-01-05,밸류에이션,지수 종가,KOSDAQ,878.33,pt,금융위원회 지수시세정보(공공데이터포털),2026-09-30
2024-01-04,밸류에이션,지수 종가,KOSDAQ,866.25,pt,금융위원회 지수시세정보(공공데이터포털),2026-09-30
2024-01-03,밸류에이션,지수 종가,KOSDAQ,871.57,pt,금융위원회 지수시세정보(공공데이터포털),2026-09-30
2024-01-02,밸류에이션,지수 종가,KOSDAQ,878.93,pt,금융위원회 지수시세정보(공공데이터포털),2026-09-30
2023-12-28,밸류에이션,지수 종가,KOSDAQ,866.57,pt,금융위원회 지수시세정보(공공데이터포털),2026-09-30
2023-12-27,밸류에이션,지수 종가,KOSDAQ,859.79,pt,금융위원회 지수시세정보(공공데이터포털),2026-09-30
2023-12-26,밸류에이션,지수 종가,KOSDAQ,848.34,pt,금융위원회 지수시세정보(공공데이터포털),2026-09-30
2023-12-22,밸류에이션,지수 종가,KOSDAQ,854.62,pt,금융위원회 지수시세정보(공공데이터포털),2026-09-30
2023-12-21,밸류에이션,지수 종가,KOSDAQ,859.44,pt,금융위원회 지수시세정보(공공데이터포털),2026-09-30
2023-12-20,밸류에이션,지수 종가,KOSDAQ,862.98,pt,금융위원회 지수시세정보(공공데이터포털),2026-09-30
2023-12-19,밸류에이션,지수 종가,KOSDAQ,858.3,pt,금융위원회 지수시세정보(공공데이터포털),2026-09-30
2023-12-18,밸류에이션,지수 종가,KOSDAQ,850.96,pt,금융위원회 지수시세정보(공공데이터포털),2026-09-30
2023-12-15,밸류에이션,지수 종가,KOSDAQ,838.31,pt,금융위원회 지수시세정보(공공데이터포털),2026-09-30
2023-12-14,밸류에이션,지수 종가,KOSDAQ,840.59,pt,금융위원회 지수시세정보(공공데이터포털),2026-09-30
2023-12-13,밸류에이션,지수 종가,KOSDAQ,829.31,pt,금융위원회 지수시세정보(공공데이터포털),2026-09-30
2023-12-12,밸류에이션,지수 종가,KOSDAQ,839.53,pt,금융위원회 지수시세정보(공공데이터포털),2026-09-30
2023-12-11,밸류에이션,지수 종가,KOSDAQ,835.25,pt,금융위원회 지수시세정보(공공데이터포털),2026-09-30
2023-12-08,밸류에이션,지수 종가,KOSDAQ,830.37,pt,금융위원회 지수시세정보(공공데이터포털),2026-09-30
2023-12-07,밸류에이션,지수 종가,KOSDAQ,813.2,pt,금융위원회 지수시세정보(공공데이터포털),2026-09-30
2023-12-06,밸류에이션,지수 종가,KOSDAQ,819.54,pt,금융위원회 지수시세정보(공공데이터포털),2026-09-30
2023-12-05,밸류에이션,지수 종가,KOSDAQ,813.38,pt,금융위원회 지수시세정보(공공데이터포털),2026-09-30
2023-12-04,밸류에이션,지수 종가,KOSDAQ,828.52,pt,금융위원회 지수시세정보(공공데이터포털),2026-09-30
2023-12-01,밸류에이션,지수 종가,KOSDAQ,827.24,pt,금융위원회 지수시세정보(공공데이터포털),2026-09-30
2023-11-30,밸류에이션,지수 종가,KOSDAQ,831.68,pt,금융위원회 지수시세정보(공공데이터포털),2026-09-30
2023-11-29,밸류에이션,지수 종가,KOSDAQ,822.44,pt,금융위원회 지수시세정보(공공데이터포털),2026-09-30
2023-11-28,밸류에이션,지수 종가,KOSDAQ,816.44,pt,금융위원회 지수시세정보(공공데이터포털),2026-09-30
2023-11-27,밸류에이션,지수 종가,KOSDAQ,810.25,pt,금융위원회 지수시세정보(공공데이터포털),2026-09-30
2023-11-24,밸류에이션,지수 종가,KOSDAQ,815,pt,금융위원회 지수시세정보(공공데이터포털),2026-09-30
2023-11-23,밸류에이션,지수 종가,KOSDAQ,815.98,pt,금융위원회 지수시세정보(공공데이터포털),2026-09-30
2023-11-22,밸류에이션,지수 종가,KOSDAQ,814.61,pt,금융위원회 지수시세정보(공공데이터포털),2026-09-30
2023-11-21,밸류에이션,지수 종가,KOSDAQ,817.01,pt,금융위원회 지수시세정보(공공데이터포털),2026-09-30
2023-11-20,밸류에이션,지수 종가,KOSDAQ,813.08,pt,금융위원회 지수시세정보(공공데이터포털),2026-09-30
2023-11-17,밸류에이션,지수 종가,KOSDAQ,799.06,pt,금융위원회 지수시세정보(공공데이터포털),2026-09-30
2023-11-16,밸류에이션,지수 종가,KOSDAQ,811.11,pt,금융위원회 지수시세정보(공공데이터포털),2026-09-30
2023-11-15,밸류에이션,지수 종가,KOSDAQ,809.36,pt,금융위원회 지수시세정보(공공데이터포털),2026-09-30
2023-11-14,밸류에이션,지수 종가,KOSDAQ,794.19,pt,금융위원회 지수시세정보(공공데이터포털),2026-09-30
2023-11-13,밸류에이션,지수 종가,KOSDAQ,774.42,pt,금융위원회 지수시세정보(공공데이터포털),2026-09-30
2023-11-10,밸류에이션,지수 종가,KOSDAQ,789.31,pt,금융위원회 지수시세정보(공공데이터포털),2026-09-30
2023-11-09,밸류에이션,지수 종가,KOSDAQ,802.87,pt,금융위원회 지수시세정보(공공데이터포털),2026-09-30
2023-11-08,밸류에이션,지수 종가,KOSDAQ,811.02,pt,금융위원회 지수시세정보(공공데이터포털),2026-09-30
2023-11-07,밸류에이션,지수 종가,KOSDAQ,824.37,pt,금융위원회 지수시세정보(공공데이터포털),2026-09-30
2023-11-06,밸류에이션,지수 종가,KOSDAQ,839.45,pt,금융위원회 지수시세정보(공공데이터포털),2026-09-30
2023-11-03,밸류에이션,지수 종가,KOSDAQ,782.05,pt,금융위원회 지수시세정보(공공데이터포털),2026-09-30
2023-11-02,밸류에이션,지수 종가,KOSDAQ,772.84,pt,금융위원회 지수시세정보(공공데이터포털),2026-09-30
2023-11-01,밸류에이션,지수 종가,KOSDAQ,739.23,pt,금융위원회 지수시세정보(공공데이터포털),2026-09-30
2023-10-31,밸류에이션,지수 종가,KOSDAQ,736.1,pt,금융위원회 지수시세정보(공공데이터포털),2026-09-30
2023-10-30,밸류에이션,지수 종가,KOSDAQ,757.12,pt,금융위원회 지수시세정보(공공데이터포털),2026-09-30
2023-10-27,밸류에이션,지수 종가,KOSDAQ,748.49,pt,금융위원회 지수시세정보(공공데이터포털),2026-09-30
2023-10-26,밸류에이션,지수 종가,KOSDAQ,743.85,pt,금융위원회 지수시세정보(공공데이터포털),2026-09-30
2023-10-25,밸류에이션,지수 종가,KOSDAQ,770.84,pt,금융위원회 지수시세정보(공공데이터포털),2026-09-30
2023-10-24,밸류에이션,지수 종가,KOSDAQ,784.86,pt,금융위원회 지수시세정보(공공데이터포털),2026-09-30
2023-10-23,밸류에이션,지수 종가,KOSDAQ,763.69,pt,금융위원회 지수시세정보(공공데이터포털),2026-09-30
2023-10-20,밸류에이션,지수 종가,KOSDAQ,769.25,pt,금융위원회 지수시세정보(공공데이터포털),2026-09-30
2023-10-19,밸류에이션,지수 종가,KOSDAQ,784.04,pt,금융위원회 지수시세정보(공공데이터포털),2026-09-30
2023-10-18,밸류에이션,지수 종가,KOSDAQ,808.89,pt,금융위원회 지수시세정보(공공데이터포털),2026-09-30
2023-10-17,밸류에이션,지수 종가,KOSDAQ,820.38,pt,금융위원회 지수시세정보(공공데이터포털),2026-09-30
2023-10-16,밸류에이션,지수 종가,KOSDAQ,810.54,pt,금융위원회 지수시세정보(공공데이터포털),2026-09-30
2023-10-13,밸류에이션,지수 종가,KOSDAQ,822.78,pt,금융위원회 지수시세정보(공공데이터포털),2026-09-30
2023-10-12,밸류에이션,지수 종가,KOSDAQ,835.49,pt,금융위원회 지수시세정보(공공데이터포털),2026-09-30
2023-10-11,밸류에이션,지수 종가,KOSDAQ,817.12,pt,금융위원회 지수시세정보(공공데이터포털),2026-09-30
2023-10-10,밸류에이션,지수 종가,KOSDAQ,795,pt,금융위원회 지수시세정보(공공데이터포털),2026-09-30
2023-10-06,밸류에이션,지수 종가,KOSDAQ,816.39,pt,금융위원회 지수시세정보(공공데이터포털),2026-09-30
2023-10-05,밸류에이션,지수 종가,KOSDAQ,801.02,pt,금융위원회 지수시세정보(공공데이터포털),2026-09-30
2023-10-04,밸류에이션,지수 종가,KOSDAQ,807.4,pt,금융위원회 지수시세정보(공공데이터포털),2026-09-30
2023-09-27,밸류에이션,지수 종가,KOSDAQ,841.02,pt,금융위원회 지수시세정보(공공데이터포털),2026-09-30
2023-09-26,밸류에이션,지수 종가,KOSDAQ,827.82,pt,금융위원회 지수시세정보(공공데이터포털),2026-09-30
2023-09-25,밸류에이션,지수 종가,KOSDAQ,839.17,pt,금융위원회 지수시세정보(공공데이터포털),2026-09-30
2023-09-22,밸류에이션,지수 종가,KOSDAQ,857.35,pt,금융위원회 지수시세정보(공공데이터포털),2026-09-30
2023-09-21,밸류에이션,지수 종가,KOSDAQ,860.68,pt,금융위원회 지수시세정보(공공데이터포털),2026-09-30
2023-09-20,밸류에이션,지수 종가,KOSDAQ,882.72,pt,금융위원회 지수시세정보(공공데이터포털),2026-09-30
2023-09-19,밸류에이션,지수 종가,KOSDAQ,883.89,pt,금융위원회 지수시세정보(공공데이터포털),2026-09-30
2023-09-18,밸류에이션,지수 종가,KOSDAQ,891.29,pt,금융위원회 지수시세정보(공공데이터포털),2026-09-30
2023-09-15,밸류에이션,지수 종가,KOSDAQ,899.03,pt,금융위원회 지수시세정보(공공데이터포털),2026-09-30
2023-09-14,밸류에이션,지수 종가,KOSDAQ,899.47,pt,금융위원회 지수시세정보(공공데이터포털),2026-09-30
2023-09-13,밸류에이션,지수 종가,KOSDAQ,882.72,pt,금융위원회 지수시세정보(공공데이터포털),2026-09-30
2023-09-12,밸류에이션,지수 종가,KOSDAQ,898.04,pt,금융위원회 지수시세정보(공공데이터포털),2026-09-30
2023-09-11,밸류에이션,지수 종가,KOSDAQ,912.55,pt,금융위원회 지수시세정보(공공데이터포털),2026-09-30
2023-09-08,밸류에이션,지수 종가,KOSDAQ,914.18,pt,금융위원회 지수시세정보(공공데이터포털),2026-09-30
2023-09-07,밸류에이션,지수 종가,KOSDAQ,906.36,pt,금융위원회 지수시세정보(공공데이터포털),2026-09-30
2023-09-06,밸류에이션,지수 종가,KOSDAQ,917.95,pt,금융위원회 지수시세정보(공공데이터포털),2026-09-30
2023-09-05,밸류에이션,지수 종가,KOSDAQ,921.48,pt,금융위원회 지수시세정보(공공데이터포털),2026-09-30
2023-09-04,밸류에이션,지수 종가,KOSDAQ,919.16,pt,금융위원회 지수시세정보(공공데이터포털),2026-09-30
2023-09-01,밸류에이션,지수 종가,KOSDAQ,919.74,pt,금융위원회 지수시세정보(공공데이터포털),2026-09-30
2023-08-31,밸류에이션,지수 종가,KOSDAQ,928.4,pt,금융위원회 지수시세정보(공공데이터포털),2026-09-30
2023-08-30,밸류에이션,지수 종가,KOSDAQ,923.81,pt,금융위원회 지수시세정보(공공데이터포털),2026-09-30
2023-08-29,밸류에이션,지수 종가,KOSDAQ,916.24,pt,금융위원회 지수시세정보(공공데이터포털),2026-09-30
2023-08-28,밸류에이션,지수 종가,KOSDAQ,909.38,pt,금융위원회 지수시세정보(공공데이터포털),2026-09-30
2023-08-25,밸류에이션,지수 종가,KOSDAQ,899.38,pt,금융위원회 지수시세정보(공공데이터포털),2026-09-30
2023-08-24,밸류에이션,지수 종가,KOSDAQ,901.74,pt,금융위원회 지수시세정보(공공데이터포털),2026-09-30
2023-08-23,밸류에이션,지수 종가,KOSDAQ,882.87,pt,금융위원회 지수시세정보(공공데이터포털),2026-09-30
2023-08-22,밸류에이션,지수 종가,KOSDAQ,893.33,pt,금융위원회 지수시세정보(공공데이터포털),2026-09-30
2023-08-21,밸류에이션,지수 종가,KOSDAQ,888.71,pt,금융위원회 지수시세정보(공공데이터포털),2026-09-30
2023-08-18,밸류에이션,지수 종가,KOSDAQ,877.32,pt,금융위원회 지수시세정보(공공데이터포털),2026-09-30
2023-08-17,밸류에이션,지수 종가,KOSDAQ,886.04,pt,금융위원회 지수시세정보(공공데이터포털),2026-09-30
2023-08-16,밸류에이션,지수 종가,KOSDAQ,878.29,pt,금융위원회 지수시세정보(공공데이터포털),2026-09-30
2023-08-14,밸류에이션,지수 종가,KOSDAQ,901.68,pt,금융위원회 지수시세정보(공공데이터포털),2026-09-30
2023-08-11,밸류에이션,지수 종가,KOSDAQ,912.2,pt,금융위원회 지수시세정보(공공데이터포털),2026-09-30
2023-08-10,밸류에이션,지수 종가,KOSDAQ,911.29,pt,금융위원회 지수시세정보(공공데이터포털),2026-09-30
2023-08-09,밸류에이션,지수 종가,KOSDAQ,908.98,pt,금융위원회 지수시세정보(공공데이터포털),2026-09-30
2023-08-08,밸류에이션,지수 종가,KOSDAQ,892.34,pt,금융위원회 지수시세정보(공공데이터포털),2026-09-30
2023-08-07,밸류에이션,지수 종가,KOSDAQ,898.22,pt,금융위원회 지수시세정보(공공데이터포털),2026-09-30
2023-08-04,밸류에이션,지수 종가,KOSDAQ,918.43,pt,금융위원회 지수시세정보(공공데이터포털),2026-09-30
2023-08-03,밸류에이션,지수 종가,KOSDAQ,920.32,pt,금융위원회 지수시세정보(공공데이터포털),2026-09-30
2023-08-02,밸류에이션,지수 종가,KOSDAQ,909.76,pt,금융위원회 지수시세정보(공공데이터포털),2026-09-30
2023-08-01,밸류에이션,지수 종가,KOSDAQ,939.67,pt,금융위원회 지수시세정보(공공데이터포털),2026-09-30
2023-07-31,밸류에이션,지수 종가,KOSDAQ,935.97,pt,금융위원회 지수시세정보(공공데이터포털),2026-09-30
2023-07-28,밸류에이션,지수 종가,KOSDAQ,913.74,pt,금융위원회 지수시세정보(공공데이터포털),2026-09-30
2023-07-27,밸류에이션,지수 종가,KOSDAQ,883.79,pt,금융위원회 지수시세정보(공공데이터포털),2026-09-30
2023-07-26,밸류에이션,지수 종가,KOSDAQ,900.63,pt,금융위원회 지수시세정보(공공데이터포털),2026-09-30
2023-07-25,밸류에이션,지수 종가,KOSDAQ,939.96,pt,금융위원회 지수시세정보(공공데이터포털),2026-09-30
2023-07-24,밸류에이션,지수 종가,KOSDAQ,929.9,pt,금융위원회 지수시세정보(공공데이터포털),2026-09-30
2023-07-21,밸류에이션,지수 종가,KOSDAQ,934.58,pt,금융위원회 지수시세정보(공공데이터포털),2026-09-30
2023-07-20,밸류에이션,지수 종가,KOSDAQ,931.6,pt,금융위원회 지수시세정보(공공데이터포털),2026-09-30
2023-07-19,밸류에이션,지수 종가,KOSDAQ,923.72,pt,금융위원회 지수시세정보(공공데이터포털),2026-09-30
2023-07-18,밸류에이션,지수 종가,KOSDAQ,914.14,pt,금융위원회 지수시세정보(공공데이터포털),2026-09-30
2023-07-17,밸류에이션,지수 종가,KOSDAQ,898.29,pt,금융위원회 지수시세정보(공공데이터포털),2026-09-30
2023-07-14,밸류에이션,지수 종가,KOSDAQ,896.28,pt,금융위원회 지수시세정보(공공데이터포털),2026-09-30
2023-07-13,밸류에이션,지수 종가,KOSDAQ,893.07,pt,금융위원회 지수시세정보(공공데이터포털),2026-09-30
2023-07-12,밸류에이션,지수 종가,KOSDAQ,879.88,pt,금융위원회 지수시세정보(공공데이터포털),2026-09-30
2023-07-11,밸류에이션,지수 종가,KOSDAQ,878.73,pt,금융위원회 지수시세정보(공공데이터포털),2026-09-30
2023-07-10,밸류에이션,지수 종가,KOSDAQ,860.35,pt,금융위원회 지수시세정보(공공데이터포털),2026-09-30
2023-07-07,밸류에이션,지수 종가,KOSDAQ,867.27,pt,금융위원회 지수시세정보(공공데이터포털),2026-09-30
2023-07-06,밸류에이션,지수 종가,KOSDAQ,870.53,pt,금융위원회 지수시세정보(공공데이터포털),2026-09-30
2023-07-05,밸류에이션,지수 종가,KOSDAQ,891.18,pt,금융위원회 지수시세정보(공공데이터포털),2026-09-30
2023-07-04,밸류에이션,지수 종가,KOSDAQ,890,pt,금융위원회 지수시세정보(공공데이터포털),2026-09-30
2023-07-03,밸류에이션,지수 종가,KOSDAQ,889.29,pt,금융위원회 지수시세정보(공공데이터포털),2026-09-30
2023-06-30,밸류에이션,지수 종가,KOSDAQ,868.24,pt,금융위원회 지수시세정보(공공데이터포털),2026-09-30
2023-06-29,밸류에이션,지수 종가,KOSDAQ,861.79,pt,금융위원회 지수시세정보(공공데이터포털),2026-09-30
2023-06-28,밸류에이션,지수 종가,KOSDAQ,866.97,pt,금융위원회 지수시세정보(공공데이터포털),2026-09-30
2023-06-27,밸류에이션,지수 종가,KOSDAQ,874.14,pt,금융위원회 지수시세정보(공공데이터포털),2026-09-30
2023-06-26,밸류에이션,지수 종가,KOSDAQ,879.5,pt,금융위원회 지수시세정보(공공데이터포털),2026-09-30
2023-06-23,밸류에이션,지수 종가,KOSDAQ,874.84,pt,금융위원회 지수시세정보(공공데이터포털),2026-09-30
2023-06-22,밸류에이션,지수 종가,KOSDAQ,876.38,pt,금융위원회 지수시세정보(공공데이터포털),2026-09-30
2023-06-21,밸류에이션,지수 종가,KOSDAQ,875.7,pt,금융위원회 지수시세정보(공공데이터포털),2026-09-30
2023-06-20,밸류에이션,지수 종가,KOSDAQ,886.41,pt,금융위원회 지수시세정보(공공데이터포털),2026-09-30
2023-06-19,밸류에이션,지수 종가,KOSDAQ,888.61,pt,금융위원회 지수시세정보(공공데이터포털),2026-09-30
2023-06-16,밸류에이션,지수 종가,KOSDAQ,887.95,pt,금융위원회 지수시세정보(공공데이터포털),2026-09-30
2023-06-15,밸류에이션,지수 종가,KOSDAQ,878.04,pt,금융위원회 지수시세정보(공공데이터포털),2026-09-30
2023-06-14,밸류에이션,지수 종가,KOSDAQ,871.83,pt,금융위원회 지수시세정보(공공데이터포털),2026-09-30
2023-06-13,밸류에이션,지수 종가,KOSDAQ,896.81,pt,금융위원회 지수시세정보(공공데이터포털),2026-09-30
2023-06-12,밸류에이션,지수 종가,KOSDAQ,885.76,pt,금융위원회 지수시세정보(공공데이터포털),2026-09-30
2023-06-09,밸류에이션,지수 종가,KOSDAQ,883.71,pt,금융위원회 지수시세정보(공공데이터포털),2026-09-30
2023-06-08,밸류에이션,지수 종가,KOSDAQ,876.13,pt,금융위원회 지수시세정보(공공데이터포털),2026-09-30
2023-06-07,밸류에이션,지수 종가,KOSDAQ,880.72,pt,금융위원회 지수시세정보(공공데이터포털),2026-09-30
2023-06-05,밸류에이션,지수 종가,KOSDAQ,870.28,pt,금융위원회 지수시세정보(공공데이터포털),2026-09-30
2023-06-02,밸류에이션,지수 종가,KOSDAQ,868.06,pt,금융위원회 지수시세정보(공공데이터포털),2026-09-30
2023-06-01,밸류에이션,지수 종가,KOSDAQ,863.78,pt,금융위원회 지수시세정보(공공데이터포털),2026-09-30
2023-05-31,밸류에이션,지수 종가,KOSDAQ,856.94,pt,금융위원회 지수시세정보(공공데이터포털),2026-09-30
2023-05-30,밸류에이션,지수 종가,KOSDAQ,851.5,pt,금융위원회 지수시세정보(공공데이터포털),2026-09-30
2023-05-26,밸류에이션,지수 종가,KOSDAQ,843.23,pt,금융위원회 지수시세정보(공공데이터포털),2026-09-30
2023-05-25,밸류에이션,지수 종가,KOSDAQ,847.72,pt,금융위원회 지수시세정보(공공데이터포털),2026-09-30
2023-05-24,밸류에이션,지수 종가,KOSDAQ,855.46,pt,금융위원회 지수시세정보(공공데이터포털),2026-09-30
2023-05-23,밸류에이션,지수 종가,KOSDAQ,859.16,pt,금융위원회 지수시세정보(공공데이터포털),2026-09-30
2023-05-22,밸류에이션,지수 종가,KOSDAQ,852.04,pt,금융위원회 지수시세정보(공공데이터포털),2026-09-30
2023-05-19,밸류에이션,지수 종가,KOSDAQ,841.72,pt,금융위원회 지수시세정보(공공데이터포털),2026-09-30
2023-05-18,밸류에이션,지수 종가,KOSDAQ,835.89,pt,금융위원회 지수시세정보(공공데이터포털),2026-09-30
2023-05-17,밸류에이션,지수 종가,KOSDAQ,834.19,pt,금융위원회 지수시세정보(공공데이터포털),2026-09-30
2023-05-16,밸류에이션,지수 종가,KOSDAQ,816.75,pt,금융위원회 지수시세정보(공공데이터포털),2026-09-30
2023-05-15,밸류에이션,지수 종가,KOSDAQ,814.53,pt,금융위원회 지수시세정보(공공데이터포털),2026-09-30
2023-05-12,밸류에이션,지수 종가,KOSDAQ,822.43,pt,금융위원회 지수시세정보(공공데이터포털),2026-09-30
2023-05-11,밸류에이션,지수 종가,KOSDAQ,824.54,pt,금융위원회 지수시세정보(공공데이터포털),2026-09-30
2023-05-10,밸류에이션,지수 종가,KOSDAQ,829.74,pt,금융위원회 지수시세정보(공공데이터포털),2026-09-30
2023-05-09,밸류에이션,지수 종가,KOSDAQ,835.85,pt,금융위원회 지수시세정보(공공데이터포털),2026-09-30
2023-05-08,밸류에이션,지수 종가,KOSDAQ,842.28,pt,금융위원회 지수시세정보(공공데이터포털),2026-09-30
2023-05-04,밸류에이션,지수 종가,KOSDAQ,845.06,pt,금융위원회 지수시세정보(공공데이터포털),2026-09-30
2023-05-03,밸류에이션,지수 종가,KOSDAQ,843.18,pt,금융위원회 지수시세정보(공공데이터포털),2026-09-30
2023-05-02,밸류에이션,지수 종가,KOSDAQ,855.61,pt,금융위원회 지수시세정보(공공데이터포털),2026-09-30
2023-04-28,밸류에이션,지수 종가,KOSDAQ,842.83,pt,금융위원회 지수시세정보(공공데이터포털),2026-09-30
2023-04-27,밸류에이션,지수 종가,KOSDAQ,850.21,pt,금융위원회 지수시세정보(공공데이터포털),2026-09-30
2023-04-26,밸류에이션,지수 종가,KOSDAQ,830.44,pt,금융위원회 지수시세정보(공공데이터포털),2026-09-30
2023-04-25,밸류에이션,지수 종가,KOSDAQ,838.71,pt,금융위원회 지수시세정보(공공데이터포털),2026-09-30
2023-04-24,밸류에이션,지수 종가,KOSDAQ,855.23,pt,금융위원회 지수시세정보(공공데이터포털),2026-09-30
2023-04-21,밸류에이션,지수 종가,KOSDAQ,868.82,pt,금융위원회 지수시세정보(공공데이터포털),2026-09-30
2023-04-20,밸류에이션,지수 종가,KOSDAQ,885.71,pt,금융위원회 지수시세정보(공공데이터포털),2026-09-30
2023-04-19,밸류에이션,지수 종가,KOSDAQ,909.2,pt,금융위원회 지수시세정보(공공데이터포털),2026-09-30
2023-04-18,밸류에이션,지수 종가,KOSDAQ,909.02,pt,금융위원회 지수시세정보(공공데이터포털),2026-09-30
2023-04-17,밸류에이션,지수 종가,KOSDAQ,909.5,pt,금융위원회 지수시세정보(공공데이터포털),2026-09-30
2023-04-14,밸류에이션,지수 종가,KOSDAQ,903.84,pt,금융위원회 지수시세정보(공공데이터포털),2026-09-30
2023-04-13,밸류에이션,지수 종가,KOSDAQ,894.25,pt,금융위원회 지수시세정보(공공데이터포털),2026-09-30
2023-04-12,밸류에이션,지수 종가,KOSDAQ,890.62,pt,금융위원회 지수시세정보(공공데이터포털),2026-09-30
2023-04-11,밸류에이션,지수 종가,KOSDAQ,898.94,pt,금융위원회 지수시세정보(공공데이터포털),2026-09-30
2023-04-10,밸류에이션,지수 종가,KOSDAQ,887.78,pt,금융위원회 지수시세정보(공공데이터포털),2026-09-30
2023-04-07,밸류에이션,지수 종가,KOSDAQ,880.07,pt,금융위원회 지수시세정보(공공데이터포털),2026-09-30
2023-04-06,밸류에이션,지수 종가,KOSDAQ,865.58,pt,금융위원회 지수시세정보(공공데이터포털),2026-09-30
2023-04-05,밸류에이션,지수 종가,KOSDAQ,872.36,pt,금융위원회 지수시세정보(공공데이터포털),2026-09-30
2023-04-04,밸류에이션,지수 종가,KOSDAQ,857.18,pt,금융위원회 지수시세정보(공공데이터포털),2026-09-30
2023-04-03,밸류에이션,지수 종가,KOSDAQ,854.96,pt,금융위원회 지수시세정보(공공데이터포털),2026-09-30
2023-03-31,밸류에이션,지수 종가,KOSDAQ,847.52,pt,금융위원회 지수시세정보(공공데이터포털),2026-09-30
2023-03-30,밸류에이션,지수 종가,KOSDAQ,850.48,pt,금융위원회 지수시세정보(공공데이터포털),2026-09-30
2023-03-29,밸류에이션,지수 종가,KOSDAQ,843.94,pt,금융위원회 지수시세정보(공공데이터포털),2026-09-30
2023-03-28,밸류에이션,지수 종가,KOSDAQ,833.51,pt,금융위원회 지수시세정보(공공데이터포털),2026-09-30
2023-03-27,밸류에이션,지수 종가,KOSDAQ,827.69,pt,금융위원회 지수시세정보(공공데이터포털),2026-09-30
2023-03-24,밸류에이션,지수 종가,KOSDAQ,824.11,pt,금융위원회 지수시세정보(공공데이터포털),2026-09-30
2023-03-23,밸류에이션,지수 종가,KOSDAQ,812.19,pt,금융위원회 지수시세정보(공공데이터포털),2026-09-30
2023-03-22,밸류에이션,지수 종가,KOSDAQ,813.43,pt,금융위원회 지수시세정보(공공데이터포털),2026-09-30
2023-03-21,밸류에이션,지수 종가,KOSDAQ,802.53,pt,금융위원회 지수시세정보(공공데이터포털),2026-09-30
2023-03-20,밸류에이션,지수 종가,KOSDAQ,802.2,pt,금융위원회 지수시세정보(공공데이터포털),2026-09-30
2023-03-17,밸류에이션,지수 종가,KOSDAQ,797.39,pt,금융위원회 지수시세정보(공공데이터포털),2026-09-30
2023-03-16,밸류에이션,지수 종가,KOSDAQ,781.98,pt,금융위원회 지수시세정보(공공데이터포털),2026-09-30
2023-03-15,밸류에이션,지수 종가,KOSDAQ,781.17,pt,금융위원회 지수시세정보(공공데이터포털),2026-09-30
2023-03-14,밸류에이션,지수 종가,KOSDAQ,758.05,pt,금융위원회 지수시세정보(공공데이터포털),2026-09-30
2023-03-13,밸류에이션,지수 종가,KOSDAQ,788.89,pt,금융위원회 지수시세정보(공공데이터포털),2026-09-30
2023-03-10,밸류에이션,지수 종가,KOSDAQ,788.6,pt,금융위원회 지수시세정보(공공데이터포털),2026-09-30
2023-03-09,밸류에이션,지수 종가,KOSDAQ,809.22,pt,금융위원회 지수시세정보(공공데이터포털),2026-09-30
2023-03-08,밸류에이션,지수 종가,KOSDAQ,813.95,pt,금융위원회 지수시세정보(공공데이터포털),2026-09-30
2023-03-07,밸류에이션,지수 종가,KOSDAQ,815.76,pt,금융위원회 지수시세정보(공공데이터포털),2026-09-30
2023-03-06,밸류에이션,지수 종가,KOSDAQ,816.51,pt,금융위원회 지수시세정보(공공데이터포털),2026-09-30
2023-03-03,밸류에이션,지수 종가,KOSDAQ,802.42,pt,금융위원회 지수시세정보(공공데이터포털),2026-09-30
2023-03-02,밸류에이션,지수 종가,KOSDAQ,787.19,pt,금융위원회 지수시세정보(공공데이터포털),2026-09-30
2023-02-28,밸류에이션,지수 종가,KOSDAQ,791.6,pt,금융위원회 지수시세정보(공공데이터포털),2026-09-30
2023-02-27,밸류에이션,지수 종가,KOSDAQ,780.3,pt,금융위원회 지수시세정보(공공데이터포털),2026-09-30
2023-02-24,밸류에이션,지수 종가,KOSDAQ,778.88,pt,금융위원회 지수시세정보(공공데이터포털),2026-09-30
2023-02-23,밸류에이션,지수 종가,KOSDAQ,783.28,pt,금융위원회 지수시세정보(공공데이터포털),2026-09-30
2023-02-22,밸류에이션,지수 종가,KOSDAQ,778.51,pt,금융위원회 지수시세정보(공공데이터포털),2026-09-30
2023-02-21,밸류에이션,지수 종가,KOSDAQ,793.42,pt,금융위원회 지수시세정보(공공데이터포털),2026-09-30
2023-02-20,밸류에이션,지수 종가,KOSDAQ,788.89,pt,금융위원회 지수시세정보(공공데이터포털),2026-09-30
2023-02-17,밸류에이션,지수 종가,KOSDAQ,775.62,pt,금융위원회 지수시세정보(공공데이터포털),2026-09-30
2023-02-16,밸류에이션,지수 종가,KOSDAQ,784.71,pt,금융위원회 지수시세정보(공공데이터포털),2026-09-30
2023-02-15,밸류에이션,지수 종가,KOSDAQ,765.46,pt,금융위원회 지수시세정보(공공데이터포털),2026-09-30
2023-02-14,밸류에이션,지수 종가,KOSDAQ,779.58,pt,금융위원회 지수시세정보(공공데이터포털),2026-09-30
2023-02-13,밸류에이션,지수 종가,KOSDAQ,772.55,pt,금융위원회 지수시세정보(공공데이터포털),2026-09-30
2023-02-10,밸류에이션,지수 종가,KOSDAQ,772.44,pt,금융위원회 지수시세정보(공공데이터포털),2026-09-30
2023-02-09,밸류에이션,지수 종가,KOSDAQ,784.58,pt,금융위원회 지수시세정보(공공데이터포털),2026-09-30
2023-02-08,밸류에이션,지수 종가,KOSDAQ,779.98,pt,금융위원회 지수시세정보(공공데이터포털),2026-09-30
2023-02-07,밸류에이션,지수 종가,KOSDAQ,772.79,pt,금융위원회 지수시세정보(공공데이터포털),2026-09-30
2023-02-06,밸류에이션,지수 종가,KOSDAQ,761.33,pt,금융위원회 지수시세정보(공공데이터포털),2026-09-30
2023-02-03,밸류에이션,지수 종가,KOSDAQ,766.79,pt,금융위원회 지수시세정보(공공데이터포털),2026-09-30
2023-02-02,밸류에이션,지수 종가,KOSDAQ,764.62,pt,금융위원회 지수시세정보(공공데이터포털),2026-09-30
2023-02-01,밸류에이션,지수 종가,KOSDAQ,750.96,pt,금융위원회 지수시세정보(공공데이터포털),2026-09-30
2023-01-31,밸류에이션,지수 종가,KOSDAQ,740.49,pt,금융위원회 지수시세정보(공공데이터포털),2026-09-30
2023-01-30,밸류에이션,지수 종가,KOSDAQ,738.62,pt,금융위원회 지수시세정보(공공데이터포털),2026-09-30
2023-01-27,밸류에이션,지수 종가,KOSDAQ,741.25,pt,금융위원회 지수시세정보(공공데이터포털),2026-09-30
2023-01-26,밸류에이션,지수 종가,KOSDAQ,738.94,pt,금융위원회 지수시세정보(공공데이터포털),2026-09-30
2023-01-25,밸류에이션,지수 종가,KOSDAQ,732.35,pt,금융위원회 지수시세정보(공공데이터포털),2026-09-30
2023-01-20,밸류에이션,지수 종가,KOSDAQ,717.97,pt,금융위원회 지수시세정보(공공데이터포털),2026-09-30
2023-01-19,밸류에이션,지수 종가,KOSDAQ,712.89,pt,금융위원회 지수시세정보(공공데이터포털),2026-09-30
2023-01-18,밸류에이션,지수 종가,KOSDAQ,711.75,pt,금융위원회 지수시세정보(공공데이터포털),2026-09-30
2023-01-17,밸류에이션,지수 종가,KOSDAQ,709.71,pt,금융위원회 지수시세정보(공공데이터포털),2026-09-30
2023-01-16,밸류에이션,지수 종가,KOSDAQ,716.89,pt,금융위원회 지수시세정보(공공데이터포털),2026-09-30
2023-01-13,밸류에이션,지수 종가,KOSDAQ,711.82,pt,금융위원회 지수시세정보(공공데이터포털),2026-09-30
2023-01-12,밸류에이션,지수 종가,KOSDAQ,710.82,pt,금융위원회 지수시세정보(공공데이터포털),2026-09-30
2023-01-11,밸류에이션,지수 종가,KOSDAQ,709.77,pt,금융위원회 지수시세정보(공공데이터포털),2026-09-30
2023-01-10,밸류에이션,지수 종가,KOSDAQ,696.05,pt,금융위원회 지수시세정보(공공데이터포털),2026-09-30
2023-01-09,밸류에이션,지수 종가,KOSDAQ,701.21,pt,금융위원회 지수시세정보(공공데이터포털),2026-09-30
2023-01-06,밸류에이션,지수 종가,KOSDAQ,688.94,pt,금융위원회 지수시세정보(공공데이터포털),2026-09-30
2023-01-05,밸류에이션,지수 종가,KOSDAQ,679.92,pt,금융위원회 지수시세정보(공공데이터포털),2026-09-30
2023-01-04,밸류에이션,지수 종가,KOSDAQ,683.67,pt,금융위원회 지수시세정보(공공데이터포털),2026-09-30
2023-01-03,밸류에이션,지수 종가,KOSDAQ,674.95,pt,금융위원회 지수시세정보(공공데이터포털),2026-09-30
2023-01-02,밸류에이션,지수 종가,KOSDAQ,671.51,pt,금융위원회 지수시세정보(공공데이터포털),2026-09-30
2022-12-29,밸류에이션,지수 종가,KOSDAQ,679.29,pt,금융위원회 지수시세정보(공공데이터포털),2026-09-30
2022-12-28,밸류에이션,지수 종가,KOSDAQ,692.37,pt,금융위원회 지수시세정보(공공데이터포털),2026-09-30
2022-12-27,밸류에이션,지수 종가,KOSDAQ,704.19,pt,금융위원회 지수시세정보(공공데이터포털),2026-09-30
2022-12-26,밸류에이션,지수 종가,KOSDAQ,694.68,pt,금융위원회 지수시세정보(공공데이터포털),2026-09-30
2022-12-23,밸류에이션,지수 종가,KOSDAQ,691.25,pt,금융위원회 지수시세정보(공공데이터포털),2026-09-30
2022-12-22,밸류에이션,지수 종가,KOSDAQ,715.02,pt,금융위원회 지수시세정보(공공데이터포털),2026-09-30
2022-12-21,밸류에이션,지수 종가,KOSDAQ,705.7,pt,금융위원회 지수시세정보(공공데이터포털),2026-09-30
2022-12-20,밸류에이션,지수 종가,KOSDAQ,703.13,pt,금융위원회 지수시세정보(공공데이터포털),2026-09-30
2022-12-19,밸류에이션,지수 종가,KOSDAQ,717.22,pt,금융위원회 지수시세정보(공공데이터포털),2026-09-30
2022-12-16,밸류에이션,지수 종가,KOSDAQ,717.41,pt,금융위원회 지수시세정보(공공데이터포털),2026-09-30
2022-12-15,밸류에이션,지수 종가,KOSDAQ,722.68,pt,금융위원회 지수시세정보(공공데이터포털),2026-09-30
2022-12-14,밸류에이션,지수 종가,KOSDAQ,729,pt,금융위원회 지수시세정보(공공데이터포털),2026-09-30
2022-12-13,밸류에이션,지수 종가,KOSDAQ,715.16,pt,금융위원회 지수시세정보(공공데이터포털),2026-09-30
2022-12-12,밸류에이션,지수 종가,KOSDAQ,715.22,pt,금융위원회 지수시세정보(공공데이터포털),2026-09-30
2022-12-09,밸류에이션,지수 종가,KOSDAQ,719.49,pt,금융위원회 지수시세정보(공공데이터포털),2026-09-30
2022-12-08,밸류에이션,지수 종가,KOSDAQ,712.52,pt,금융위원회 지수시세정보(공공데이터포털),2026-09-30
2022-12-07,밸류에이션,지수 종가,KOSDAQ,718.14,pt,금융위원회 지수시세정보(공공데이터포털),2026-09-30
2022-12-06,밸류에이션,지수 종가,KOSDAQ,719.44,pt,금융위원회 지수시세정보(공공데이터포털),2026-09-30
2022-12-05,밸류에이션,지수 종가,KOSDAQ,733.32,pt,금융위원회 지수시세정보(공공데이터포털),2026-09-30
2022-12-02,밸류에이션,지수 종가,KOSDAQ,732.95,pt,금융위원회 지수시세정보(공공데이터포털),2026-09-30
2022-12-01,밸류에이션,지수 종가,KOSDAQ,740.6,pt,금융위원회 지수시세정보(공공데이터포털),2026-09-30
2022-11-30,밸류에이션,지수 종가,KOSDAQ,729.54,pt,금융위원회 지수시세정보(공공데이터포털),2026-09-30
2022-11-29,밸류에이션,지수 종가,KOSDAQ,727.54,pt,금융위원회 지수시세정보(공공데이터포털),2026-09-30
2022-11-28,밸류에이션,지수 종가,KOSDAQ,717.9,pt,금융위원회 지수시세정보(공공데이터포털),2026-09-30
2022-11-25,밸류에이션,지수 종가,KOSDAQ,733.56,pt,금융위원회 지수시세정보(공공데이터포털),2026-09-30
2022-11-24,밸류에이션,지수 종가,KOSDAQ,738.22,pt,금융위원회 지수시세정보(공공데이터포털),2026-09-30
2022-11-23,밸류에이션,지수 종가,KOSDAQ,725.59,pt,금융위원회 지수시세정보(공공데이터포털),2026-09-30
2022-11-22,밸류에이션,지수 종가,KOSDAQ,712.26,pt,금융위원회 지수시세정보(공공데이터포털),2026-09-30
2022-11-21,밸류에이션,지수 종가,KOSDAQ,718.57,pt,금융위원회 지수시세정보(공공데이터포털),2026-09-30
2022-11-18,밸류에이션,지수 종가,KOSDAQ,731.92,pt,금융위원회 지수시세정보(공공데이터포털),2026-09-30
2022-11-17,밸류에이션,지수 종가,KOSDAQ,737.54,pt,금융위원회 지수시세정보(공공데이터포털),2026-09-30
2022-11-16,밸류에이션,지수 종가,KOSDAQ,743.1,pt,금융위원회 지수시세정보(공공데이터포털),2026-09-30
2022-11-15,밸류에이션,지수 종가,KOSDAQ,744.96,pt,금융위원회 지수시세정보(공공데이터포털),2026-09-30
2022-11-14,밸류에이션,지수 종가,KOSDAQ,729.54,pt,금융위원회 지수시세정보(공공데이터포털),2026-09-30
2022-11-11,밸류에이션,지수 종가,KOSDAQ,731.22,pt,금융위원회 지수시세정보(공공데이터포털),2026-09-30
2022-11-10,밸류에이션,지수 종가,KOSDAQ,707.78,pt,금융위원회 지수시세정보(공공데이터포털),2026-09-30
2022-11-09,밸류에이션,지수 종가,KOSDAQ,714.6,pt,금융위원회 지수시세정보(공공데이터포털),2026-09-30
2022-11-08,밸류에이션,지수 종가,KOSDAQ,713.33,pt,금융위원회 지수시세정보(공공데이터포털),2026-09-30
2022-11-07,밸류에이션,지수 종가,KOSDAQ,700.48,pt,금융위원회 지수시세정보(공공데이터포털),2026-09-30
2022-11-04,밸류에이션,지수 종가,KOSDAQ,693.89,pt,금융위원회 지수시세정보(공공데이터포털),2026-09-30
2022-11-03,밸류에이션,지수 종가,KOSDAQ,694.13,pt,금융위원회 지수시세정보(공공데이터포털),2026-09-30
2022-11-02,밸류에이션,지수 종가,KOSDAQ,697.37,pt,금융위원회 지수시세정보(공공데이터포털),2026-09-30
2022-11-01,밸류에이션,지수 종가,KOSDAQ,700.05,pt,금융위원회 지수시세정보(공공데이터포털),2026-09-30
2022-10-31,밸류에이션,지수 종가,KOSDAQ,695.33,pt,금융위원회 지수시세정보(공공데이터포털),2026-09-30
2022-10-28,밸류에이션,지수 종가,KOSDAQ,687.63,pt,금융위원회 지수시세정보(공공데이터포털),2026-09-30
2022-10-27,밸류에이션,지수 종가,KOSDAQ,695.09,pt,금융위원회 지수시세정보(공공데이터포털),2026-09-30
2022-10-26,밸류에이션,지수 종가,KOSDAQ,683.17,pt,금융위원회 지수시세정보(공공데이터포털),2026-09-30
2022-10-25,밸류에이션,지수 종가,KOSDAQ,688.85,pt,금융위원회 지수시세정보(공공데이터포털),2026-09-30
2022-10-24,밸류에이션,지수 종가,KOSDAQ,688.5,pt,금융위원회 지수시세정보(공공데이터포털),2026-09-30
2022-10-21,밸류에이션,지수 종가,KOSDAQ,674.48,pt,금융위원회 지수시세정보(공공데이터포털),2026-09-30
2022-10-20,밸류에이션,지수 종가,KOSDAQ,680.44,pt,금융위원회 지수시세정보(공공데이터포털),2026-09-30
2022-10-19,밸류에이션,지수 종가,KOSDAQ,690.56,pt,금융위원회 지수시세정보(공공데이터포털),2026-09-30
2022-10-18,밸류에이션,지수 종가,KOSDAQ,697.09,pt,금융위원회 지수시세정보(공공데이터포털),2026-09-30
2022-10-17,밸류에이션,지수 종가,KOSDAQ,682,pt,금융위원회 지수시세정보(공공데이터포털),2026-09-30
2022-10-14,밸류에이션,지수 종가,KOSDAQ,678.24,pt,금융위원회 지수시세정보(공공데이터포털),2026-09-30
2022-10-13,밸류에이션,지수 종가,KOSDAQ,651.59,pt,금융위원회 지수시세정보(공공데이터포털),2026-09-30
2022-10-12,밸류에이션,지수 종가,KOSDAQ,671.67,pt,금융위원회 지수시세정보(공공데이터포털),2026-09-30
2022-10-11,밸류에이션,지수 종가,KOSDAQ,669.5,pt,금융위원회 지수시세정보(공공데이터포털),2026-09-30
2022-10-07,밸류에이션,지수 종가,KOSDAQ,698.49,pt,금융위원회 지수시세정보(공공데이터포털),2026-09-30
2022-10-06,밸류에이션,지수 종가,KOSDAQ,706.01,pt,금융위원회 지수시세정보(공공데이터포털),2026-09-30
2022-10-05,밸류에이션,지수 종가,KOSDAQ,685.34,pt,금융위원회 지수시세정보(공공데이터포털),2026-09-30
2022-10-04,밸류에이션,지수 종가,KOSDAQ,696.79,pt,금융위원회 지수시세정보(공공데이터포털),2026-09-30
2022-09-30,밸류에이션,지수 종가,KOSDAQ,672.65,pt,금융위원회 지수시세정보(공공데이터포털),2026-09-30
2022-09-29,밸류에이션,지수 종가,KOSDAQ,675.07,pt,금융위원회 지수시세정보(공공데이터포털),2026-09-30
2022-09-28,밸류에이션,지수 종가,KOSDAQ,673.87,pt,금융위원회 지수시세정보(공공데이터포털),2026-09-30
2022-09-27,밸류에이션,지수 종가,KOSDAQ,698.11,pt,금융위원회 지수시세정보(공공데이터포털),2026-09-30
2022-09-26,밸류에이션,지수 종가,KOSDAQ,692.37,pt,금융위원회 지수시세정보(공공데이터포털),2026-09-30
2022-09-23,밸류에이션,지수 종가,KOSDAQ,729.36,pt,금융위원회 지수시세정보(공공데이터포털),2026-09-30
2022-09-22,밸류에이션,지수 종가,KOSDAQ,751.41,pt,금융위원회 지수시세정보(공공데이터포털),2026-09-30
2022-09-21,밸류에이션,지수 종가,KOSDAQ,754.89,pt,금융위원회 지수시세정보(공공데이터포털),2026-09-30
2022-09-20,밸류에이션,지수 종가,KOSDAQ,760.35,pt,금융위원회 지수시세정보(공공데이터포털),2026-09-30
2022-09-19,밸류에이션,지수 종가,KOSDAQ,751.91,pt,금융위원회 지수시세정보(공공데이터포털),2026-09-30
2022-09-16,밸류에이션,지수 종가,KOSDAQ,770.04,pt,금융위원회 지수시세정보(공공데이터포털),2026-09-30
2022-09-15,밸류에이션,지수 종가,KOSDAQ,781.38,pt,금융위원회 지수시세정보(공공데이터포털),2026-09-30
2022-09-14,밸류에이션,지수 종가,KOSDAQ,782.93,pt,금융위원회 지수시세정보(공공데이터포털),2026-09-30
2022-09-13,밸류에이션,지수 종가,KOSDAQ,796.79,pt,금융위원회 지수시세정보(공공데이터포털),2026-09-30
2022-09-08,밸류에이션,지수 종가,KOSDAQ,777.81,pt,금융위원회 지수시세정보(공공데이터포털),2026-09-30
2022-09-07,밸류에이션,지수 종가,KOSDAQ,768.19,pt,금융위원회 지수시세정보(공공데이터포털),2026-09-30
2022-09-06,밸류에이션,지수 종가,KOSDAQ,779.46,pt,금융위원회 지수시세정보(공공데이터포털),2026-09-30
2022-09-05,밸류에이션,지수 종가,KOSDAQ,771.43,pt,금융위원회 지수시세정보(공공데이터포털),2026-09-30
2022-09-02,밸류에이션,지수 종가,KOSDAQ,785.88,pt,금융위원회 지수시세정보(공공데이터포털),2026-09-30
2022-09-01,밸류에이션,지수 종가,KOSDAQ,788.32,pt,금융위원회 지수시세정보(공공데이터포털),2026-09-30
2022-08-31,밸류에이션,지수 종가,KOSDAQ,807.04,pt,금융위원회 지수시세정보(공공데이터포털),2026-09-30
2022-08-30,밸류에이션,지수 종가,KOSDAQ,797.02,pt,금융위원회 지수시세정보(공공데이터포털),2026-09-30
2022-08-29,밸류에이션,지수 종가,KOSDAQ,779.89,pt,금융위원회 지수시세정보(공공데이터포털),2026-09-30
2022-08-26,밸류에이션,지수 종가,KOSDAQ,802.45,pt,금융위원회 지수시세정보(공공데이터포털),2026-09-30
2022-08-25,밸류에이션,지수 종가,KOSDAQ,807.37,pt,금융위원회 지수시세정보(공공데이터포털),2026-09-30
2022-08-24,밸류에이션,지수 종가,KOSDAQ,793.14,pt,금융위원회 지수시세정보(공공데이터포털),2026-09-30
2022-08-23,밸류에이션,지수 종가,KOSDAQ,783.42,pt,금융위원회 지수시세정보(공공데이터포털),2026-09-30
2022-08-22,밸류에이션,지수 종가,KOSDAQ,795.87,pt,금융위원회 지수시세정보(공공데이터포털),2026-09-30
2022-08-19,밸류에이션,지수 종가,KOSDAQ,814.17,pt,금융위원회 지수시세정보(공공데이터포털),2026-09-30
2022-08-18,밸류에이션,지수 종가,KOSDAQ,826.06,pt,금융위원회 지수시세정보(공공데이터포털),2026-09-30
2022-08-17,밸류에이션,지수 종가,KOSDAQ,827.42,pt,금융위원회 지수시세정보(공공데이터포털),2026-09-30
2022-08-16,밸류에이션,지수 종가,KOSDAQ,834.74,pt,금융위원회 지수시세정보(공공데이터포털),2026-09-30
2022-08-12,밸류에이션,지수 종가,KOSDAQ,831.63,pt,금융위원회 지수시세정보(공공데이터포털),2026-09-30
2022-08-11,밸류에이션,지수 종가,KOSDAQ,832.15,pt,금융위원회 지수시세정보(공공데이터포털),2026-09-30
2022-08-10,밸류에이션,지수 종가,KOSDAQ,820.27,pt,금융위원회 지수시세정보(공공데이터포털),2026-09-30
2022-08-09,밸류에이션,지수 종가,KOSDAQ,833.65,pt,금융위원회 지수시세정보(공공데이터포털),2026-09-30
2022-08-08,밸류에이션,지수 종가,KOSDAQ,830.86,pt,금융위원회 지수시세정보(공공데이터포털),2026-09-30
2022-08-05,밸류에이션,지수 종가,KOSDAQ,831.64,pt,금융위원회 지수시세정보(공공데이터포털),2026-09-30
2022-08-04,밸류에이션,지수 종가,KOSDAQ,825.16,pt,금융위원회 지수시세정보(공공데이터포털),2026-09-30
2022-08-03,밸류에이션,지수 종가,KOSDAQ,815.36,pt,금융위원회 지수시세정보(공공데이터포털),2026-09-30
2022-08-02,밸류에이션,지수 종가,KOSDAQ,804.34,pt,금융위원회 지수시세정보(공공데이터포털),2026-09-30
2022-08-01,밸류에이션,지수 종가,KOSDAQ,807.61,pt,금융위원회 지수시세정보(공공데이터포털),2026-09-30
2022-07-29,밸류에이션,지수 종가,KOSDAQ,803.62,pt,금융위원회 지수시세정보(공공데이터포털),2026-09-30
2022-07-28,밸류에이션,지수 종가,KOSDAQ,798.32,pt,금융위원회 지수시세정보(공공데이터포털),2026-09-30
2022-07-27,밸류에이션,지수 종가,KOSDAQ,795.7,pt,금융위원회 지수시세정보(공공데이터포털),2026-09-30
2022-07-26,밸류에이션,지수 종가,KOSDAQ,789.93,pt,금융위원회 지수시세정보(공공데이터포털),2026-09-30
2022-07-25,밸류에이션,지수 종가,KOSDAQ,789.69,pt,금융위원회 지수시세정보(공공데이터포털),2026-09-30
2022-07-22,밸류에이션,지수 종가,KOSDAQ,789.75,pt,금융위원회 지수시세정보(공공데이터포털),2026-09-30
2022-07-21,밸류에이션,지수 종가,KOSDAQ,795.15,pt,금융위원회 지수시세정보(공공데이터포털),2026-09-30
2022-07-20,밸류에이션,지수 종가,KOSDAQ,790.72,pt,금융위원회 지수시세정보(공공데이터포털),2026-09-30
2022-07-19,밸류에이션,지수 종가,KOSDAQ,782.33,pt,금융위원회 지수시세정보(공공데이터포털),2026-09-30
2022-07-18,밸류에이션,지수 종가,KOSDAQ,776.72,pt,금융위원회 지수시세정보(공공데이터포털),2026-09-30
2022-07-15,밸류에이션,지수 종가,KOSDAQ,762.39,pt,금융위원회 지수시세정보(공공데이터포털),2026-09-30
2022-07-14,밸류에이션,지수 종가,KOSDAQ,766.08,pt,금융위원회 지수시세정보(공공데이터포털),2026-09-30
2022-07-13,밸류에이션,지수 종가,KOSDAQ,763.18,pt,금융위원회 지수시세정보(공공데이터포털),2026-09-30
2022-07-12,밸류에이션,지수 종가,KOSDAQ,750.78,pt,금융위원회 지수시세정보(공공데이터포털),2026-09-30
2022-07-11,밸류에이션,지수 종가,KOSDAQ,767.04,pt,금융위원회 지수시세정보(공공데이터포털),2026-09-30
2022-07-08,밸류에이션,지수 종가,KOSDAQ,766.48,pt,금융위원회 지수시세정보(공공데이터포털),2026-09-30
2022-07-07,밸류에이션,지수 종가,KOSDAQ,757.97,pt,금융위원회 지수시세정보(공공데이터포털),2026-09-30
2022-07-06,밸류에이션,지수 종가,KOSDAQ,744.63,pt,금융위원회 지수시세정보(공공데이터포털),2026-09-30
2022-07-05,밸류에이션,지수 종가,KOSDAQ,750.95,pt,금융위원회 지수시세정보(공공데이터포털),2026-09-30
2022-07-04,밸류에이션,지수 종가,KOSDAQ,722.73,pt,금융위원회 지수시세정보(공공데이터포털),2026-09-30
2022-07-01,밸류에이션,지수 종가,KOSDAQ,729.48,pt,금융위원회 지수시세정보(공공데이터포털),2026-09-30
2022-06-30,밸류에이션,지수 종가,KOSDAQ,745.44,pt,금융위원회 지수시세정보(공공데이터포털),2026-09-30
2022-06-29,밸류에이션,지수 종가,KOSDAQ,762.35,pt,금융위원회 지수시세정보(공공데이터포털),2026-09-30
2022-06-28,밸류에이션,지수 종가,KOSDAQ,769.51,pt,금융위원회 지수시세정보(공공데이터포털),2026-09-30
2022-06-27,밸류에이션,지수 종가,KOSDAQ,770.6,pt,금융위원회 지수시세정보(공공데이터포털),2026-09-30
2022-06-24,밸류에이션,지수 종가,KOSDAQ,750.3,pt,금융위원회 지수시세정보(공공데이터포털),2026-09-30
2022-06-23,밸류에이션,지수 종가,KOSDAQ,714.38,pt,금융위원회 지수시세정보(공공데이터포털),2026-09-30
2022-06-22,밸류에이션,지수 종가,KOSDAQ,746.96,pt,금융위원회 지수시세정보(공공데이터포털),2026-09-30
2022-06-21,밸류에이션,지수 종가,KOSDAQ,778.3,pt,금융위원회 지수시세정보(공공데이터포털),2026-09-30
2022-06-20,밸류에이션,지수 종가,KOSDAQ,769.92,pt,금융위원회 지수시세정보(공공데이터포털),2026-09-30
2022-06-17,밸류에이션,지수 종가,KOSDAQ,798.69,pt,금융위원회 지수시세정보(공공데이터포털),2026-09-30
2022-06-16,밸류에이션,지수 종가,KOSDAQ,802.15,pt,금융위원회 지수시세정보(공공데이터포털),2026-09-30
2022-06-15,밸류에이션,지수 종가,KOSDAQ,799.41,pt,금융위원회 지수시세정보(공공데이터포털),2026-09-30
2022-06-14,밸류에이션,지수 종가,KOSDAQ,823.58,pt,금융위원회 지수시세정보(공공데이터포털),2026-09-30
2022-06-13,밸류에이션,지수 종가,KOSDAQ,828.77,pt,금융위원회 지수시세정보(공공데이터포털),2026-09-30
2022-06-10,밸류에이션,지수 종가,KOSDAQ,869.86,pt,금융위원회 지수시세정보(공공데이터포털),2026-09-30
2022-06-09,밸류에이션,지수 종가,KOSDAQ,877.18,pt,금융위원회 지수시세정보(공공데이터포털),2026-09-30
2022-06-08,밸류에이션,지수 종가,KOSDAQ,874.95,pt,금융위원회 지수시세정보(공공데이터포털),2026-09-30
2022-06-07,밸류에이션,지수 종가,KOSDAQ,873.78,pt,금융위원회 지수시세정보(공공데이터포털),2026-09-30
2022-06-03,밸류에이션,지수 종가,KOSDAQ,891.51,pt,금융위원회 지수시세정보(공공데이터포털),2026-09-30
2022-06-02,밸류에이션,지수 종가,KOSDAQ,891.14,pt,금융위원회 지수시세정보(공공데이터포털),2026-09-30
2022-05-31,밸류에이션,지수 종가,KOSDAQ,893.36,pt,금융위원회 지수시세정보(공공데이터포털),2026-09-30
2022-05-30,밸류에이션,지수 종가,KOSDAQ,886.44,pt,금융위원회 지수시세정보(공공데이터포털),2026-09-30
2022-05-27,밸류에이션,지수 종가,KOSDAQ,873.97,pt,금융위원회 지수시세정보(공공데이터포털),2026-09-30
2022-05-26,밸류에이션,지수 종가,KOSDAQ,871.43,pt,금융위원회 지수시세정보(공공데이터포털),2026-09-30
2022-05-25,밸류에이션,지수 종가,KOSDAQ,872.69,pt,금융위원회 지수시세정보(공공데이터포털),2026-09-30
2022-05-24,밸류에이션,지수 종가,KOSDAQ,865.07,pt,금융위원회 지수시세정보(공공데이터포털),2026-09-30
2022-05-23,밸류에이션,지수 종가,KOSDAQ,883.59,pt,금융위원회 지수시세정보(공공데이터포털),2026-09-30
2022-05-20,밸류에이션,지수 종가,KOSDAQ,879.88,pt,금융위원회 지수시세정보(공공데이터포털),2026-09-30
2022-05-19,밸류에이션,지수 종가,KOSDAQ,863.8,pt,금융위원회 지수시세정보(공공데이터포털),2026-09-30
2022-05-18,밸류에이션,지수 종가,KOSDAQ,871.57,pt,금융위원회 지수시세정보(공공데이터포털),2026-09-30
2022-05-17,밸류에이션,지수 종가,KOSDAQ,865.98,pt,금융위원회 지수시세정보(공공데이터포털),2026-09-30
2022-05-16,밸류에이션,지수 종가,KOSDAQ,856.25,pt,금융위원회 지수시세정보(공공데이터포털),2026-09-30
2022-05-13,밸류에이션,지수 종가,KOSDAQ,853.08,pt,금융위원회 지수시세정보(공공데이터포털),2026-09-30
2022-05-12,밸류에이션,지수 종가,KOSDAQ,833.66,pt,금융위원회 지수시세정보(공공데이터포털),2026-09-30
2022-05-11,밸류에이션,지수 종가,KOSDAQ,866.34,pt,금융위원회 지수시세정보(공공데이터포털),2026-09-30
2022-05-10,밸류에이션,지수 종가,KOSDAQ,856.14,pt,금융위원회 지수시세정보(공공데이터포털),2026-09-30
2022-05-09,밸류에이션,지수 종가,KOSDAQ,860.84,pt,금융위원회 지수시세정보(공공데이터포털),2026-09-30
2022-05-06,밸류에이션,지수 종가,KOSDAQ,884.22,pt,금융위원회 지수시세정보(공공데이터포털),2026-09-30
2022-05-04,밸류에이션,지수 종가,KOSDAQ,900.06,pt,금융위원회 지수시세정보(공공데이터포털),2026-09-30
2022-05-03,밸류에이션,지수 종가,KOSDAQ,907.57,pt,금융위원회 지수시세정보(공공데이터포털),2026-09-30
2022-05-02,밸류에이션,지수 종가,KOSDAQ,901.82,pt,금융위원회 지수시세정보(공공데이터포털),2026-09-30
2022-04-29,밸류에이션,지수 종가,KOSDAQ,904.75,pt,금융위원회 지수시세정보(공공데이터포털),2026-09-30
2022-04-28,밸류에이션,지수 종가,KOSDAQ,892.22,pt,금융위원회 지수시세정보(공공데이터포털),2026-09-30
2022-04-27,밸류에이션,지수 종가,KOSDAQ,896.18,pt,금융위원회 지수시세정보(공공데이터포털),2026-09-30
2022-04-26,밸류에이션,지수 종가,KOSDAQ,911.16,pt,금융위원회 지수시세정보(공공데이터포털),2026-09-30
2022-04-25,밸류에이션,지수 종가,KOSDAQ,899.84,pt,금융위원회 지수시세정보(공공데이터포털),2026-09-30
2022-04-22,밸류에이션,지수 종가,KOSDAQ,922.78,pt,금융위원회 지수시세정보(공공데이터포털),2026-09-30
2022-04-21,밸류에이션,지수 종가,KOSDAQ,929.68,pt,금융위원회 지수시세정보(공공데이터포털),2026-09-30
2022-04-20,밸류에이션,지수 종가,KOSDAQ,928.93,pt,금융위원회 지수시세정보(공공데이터포털),2026-09-30
2022-04-19,밸류에이션,지수 종가,KOSDAQ,931.56,pt,금융위원회 지수시세정보(공공데이터포털),2026-09-30
2022-04-18,밸류에이션,지수 종가,KOSDAQ,918.23,pt,금융위원회 지수시세정보(공공데이터포털),2026-09-30
2022-04-15,밸류에이션,지수 종가,KOSDAQ,924.44,pt,금융위원회 지수시세정보(공공데이터포털),2026-09-30
2022-04-14,밸류에이션,지수 종가,KOSDAQ,928.01,pt,금융위원회 지수시세정보(공공데이터포털),2026-09-30
2022-04-13,밸류에이션,지수 종가,KOSDAQ,927.31,pt,금융위원회 지수시세정보(공공데이터포털),2026-09-30
2022-04-12,밸류에이션,지수 종가,KOSDAQ,913.82,pt,금융위원회 지수시세정보(공공데이터포털),2026-09-30
2022-04-11,밸류에이션,지수 종가,KOSDAQ,921.83,pt,금융위원회 지수시세정보(공공데이터포털),2026-09-30
2022-04-08,밸류에이션,지수 종가,KOSDAQ,934.73,pt,금융위원회 지수시세정보(공공데이터포털),2026-09-30
2022-04-07,밸류에이션,지수 종가,KOSDAQ,927.95,pt,금융위원회 지수시세정보(공공데이터포털),2026-09-30
2022-04-06,밸류에이션,지수 종가,KOSDAQ,943.13,pt,금융위원회 지수시세정보(공공데이터포털),2026-09-30
2022-04-05,밸류에이션,지수 종가,KOSDAQ,952.47,pt,금융위원회 지수시세정보(공공데이터포털),2026-09-30
2022-04-04,밸류에이션,지수 종가,KOSDAQ,947.32,pt,금융위원회 지수시세정보(공공데이터포털),2026-09-30
2022-04-01,밸류에이션,지수 종가,KOSDAQ,940.57,pt,금융위원회 지수시세정보(공공데이터포털),2026-09-30
2022-03-31,밸류에이션,지수 종가,KOSDAQ,944.53,pt,금융위원회 지수시세정보(공공데이터포털),2026-09-30
2022-03-30,밸류에이션,지수 종가,KOSDAQ,939.07,pt,금융위원회 지수시세정보(공공데이터포털),2026-09-30
2022-03-29,밸류에이션,지수 종가,KOSDAQ,937.83,pt,금융위원회 지수시세정보(공공데이터포털),2026-09-30
2022-03-28,밸류에이션,지수 종가,KOSDAQ,927.11,pt,금융위원회 지수시세정보(공공데이터포털),2026-09-30
2022-03-25,밸류에이션,지수 종가,KOSDAQ,934.69,pt,금융위원회 지수시세정보(공공데이터포털),2026-09-30
2022-03-24,밸류에이션,지수 종가,KOSDAQ,931.75,pt,금융위원회 지수시세정보(공공데이터포털),2026-09-30
2022-03-23,밸류에이션,지수 종가,KOSDAQ,930.57,pt,금융위원회 지수시세정보(공공데이터포털),2026-09-30
2022-03-22,밸류에이션,지수 종가,KOSDAQ,924.67,pt,금융위원회 지수시세정보(공공데이터포털),2026-09-30
2022-03-21,밸류에이션,지수 종가,KOSDAQ,918.4,pt,금융위원회 지수시세정보(공공데이터포털),2026-09-30
2022-03-18,밸류에이션,지수 종가,KOSDAQ,922.96,pt,금융위원회 지수시세정보(공공데이터포털),2026-09-30
2022-03-17,밸류에이션,지수 종가,KOSDAQ,914.13,pt,금융위원회 지수시세정보(공공데이터포털),2026-09-30
2022-03-16,밸류에이션,지수 종가,KOSDAQ,891.8,pt,금융위원회 지수시세정보(공공데이터포털),2026-09-30
2022-03-15,밸류에이션,지수 종가,KOSDAQ,871.22,pt,금융위원회 지수시세정보(공공데이터포털),2026-09-30
2022-03-14,밸류에이션,지수 종가,KOSDAQ,872.44,pt,금융위원회 지수시세정보(공공데이터포털),2026-09-30
2022-03-11,밸류에이션,지수 종가,KOSDAQ,891.71,pt,금융위원회 지수시세정보(공공데이터포털),2026-09-30
2022-03-10,밸류에이션,지수 종가,KOSDAQ,889.08,pt,금융위원회 지수시세정보(공공데이터포털),2026-09-30
2022-03-08,밸류에이션,지수 종가,KOSDAQ,870.14,pt,금융위원회 지수시세정보(공공데이터포털),2026-09-30
2022-03-07,밸류에이션,지수 종가,KOSDAQ,881.54,pt,금융위원회 지수시세정보(공공데이터포털),2026-09-30
2022-03-04,밸류에이션,지수 종가,KOSDAQ,900.96,pt,금융위원회 지수시세정보(공공데이터포털),2026-09-30
2022-03-03,밸류에이션,지수 종가,KOSDAQ,912.32,pt,금융위원회 지수시세정보(공공데이터포털),2026-09-30
2022-03-02,밸류에이션,지수 종가,KOSDAQ,895.45,pt,금융위원회 지수시세정보(공공데이터포털),2026-09-30
2022-02-28,밸류에이션,지수 종가,KOSDAQ,881.07,pt,금융위원회 지수시세정보(공공데이터포털),2026-09-30
2022-02-25,밸류에이션,지수 종가,KOSDAQ,872.98,pt,금융위원회 지수시세정보(공공데이터포털),2026-09-30
2022-02-24,밸류에이션,지수 종가,KOSDAQ,848.21,pt,금융위원회 지수시세정보(공공데이터포털),2026-09-30
2022-02-23,밸류에이션,지수 종가,KOSDAQ,877.33,pt,금융위원회 지수시세정보(공공데이터포털),2026-09-30
2022-02-22,밸류에이션,지수 종가,KOSDAQ,868.11,pt,금융위원회 지수시세정보(공공데이터포털),2026-09-30
2022-02-21,밸류에이션,지수 종가,KOSDAQ,884.25,pt,금융위원회 지수시세정보(공공데이터포털),2026-09-30
2022-02-18,밸류에이션,지수 종가,KOSDAQ,881.71,pt,금융위원회 지수시세정보(공공데이터포털),2026-09-30
2022-02-17,밸류에이션,지수 종가,KOSDAQ,874.22,pt,금융위원회 지수시세정보(공공데이터포털),2026-09-30
2022-02-16,밸류에이션,지수 종가,KOSDAQ,878.15,pt,금융위원회 지수시세정보(공공데이터포털),2026-09-30
2022-02-15,밸류에이션,지수 종가,KOSDAQ,839.92,pt,금융위원회 지수시세정보(공공데이터포털),2026-09-30
2022-02-14,밸류에이션,지수 종가,KOSDAQ,852.79,pt,금융위원회 지수시세정보(공공데이터포털),2026-09-30
2022-02-11,밸류에이션,지수 종가,KOSDAQ,877.42,pt,금융위원회 지수시세정보(공공데이터포털),2026-09-30
2022-02-10,밸류에이션,지수 종가,KOSDAQ,895.68,pt,금융위원회 지수시세정보(공공데이터포털),2026-09-30
2022-02-09,밸류에이션,지수 종가,KOSDAQ,910.53,pt,금융위원회 지수시세정보(공공데이터포털),2026-09-30
2022-02-08,밸류에이션,지수 종가,KOSDAQ,895.27,pt,금융위원회 지수시세정보(공공데이터포털),2026-09-30
2022-02-07,밸류에이션,지수 종가,KOSDAQ,899.4,pt,금융위원회 지수시세정보(공공데이터포털),2026-09-30
2022-02-04,밸류에이션,지수 종가,KOSDAQ,902.87,pt,금융위원회 지수시세정보(공공데이터포털),2026-09-30
2022-02-03,밸류에이션,지수 종가,KOSDAQ,891.6,pt,금융위원회 지수시세정보(공공데이터포털),2026-09-30
2022-01-28,밸류에이션,지수 종가,KOSDAQ,872.87,pt,금융위원회 지수시세정보(공공데이터포털),2026-09-30
2022-01-27,밸류에이션,지수 종가,KOSDAQ,849.23,pt,금융위원회 지수시세정보(공공데이터포털),2026-09-30
2022-01-26,밸류에이션,지수 종가,KOSDAQ,882.09,pt,금융위원회 지수시세정보(공공데이터포털),2026-09-30
2022-01-25,밸류에이션,지수 종가,KOSDAQ,889.44,pt,금융위원회 지수시세정보(공공데이터포털),2026-09-30
2022-01-24,밸류에이션,지수 종가,KOSDAQ,915.4,pt,금융위원회 지수시세정보(공공데이터포털),2026-09-30
2022-01-21,밸류에이션,지수 종가,KOSDAQ,942.85,pt,금융위원회 지수시세정보(공공데이터포털),2026-09-30
2022-01-20,밸류에이션,지수 종가,KOSDAQ,958.7,pt,금융위원회 지수시세정보(공공데이터포털),2026-09-30
2022-01-19,밸류에이션,지수 종가,KOSDAQ,933.9,pt,금융위원회 지수시세정보(공공데이터포털),2026-09-30
2022-01-18,밸류에이션,지수 종가,KOSDAQ,943.94,pt,금융위원회 지수시세정보(공공데이터포털),2026-09-30
2022-01-17,밸류에이션,지수 종가,KOSDAQ,957.9,pt,금융위원회 지수시세정보(공공데이터포털),2026-09-30
2022-01-14,밸류에이션,지수 종가,KOSDAQ,971.39,pt,금융위원회 지수시세정보(공공데이터포털),2026-09-30
2022-01-13,밸류에이션,지수 종가,KOSDAQ,983.25,pt,금융위원회 지수시세정보(공공데이터포털),2026-09-30
2022-01-12,밸류에이션,지수 종가,KOSDAQ,991.33,pt,금융위원회 지수시세정보(공공데이터포털),2026-09-30
2022-01-11,밸류에이션,지수 종가,KOSDAQ,969.92,pt,금융위원회 지수시세정보(공공데이터포털),2026-09-30
2022-01-10,밸류에이션,지수 종가,KOSDAQ,980.38,pt,금융위원회 지수시세정보(공공데이터포털),2026-09-30
2022-01-07,밸류에이션,지수 종가,KOSDAQ,995.16,pt,금융위원회 지수시세정보(공공데이터포털),2026-09-30
2022-01-06,밸류에이션,지수 종가,KOSDAQ,980.3,pt,금융위원회 지수시세정보(공공데이터포털),2026-09-30
2022-01-05,밸류에이션,지수 종가,KOSDAQ,1009.62,pt,금융위원회 지수시세정보(공공데이터포털),2026-09-30
2022-01-04,밸류에이션,지수 종가,KOSDAQ,1031.66,pt,금융위원회 지수시세정보(공공데이터포털),2026-09-30
2022-01-03,밸류에이션,지수 종가,KOSDAQ,1037.83,pt,금융위원회 지수시세정보(공공데이터포털),2026-09-30
2021-12-30,밸류에이션,지수 종가,KOSDAQ,1033.98,pt,금융위원회 지수시세정보(공공데이터포털),2026-09-30
2021-12-29,밸류에이션,지수 종가,KOSDAQ,1028.05,pt,금융위원회 지수시세정보(공공데이터포털),2026-09-30
2021-12-28,밸류에이션,지수 종가,KOSDAQ,1027.44,pt,금융위원회 지수시세정보(공공데이터포털),2026-09-30
2021-12-27,밸류에이션,지수 종가,KOSDAQ,1011.36,pt,금융위원회 지수시세정보(공공데이터포털),2026-09-30
2021-12-24,밸류에이션,지수 종가,KOSDAQ,1007.42,pt,금융위원회 지수시세정보(공공데이터포털),2026-09-30
2021-12-23,밸류에이션,지수 종가,KOSDAQ,1003.31,pt,금융위원회 지수시세정보(공공데이터포털),2026-09-30
2021-12-22,밸류에이션,지수 종가,KOSDAQ,1000.13,pt,금융위원회 지수시세정보(공공데이터포털),2026-09-30
2021-12-21,밸류에이션,지수 종가,KOSDAQ,996.6,pt,금융위원회 지수시세정보(공공데이터포털),2026-09-30
2021-12-20,밸류에이션,지수 종가,KOSDAQ,990.51,pt,금융위원회 지수시세정보(공공데이터포털),2026-09-30
2021-12-17,밸류에이션,지수 종가,KOSDAQ,1001.26,pt,금융위원회 지수시세정보(공공데이터포털),2026-09-30
2021-12-16,밸류에이션,지수 종가,KOSDAQ,1007.86,pt,금융위원회 지수시세정보(공공데이터포털),2026-09-30
2021-12-15,밸류에이션,지수 종가,KOSDAQ,1003.52,pt,금융위원회 지수시세정보(공공데이터포털),2026-09-30
2021-12-14,밸류에이션,지수 종가,KOSDAQ,1002.81,pt,금융위원회 지수시세정보(공공데이터포털),2026-09-30
2021-12-13,밸류에이션,지수 종가,KOSDAQ,1005.96,pt,금융위원회 지수시세정보(공공데이터포털),2026-09-30
2021-12-10,밸류에이션,지수 종가,KOSDAQ,1011.57,pt,금융위원회 지수시세정보(공공데이터포털),2026-09-30
2021-12-09,밸류에이션,지수 종가,KOSDAQ,1022.87,pt,금융위원회 지수시세정보(공공데이터포털),2026-09-30
2021-12-08,밸류에이션,지수 종가,KOSDAQ,1006.04,pt,금융위원회 지수시세정보(공공데이터포털),2026-09-30
2021-12-07,밸류에이션,지수 종가,KOSDAQ,996.64,pt,금융위원회 지수시세정보(공공데이터포털),2026-09-30
2021-12-06,밸류에이션,지수 종가,KOSDAQ,991.87,pt,금융위원회 지수시세정보(공공데이터포털),2026-09-30
2021-12-03,밸류에이션,지수 종가,KOSDAQ,998.47,pt,금융위원회 지수시세정보(공공데이터포털),2026-09-30
2021-12-02,밸류에이션,지수 종가,KOSDAQ,977.43,pt,금융위원회 지수시세정보(공공데이터포털),2026-09-30
2021-12-01,밸류에이션,지수 종가,KOSDAQ,977.15,pt,금융위원회 지수시세정보(공공데이터포털),2026-09-30
2021-11-30,밸류에이션,지수 종가,KOSDAQ,965.63,pt,금융위원회 지수시세정보(공공데이터포털),2026-09-30
2021-11-29,밸류에이션,지수 종가,KOSDAQ,992.34,pt,금융위원회 지수시세정보(공공데이터포털),2026-09-30
2021-11-26,밸류에이션,지수 종가,KOSDAQ,1005.89,pt,금융위원회 지수시세정보(공공데이터포털),2026-09-30
2021-11-25,밸류에이션,지수 종가,KOSDAQ,1015.66,pt,금융위원회 지수시세정보(공공데이터포털),2026-09-30
2021-11-24,밸류에이션,지수 종가,KOSDAQ,1020.13,pt,금융위원회 지수시세정보(공공데이터포털),2026-09-30
2021-11-23,밸류에이션,지수 종가,KOSDAQ,1013.72,pt,금융위원회 지수시세정보(공공데이터포털),2026-09-30
2021-11-22,밸류에이션,지수 종가,KOSDAQ,1032.31,pt,금융위원회 지수시세정보(공공데이터포털),2026-09-30
2021-11-19,밸류에이션,지수 종가,KOSDAQ,1041.92,pt,금융위원회 지수시세정보(공공데이터포털),2026-09-30
2021-11-18,밸류에이션,지수 종가,KOSDAQ,1032.77,pt,금융위원회 지수시세정보(공공데이터포털),2026-09-30
2021-11-17,밸류에이션,지수 종가,KOSDAQ,1031.26,pt,금융위원회 지수시세정보(공공데이터포털),2026-09-30
2021-11-16,밸류에이션,지수 종가,KOSDAQ,1035.46,pt,금융위원회 지수시세정보(공공데이터포털),2026-09-30
2021-11-15,밸류에이션,지수 종가,KOSDAQ,1029.03,pt,금융위원회 지수시세정보(공공데이터포털),2026-09-30
2021-11-12,밸류에이션,지수 종가,KOSDAQ,1009.07,pt,금융위원회 지수시세정보(공공데이터포털),2026-09-30
2021-11-11,밸류에이션,지수 종가,KOSDAQ,992.65,pt,금융위원회 지수시세정보(공공데이터포털),2026-09-30
2021-11-10,밸류에이션,지수 종가,KOSDAQ,987.75,pt,금융위원회 지수시세정보(공공데이터포털),2026-09-30
2021-11-09,밸류에이션,지수 종가,KOSDAQ,1008.68,pt,금융위원회 지수시세정보(공공데이터포털),2026-09-30
2021-11-08,밸류에이션,지수 종가,KOSDAQ,1002.5,pt,금융위원회 지수시세정보(공공데이터포털),2026-09-30
2021-11-05,밸류에이션,지수 종가,KOSDAQ,1001.35,pt,금융위원회 지수시세정보(공공데이터포털),2026-09-30
2021-11-04,밸류에이션,지수 종가,KOSDAQ,1001.43,pt,금융위원회 지수시세정보(공공데이터포털),2026-09-30
2021-11-03,밸류에이션,지수 종가,KOSDAQ,1005,pt,금융위원회 지수시세정보(공공데이터포털),2026-09-30
2021-11-02,밸류에이션,지수 종가,KOSDAQ,1009.44,pt,금융위원회 지수시세정보(공공데이터포털),2026-09-30
2021-11-01,밸류에이션,지수 종가,KOSDAQ,998.57,pt,금융위원회 지수시세정보(공공데이터포털),2026-09-30
2021-10-29,밸류에이션,지수 종가,KOSDAQ,992.33,pt,금융위원회 지수시세정보(공공데이터포털),2026-09-30
2021-10-28,밸류에이션,지수 종가,KOSDAQ,1000.13,pt,금융위원회 지수시세정보(공공데이터포털),2026-09-30
2021-10-27,밸류에이션,지수 종가,KOSDAQ,1008.95,pt,금융위원회 지수시세정보(공공데이터포털),2026-09-30
2021-10-26,밸류에이션,지수 종가,KOSDAQ,1011.76,pt,금융위원회 지수시세정보(공공데이터포털),2026-09-30
2021-10-25,밸류에이션,지수 종가,KOSDAQ,994.31,pt,금융위원회 지수시세정보(공공데이터포털),2026-09-30
2021-10-22,밸류에이션,지수 종가,KOSDAQ,995.07,pt,금융위원회 지수시세정보(공공데이터포털),2026-09-30
2021-10-21,밸류에이션,지수 종가,KOSDAQ,993.7,pt,금융위원회 지수시세정보(공공데이터포털),2026-09-30
2021-10-20,밸류에이션,지수 종가,KOSDAQ,1001.62,pt,금융위원회 지수시세정보(공공데이터포털),2026-09-30
2021-10-19,밸류에이션,지수 종가,KOSDAQ,1005.35,pt,금융위원회 지수시세정보(공공데이터포털),2026-09-30
2021-10-18,밸류에이션,지수 종가,KOSDAQ,993.86,pt,금융위원회 지수시세정보(공공데이터포털),2026-09-30
2021-10-15,밸류에이션,지수 종가,KOSDAQ,990.54,pt,금융위원회 지수시세정보(공공데이터포털),2026-09-30
2021-10-14,밸류에이션,지수 종가,KOSDAQ,983.43,pt,금융위원회 지수시세정보(공공데이터포털),2026-09-30
2021-10-13,밸류에이션,지수 종가,KOSDAQ,953.47,pt,금융위원회 지수시세정보(공공데이터포털),2026-09-30
2021-10-12,밸류에이션,지수 종가,KOSDAQ,940.15,pt,금융위원회 지수시세정보(공공데이터포털),2026-09-30
2021-10-08,밸류에이션,지수 종가,KOSDAQ,953.11,pt,금융위원회 지수시세정보(공공데이터포털),2026-09-30
2021-10-07,밸류에이션,지수 종가,KOSDAQ,953.43,pt,금융위원회 지수시세정보(공공데이터포털),2026-09-30
2021-10-06,밸류에이션,지수 종가,KOSDAQ,922.36,pt,금융위원회 지수시세정보(공공데이터포털),2026-09-30
2021-10-05,밸류에이션,지수 종가,KOSDAQ,955.37,pt,금융위원회 지수시세정보(공공데이터포털),2026-09-30
2021-10-01,밸류에이션,지수 종가,KOSDAQ,983.2,pt,금융위원회 지수시세정보(공공데이터포털),2026-09-30
2021-09-30,밸류에이션,지수 종가,KOSDAQ,1003.27,pt,금융위원회 지수시세정보(공공데이터포털),2026-09-30
2021-09-29,밸류에이션,지수 종가,KOSDAQ,1001.46,pt,금융위원회 지수시세정보(공공데이터포털),2026-09-30
2021-09-28,밸류에이션,지수 종가,KOSDAQ,1012.51,pt,금융위원회 지수시세정보(공공데이터포털),2026-09-30
2021-09-27,밸류에이션,지수 종가,KOSDAQ,1034.82,pt,금융위원회 지수시세정보(공공데이터포털),2026-09-30
2021-09-24,밸류에이션,지수 종가,KOSDAQ,1037.03,pt,금융위원회 지수시세정보(공공데이터포털),2026-09-30
2021-09-23,밸류에이션,지수 종가,KOSDAQ,1036.26,pt,금융위원회 지수시세정보(공공데이터포털),2026-09-30
2021-09-17,밸류에이션,지수 종가,KOSDAQ,1046.12,pt,금융위원회 지수시세정보(공공데이터포털),2026-09-30
2021-09-16,밸류에이션,지수 종가,KOSDAQ,1039.43,pt,금융위원회 지수시세정보(공공데이터포털),2026-09-30
2021-09-15,밸류에이션,지수 종가,KOSDAQ,1042.79,pt,금융위원회 지수시세정보(공공데이터포털),2026-09-30
2021-09-14,밸류에이션,지수 종가,KOSDAQ,1037.74,pt,금융위원회 지수시세정보(공공데이터포털),2026-09-30
2021-09-13,밸류에이션,지수 종가,KOSDAQ,1026.34,pt,금융위원회 지수시세정보(공공데이터포털),2026-09-30
2021-09-10,밸류에이션,지수 종가,KOSDAQ,1037.91,pt,금융위원회 지수시세정보(공공데이터포털),2026-09-30
2021-09-09,밸류에이션,지수 종가,KOSDAQ,1034.62,pt,금융위원회 지수시세정보(공공데이터포털),2026-09-30
2021-09-08,밸류에이션,지수 종가,KOSDAQ,1037.22,pt,금융위원회 지수시세정보(공공데이터포털),2026-09-30
2021-09-07,밸류에이션,지수 종가,KOSDAQ,1054.43,pt,금융위원회 지수시세정보(공공데이터포털),2026-09-30
2021-09-06,밸류에이션,지수 종가,KOSDAQ,1052.96,pt,금융위원회 지수시세정보(공공데이터포털),2026-09-30
2021-09-03,밸류에이션,지수 종가,KOSDAQ,1053.85,pt,금융위원회 지수시세정보(공공데이터포털),2026-09-30
2021-09-02,밸류에이션,지수 종가,KOSDAQ,1047.19,pt,금융위원회 지수시세정보(공공데이터포털),2026-09-30
2021-09-01,밸류에이션,지수 종가,KOSDAQ,1045.98,pt,금융위원회 지수시세정보(공공데이터포털),2026-09-30
2021-08-31,밸류에이션,지수 종가,KOSDAQ,1038.33,pt,금융위원회 지수시세정보(공공데이터포털),2026-09-30
2021-08-30,밸류에이션,지수 종가,KOSDAQ,1031.84,pt,금융위원회 지수시세정보(공공데이터포털),2026-09-30
2021-08-27,밸류에이션,지수 종가,KOSDAQ,1023.51,pt,금융위원회 지수시세정보(공공데이터포털),2026-09-30
2021-08-26,밸류에이션,지수 종가,KOSDAQ,1020.44,pt,금융위원회 지수시세정보(공공데이터포털),2026-09-30
2021-08-25,밸류에이션,지수 종가,KOSDAQ,1017.78,pt,금융위원회 지수시세정보(공공데이터포털),2026-09-30
2021-08-24,밸류에이션,지수 종가,KOSDAQ,1013.18,pt,금융위원회 지수시세정보(공공데이터포털),2026-09-30
2021-08-23,밸류에이션,지수 종가,KOSDAQ,993.18,pt,금융위원회 지수시세정보(공공데이터포털),2026-09-30
2021-08-20,밸류에이션,지수 종가,KOSDAQ,967.9,pt,금융위원회 지수시세정보(공공데이터포털),2026-09-30
2021-08-19,밸류에이션,지수 종가,KOSDAQ,991.15,pt,금융위원회 지수시세정보(공공데이터포털),2026-09-30
2021-08-18,밸류에이션,지수 종가,KOSDAQ,1021.08,pt,금융위원회 지수시세정보(공공데이터포털),2026-09-30
2021-08-17,밸류에이션,지수 종가,KOSDAQ,1011.05,pt,금융위원회 지수시세정보(공공데이터포털),2026-09-30
2021-08-13,밸류에이션,지수 종가,KOSDAQ,1040.78,pt,금융위원회 지수시세정보(공공데이터포털),2026-09-30
2021-08-12,밸류에이션,지수 종가,KOSDAQ,1054.09,pt,금융위원회 지수시세정보(공공데이터포털),2026-09-30
2021-08-11,밸류에이션,지수 종가,KOSDAQ,1051.92,pt,금융위원회 지수시세정보(공공데이터포털),2026-09-30
2021-08-10,밸류에이션,지수 종가,KOSDAQ,1052.07,pt,금융위원회 지수시세정보(공공데이터포털),2026-09-30
2021-08-09,밸류에이션,지수 종가,KOSDAQ,1060,pt,금융위원회 지수시세정보(공공데이터포털),2026-09-30
2021-08-06,밸류에이션,지수 종가,KOSDAQ,1059.8,pt,금융위원회 지수시세정보(공공데이터포털),2026-09-30
2021-08-05,밸류에이션,지수 종가,KOSDAQ,1059.54,pt,금융위원회 지수시세정보(공공데이터포털),2026-09-30
2021-08-04,밸류에이션,지수 종가,KOSDAQ,1047.93,pt,금융위원회 지수시세정보(공공데이터포털),2026-09-30
2021-08-03,밸류에이션,지수 종가,KOSDAQ,1036.11,pt,금융위원회 지수시세정보(공공데이터포털),2026-09-30
2021-08-02,밸류에이션,지수 종가,KOSDAQ,1037.8,pt,금융위원회 지수시세정보(공공데이터포털),2026-09-30
2021-07-30,밸류에이션,지수 종가,KOSDAQ,1031.14,pt,금융위원회 지수시세정보(공공데이터포털),2026-09-30
2021-07-29,밸류에이션,지수 종가,KOSDAQ,1044.13,pt,금융위원회 지수시세정보(공공데이터포털),2026-09-30
2021-07-28,밸류에이션,지수 종가,KOSDAQ,1035.68,pt,금융위원회 지수시세정보(공공데이터포털),2026-09-30
2021-07-27,밸류에이션,지수 종가,KOSDAQ,1046.55,pt,금융위원회 지수시세정보(공공데이터포털),2026-09-30
2021-07-26,밸류에이션,지수 종가,KOSDAQ,1047.63,pt,금융위원회 지수시세정보(공공데이터포털),2026-09-30
2021-07-23,밸류에이션,지수 종가,KOSDAQ,1055.5,pt,금융위원회 지수시세정보(공공데이터포털),2026-09-30
2021-07-22,밸류에이션,지수 종가,KOSDAQ,1050.25,pt,금융위원회 지수시세정보(공공데이터포털),2026-09-30
2021-07-21,밸류에이션,지수 종가,KOSDAQ,1042.03,pt,금융위원회 지수시세정보(공공데이터포털),2026-09-30
2021-07-20,밸류에이션,지수 종가,KOSDAQ,1043.64,pt,금융위원회 지수시세정보(공공데이터포털),2026-09-30
2021-07-19,밸류에이션,지수 종가,KOSDAQ,1049.83,pt,금융위원회 지수시세정보(공공데이터포털),2026-09-30
2021-07-16,밸류에이션,지수 종가,KOSDAQ,1051.98,pt,금융위원회 지수시세정보(공공데이터포털),2026-09-30
2021-07-15,밸류에이션,지수 종가,KOSDAQ,1054.31,pt,금융위원회 지수시세정보(공공데이터포털),2026-09-30
2021-07-14,밸류에이션,지수 종가,KOSDAQ,1044.98,pt,금융위원회 지수시세정보(공공데이터포털),2026-09-30
2021-07-13,밸류에이션,지수 종가,KOSDAQ,1043.31,pt,금융위원회 지수시세정보(공공데이터포털),2026-09-30
2021-07-12,밸류에이션,지수 종가,KOSDAQ,1034.64,pt,금융위원회 지수시세정보(공공데이터포털),2026-09-30
2021-07-09,밸류에이션,지수 종가,KOSDAQ,1028.93,pt,금융위원회 지수시세정보(공공데이터포털),2026-09-30
2021-07-08,밸류에이션,지수 종가,KOSDAQ,1034.48,pt,금융위원회 지수시세정보(공공데이터포털),2026-09-30
2021-07-07,밸류에이션,지수 종가,KOSDAQ,1047.36,pt,금융위원회 지수시세정보(공공데이터포털),2026-09-30
2021-07-06,밸류에이션,지수 종가,KOSDAQ,1044.96,pt,금융위원회 지수시세정보(공공데이터포털),2026-09-30
2021-07-05,밸류에이션,지수 종가,KOSDAQ,1047.33,pt,금융위원회 지수시세정보(공공데이터포털),2026-09-30
2021-07-02,밸류에이션,지수 종가,KOSDAQ,1038.18,pt,금융위원회 지수시세정보(공공데이터포털),2026-09-30
2021-07-01,밸류에이션,지수 종가,KOSDAQ,1035.64,pt,금융위원회 지수시세정보(공공데이터포털),2026-09-30
2021-06-30,밸류에이션,지수 종가,KOSDAQ,1029.96,pt,금융위원회 지수시세정보(공공데이터포털),2026-09-30
2021-06-29,밸류에이션,지수 종가,KOSDAQ,1022.52,pt,금융위원회 지수시세정보(공공데이터포털),2026-09-30
2021-06-28,밸류에이션,지수 종가,KOSDAQ,1017.91,pt,금융위원회 지수시세정보(공공데이터포털),2026-09-30
2021-06-25,밸류에이션,지수 종가,KOSDAQ,1012.13,pt,금융위원회 지수시세정보(공공데이터포털),2026-09-30
2021-06-24,밸류에이션,지수 종가,KOSDAQ,1012.62,pt,금융위원회 지수시세정보(공공데이터포털),2026-09-30
2021-06-23,밸류에이션,지수 종가,KOSDAQ,1016.46,pt,금융위원회 지수시세정보(공공데이터포털),2026-09-30
2021-06-22,밸류에이션,지수 종가,KOSDAQ,1011.56,pt,금융위원회 지수시세정보(공공데이터포털),2026-09-30
2021-06-21,밸류에이션,지수 종가,KOSDAQ,1010.99,pt,금융위원회 지수시세정보(공공데이터포털),2026-09-30
2021-06-18,밸류에이션,지수 종가,KOSDAQ,1015.88,pt,금융위원회 지수시세정보(공공데이터포털),2026-09-30
2021-06-17,밸류에이션,지수 종가,KOSDAQ,1003.72,pt,금융위원회 지수시세정보(공공데이터포털),2026-09-30
2021-06-16,밸류에이션,지수 종가,KOSDAQ,998.49,pt,금융위원회 지수시세정보(공공데이터포털),2026-09-30
2021-06-15,밸류에이션,지수 종가,KOSDAQ,997.37,pt,금융위원회 지수시세정보(공공데이터포털),2026-09-30
2021-06-14,밸류에이션,지수 종가,KOSDAQ,997.41,pt,금융위원회 지수시세정보(공공데이터포털),2026-09-30
2021-06-11,밸류에이션,지수 종가,KOSDAQ,991.13,pt,금융위원회 지수시세정보(공공데이터포털),2026-09-30
2021-06-10,밸류에이션,지수 종가,KOSDAQ,987.77,pt,금융위원회 지수시세정보(공공데이터포털),2026-09-30
2021-06-09,밸류에이션,지수 종가,KOSDAQ,978.79,pt,금융위원회 지수시세정보(공공데이터포털),2026-09-30
2021-06-08,밸류에이션,지수 종가,KOSDAQ,986.12,pt,금융위원회 지수시세정보(공공데이터포털),2026-09-30
2021-06-07,밸류에이션,지수 종가,KOSDAQ,985.86,pt,금융위원회 지수시세정보(공공데이터포털),2026-09-30
2021-06-04,밸류에이션,지수 종가,KOSDAQ,987.58,pt,금융위원회 지수시세정보(공공데이터포털),2026-09-30
2021-06-03,밸류에이션,지수 종가,KOSDAQ,990.19,pt,금융위원회 지수시세정보(공공데이터포털),2026-09-30
2021-06-02,밸류에이션,지수 종가,KOSDAQ,981.1,pt,금융위원회 지수시세정보(공공데이터포털),2026-09-30
2021-06-01,밸류에이션,지수 종가,KOSDAQ,984.59,pt,금융위원회 지수시세정보(공공데이터포털),2026-09-30
2021-05-31,밸류에이션,지수 종가,KOSDAQ,981.78,pt,금융위원회 지수시세정보(공공데이터포털),2026-09-30
2021-05-28,밸류에이션,지수 종가,KOSDAQ,977.46,pt,금융위원회 지수시세정보(공공데이터포털),2026-09-30
2021-05-27,밸류에이션,지수 종가,KOSDAQ,974.08,pt,금융위원회 지수시세정보(공공데이터포털),2026-09-30
2021-05-26,밸류에이션,지수 종가,KOSDAQ,966.06,pt,금융위원회 지수시세정보(공공데이터포털),2026-09-30
2021-05-25,밸류에이션,지수 종가,KOSDAQ,962.07,pt,금융위원회 지수시세정보(공공데이터포털),2026-09-30
2021-05-24,밸류에이션,지수 종가,KOSDAQ,948.37,pt,금융위원회 지수시세정보(공공데이터포털),2026-09-30
2021-05-21,밸류에이션,지수 종가,KOSDAQ,965.63,pt,금융위원회 지수시세정보(공공데이터포털),2026-09-30
2021-05-20,밸류에이션,지수 종가,KOSDAQ,971.13,pt,금융위원회 지수시세정보(공공데이터포털),2026-09-30
2021-05-18,밸류에이션,지수 종가,KOSDAQ,969.1,pt,금융위원회 지수시세정보(공공데이터포털),2026-09-30
2021-05-17,밸류에이션,지수 종가,KOSDAQ,962.5,pt,금융위원회 지수시세정보(공공데이터포털),2026-09-30
2021-05-14,밸류에이션,지수 종가,KOSDAQ,966.72,pt,금융위원회 지수시세정보(공공데이터포털),2026-09-30
2021-05-13,밸류에이션,지수 종가,KOSDAQ,951.77,pt,금융위원회 지수시세정보(공공데이터포털),2026-09-30
2021-05-12,밸류에이션,지수 종가,KOSDAQ,967.1,pt,금융위원회 지수시세정보(공공데이터포털),2026-09-30
2021-05-11,밸류에이션,지수 종가,KOSDAQ,978.61,pt,금융위원회 지수시세정보(공공데이터포털),2026-09-30
2021-05-10,밸류에이션,지수 종가,KOSDAQ,992.8,pt,금융위원회 지수시세정보(공공데이터포털),2026-09-30
2021-05-07,밸류에이션,지수 종가,KOSDAQ,978.3,pt,금융위원회 지수시세정보(공공데이터포털),2026-09-30
2021-05-06,밸류에이션,지수 종가,KOSDAQ,969.99,pt,금융위원회 지수시세정보(공공데이터포털),2026-09-30
2021-05-04,밸류에이션,지수 종가,KOSDAQ,967.2,pt,금융위원회 지수시세정보(공공데이터포털),2026-09-30
2021-05-03,밸류에이션,지수 종가,KOSDAQ,961.81,pt,금융위원회 지수시세정보(공공데이터포털),2026-09-30
2021-04-30,밸류에이션,지수 종가,KOSDAQ,983.45,pt,금융위원회 지수시세정보(공공데이터포털),2026-09-30
2021-04-29,밸류에이션,지수 종가,KOSDAQ,990.69,pt,금융위원회 지수시세정보(공공데이터포털),2026-09-30
2021-04-28,밸류에이션,지수 종가,KOSDAQ,998.27,pt,금융위원회 지수시세정보(공공데이터포털),2026-09-30
2021-04-27,밸류에이션,지수 종가,KOSDAQ,1021.01,pt,금융위원회 지수시세정보(공공데이터포털),2026-09-30
2021-04-26,밸류에이션,지수 종가,KOSDAQ,1030.06,pt,금융위원회 지수시세정보(공공데이터포털),2026-09-30
2021-04-23,밸류에이션,지수 종가,KOSDAQ,1026.82,pt,금융위원회 지수시세정보(공공데이터포털),2026-09-30
2021-04-22,밸류에이션,지수 종가,KOSDAQ,1025.71,pt,금융위원회 지수시세정보(공공데이터포털),2026-09-30
2021-04-21,밸류에이션,지수 종가,KOSDAQ,1022.22,pt,금융위원회 지수시세정보(공공데이터포털),2026-09-30
2021-04-20,밸류에이션,지수 종가,KOSDAQ,1031.88,pt,금융위원회 지수시세정보(공공데이터포털),2026-09-30
2021-04-19,밸류에이션,지수 종가,KOSDAQ,1029.46,pt,금융위원회 지수시세정보(공공데이터포털),2026-09-30
2021-04-16,밸류에이션,지수 종가,KOSDAQ,1021.62,pt,금융위원회 지수시세정보(공공데이터포털),2026-09-30
2021-04-15,밸류에이션,지수 종가,KOSDAQ,1013.9,pt,금융위원회 지수시세정보(공공데이터포털),2026-09-30
2021-04-14,밸류에이션,지수 종가,KOSDAQ,1014.42,pt,금융위원회 지수시세정보(공공데이터포털),2026-09-30
2021-04-13,밸류에이션,지수 종가,KOSDAQ,1010.37,pt,금융위원회 지수시세정보(공공데이터포털),2026-09-30
2021-04-12,밸류에이션,지수 종가,KOSDAQ,1000.65,pt,금융위원회 지수시세정보(공공데이터포털),2026-09-30
2021-04-09,밸류에이션,지수 종가,KOSDAQ,989.39,pt,금융위원회 지수시세정보(공공데이터포털),2026-09-30
2021-04-08,밸류에이션,지수 종가,KOSDAQ,982.02,pt,금융위원회 지수시세정보(공공데이터포털),2026-09-30
2021-04-07,밸류에이션,지수 종가,KOSDAQ,973.22,pt,금융위원회 지수시세정보(공공데이터포털),2026-09-30
2021-04-06,밸류에이션,지수 종가,KOSDAQ,968.63,pt,금융위원회 지수시세정보(공공데이터포털),2026-09-30
2021-04-05,밸류에이션,지수 종가,KOSDAQ,969.77,pt,금융위원회 지수시세정보(공공데이터포털),2026-09-30
2021-04-02,밸류에이션,지수 종가,KOSDAQ,970.09,pt,금융위원회 지수시세정보(공공데이터포털),2026-09-30
2021-04-01,밸류에이션,지수 종가,KOSDAQ,965.78,pt,금융위원회 지수시세정보(공공데이터포털),2026-09-30
2021-03-31,밸류에이션,지수 종가,KOSDAQ,956.17,pt,금융위원회 지수시세정보(공공데이터포털),2026-09-30
2021-03-30,밸류에이션,지수 종가,KOSDAQ,958.06,pt,금융위원회 지수시세정보(공공데이터포털),2026-09-30
2021-03-29,밸류에이션,지수 종가,KOSDAQ,954.1,pt,금융위원회 지수시세정보(공공데이터포털),2026-09-30
2021-03-26,밸류에이션,지수 종가,KOSDAQ,956.7,pt,금융위원회 지수시세정보(공공데이터포털),2026-09-30
2021-03-25,밸류에이션,지수 종가,KOSDAQ,954.99,pt,금융위원회 지수시세정보(공공데이터포털),2026-09-30
2021-03-24,밸류에이션,지수 종가,KOSDAQ,953.82,pt,금융위원회 지수시세정보(공공데이터포털),2026-09-30
2021-03-23,밸류에이션,지수 종가,KOSDAQ,946.31,pt,금융위원회 지수시세정보(공공데이터포털),2026-09-30
2021-03-22,밸류에이션,지수 종가,KOSDAQ,955.38,pt,금융위원회 지수시세정보(공공데이터포털),2026-09-30
2021-03-19,밸류에이션,지수 종가,KOSDAQ,952.11,pt,금융위원회 지수시세정보(공공데이터포털),2026-09-30
2021-03-18,밸류에이션,지수 종가,KOSDAQ,949.83,pt,금융위원회 지수시세정보(공공데이터포털),2026-09-30
2021-03-17,밸류에이션,지수 종가,KOSDAQ,943.78,pt,금융위원회 지수시세정보(공공데이터포털),2026-09-30
2021-03-16,밸류에이션,지수 종가,KOSDAQ,940.65,pt,금융위원회 지수시세정보(공공데이터포털),2026-09-30
2021-03-15,밸류에이션,지수 종가,KOSDAQ,926.9,pt,금융위원회 지수시세정보(공공데이터포털),2026-09-30
2021-03-12,밸류에이션,지수 종가,KOSDAQ,925.49,pt,금융위원회 지수시세정보(공공데이터포털),2026-09-30
2021-03-11,밸류에이션,지수 종가,KOSDAQ,908.01,pt,금융위원회 지수시세정보(공공데이터포털),2026-09-30
2021-03-10,밸류에이션,지수 종가,KOSDAQ,890.07,pt,금융위원회 지수시세정보(공공데이터포털),2026-09-30
2021-03-09,밸류에이션,지수 종가,KOSDAQ,896.36,pt,금융위원회 지수시세정보(공공데이터포털),2026-09-30
2021-03-08,밸류에이션,지수 종가,KOSDAQ,904.77,pt,금융위원회 지수시세정보(공공데이터포털),2026-09-30
2021-03-05,밸류에이션,지수 종가,KOSDAQ,923.48,pt,금융위원회 지수시세정보(공공데이터포털),2026-09-30
2021-03-04,밸류에이션,지수 종가,KOSDAQ,926.2,pt,금융위원회 지수시세정보(공공데이터포털),2026-09-30
2021-03-03,밸류에이션,지수 종가,KOSDAQ,930.8,pt,금융위원회 지수시세정보(공공데이터포털),2026-09-30
2021-03-02,밸류에이션,지수 종가,KOSDAQ,923.17,pt,금융위원회 지수시세정보(공공데이터포털),2026-09-30
2021-02-26,밸류에이션,지수 종가,KOSDAQ,913.94,pt,금융위원회 지수시세정보(공공데이터포털),2026-09-30
2021-02-25,밸류에이션,지수 종가,KOSDAQ,936.21,pt,금융위원회 지수시세정보(공공데이터포털),2026-09-30
2021-02-24,밸류에이션,지수 종가,KOSDAQ,906.31,pt,금융위원회 지수시세정보(공공데이터포털),2026-09-30
2021-02-23,밸류에이션,지수 종가,KOSDAQ,936.6,pt,금융위원회 지수시세정보(공공데이터포털),2026-09-30
2021-02-22,밸류에이션,지수 종가,KOSDAQ,954.29,pt,금융위원회 지수시세정보(공공데이터포털),2026-09-30
2021-02-19,밸류에이션,지수 종가,KOSDAQ,965.11,pt,금융위원회 지수시세정보(공공데이터포털),2026-09-30
2021-02-18,밸류에이션,지수 종가,KOSDAQ,967.42,pt,금융위원회 지수시세정보(공공데이터포털),2026-09-30
2021-02-17,밸류에이션,지수 종가,KOSDAQ,979.77,pt,금융위원회 지수시세정보(공공데이터포털),2026-09-30
2021-02-16,밸류에이션,지수 종가,KOSDAQ,977.74,pt,금융위원회 지수시세정보(공공데이터포털),2026-09-30
2021-02-15,밸류에이션,지수 종가,KOSDAQ,981.97,pt,금융위원회 지수시세정보(공공데이터포털),2026-09-30
2021-02-10,밸류에이션,지수 종가,KOSDAQ,964.31,pt,금융위원회 지수시세정보(공공데이터포털),2026-09-30
2021-02-09,밸류에이션,지수 종가,KOSDAQ,957.85,pt,금융위원회 지수시세정보(공공데이터포털),2026-09-30
2021-02-08,밸류에이션,지수 종가,KOSDAQ,960.78,pt,금융위원회 지수시세정보(공공데이터포털),2026-09-30
2021-02-05,밸류에이션,지수 종가,KOSDAQ,967.42,pt,금융위원회 지수시세정보(공공데이터포털),2026-09-30
2021-02-04,밸류에이션,지수 종가,KOSDAQ,964.58,pt,금융위원회 지수시세정보(공공데이터포털),2026-09-30
2021-02-03,밸류에이션,지수 종가,KOSDAQ,970.69,pt,금융위원회 지수시세정보(공공데이터포털),2026-09-30
2021-02-02,밸류에이션,지수 종가,KOSDAQ,963.81,pt,금융위원회 지수시세정보(공공데이터포털),2026-09-30
2021-02-01,밸류에이션,지수 종가,KOSDAQ,956.92,pt,금융위원회 지수시세정보(공공데이터포털),2026-09-30
2021-01-29,밸류에이션,지수 종가,KOSDAQ,928.73,pt,금융위원회 지수시세정보(공공데이터포털),2026-09-30
2021-01-28,밸류에이션,지수 종가,KOSDAQ,961.23,pt,금융위원회 지수시세정보(공공데이터포털),2026-09-30
2021-01-27,밸류에이션,지수 종가,KOSDAQ,985.92,pt,금융위원회 지수시세정보(공공데이터포털),2026-09-30
2021-01-26,밸류에이션,지수 종가,KOSDAQ,994,pt,금융위원회 지수시세정보(공공데이터포털),2026-09-30
2021-01-25,밸류에이션,지수 종가,KOSDAQ,999.3,pt,금융위원회 지수시세정보(공공데이터포털),2026-09-30
2021-01-22,밸류에이션,지수 종가,KOSDAQ,979.98,pt,금융위원회 지수시세정보(공공데이터포털),2026-09-30
2021-01-21,밸류에이션,지수 종가,KOSDAQ,981.4,pt,금융위원회 지수시세정보(공공데이터포털),2026-09-30
2021-01-20,밸류에이션,지수 종가,KOSDAQ,977.66,pt,금융위원회 지수시세정보(공공데이터포털),2026-09-30
2021-01-19,밸류에이션,지수 종가,KOSDAQ,957.75,pt,금융위원회 지수시세정보(공공데이터포털),2026-09-30
2021-01-18,밸류에이션,지수 종가,KOSDAQ,944.67,pt,금융위원회 지수시세정보(공공데이터포털),2026-09-30
2021-01-15,밸류에이션,지수 종가,KOSDAQ,964.44,pt,금융위원회 지수시세정보(공공데이터포털),2026-09-30
2021-01-14,밸류에이션,지수 종가,KOSDAQ,980.29,pt,금융위원회 지수시세정보(공공데이터포털),2026-09-30
2021-01-13,밸류에이션,지수 종가,KOSDAQ,979.13,pt,금융위원회 지수시세정보(공공데이터포털),2026-09-30
2021-01-12,밸류에이션,지수 종가,KOSDAQ,973.72,pt,금융위원회 지수시세정보(공공데이터포털),2026-09-30
2021-01-11,밸류에이션,지수 종가,KOSDAQ,976.63,pt,금융위원회 지수시세정보(공공데이터포털),2026-09-30
2021-01-08,밸류에이션,지수 종가,KOSDAQ,987.79,pt,금융위원회 지수시세정보(공공데이터포털),2026-09-30
2021-01-07,밸류에이션,지수 종가,KOSDAQ,988.86,pt,금융위원회 지수시세정보(공공데이터포털),2026-09-30
2021-01-06,밸류에이션,지수 종가,KOSDAQ,981.39,pt,금융위원회 지수시세정보(공공데이터포털),2026-09-30
2021-01-05,밸류에이션,지수 종가,KOSDAQ,985.76,pt,금융위원회 지수시세정보(공공데이터포털),2026-09-30
2021-01-04,밸류에이션,지수 종가,KOSDAQ,977.62,pt,금융위원회 지수시세정보(공공데이터포털),2026-09-30
2026-09-30,밸류에이션,지수 종가,KOSPI,6838.04,pt,금융위원회 지수시세정보(공공데이터포털),2026-10-02
2026-09-30,밸류에이션,지수 종가,KOSDAQ,855.91,pt,금융위원회 지수시세정보(공공데이터포털),2026-10-02
